geo,time,earthquake_affected_annual_number
afg,1970,0
afg,1971,0
afg,1972,0
afg,1973,0
afg,1974,0
afg,1975,0
afg,1976,90050
afg,1977,0
afg,1978,0
afg,1979,0
afg,1980,0
afg,1981,0
afg,1982,38500
afg,1983,34520
afg,1984,36
afg,1985,0
afg,1986,0
afg,1987,0
afg,1988,0
afg,1989,0
afg,1990,0
afg,1991,7154
afg,1992,14
afg,1993,0
afg,1994,100500
afg,1995,0
afg,1996,3250
afg,1997,5
afg,1998,156800
afg,1999,92030
afg,2000,0
afg,2001,274
afg,2002,102100
afg,2003,1002
afg,2004,1042
afg,2005,507
afg,2006,936
afg,2007,0
afg,2008,0
alb,1970,0
alb,1971,0
alb,1972,0
alb,1973,0
alb,1974,0
alb,1975,0
alb,1976,0
alb,1977,0
alb,1978,0
alb,1979,385
alb,1980,0
alb,1981,0
alb,1982,5006
alb,1983,0
alb,1984,0
alb,1985,0
alb,1986,0
alb,1987,0
alb,1988,690
alb,1989,0
alb,1990,0
alb,1991,0
alb,1992,0
alb,1993,0
alb,1994,0
alb,1995,0
alb,1996,0
alb,1997,0
alb,1998,2100
alb,1999,0
alb,2000,0
alb,2001,0
alb,2002,0
alb,2003,0
alb,2004,0
alb,2005,0
alb,2006,0
alb,2007,0
alb,2008,0
arg,1970,0
arg,1971,0
arg,1972,0
arg,1973,0
arg,1974,0
arg,1975,0
arg,1976,0
arg,1977,170
arg,1978,0
arg,1979,0
arg,1980,0
arg,1981,0
arg,1982,0
arg,1983,0
arg,1984,0
arg,1985,45240
arg,1986,0
arg,1987,0
arg,1988,0
arg,1989,0
arg,1990,0
arg,1991,0
arg,1992,0
arg,1993,0
arg,1994,0
arg,1995,0
arg,1996,0
arg,1997,0
arg,1998,0
arg,1999,0
arg,2000,0
arg,2001,0
arg,2002,727
arg,2003,0
arg,2004,0
arg,2005,0
arg,2006,0
arg,2007,0
arg,2008,0
arm,1970,0
arm,1971,0
arm,1972,0
arm,1973,0
arm,1974,0
arm,1975,0
arm,1976,0
arm,1977,0
arm,1978,0
arm,1979,0
arm,1980,0
arm,1981,0
arm,1982,0
arm,1983,0
arm,1984,0
arm,1985,0
arm,1986,0
arm,1987,0
arm,1988,0
arm,1989,0
arm,1990,0
arm,1991,0
arm,1992,0
arm,1993,0
arm,1994,0
arm,1995,0
arm,1996,0
arm,1997,15000
arm,1998,0
arm,1999,0
arm,2000,0
arm,2001,0
arm,2002,0
arm,2003,0
arm,2004,0
arm,2005,0
arm,2006,0
arm,2007,0
arm,2008,0
asm,1970,0
asm,1971,0
asm,1972,0
asm,1973,0
asm,1974,0
asm,1975,0
asm,1976,0
asm,1977,0
asm,1978,0
asm,1979,0
asm,1980,0
asm,1981,0
asm,1982,0
asm,1983,0
asm,1984,0
asm,1985,0
asm,1986,0
asm,1987,0
asm,1988,0
asm,1989,0
asm,1990,0
asm,1991,0
asm,1992,0
asm,1993,0
asm,1994,0
asm,1995,0
asm,1996,0
asm,1997,0
asm,1998,0
asm,1999,0
asm,2000,0
asm,2001,0
asm,2002,0
asm,2003,0
asm,2004,0
asm,2005,0
asm,2006,0
asm,2007,0
asm,2008,0
aus,1970,0
aus,1971,0
aus,1972,0
aus,1973,0
aus,1974,0
aus,1975,0
aus,1976,0
aus,1977,0
aus,1978,0
aus,1979,0
aus,1980,0
aus,1981,0
aus,1982,0
aus,1983,0
aus,1984,0
aus,1985,0
aus,1986,0
aus,1987,0
aus,1988,0
aus,1989,2127
aus,1990,0
aus,1991,0
aus,1992,0
aus,1993,0
aus,1994,5025
aus,1995,0
aus,1996,0
aus,1997,0
aus,1998,0
aus,1999,0
aus,2000,0
aus,2001,0
aus,2002,0
aus,2003,0
aus,2004,0
aus,2005,0
aus,2006,0
aus,2007,0
aus,2008,0
aut,1970,0
aut,1971,0
aut,1972,0
aut,1973,0
aut,1974,0
aut,1975,0
aut,1976,0
aut,1977,0
aut,1978,0
aut,1979,0
aut,1980,0
aut,1981,0
aut,1982,0
aut,1983,0
aut,1984,0
aut,1985,0
aut,1986,0
aut,1987,0
aut,1988,0
aut,1989,0
aut,1990,0
aut,1991,0
aut,1992,0
aut,1993,0
aut,1994,0
aut,1995,0
aut,1996,0
aut,1997,0
aut,1998,0
aut,1999,0
aut,2000,0
aut,2001,0
aut,2002,0
aut,2003,0
aut,2004,0
aut,2005,0
aut,2006,0
aut,2007,0
aut,2008,0
aze,1970,0
aze,1971,0
aze,1972,0
aze,1973,0
aze,1974,0
aze,1975,0
aze,1976,0
aze,1977,0
aze,1978,0
aze,1979,0
aze,1980,0
aze,1981,0
aze,1982,0
aze,1983,0
aze,1984,0
aze,1985,0
aze,1986,0
aze,1987,0
aze,1988,0
aze,1989,0
aze,1990,0
aze,1991,0
aze,1992,0
aze,1993,0
aze,1994,0
aze,1995,0
aze,1996,0
aze,1997,0
aze,1998,700000
aze,1999,9171
aze,2000,3325
aze,2001,0
aze,2002,0
aze,2003,0
aze,2004,0
aze,2005,0
aze,2006,0
aze,2007,0
aze,2008,0
bdi,1970,0
bdi,1971,0
bdi,1972,0
bdi,1973,0
bdi,1974,0
bdi,1975,0
bdi,1976,0
bdi,1977,0
bdi,1978,0
bdi,1979,0
bdi,1980,0
bdi,1981,0
bdi,1982,0
bdi,1983,0
bdi,1984,0
bdi,1985,0
bdi,1986,0
bdi,1987,0
bdi,1988,0
bdi,1989,0
bdi,1990,0
bdi,1991,0
bdi,1992,0
bdi,1993,0
bdi,1994,0
bdi,1995,0
bdi,1996,0
bdi,1997,0
bdi,1998,0
bdi,1999,0
bdi,2000,0
bdi,2001,0
bdi,2002,0
bdi,2003,0
bdi,2004,123
bdi,2005,0
bdi,2006,0
bdi,2007,0
bdi,2008,0
bel,1970,0
bel,1971,0
bel,1972,0
bel,1973,0
bel,1974,0
bel,1975,0
bel,1976,0
bel,1977,0
bel,1978,0
bel,1979,0
bel,1980,0
bel,1981,0
bel,1982,0
bel,1983,1032
bel,1984,0
bel,1985,0
bel,1986,0
bel,1987,0
bel,1988,0
bel,1989,0
bel,1990,0
bel,1991,0
bel,1992,0
bel,1993,0
bel,1994,0
bel,1995,0
bel,1996,0
bel,1997,0
bel,1998,0
bel,1999,0
bel,2000,0
bel,2001,0
bel,2002,0
bel,2003,0
bel,2004,0
bel,2005,0
bel,2006,0
bel,2007,0
bel,2008,0
bgd,1970,0
bgd,1971,0
bgd,1972,0
bgd,1973,0
bgd,1974,0
bgd,1975,0
bgd,1976,0
bgd,1977,0
bgd,1978,0
bgd,1979,0
bgd,1980,0
bgd,1981,0
bgd,1982,0
bgd,1983,0
bgd,1984,0
bgd,1985,0
bgd,1986,0
bgd,1987,0
bgd,1988,102
bgd,1989,101
bgd,1990,0
bgd,1991,0
bgd,1992,0
bgd,1993,0
bgd,1994,0
bgd,1995,0
bgd,1996,0
bgd,1997,223
bgd,1998,0
bgd,1999,15210
bgd,2000,1000
bgd,2001,0
bgd,2002,0
bgd,2003,2527
bgd,2004,0
bgd,2005,0
bgd,2006,0
bgd,2007,0
bgd,2008,0
bgr,1970,0
bgr,1971,0
bgr,1972,0
bgr,1973,0
bgr,1974,0
bgr,1975,0
bgr,1976,0
bgr,1977,185
bgr,1978,0
bgr,1979,0
bgr,1980,0
bgr,1981,0
bgr,1982,0
bgr,1983,0
bgr,1984,0
bgr,1985,0
bgr,1986,3063
bgr,1987,0
bgr,1988,0
bgr,1989,0
bgr,1990,1
bgr,1991,0
bgr,1992,0
bgr,1993,0
bgr,1994,0
bgr,1995,0
bgr,1996,0
bgr,1997,0
bgr,1998,0
bgr,1999,0
bgr,2000,0
bgr,2001,0
bgr,2002,0
bgr,2003,0
bgr,2004,0
bgr,2005,0
bgr,2006,527
bgr,2007,0
bgr,2008,0
bol,1970,0
bol,1971,0
bol,1972,0
bol,1973,0
bol,1974,0
bol,1975,0
bol,1976,0
bol,1977,0
bol,1978,0
bol,1979,0
bol,1980,0
bol,1981,0
bol,1982,20
bol,1983,0
bol,1984,0
bol,1985,0
bol,1986,0
bol,1987,0
bol,1988,0
bol,1989,0
bol,1990,0
bol,1991,0
bol,1992,0
bol,1993,0
bol,1994,5
bol,1995,0
bol,1996,0
bol,1997,0
bol,1998,18140
bol,1999,0
bol,2000,0
bol,2001,0
bol,2002,0
bol,2003,0
bol,2004,0
bol,2005,0
bol,2006,0
bol,2007,0
bol,2008,0
bra,1970,0
bra,1971,0
bra,1972,0
bra,1973,0
bra,1974,0
bra,1975,0
bra,1976,0
bra,1977,0
bra,1978,0
bra,1979,0
bra,1980,0
bra,1981,0
bra,1982,0
bra,1983,0
bra,1984,0
bra,1985,0
bra,1986,23000
bra,1987,0
bra,1988,0
bra,1989,0
bra,1990,0
bra,1991,0
bra,1992,0
bra,1993,0
bra,1994,0
bra,1995,0
bra,1996,0
bra,1997,0
bra,1998,0
bra,1999,0
bra,2000,0
bra,2001,0
bra,2002,0
bra,2003,0
bra,2004,0
bra,2005,0
bra,2006,0
bra,2007,287
bra,2008,0
brb,1970,0
brb,1971,0
brb,1972,0
brb,1973,0
brb,1974,0
brb,1975,0
brb,1976,0
brb,1977,0
brb,1978,0
brb,1979,0
brb,1980,0
brb,1981,0
brb,1982,0
brb,1983,0
brb,1984,0
brb,1985,0
brb,1986,0
brb,1987,0
brb,1988,0
brb,1989,0
brb,1990,0
brb,1991,0
brb,1992,0
brb,1993,0
brb,1994,0
brb,1995,0
brb,1996,0
brb,1997,0
brb,1998,0
brb,1999,0
brb,2000,0
brb,2001,0
brb,2002,0
brb,2003,0
brb,2004,0
brb,2005,0
brb,2006,0
brb,2007,1
brb,2008,0
chl,1970,0
chl,1971,2349000
chl,1972,0
chl,1973,0
chl,1974,0
chl,1975,0
chl,1976,0
chl,1977,0
chl,1978,0
chl,1979,0
chl,1980,0
chl,1981,0
chl,1982,0
chl,1983,1528
chl,1984,0
chl,1985,1482000
chl,1986,0
chl,1987,5117
chl,1988,0
chl,1989,0
chl,1990,0
chl,1991,0
chl,1992,0
chl,1993,0
chl,1994,0
chl,1995,1836
chl,1996,0
chl,1997,53110
chl,1998,0
chl,1999,0
chl,2000,0
chl,2001,0
chl,2002,0
chl,2003,0
chl,2004,0
chl,2005,27660
chl,2006,0
chl,2007,25170
chl,2008,0
chn,1970,10000
chn,1971,0
chn,1972,0
chn,1973,0
chn,1974,20000
chn,1975,10000
chn,1976,406000
chn,1977,0
chn,1978,0
chn,1979,4186
chn,1980,0
chn,1981,26000
chn,1982,15
chn,1983,18730
chn,1984,0
chn,1985,16610
chn,1986,290
chn,1987,194200
chn,1988,1321000
chn,1989,246100
chn,1990,64460
chn,1991,283400
chn,1992,16000
chn,1993,142600
chn,1994,6646
chn,1995,1026000
chn,1996,5312000
chn,1997,775300
chn,1998,1185000
chn,1999,3037000
chn,2000,2105000
chn,2001,503100
chn,2002,65880
chn,2003,3147000
chn,2004,436900
chn,2005,634000
chn,2006,411600
chn,2007,332
chn,2008,47170000
cod,1970,0
cod,1971,0
cod,1972,0
cod,1973,0
cod,1974,0
cod,1975,0
cod,1976,0
cod,1977,0
cod,1978,0
cod,1979,0
cod,1980,0
cod,1981,0
cod,1982,0
cod,1983,0
cod,1984,0
cod,1985,0
cod,1986,0
cod,1987,0
cod,1988,0
cod,1989,0
cod,1990,0
cod,1991,0
cod,1992,320
cod,1993,0
cod,1994,0
cod,1995,0
cod,1996,0
cod,1997,0
cod,1998,0
cod,1999,0
cod,2000,0
cod,2001,0
cod,2002,0
cod,2003,0
cod,2004,0
cod,2005,0
cod,2006,0
cod,2007,0
cod,2008,13040
cog,1970,0
cog,1971,0
cog,1972,0
cog,1973,0
cog,1974,0
cog,1975,0
cog,1976,0
cog,1977,0
cog,1978,0
cog,1979,0
cog,1980,0
cog,1981,0
cog,1982,0
cog,1983,0
cog,1984,0
cog,1985,0
cog,1986,0
cog,1987,0
cog,1988,0
cog,1989,0
cog,1990,0
cog,1991,0
cog,1992,0
cog,1993,0
cog,1994,0
cog,1995,0
cog,1996,0
cog,1997,0
cog,1998,0
cog,1999,0
cog,2000,0
cog,2001,0
cog,2002,0
cog,2003,0
cog,2004,0
cog,2005,1511
cog,2006,0
cog,2007,0
cog,2008,0
col,1970,3436
col,1971,0
col,1972,0
col,1973,0
col,1974,0
col,1975,0
col,1976,0
col,1977,0
col,1978,0
col,1979,12460
col,1980,0
col,1981,10
col,1982,0
col,1983,36450
col,1984,0
col,1985,0
col,1986,0
col,1987,0
col,1988,0
col,1989,0
col,1990,0
col,1991,869
col,1992,1646
col,1993,3073
col,1994,37690
col,1995,18260
col,1996,0
col,1997,0
col,1998,0
col,1999,1207000
col,2000,432
col,2001,0
col,2002,0
col,2003,0
col,2004,8539
col,2005,0
col,2006,0
col,2007,175
col,2008,0
cri,1970,0
cri,1971,0
cri,1972,0
cri,1973,3766
cri,1974,0
cri,1975,0
cri,1976,0
cri,1977,0
cri,1978,0
cri,1979,0
cri,1980,0
cri,1981,0
cri,1982,0
cri,1983,5547
cri,1984,0
cri,1985,0
cri,1986,0
cri,1987,0
cri,1988,0
cri,1989,0
cri,1990,14610
cri,1991,10620
cri,1992,0
cri,1993,243
cri,1994,0
cri,1995,0
cri,1996,0
cri,1997,0
cri,1998,0
cri,1999,0
cri,2000,0
cri,2001,0
cri,2002,0
cri,2003,137
cri,2004,288
cri,2005,0
cri,2006,0
cri,2007,0
cri,2008,0
cub,1970,0
cub,1971,0
cub,1972,0
cub,1973,0
cub,1974,0
cub,1975,0
cub,1976,9
cub,1977,0
cub,1978,0
cub,1979,0
cub,1980,0
cub,1981,0
cub,1982,0
cub,1983,0
cub,1984,0
cub,1985,0
cub,1986,0
cub,1987,0
cub,1988,0
cub,1989,0
cub,1990,0
cub,1991,0
cub,1992,5869
cub,1993,0
cub,1994,0
cub,1995,0
cub,1996,0
cub,1997,0
cub,1998,0
cub,1999,0
cub,2000,0
cub,2001,0
cub,2002,0
cub,2003,0
cub,2004,0
cub,2005,0
cub,2006,0
cub,2007,0
cub,2008,0
cyp,1970,0
cyp,1971,0
cyp,1972,0
cyp,1973,0
cyp,1974,0
cyp,1975,0
cyp,1976,0
cyp,1977,0
cyp,1978,0
cyp,1979,0
cyp,1980,0
cyp,1981,0
cyp,1982,0
cyp,1983,0
cyp,1984,0
cyp,1985,0
cyp,1986,0
cyp,1987,0
cyp,1988,0
cyp,1989,0
cyp,1990,0
cyp,1991,0
cyp,1992,0
cyp,1993,0
cyp,1994,0
cyp,1995,1867
cyp,1996,0
cyp,1997,0
cyp,1998,0
cyp,1999,0
cyp,2000,0
cyp,2001,0
cyp,2002,0
cyp,2003,0
cyp,2004,0
cyp,2005,0
cyp,2006,0
cyp,2007,0
cyp,2008,0
deu,1970,0
deu,1971,0
deu,1972,0
deu,1973,0
deu,1974,0
deu,1975,0
deu,1976,0
deu,1977,0
deu,1978,0
deu,1979,0
deu,1980,0
deu,1981,0
deu,1982,0
deu,1983,0
deu,1984,0
deu,1985,0
deu,1986,0
deu,1987,0
deu,1988,0
deu,1989,0
deu,1990,0
deu,1991,0
deu,1992,1526
deu,1993,0
deu,1994,0
deu,1995,0
deu,1996,0
deu,1997,0
deu,1998,0
deu,1999,0
deu,2000,0
deu,2001,0
deu,2002,0
deu,2003,0
deu,2004,150
deu,2005,0
deu,2006,0
deu,2007,0
deu,2008,0
deu_west,1970,0
deu_west,1971,0
deu_west,1972,0
deu_west,1973,0
deu_west,1974,0
deu_west,1975,0
deu_west,1976,0
deu_west,1977,0
deu_west,1978,235
deu_west,1979,0
deu_west,1980,0
deu_west,1981,0
deu_west,1982,0
deu_west,1983,0
deu_west,1984,0
deu_west,1985,0
deu_west,1986,0
deu_west,1987,0
deu_west,1988,0
deu_west,1989,0
deu_west,1990,0
deu_west,1991,0
deu_west,1992,0
deu_west,1993,0
deu_west,1994,0
deu_west,1995,0
deu_west,1996,0
deu_west,1997,0
deu_west,1998,0
deu_west,1999,0
deu_west,2000,0
deu_west,2001,0
deu_west,2002,0
deu_west,2003,0
deu_west,2004,0
deu_west,2005,0
deu_west,2006,0
deu_west,2007,0
deu_west,2008,0
dma,1970,0
dma,1971,0
dma,1972,0
dma,1973,0
dma,1974,0
dma,1975,0
dma,1976,0
dma,1977,0
dma,1978,0
dma,1979,0
dma,1980,0
dma,1981,0
dma,1982,0
dma,1983,0
dma,1984,0
dma,1985,0
dma,1986,0
dma,1987,0
dma,1988,0
dma,1989,0
dma,1990,0
dma,1991,0
dma,1992,0
dma,1993,0
dma,1994,0
dma,1995,0
dma,1996,0
dma,1997,0
dma,1998,0
dma,1999,0
dma,2000,0
dma,2001,0
dma,2002,0
dma,2003,0
dma,2004,100
dma,2005,0
dma,2006,0
dma,2007,0
dma,2008,0
dom,1970,0
dom,1971,0
dom,1972,0
dom,1973,0
dom,1974,0
dom,1975,0
dom,1976,0
dom,1977,0
dom,1978,0
dom,1979,0
dom,1980,0
dom,1981,0
dom,1982,0
dom,1983,0
dom,1984,0
dom,1985,0
dom,1986,0
dom,1987,0
dom,1988,0
dom,1989,0
dom,1990,0
dom,1991,0
dom,1992,0
dom,1993,0
dom,1994,0
dom,1995,0
dom,1996,0
dom,1997,0
dom,1998,0
dom,1999,0
dom,2000,0
dom,2001,0
dom,2002,0
dom,2003,2018
dom,2004,0
dom,2005,0
dom,2006,0
dom,2007,0
dom,2008,0
dza,1970,0
dza,1971,0
dza,1972,0
dza,1973,0
dza,1974,0
dza,1975,0
dza,1976,0
dza,1977,0
dza,1978,0
dza,1979,0
dza,1980,933000
dza,1981,0
dza,1982,0
dza,1983,0
dza,1984,0
dza,1985,30
dza,1986,0
dza,1987,3153
dza,1988,257
dza,1989,12210
dza,1990,0
dza,1991,0
dza,1992,2250
dza,1993,0
dza,1994,12960
dza,1995,0
dza,1996,0
dza,1997,0
dza,1998,0
dza,1999,15200
dza,2000,0
dza,2001,0
dza,2002,0
dza,2003,212700
dza,2004,315
dza,2005,0
dza,2006,323
dza,2007,0
dza,2008,0
ecu,1970,88140
ecu,1971,0
ecu,1972,0
ecu,1973,0
ecu,1974,0
ecu,1975,0
ecu,1976,20020
ecu,1977,0
ecu,1978,0
ecu,1979,0
ecu,1980,48
ecu,1981,0
ecu,1982,0
ecu,1983,0
ecu,1984,0
ecu,1985,0
ecu,1986,0
ecu,1987,155000
ecu,1988,0
ecu,1989,0
ecu,1990,6514
ecu,1991,0
ecu,1992,0
ecu,1993,0
ecu,1994,0
ecu,1995,893
ecu,1996,30730
ecu,1997,0
ecu,1998,2043
ecu,1999,0
ecu,2000,0
ecu,2001,0
ecu,2002,0
ecu,2003,0
ecu,2004,0
ecu,2005,0
ecu,2006,0
ecu,2007,0
ecu,2008,0
egy,1970,0
egy,1971,0
egy,1972,0
egy,1973,0
egy,1974,0
egy,1975,0
egy,1976,0
egy,1977,0
egy,1978,0
egy,1979,0
egy,1980,0
egy,1981,0
egy,1982,0
egy,1983,0
egy,1984,0
egy,1985,0
egy,1986,0
egy,1987,0
egy,1988,0
egy,1989,0
egy,1990,0
egy,1991,0
egy,1992,93200
egy,1993,0
egy,1994,0
egy,1995,79
egy,1996,0
egy,1997,0
egy,1998,0
egy,1999,0
egy,2000,0
egy,2001,0
egy,2002,250
egy,2003,0
egy,2004,0
egy,2005,0
egy,2006,0
egy,2007,0
egy,2008,0
esp,1970,0
esp,1971,0
esp,1972,0
esp,1973,0
esp,1974,0
esp,1975,0
esp,1976,0
esp,1977,0
esp,1978,0
esp,1979,0
esp,1980,0
esp,1981,0
esp,1982,0
esp,1983,0
esp,1984,0
esp,1985,0
esp,1986,0
esp,1987,0
esp,1988,0
esp,1989,0
esp,1990,0
esp,1991,0
esp,1992,0
esp,1993,0
esp,1994,0
esp,1995,0
esp,1996,0
esp,1997,0
esp,1998,0
esp,1999,20
esp,2000,0
esp,2001,0
esp,2002,0
esp,2003,0
esp,2004,0
esp,2005,0
esp,2006,0
esp,2007,0
esp,2008,0
fji,1970,0
fji,1971,0
fji,1972,0
fji,1973,0
fji,1974,0
fji,1975,0
fji,1976,0
fji,1977,0
fji,1978,0
fji,1979,0
fji,1980,0
fji,1981,0
fji,1982,0
fji,1983,0
fji,1984,0
fji,1985,0
fji,1986,0
fji,1987,0
fji,1988,0
fji,1989,0
fji,1990,0
fji,1991,0
fji,1992,0
fji,1993,0
fji,1994,0
fji,1995,0
fji,1996,0
fji,1997,0
fji,1998,0
fji,1999,0
fji,2000,0
fji,2001,0
fji,2002,0
fji,2003,0
fji,2004,0
fji,2005,0
fji,2006,0
fji,2007,0
fji,2008,0
gbr,1970,0
gbr,1971,0
gbr,1972,0
gbr,1973,0
gbr,1974,0
gbr,1975,0
gbr,1976,0
gbr,1977,0
gbr,1978,0
gbr,1979,0
gbr,1980,0
gbr,1981,0
gbr,1982,0
gbr,1983,0
gbr,1984,0
gbr,1985,0
gbr,1986,0
gbr,1987,0
gbr,1988,0
gbr,1989,0
gbr,1990,0
gbr,1991,0
gbr,1992,0
gbr,1993,0
gbr,1994,0
gbr,1995,0
gbr,1996,0
gbr,1997,0
gbr,1998,0
gbr,1999,0
gbr,2000,0
gbr,2001,0
gbr,2002,0
gbr,2003,0
gbr,2004,0
gbr,2005,0
gbr,2006,0
gbr,2007,0
gbr,2008,0
geo,1970,0
geo,1971,0
geo,1972,0
geo,1973,0
geo,1974,0
geo,1975,0
geo,1976,0
geo,1977,0
geo,1978,0
geo,1979,0
geo,1980,0
geo,1981,0
geo,1982,0
geo,1983,0
geo,1984,0
geo,1985,0
geo,1986,0
geo,1987,0
geo,1988,0
geo,1989,0
geo,1990,0
geo,1991,3748
geo,1992,11
geo,1993,0
geo,1994,0
geo,1995,0
geo,1996,0
geo,1997,0
geo,1998,0
geo,1999,0
geo,2000,0
geo,2001,0
geo,2002,19160
geo,2003,0
geo,2004,0
geo,2005,0
geo,2006,0
geo,2007,0
geo,2008,0
gin,1970,0
gin,1971,0
gin,1972,0
gin,1973,0
gin,1974,0
gin,1975,0
gin,1976,0
gin,1977,0
gin,1978,0
gin,1979,0
gin,1980,0
gin,1981,0
gin,1982,0
gin,1983,21710
gin,1984,0
gin,1985,0
gin,1986,0
gin,1987,0
gin,1988,0
gin,1989,0
gin,1990,0
gin,1991,0
gin,1992,0
gin,1993,0
gin,1994,0
gin,1995,0
gin,1996,0
gin,1997,0
gin,1998,0
gin,1999,0
gin,2000,0
gin,2001,0
gin,2002,0
gin,2003,0
gin,2004,0
gin,2005,0
gin,2006,0
gin,2007,0
gin,2008,0
glp,1970,0
glp,1971,0
glp,1972,0
glp,1973,0
glp,1974,0
glp,1975,0
glp,1976,0
glp,1977,0
glp,1978,0
glp,1979,0
glp,1980,0
glp,1981,0
glp,1982,0
glp,1983,0
glp,1984,0
glp,1985,0
glp,1986,0
glp,1987,0
glp,1988,0
glp,1989,0
glp,1990,0
glp,1991,0
glp,1992,0
glp,1993,0
glp,1994,0
glp,1995,0
glp,1996,0
glp,1997,0
glp,1998,0
glp,1999,0
glp,2000,0
glp,2001,0
glp,2002,0
glp,2003,0
glp,2004,154
glp,2005,0
glp,2006,0
glp,2007,0
glp,2008,0
grc,1970,0
grc,1971,0
grc,1972,0
grc,1973,0
grc,1974,0
grc,1975,0
grc,1976,0
grc,1977,0
grc,1978,600200
grc,1979,48
grc,1980,18
grc,1981,80870
grc,1982,0
grc,1983,487
grc,1984,0
grc,1985,186
grc,1986,45320
grc,1987,0
grc,1988,25
grc,1989,0
grc,1990,62
grc,1991,0
grc,1992,0
grc,1993,2122
grc,1994,0
grc,1995,29010
grc,1996,1500
grc,1997,0
grc,1998,0
grc,1999,115300
grc,2000,600
grc,2001,300
grc,2002,167
grc,2003,50
grc,2004,0
grc,2005,0
grc,2006,0
grc,2007,0
grc,2008,3710
gtm,1970,0
gtm,1971,0
gtm,1972,0
gtm,1973,0
gtm,1974,0
gtm,1975,0
gtm,1976,5016000
gtm,1977,0
gtm,1978,0
gtm,1979,2040
gtm,1980,0
gtm,1981,0
gtm,1982,20
gtm,1983,0
gtm,1984,0
gtm,1985,5000
gtm,1986,2500
gtm,1987,0
gtm,1988,2055
gtm,1989,0
gtm,1990,0
gtm,1991,23900
gtm,1992,0
gtm,1993,0
gtm,1994,0
gtm,1995,0
gtm,1996,0
gtm,1997,0
gtm,1998,0
gtm,1999,282
gtm,2000,0
gtm,2001,158
gtm,2002,0
gtm,2003,0
gtm,2004,0
gtm,2005,0
gtm,2006,0
gtm,2007,0
gtm,2008,0
gum,1970,0
gum,1971,0
gum,1972,0
gum,1973,0
gum,1974,0
gum,1975,0
gum,1976,0
gum,1977,0
gum,1978,0
gum,1979,0
gum,1980,0
gum,1981,0
gum,1982,0
gum,1983,0
gum,1984,0
gum,1985,0
gum,1986,0
gum,1987,0
gum,1988,0
gum,1989,0
gum,1990,0
gum,1991,0
gum,1992,0
gum,1993,71
gum,1994,0
gum,1995,0
gum,1996,0
gum,1997,0
gum,1998,0
gum,1999,0
gum,2000,0
gum,2001,0
gum,2002,0
gum,2003,0
gum,2004,0
gum,2005,0
gum,2006,0
gum,2007,0
gum,2008,0
hnd,1970,0
hnd,1971,0
hnd,1972,0
hnd,1973,0
hnd,1974,0
hnd,1975,0
hnd,1976,0
hnd,1977,0
hnd,1978,0
hnd,1979,0
hnd,1980,2
hnd,1981,0
hnd,1982,500
hnd,1983,0
hnd,1984,0
hnd,1985,0
hnd,1986,0
hnd,1987,0
hnd,1988,0
hnd,1989,0
hnd,1990,0
hnd,1991,0
hnd,1992,0
hnd,1993,0
hnd,1994,0
hnd,1995,0
hnd,1996,0
hnd,1997,0
hnd,1998,0
hnd,1999,0
hnd,2000,0
hnd,2001,0
hnd,2002,0
hnd,2003,0
hnd,2004,0
hnd,2005,0
hnd,2006,0
hnd,2007,1883
hnd,2008,0
hrv,1970,0
hrv,1971,0
hrv,1972,0
hrv,1973,0
hrv,1974,0
hrv,1975,0
hrv,1976,0
hrv,1977,0
hrv,1978,0
hrv,1979,0
hrv,1980,0
hrv,1981,0
hrv,1982,0
hrv,1983,0
hrv,1984,0
hrv,1985,0
hrv,1986,0
hrv,1987,0
hrv,1988,0
hrv,1989,0
hrv,1990,0
hrv,1991,0
hrv,1992,0
hrv,1993,0
hrv,1994,0
hrv,1995,0
hrv,1996,2000
hrv,1997,0
hrv,1998,0
hrv,1999,0
hrv,2000,0
hrv,2001,0
hrv,2002,0
hrv,2003,0
hrv,2004,0
hrv,2005,0
hrv,2006,0
hrv,2007,0
hrv,2008,0
idn,1970,0
idn,1971,0
idn,1972,0
idn,1973,0
idn,1974,0
idn,1975,0
idn,1976,477900
idn,1977,4187
idn,1978,0
idn,1979,86270
idn,1980,20000
idn,1981,2988
idn,1982,23830
idn,1983,100
idn,1984,1949
idn,1985,17
idn,1986,0
idn,1987,32230
idn,1988,0
idn,1989,23010
idn,1990,9317
idn,1991,17220
idn,1992,102100
idn,1993,0
idn,1994,261100
idn,1995,92030
idn,1996,38810
idn,1997,3125
idn,1998,6982
idn,1999,16920
idn,2000,270300
idn,2001,12510
idn,2002,11860
idn,2003,3250
idn,2004,140900
idn,2005,106900
idn,2006,3186000
idn,2007,619600
idn,2008,10740
ind,1970,26
ind,1971,0
ind,1972,100
ind,1973,0
ind,1974,0
ind,1975,47
ind,1976,0
ind,1977,0
ind,1978,0
ind,1979,0
ind,1980,61
ind,1981,212
ind,1982,0
ind,1983,0
ind,1984,10920
ind,1985,0
ind,1986,36
ind,1987,0
ind,1988,20000000
ind,1989,0
ind,1990,0
ind,1991,55880
ind,1992,0
ind,1993,40270
ind,1994,0
ind,1995,0
ind,1996,0
ind,1997,156500
ind,1998,0
ind,1999,478000
ind,2000,0
ind,2001,6342000
ind,2002,202
ind,2003,0
ind,2004,0
ind,2005,157900
ind,2006,0
ind,2007,0
ind,2008,0
irn,1970,10180
irn,1971,0
irn,1972,28520
irn,1973,0
irn,1974,0
irn,1975,0
irn,1976,16
irn,1977,421800
irn,1978,65100
irn,1979,20790
irn,1980,150
irn,1981,37200
irn,1982,0
irn,1983,7515
irn,1984,0
irn,1985,7081
irn,1986,1905
irn,1987,3977
irn,1988,16560
irn,1989,1817
irn,1990,772400
irn,1991,1501
irn,1992,4055
irn,1993,5076
irn,1994,16660
irn,1995,0
irn,1996,0
irn,1997,226000
irn,1998,9312
irn,1999,7061
irn,2000,3016
irn,2001,1000
irn,2002,147400
irn,2003,323800
irn,2004,533
irn,2005,117500
irn,2006,168600
irn,2007,0
irn,2008,20720
irq,1970,0
irq,1971,0
irq,1972,0
irq,1973,0
irq,1974,0
irq,1975,0
irq,1976,0
irq,1977,0
irq,1978,0
irq,1979,0
irq,1980,0
irq,1981,0
irq,1982,0
irq,1983,0
irq,1984,0
irq,1985,0
irq,1986,0
irq,1987,0
irq,1988,0
irq,1989,0
irq,1990,0
irq,1991,520
irq,1992,0
irq,1993,0
irq,1994,0
irq,1995,0
irq,1996,0
irq,1997,0
irq,1998,0
irq,1999,0
irq,2000,0
irq,2001,0
irq,2002,0
irq,2003,0
irq,2004,0
irq,2005,0
irq,2006,0
irq,2007,0
irq,2008,0
isl,1970,0
isl,1971,0
isl,1972,0
isl,1973,0
isl,1974,0
isl,1975,0
isl,1976,7
isl,1977,0
isl,1978,0
isl,1979,0
isl,1980,0
isl,1981,0
isl,1982,0
isl,1983,0
isl,1984,0
isl,1985,0
isl,1986,0
isl,1987,0
isl,1988,0
isl,1989,0
isl,1990,0
isl,1991,0
isl,1992,0
isl,1993,0
isl,1994,0
isl,1995,0
isl,1996,0
isl,1997,0
isl,1998,0
isl,1999,0
isl,2000,199
isl,2001,0
isl,2002,0
isl,2003,0
isl,2004,0
isl,2005,0
isl,2006,0
isl,2007,0
isl,2008,0
ita,1970,0
ita,1971,4242
ita,1972,451
ita,1973,0
ita,1974,0
ita,1975,0
ita,1976,251200
ita,1977,0
ita,1978,905
ita,1979,5005
ita,1980,404700
ita,1981,318
ita,1982,6000
ita,1983,21030
ita,1984,9589
ita,1985,0
ita,1986,0
ita,1987,0
ita,1988,0
ita,1989,0
ita,1990,2737
ita,1991,0
ita,1992,0
ita,1993,0
ita,1994,0
ita,1995,0
ita,1996,0
ita,1997,38110
ita,1998,905
ita,1999,0
ita,2000,0
ita,2001,0
ita,2002,9572
ita,2003,232
ita,2004,0
ita,2005,0
ita,2006,0
ita,2007,0
ita,2008,0
jpn,1970,0
jpn,1971,0
jpn,1972,0
jpn,1973,0
jpn,1974,103
jpn,1975,0
jpn,1976,0
jpn,1977,0
jpn,1978,2647
jpn,1979,27
jpn,1980,82
jpn,1981,0
jpn,1982,1100
jpn,1983,208
jpn,1984,29
jpn,1985,20
jpn,1986,0
jpn,1987,22650
jpn,1988,0
jpn,1989,0
jpn,1990,0
jpn,1991,0
jpn,1992,32
jpn,1993,18120
jpn,1994,1792
jpn,1995,548500
jpn,1996,0
jpn,1997,0
jpn,1998,0
jpn,1999,0
jpn,2000,7233
jpn,2001,11260
jpn,2002,0
jpn,2003,21270
jpn,2004,62220
jpn,2005,4431
jpn,2006,0
jpn,2007,55240
jpn,2008,841
kaz,1970,0
kaz,1971,0
kaz,1972,0
kaz,1973,0
kaz,1974,0
kaz,1975,0
kaz,1976,0
kaz,1977,0
kaz,1978,0
kaz,1979,0
kaz,1980,0
kaz,1981,0
kaz,1982,0
kaz,1983,0
kaz,1984,0
kaz,1985,0
kaz,1986,0
kaz,1987,0
kaz,1988,0
kaz,1989,0
kaz,1990,0
kaz,1991,0
kaz,1992,0
kaz,1993,0
kaz,1994,0
kaz,1995,0
kaz,1996,0
kaz,1997,0
kaz,1998,0
kaz,1999,0
kaz,2000,0
kaz,2001,0
kaz,2002,0
kaz,2003,36630
kaz,2004,0
kaz,2005,0
kaz,2006,0
kaz,2007,0
kaz,2008,0
ken,1970,0
ken,1971,0
ken,1972,0
ken,1973,0
ken,1974,0
ken,1975,0
ken,1976,0
ken,1977,0
ken,1978,0
ken,1979,0
ken,1980,0
ken,1981,0
ken,1982,0
ken,1983,0
ken,1984,0
ken,1985,0
ken,1986,0
ken,1987,0
ken,1988,0
ken,1989,0
ken,1990,0
ken,1991,0
ken,1992,0
ken,1993,0
ken,1994,0
ken,1995,0
ken,1996,0
ken,1997,0
ken,1998,0
ken,1999,0
ken,2000,0
ken,2001,0
ken,2002,0
ken,2003,0
ken,2004,0
ken,2005,0
ken,2006,0
ken,2007,0
ken,2008,0
kgz,1970,0
kgz,1971,0
kgz,1972,0
kgz,1973,0
kgz,1974,0
kgz,1975,0
kgz,1976,0
kgz,1977,0
kgz,1978,0
kgz,1979,0
kgz,1980,0
kgz,1981,0
kgz,1982,0
kgz,1983,0
kgz,1984,0
kgz,1985,0
kgz,1986,0
kgz,1987,0
kgz,1988,0
kgz,1989,0
kgz,1990,0
kgz,1991,0
kgz,1992,136900
kgz,1993,0
kgz,1994,0
kgz,1995,0
kgz,1996,0
kgz,1997,1230
kgz,1998,0
kgz,1999,0
kgz,2000,0
kgz,2001,0
kgz,2002,0
kgz,2003,0
kgz,2004,0
kgz,2005,0
kgz,2006,12050
kgz,2007,0
kgz,2008,4271
lca,1970,0
lca,1971,0
lca,1972,0
lca,1973,0
lca,1974,0
lca,1975,0
lca,1976,0
lca,1977,0
lca,1978,0
lca,1979,0
lca,1980,0
lca,1981,0
lca,1982,0
lca,1983,0
lca,1984,0
lca,1985,0
lca,1986,0
lca,1987,0
lca,1988,0
lca,1989,0
lca,1990,0
lca,1991,0
lca,1992,0
lca,1993,0
lca,1994,0
lca,1995,0
lca,1996,0
lca,1997,0
lca,1998,0
lca,1999,0
lca,2000,0
lca,2001,0
lca,2002,0
lca,2003,0
lca,2004,0
lca,2005,0
lca,2006,0
lca,2007,0
lca,2008,0
mar,1970,0
mar,1971,0
mar,1972,0
mar,1973,0
mar,1974,0
mar,1975,0
mar,1976,0
mar,1977,0
mar,1978,0
mar,1979,0
mar,1980,0
mar,1981,0
mar,1982,0
mar,1983,0
mar,1984,0
mar,1985,0
mar,1986,0
mar,1987,0
mar,1988,0
mar,1989,0
mar,1990,0
mar,1991,0
mar,1992,0
mar,1993,0
mar,1994,0
mar,1995,0
mar,1996,0
mar,1997,0
mar,1998,0
mar,1999,0
mar,2000,0
mar,2001,0
mar,2002,0
mar,2003,0
mar,2004,14090
mar,2005,0
mar,2006,0
mar,2007,0
mar,2008,0
mex,1970,0
mex,1971,0
mex,1972,0
mex,1973,517
mex,1974,0
mex,1975,0
mex,1976,0
mex,1977,0
mex,1978,3859
mex,1979,7540
mex,1980,6427
mex,1981,31
mex,1982,26
mex,1983,0
mex,1984,0
mex,1985,2140000
mex,1986,0
mex,1987,3052
mex,1988,0
mex,1989,353
mex,1990,0
mex,1991,0
mex,1992,0
mex,1993,0
mex,1994,0
mex,1995,67200
mex,1996,0
mex,1997,17000
mex,1998,0
mex,1999,138000
mex,2000,1
mex,2001,0
mex,2002,0
mex,2003,178600
mex,2004,0
mex,2005,0
mex,2006,0
mex,2007,0
mex,2008,0
mmr,1970,0
mmr,1971,0
mmr,1972,0
mmr,1973,0
mmr,1974,0
mmr,1975,0
mmr,1976,0
mmr,1977,0
mmr,1978,0
mmr,1979,0
mmr,1980,0
mmr,1981,0
mmr,1982,0
mmr,1983,0
mmr,1984,0
mmr,1985,0
mmr,1986,0
mmr,1987,0
mmr,1988,0
mmr,1989,0
mmr,1990,0
mmr,1991,160
mmr,1992,0
mmr,1993,0
mmr,1994,0
mmr,1995,0
mmr,1996,0
mmr,1997,0
mmr,1998,0
mmr,1999,0
mmr,2000,0
mmr,2001,0
mmr,2002,0
mmr,2003,0
mmr,2004,0
mmr,2005,0
mmr,2006,0
mmr,2007,0
mmr,2008,0
moz,1970,0
moz,1971,0
moz,1972,0
moz,1973,0
moz,1974,0
moz,1975,0
moz,1976,0
moz,1977,0
moz,1978,0
moz,1979,0
moz,1980,0
moz,1981,0
moz,1982,0
moz,1983,0
moz,1984,0
moz,1985,0
moz,1986,0
moz,1987,0
moz,1988,0
moz,1989,0
moz,1990,0
moz,1991,0
moz,1992,0
moz,1993,0
moz,1994,0
moz,1995,0
moz,1996,0
moz,1997,0
moz,1998,0
moz,1999,0
moz,2000,0
moz,2001,0
moz,2002,0
moz,2003,0
moz,2004,0
moz,2005,0
moz,2006,1480
moz,2007,0
moz,2008,0
mtq,1970,0
mtq,1971,0
mtq,1972,0
mtq,1973,0
mtq,1974,0
mtq,1975,0
mtq,1976,0
mtq,1977,0
mtq,1978,0
mtq,1979,0
mtq,1980,0
mtq,1981,0
mtq,1982,0
mtq,1983,0
mtq,1984,0
mtq,1985,0
mtq,1986,0
mtq,1987,0
mtq,1988,0
mtq,1989,0
mtq,1990,0
mtq,1991,0
mtq,1992,0
mtq,1993,0
mtq,1994,0
mtq,1995,0
mtq,1996,0
mtq,1997,0
mtq,1998,0
mtq,1999,0
mtq,2000,0
mtq,2001,0
mtq,2002,0
mtq,2003,0
mtq,2004,0
mtq,2005,0
mtq,2006,0
mtq,2007,101
mtq,2008,0
mwi,1970,0
mwi,1971,0
mwi,1972,0
mwi,1973,0
mwi,1974,0
mwi,1975,0
mwi,1976,0
mwi,1977,0
mwi,1978,0
mwi,1979,0
mwi,1980,0
mwi,1981,0
mwi,1982,0
mwi,1983,0
mwi,1984,0
mwi,1985,0
mwi,1986,0
mwi,1987,0
mwi,1988,0
mwi,1989,50110
mwi,1990,0
mwi,1991,0
mwi,1992,0
mwi,1993,0
mwi,1994,0
mwi,1995,0
mwi,1996,0
mwi,1997,0
mwi,1998,0
mwi,1999,0
mwi,2000,0
mwi,2001,0
mwi,2002,0
mwi,2003,0
mwi,2004,0
mwi,2005,0
mwi,2006,0
mwi,2007,0
mwi,2008,0
nic,1970,0
nic,1971,0
nic,1972,730000
nic,1973,0
nic,1974,0
nic,1975,0
nic,1976,0
nic,1977,0
nic,1978,0
nic,1979,0
nic,1980,0
nic,1981,0
nic,1982,0
nic,1983,0
nic,1984,0
nic,1985,0
nic,1986,0
nic,1987,0
nic,1988,0
nic,1989,0
nic,1990,0
nic,1991,0
nic,1992,6358
nic,1993,0
nic,1994,0
nic,1995,0
nic,1996,0
nic,1997,0
nic,1998,238
nic,1999,0
nic,2000,7484
nic,2001,0
nic,2002,0
nic,2003,0
nic,2004,0
nic,2005,0
nic,2006,0
nic,2007,0
nic,2008,0
nld,1970,0
nld,1971,0
nld,1972,0
nld,1973,0
nld,1974,0
nld,1975,0
nld,1976,0
nld,1977,0
nld,1978,0
nld,1979,0
nld,1980,0
nld,1981,0
nld,1982,0
nld,1983,0
nld,1984,0
nld,1985,0
nld,1986,0
nld,1987,0
nld,1988,0
nld,1989,0
nld,1990,0
nld,1991,0
nld,1992,20
nld,1993,0
nld,1994,0
nld,1995,0
nld,1996,0
nld,1997,0
nld,1998,0
nld,1999,0
nld,2000,0
nld,2001,0
nld,2002,0
nld,2003,0
nld,2004,0
nld,2005,0
nld,2006,0
nld,2007,0
nld,2008,0
npl,1970,0
npl,1971,0
npl,1972,0
npl,1973,0
npl,1974,0
npl,1975,0
npl,1976,0
npl,1977,0
npl,1978,0
npl,1979,0
npl,1980,240700
npl,1981,0
npl,1982,0
npl,1983,0
npl,1984,0
npl,1985,0
npl,1986,0
npl,1987,0
npl,1988,301700
npl,1989,0
npl,1990,0
npl,1991,0
npl,1992,0
npl,1993,285
npl,1994,0
npl,1995,0
npl,1996,0
npl,1997,0
npl,1998,0
npl,1999,0
npl,2000,0
npl,2001,0
npl,2002,0
npl,2003,0
npl,2004,0
npl,2005,0
npl,2006,0
npl,2007,0
npl,2008,0
nzl,1970,0
nzl,1971,0
nzl,1972,0
nzl,1973,0
nzl,1974,0
nzl,1975,0
nzl,1976,0
nzl,1977,0
nzl,1978,0
nzl,1979,0
nzl,1980,0
nzl,1981,0
nzl,1982,0
nzl,1983,0
nzl,1984,0
nzl,1985,0
nzl,1986,0
nzl,1987,7026
nzl,1988,0
nzl,1989,0
nzl,1990,0
nzl,1991,0
nzl,1992,0
nzl,1993,0
nzl,1994,0
nzl,1995,0
nzl,1996,0
nzl,1997,0
nzl,1998,0
nzl,1999,0
nzl,2000,0
nzl,2001,0
nzl,2002,0
nzl,2003,0
nzl,2004,0
nzl,2005,0
nzl,2006,0
nzl,2007,0
nzl,2008,0
pak,1970,0
pak,1971,0
pak,1972,0
pak,1973,0
pak,1974,54900
pak,1975,0
pak,1976,0
pak,1977,0
pak,1978,0
pak,1979,0
pak,1980,0
pak,1981,2493
pak,1982,0
pak,1983,567
pak,1984,16
pak,1985,12040
pak,1986,750
pak,1987,0
pak,1988,0
pak,1989,0
pak,1990,318
pak,1991,205100
pak,1992,2140
pak,1993,0
pak,1994,0
pak,1995,0
pak,1996,0
pak,1997,10150
pak,1998,612
pak,1999,0
pak,2000,0
pak,2001,914300
pak,2002,155900
pak,2003,0
pak,2004,13170
pak,2005,5201000
pak,2006,0
pak,2007,0
pak,2008,75490
pan,1970,0
pan,1971,0
pan,1972,0
pan,1973,0
pan,1974,0
pan,1975,0
pan,1976,0
pan,1977,0
pan,1978,0
pan,1979,0
pan,1980,0
pan,1981,0
pan,1982,0
pan,1983,0
pan,1984,0
pan,1985,0
pan,1986,0
pan,1987,0
pan,1988,0
pan,1989,0
pan,1990,0
pan,1991,20130
pan,1992,0
pan,1993,0
pan,1994,0
pan,1995,0
pan,1996,0
pan,1997,0
pan,1998,0
pan,1999,0
pan,2000,0
pan,2001,0
pan,2002,0
pan,2003,1417
pan,2004,0
pan,2005,0
pan,2006,0
pan,2007,0
pan,2008,0
per,1970,3298000
per,1971,0
per,1972,1575000
per,1973,0
per,1974,43750
per,1975,0
per,1976,0
per,1977,0
per,1978,0
per,1979,1113
per,1980,3007
per,1981,12290
per,1982,3
per,1983,10
per,1984,0
per,1985,400
per,1986,8196
per,1987,0
per,1988,0
per,1989,0
per,1990,101000
per,1991,47350
per,1992,0
per,1993,151
per,1994,0
per,1995,0
per,1996,75980
per,1997,0
per,1998,0
per,1999,8131
per,2000,0
per,2001,354200
per,2002,0
per,2003,0
per,2004,0
per,2005,2510
per,2006,0
per,2007,480500
per,2008,0
phl,1970,214
phl,1971,0
phl,1972,0
phl,1973,78
phl,1974,0
phl,1975,0
phl,1976,187300
phl,1977,60030
phl,1978,0
phl,1979,0
phl,1980,0
phl,1981,0
phl,1982,0
phl,1983,1920
phl,1984,0
phl,1985,177
phl,1986,0
phl,1987,0
phl,1988,0
phl,1989,0
phl,1990,1634000
phl,1991,0
phl,1992,0
phl,1993,0
phl,1994,271200
phl,1995,0
phl,1996,0
phl,1997,0
phl,1998,0
phl,1999,196
phl,2000,0
phl,2001,0
phl,2002,73470
phl,2003,0
phl,2004,0
phl,2005,0
phl,2006,0
phl,2007,0
phl,2008,0
png,1970,15
png,1971,0
png,1972,0
png,1973,0
png,1974,0
png,1975,0
png,1976,0
png,1977,0
png,1978,0
png,1979,0
png,1980,0
png,1981,0
png,1982,0
png,1983,10
png,1984,0
png,1985,0
png,1986,1000
png,1987,4001
png,1988,0
png,1989,0
png,1990,0
png,1991,0
png,1992,0
png,1993,20250
png,1994,0
png,1995,0
png,1996,0
png,1997,0
png,1998,0
png,1999,0
png,2000,5001
png,2001,201
png,2002,5475
png,2003,0
png,2004,0
png,2005,201
png,2006,0
png,2007,0
png,2008,0
pol,1970,0
pol,1971,0
pol,1972,0
pol,1973,0
pol,1974,0
pol,1975,0
pol,1976,0
pol,1977,0
pol,1978,0
pol,1979,0
pol,1980,0
pol,1981,0
pol,1982,1050
pol,1983,0
pol,1984,0
pol,1985,0
pol,1986,0
pol,1987,0
pol,1988,0
pol,1989,0
pol,1990,0
pol,1991,0
pol,1992,0
pol,1993,0
pol,1994,0
pol,1995,0
pol,1996,0
pol,1997,0
pol,1998,0
pol,1999,0
pol,2000,0
pol,2001,0
pol,2002,0
pol,2003,0
pol,2004,0
pol,2005,0
pol,2006,0
pol,2007,0
pol,2008,0
prk,1970,0
prk,1971,0
prk,1972,0
prk,1973,0
prk,1974,0
prk,1975,0
prk,1976,0
prk,1977,0
prk,1978,0
prk,1979,0
prk,1980,0
prk,1981,0
prk,1982,0
prk,1983,0
prk,1984,0
prk,1985,0
prk,1986,0
prk,1987,0
prk,1988,0
prk,1989,0
prk,1990,0
prk,1991,0
prk,1992,0
prk,1993,0
prk,1994,0
prk,1995,0
prk,1996,0
prk,1997,0
prk,1998,0
prk,1999,0
prk,2000,0
prk,2001,0
prk,2002,0
prk,2003,0
prk,2004,0
prk,2005,0
prk,2006,0
prk,2007,0
prk,2008,0
rou,1970,0
rou,1971,0
rou,1972,0
rou,1973,0
rou,1974,0
rou,1975,0
rou,1976,0
rou,1977,387900
rou,1978,0
rou,1979,0
rou,1980,0
rou,1981,0
rou,1982,0
rou,1983,0
rou,1984,0
rou,1985,0
rou,1986,0
rou,1987,0
rou,1988,0
rou,1989,0
rou,1990,709
rou,1991,5850
rou,1992,0
rou,1993,0
rou,1994,0
rou,1995,0
rou,1996,0
rou,1997,0
rou,1998,0
rou,1999,0
rou,2000,0
rou,2001,0
rou,2002,0
rou,2003,0
rou,2004,0
rou,2005,0
rou,2006,0
rou,2007,0
rou,2008,0
rus,1970,0
rus,1971,0
rus,1972,0
rus,1973,0
rus,1974,0
rus,1975,0
rus,1976,0
rus,1977,0
rus,1978,0
rus,1979,0
rus,1980,0
rus,1981,0
rus,1982,0
rus,1983,0
rus,1984,0
rus,1985,0
rus,1986,0
rus,1987,0
rus,1988,0
rus,1989,0
rus,1990,0
rus,1991,0
rus,1992,0
rus,1993,0
rus,1994,2353
rus,1995,2739
rus,1996,0
rus,1997,0
rus,1998,0
rus,1999,11260
rus,2000,19110
rus,2001,0
rus,2002,0
rus,2003,1808
rus,2004,138
rus,2005,0
rus,2006,12040
rus,2007,7514
rus,2008,5248
rwa,1970,0
rwa,1971,0
rwa,1972,0
rwa,1973,0
rwa,1974,0
rwa,1975,0
rwa,1976,0
rwa,1977,0
rwa,1978,0
rwa,1979,0
rwa,1980,0
rwa,1981,0
rwa,1982,0
rwa,1983,0
rwa,1984,0
rwa,1985,0
rwa,1986,0
rwa,1987,0
rwa,1988,0
rwa,1989,0
rwa,1990,0
rwa,1991,0
rwa,1992,0
rwa,1993,0
rwa,1994,0
rwa,1995,0
rwa,1996,0
rwa,1997,0
rwa,1998,0
rwa,1999,0
rwa,2000,0
rwa,2001,0
rwa,2002,1688
rwa,2003,0
rwa,2004,0
rwa,2005,0
rwa,2006,0
rwa,2007,0
rwa,2008,679
scg,1970,0
scg,1971,0
scg,1972,0
scg,1973,0
scg,1974,0
scg,1975,0
scg,1976,0
scg,1977,0
scg,1978,0
scg,1979,0
scg,1980,0
scg,1981,0
scg,1982,0
scg,1983,0
scg,1984,0
scg,1985,0
scg,1986,0
scg,1987,0
scg,1988,0
scg,1989,0
scg,1990,0
scg,1991,0
scg,1992,0
scg,1993,0
scg,1994,0
scg,1995,0
scg,1996,0
scg,1997,0
scg,1998,0
scg,1999,0
scg,2000,0
scg,2001,0
scg,2002,101
scg,2003,0
scg,2004,0
scg,2005,0
scg,2006,0
scg,2007,0
scg,2008,0
sdn,1970,0
sdn,1971,0
sdn,1972,0
sdn,1973,0
sdn,1974,0
sdn,1975,0
sdn,1976,0
sdn,1977,0
sdn,1978,0
sdn,1979,0
sdn,1980,0
sdn,1981,0
sdn,1982,0
sdn,1983,0
sdn,1984,0
sdn,1985,0
sdn,1986,0
sdn,1987,0
sdn,1988,0
sdn,1989,0
sdn,1990,8000
sdn,1991,0
sdn,1992,0
sdn,1993,18
sdn,1994,0
sdn,1995,0
sdn,1996,0
sdn,1997,0
sdn,1998,0
sdn,1999,0
sdn,2000,0
sdn,2001,0
sdn,2002,0
sdn,2003,0
sdn,2004,0
sdn,2005,0
sdn,2006,0
sdn,2007,0
sdn,2008,0
slb,1970,0
slb,1971,0
slb,1972,0
slb,1973,0
slb,1974,0
slb,1975,0
slb,1976,0
slb,1977,1034
slb,1978,0
slb,1979,0
slb,1980,0
slb,1981,0
slb,1982,0
slb,1983,0
slb,1984,0
slb,1985,0
slb,1986,0
slb,1987,0
slb,1988,501
slb,1989,0
slb,1990,0
slb,1991,0
slb,1992,0
slb,1993,0
slb,1994,0
slb,1995,0
slb,1996,0
slb,1997,0
slb,1998,0
slb,1999,0
slb,2000,0
slb,2001,0
slb,2002,0
slb,2003,0
slb,2004,0
slb,2005,0
slb,2006,0
slb,2007,0
slb,2008,0
slv,1970,0
slv,1971,0
slv,1972,0
slv,1973,0
slv,1974,0
slv,1975,0
slv,1976,0
slv,1977,0
slv,1978,0
slv,1979,0
slv,1980,0
slv,1981,0
slv,1982,32520
slv,1983,0
slv,1984,0
slv,1985,0
slv,1986,771100
slv,1987,0
slv,1988,0
slv,1989,0
slv,1990,0
slv,1991,0
slv,1992,0
slv,1993,0
slv,1994,0
slv,1995,0
slv,1996,0
slv,1997,0
slv,1998,0
slv,1999,0
slv,2000,0
slv,2001,1592000
slv,2002,0
slv,2003,0
slv,2004,0
slv,2005,752
slv,2006,16470
slv,2007,0
slv,2008,0
svn,1970,0
svn,1971,0
svn,1972,0
svn,1973,0
svn,1974,0
svn,1975,0
svn,1976,0
svn,1977,0
svn,1978,0
svn,1979,0
svn,1980,0
svn,1981,0
svn,1982,0
svn,1983,0
svn,1984,0
svn,1985,0
svn,1986,0
svn,1987,0
svn,1988,0
svn,1989,0
svn,1990,0
svn,1991,0
svn,1992,0
svn,1993,0
svn,1994,0
svn,1995,0
svn,1996,0
svn,1997,0
svn,1998,700
svn,1999,0
svn,2000,0
svn,2001,0
svn,2002,0
svn,2003,0
svn,2004,606
svn,2005,0
svn,2006,0
svn,2007,0
svn,2008,0
tha,1970,0
tha,1971,0
tha,1972,0
tha,1973,0
tha,1974,0
tha,1975,0
tha,1976,0
tha,1977,0
tha,1978,0
tha,1979,0
tha,1980,0
tha,1981,0
tha,1982,0
tha,1983,0
tha,1984,0
tha,1985,0
tha,1986,0
tha,1987,0
tha,1988,0
tha,1989,0
tha,1990,0
tha,1991,0
tha,1992,0
tha,1993,0
tha,1994,0
tha,1995,0
tha,1996,0
tha,1997,0
tha,1998,0
tha,1999,0
tha,2000,0
tha,2001,0
tha,2002,0
tha,2003,0
tha,2004,0
tha,2005,0
tha,2006,0
tha,2007,0
tha,2008,0
tjk,1970,0
tjk,1971,0
tjk,1972,0
tjk,1973,0
tjk,1974,0
tjk,1975,0
tjk,1976,0
tjk,1977,0
tjk,1978,0
tjk,1979,0
tjk,1980,0
tjk,1981,0
tjk,1982,0
tjk,1983,0
tjk,1984,0
tjk,1985,0
tjk,1986,0
tjk,1987,0
tjk,1988,0
tjk,1989,0
tjk,1990,0
tjk,1991,0
tjk,1992,0
tjk,1993,0
tjk,1994,0
tjk,1995,0
tjk,1996,0
tjk,1997,0
tjk,1998,0
tjk,1999,0
tjk,2000,6000
tjk,2001,0
tjk,2002,1553
tjk,2003,0
tjk,2004,180
tjk,2005,0
tjk,2006,15430
tjk,2007,7014
tjk,2008,0
tkm,1970,0
tkm,1971,0
tkm,1972,0
tkm,1973,0
tkm,1974,0
tkm,1975,0
tkm,1976,0
tkm,1977,0
tkm,1978,0
tkm,1979,0
tkm,1980,0
tkm,1981,0
tkm,1982,0
tkm,1983,0
tkm,1984,0
tkm,1985,0
tkm,1986,0
tkm,1987,0
tkm,1988,0
tkm,1989,0
tkm,1990,0
tkm,1991,0
tkm,1992,0
tkm,1993,0
tkm,1994,0
tkm,1995,0
tkm,1996,0
tkm,1997,0
tkm,1998,0
tkm,1999,0
tkm,2000,11
tkm,2001,0
tkm,2002,0
tkm,2003,0
tkm,2004,0
tkm,2005,0
tkm,2006,0
tkm,2007,0
tkm,2008,0
ton,1970,0
ton,1971,0
ton,1972,0
ton,1973,0
ton,1974,0
ton,1975,0
ton,1976,0
ton,1977,5506
ton,1978,0
ton,1979,0
ton,1980,0
ton,1981,0
ton,1982,0
ton,1983,0
ton,1984,0
ton,1985,0
ton,1986,0
ton,1987,0
ton,1988,0
ton,1989,0
ton,1990,0
ton,1991,0
ton,1992,0
ton,1993,0
ton,1994,0
ton,1995,0
ton,1996,0
ton,1997,0
ton,1998,0
ton,1999,0
ton,2000,0
ton,2001,0
ton,2002,0
ton,2003,0
ton,2004,0
ton,2005,0
ton,2006,0
ton,2007,0
ton,2008,0
tto,1970,0
tto,1971,0
tto,1972,0
tto,1973,0
tto,1974,0
tto,1975,0
tto,1976,0
tto,1977,0
tto,1978,0
tto,1979,0
tto,1980,0
tto,1981,0
tto,1982,0
tto,1983,0
tto,1984,0
tto,1985,0
tto,1986,0
tto,1987,0
tto,1988,0
tto,1989,0
tto,1990,0
tto,1991,0
tto,1992,0
tto,1993,0
tto,1994,0
tto,1995,0
tto,1996,0
tto,1997,17
tto,1998,0
tto,1999,0
tto,2000,0
tto,2001,0
tto,2002,0
tto,2003,0
tto,2004,0
tto,2005,0
tto,2006,0
tto,2007,0
tto,2008,0
tur,1970,84530
tur,1971,89600
tur,1972,0
tur,1973,0
tur,1974,0
tur,1975,55760
tur,1976,219900
tur,1977,30
tur,1978,0
tur,1979,0
tur,1980,0
tur,1981,0
tur,1982,0
tur,1983,835500
tur,1984,750100
tur,1985,744
tur,1986,21120
tur,1987,0
tur,1988,0
tur,1989,0
tur,1990,0
tur,1991,0
tur,1992,349500
tur,1993,0
tur,1994,0
tur,1995,160300
tur,1996,26010
tur,1997,0
tur,1998,1591000
tur,1999,1603000
tur,2000,24080
tur,2001,611
tur,2002,252400
tur,2003,291100
tur,2004,36940
tur,2005,3046
tur,2006,0
tur,2007,0
tur,2008,0
twn,1970,0
twn,1971,0
twn,1972,0
twn,1973,0
twn,1974,0
twn,1975,0
twn,1976,0
twn,1977,0
twn,1978,0
twn,1979,0
twn,1980,0
twn,1981,0
twn,1982,0
twn,1983,0
twn,1984,0
twn,1985,0
twn,1986,59
twn,1987,0
twn,1988,0
twn,1989,0
twn,1990,0
twn,1991,0
twn,1992,0
twn,1993,0
twn,1994,0
twn,1995,0
twn,1996,0
twn,1997,0
twn,1998,0
twn,1999,111200
twn,2000,0
twn,2001,0
twn,2002,504
twn,2003,0
twn,2004,0
twn,2005,0
twn,2006,44
twn,2007,0
twn,2008,0
tza,1970,0
tza,1971,0
tza,1972,0
tza,1973,0
tza,1974,0
tza,1975,0
tza,1976,0
tza,1977,0
tza,1978,0
tza,1979,0
tza,1980,0
tza,1981,0
tza,1982,0
tza,1983,0
tza,1984,0
tza,1985,0
tza,1986,0
tza,1987,0
tza,1988,0
tza,1989,0
tza,1990,0
tza,1991,0
tza,1992,0
tza,1993,0
tza,1994,0
tza,1995,0
tza,1996,0
tza,1997,0
tza,1998,0
tza,1999,0
tza,2000,792
tza,2001,700
tza,2002,2002
tza,2003,0
tza,2004,0
tza,2005,5002
tza,2006,0
tza,2007,0
tza,2008,0
uga,1970,0
uga,1971,0
uga,1972,0
uga,1973,0
uga,1974,0
uga,1975,0
uga,1976,0
uga,1977,0
uga,1978,0
uga,1979,0
uga,1980,0
uga,1981,0
uga,1982,0
uga,1983,0
uga,1984,0
uga,1985,0
uga,1986,0
uga,1987,0
uga,1988,2000
uga,1989,0
uga,1990,0
uga,1991,0
uga,1992,0
uga,1993,0
uga,1994,50010
uga,1995,0
uga,1996,0
uga,1997,0
uga,1998,0
uga,1999,0
uga,2000,0
uga,2001,0
uga,2002,0
uga,2003,0
uga,2004,0
uga,2005,0
uga,2006,0
uga,2007,0
uga,2008,0
usa,1970,0
usa,1971,1065
usa,1972,0
usa,1973,0
usa,1974,0
usa,1975,0
usa,1976,0
usa,1977,0
usa,1978,0
usa,1979,0
usa,1980,2
usa,1981,0
usa,1982,0
usa,1983,1555
usa,1984,0
usa,1985,0
usa,1986,179
usa,1987,2302
usa,1988,0
usa,1989,4139
usa,1990,150
usa,1991,102
usa,1992,395
usa,1993,3002
usa,1994,27280
usa,1995,0
usa,1996,0
usa,1997,0
usa,1998,0
usa,1999,0
usa,2000,25170
usa,2001,401
usa,2002,0
usa,2003,162
usa,2004,0
usa,2005,0
usa,2006,3529
usa,2007,0
usa,2008,2103
ussr,1970,0
ussr,1971,0
ussr,1972,0
ussr,1973,0
ussr,1974,0
ussr,1975,0
ussr,1976,0
ussr,1977,0
ussr,1978,0
ussr,1979,0
ussr,1980,87
ussr,1981,0
ussr,1982,0
ussr,1983,14000
ussr,1984,20100
ussr,1985,8109
ussr,1986,230100
ussr,1987,0
ussr,1988,1667000
ussr,1989,12320
ussr,1990,24510
ussr,1991,256800
ussr,1992,0
ussr,1993,0
ussr,1994,0
ussr,1995,0
ussr,1996,0
ussr,1997,0
ussr,1998,0
ussr,1999,0
ussr,2000,0
ussr,2001,0
ussr,2002,0
ussr,2003,0
ussr,2004,0
ussr,2005,0
ussr,2006,0
ussr,2007,0
ussr,2008,0
uzb,1970,0
uzb,1971,0
uzb,1972,0
uzb,1973,0
uzb,1974,0
uzb,1975,0
uzb,1976,0
uzb,1977,0
uzb,1978,0
uzb,1979,0
uzb,1980,0
uzb,1981,0
uzb,1982,0
uzb,1983,0
uzb,1984,0
uzb,1985,0
uzb,1986,0
uzb,1987,0
uzb,1988,0
uzb,1989,0
uzb,1990,0
uzb,1991,0
uzb,1992,50010
uzb,1993,0
uzb,1994,0
uzb,1995,0
uzb,1996,0
uzb,1997,0
uzb,1998,0
uzb,1999,0
uzb,2000,0
uzb,2001,0
uzb,2002,0
uzb,2003,0
uzb,2004,0
uzb,2005,0
uzb,2006,0
uzb,2007,0
uzb,2008,0
ven,1970,0
ven,1971,0
ven,1972,0
ven,1973,0
ven,1974,0
ven,1975,0
ven,1976,0
ven,1977,0
ven,1978,0
ven,1979,0
ven,1980,186
ven,1981,15
ven,1982,0
ven,1983,0
ven,1984,0
ven,1985,0
ven,1986,1003
ven,1987,0
ven,1988,0
ven,1989,2000
ven,1990,0
ven,1991,0
ven,1992,0
ven,1993,0
ven,1994,0
ven,1995,0
ven,1996,0
ven,1997,4263
ven,1998,0
ven,1999,0
ven,2000,0
ven,2001,0
ven,2002,0
ven,2003,0
ven,2004,0
ven,2005,0
ven,2006,0
ven,2007,0
ven,2008,0
vut,1970,0
vut,1971,0
vut,1972,0
vut,1973,0
vut,1974,0
vut,1975,0
vut,1976,0
vut,1977,0
vut,1978,0
vut,1979,0
vut,1980,0
vut,1981,0
vut,1982,0
vut,1983,0
vut,1984,0
vut,1985,0
vut,1986,0
vut,1987,0
vut,1988,0
vut,1989,0
vut,1990,2
vut,1991,0
vut,1992,0
vut,1993,0
vut,1994,0
vut,1995,0
vut,1996,0
vut,1997,0
vut,1998,0
vut,1999,14110
vut,2000,0
vut,2001,0
vut,2002,1003
vut,2003,0
vut,2004,0
vut,2005,0
vut,2006,0
vut,2007,0
vut,2008,0
yem,1970,0
yem,1971,0
yem,1972,0
yem,1973,0
yem,1974,0
yem,1975,0
yem,1976,0
yem,1977,0
yem,1978,0
yem,1979,0
yem,1980,0
yem,1981,0
yem,1982,0
yem,1983,0
yem,1984,0
yem,1985,0
yem,1986,0
yem,1987,0
yem,1988,0
yem,1989,0
yem,1990,0
yem,1991,40050
yem,1992,0
yem,1993,0
yem,1994,0
yem,1995,0
yem,1996,0
yem,1997,0
yem,1998,0
yem,1999,0
yem,2000,0
yem,2001,0
yem,2002,0
yem,2003,0
yem,2004,0
yem,2005,0
yem,2006,0
yem,2007,0
yem,2008,0
yem_north,1970,0
yem_north,1971,0
yem_north,1972,0
yem_north,1973,0
yem_north,1974,0
yem_north,1975,0
yem_north,1976,0
yem_north,1977,0
yem_north,1978,0
yem_north,1979,0
yem_north,1980,0
yem_north,1981,0
yem_north,1982,403000
yem_north,1983,0
yem_north,1984,0
yem_north,1985,0
yem_north,1986,0
yem_north,1987,0
yem_north,1988,0
yem_north,1989,0
yem_north,1990,0
yem_north,1991,0
yem_north,1992,0
yem_north,1993,0
yem_north,1994,0
yem_north,1995,0
yem_north,1996,0
yem_north,1997,0
yem_north,1998,0
yem_north,1999,0
yem_north,2000,0
yem_north,2001,0
yem_north,2002,0
yem_north,2003,0
yem_north,2004,0
yem_north,2005,0
yem_north,2006,0
yem_north,2007,0
yem_north,2008,0
yug,1970,0
yug,1971,0
yug,1972,0
yug,1973,0
yug,1974,0
yug,1975,0
yug,1976,0
yug,1977,0
yug,1978,0
yug,1979,310300
yug,1980,5100
yug,1981,44
yug,1982,0
yug,1983,12
yug,1984,0
yug,1985,1516
yug,1986,0
yug,1987,0
yug,1988,0
yug,1989,0
yug,1990,128
yug,1991,0
yug,1992,0
yug,1993,0
yug,1994,0
yug,1995,0
yug,1996,0
yug,1997,0
yug,1998,0
yug,1999,0
yug,2000,0
yug,2001,0
yug,2002,0
yug,2003,0
yug,2004,0
yug,2005,0
yug,2006,0
yug,2007,0
yug,2008,0
zaf,1970,0
zaf,1971,0
zaf,1972,0
zaf,1973,0
zaf,1974,0
zaf,1975,0
zaf,1976,0
zaf,1977,0
zaf,1978,0
zaf,1979,0
zaf,1980,0
zaf,1981,0
zaf,1982,17
zaf,1983,0
zaf,1984,0
zaf,1985,0
zaf,1986,0
zaf,1987,319
zaf,1988,36
zaf,1989,0
zaf,1990,16
zaf,1991,0
zaf,1992,0
zaf,1993,0
zaf,1994,0
zaf,1995,0
zaf,1996,0
zaf,1997,61
zaf,1998,0
zaf,1999,0
zaf,2000,0
zaf,2001,0
zaf,2002,0
zaf,2003,0
zaf,2004,0
zaf,2005,60
zaf,2006,0
zaf,2007,0
zaf,2008,0
