geo,time,wood_removal_cubic_meters
abw,1990,1200
abw,1991,1200
abw,1992,1200
abw,1993,1200
abw,1994,1100
abw,1995,1100
abw,1996,1100
abw,1997,1100
abw,1998,1200
abw,1999,1200
abw,2000,1300
abw,2001,1300
abw,2002,1400
abw,2003,1400
abw,2004,1500
abw,2005,1500
abw,2006,1600
abw,2007,1600
abw,2008,1700
abw,2009,1700
abw,2010,1700
abw,2011,1700
afg,1990,2155200
afg,1991,2206700
afg,1992,2294700
afg,1993,2399100
afg,1994,2508200
afg,1995,2614500
afg,1996,2716300
afg,1997,2811700
afg,1998,2882000
afg,1999,2970000
afg,2000,3038700
afg,2001,3074200
afg,2002,3110600
afg,2003,3148200
afg,2004,3186800
afg,2005,3226600
afg,2006,3258200
afg,2007,3290500
afg,2008,3323600
afg,2009,3357500
afg,2010,3401300
afg,2011,3401300
ago,1990,3185000
ago,1991,3281900
ago,1992,3380900
ago,1993,3671600
ago,1994,3748800
ago,1995,3779200
ago,1996,3839800
ago,1997,3934800
ago,1998,4046200
ago,1999,4167000
ago,2000,4259100
ago,2001,4336500
ago,2002,4416200
ago,2003,4498200
ago,2004,4582700
ago,2005,4669700
ago,2006,4752000
ago,2007,4836600
ago,2008,4923600
ago,2009,5013200
ago,2010,5105200
ago,2011,5196438
alb,1990,2076000
alb,1991,2556000
alb,1992,2556000
alb,1993,595000
alb,1994,409000
alb,1995,409000
alb,1996,409000
alb,1997,409000
alb,1998,27700
alb,1999,230000
alb,2000,447000
alb,2001,264600
alb,2002,304800
alb,2003,296200
alb,2004,296200
alb,2005,296200
alb,2006,296200
alb,2007,430000
alb,2008,430000
alb,2009,430000
alb,2010,430000
alb,2011,430000
and,1990,0
and,1991,0
and,1992,0
and,1993,0
and,1994,0
and,1995,0
and,1996,0
and,1997,0
and,1998,0
and,1999,0
and,2000,0
and,2001,0
and,2002,0
and,2003,0
and,2004,0
and,2005,0
and,2006,0
and,2007,0
and,2008,0
and,2009,0
and,2010,0
and,2011,0
are,1990,11630
are,1991,12080
are,1992,12540
are,1993,12950
are,1994,12310
are,1995,12700
are,1996,13150
are,1997,13510
are,1998,14860
are,1999,15260
are,2000,15670
are,2001,15930
are,2002,16180
are,2003,16450
are,2004,16710
are,2005,16980
are,2006,17180
are,2007,17380
are,2008,17590
are,2009,17790
are,2010,18000
are,2011,18000
arg,1990,10230020
arg,1991,10407980
arg,1992,11710820
arg,1993,10332320
arg,1994,10774690
arg,1995,11584530
arg,1996,11494700
arg,1997,11514310
arg,1998,12304750
arg,1999,9856600
arg,2000,10703790
arg,2001,9543260
arg,2002,11545390
arg,2003,13018130
arg,2004,15003910
arg,2005,14337340
arg,2006,14027120
arg,2007,13658210
arg,2008,13119300
arg,2009,14089210
arg,2010,15009550
arg,2011,15187470
arm,1997,62200
arm,2000,72200
arm,2001,62200
arm,2002,68900
arm,2003,75600
arm,2004,75000
arm,2005,54100
arm,2006,60300
arm,2007,45200
arm,2008,38600
arm,2009,51400
arm,2010,38500
arm,2011,35200
aus,1990,20758300
aus,1991,20390500
aus,1992,20674400
aus,1993,21910400
aus,1994,23252500
aus,1995,24302500
aus,1996,24357900
aus,1997,27034000
aus,1998,28050000
aus,1999,27667000
aus,2000,31181000
aus,2001,31087000
aus,2002,29712000
aus,2003,31604000
aus,2004,31933000
aus,2005,31933000
aus,2006,31777000
aus,2007,32264000
aus,2008,33269000
aus,2009,30316000
aus,2010,30431000
aus,2011,31291000
aut,1990,15732545
aut,1991,11492028
aut,1992,12249230
aut,1993,12255894
aut,1994,14359636
aut,1995,13805755
aut,1996,15010236
aut,1997,14725794
aut,1998,14033478
aut,1999,14083908
aut,2000,13276255
aut,2001,13466525
aut,2002,14845440
aut,2003,17055236
aut,2004,16483387
aut,2005,16470661
aut,2006,19134863
aut,2007,21317341
aut,2008,21795428
aut,2009,16727438
aut,2010,17830955
aut,2011,18695671
aze,1998,12600
aze,1999,12600
aze,2000,13500
aze,2001,13500
aze,2002,52800
aze,2003,6500
aze,2004,6500
aze,2005,6500
aze,2006,6500
aze,2007,6500
aze,2008,6500
aze,2009,6500
aze,2010,6500
aze,2011,6500
bdi,1990,6458580
bdi,1991,6529530
bdi,1992,6612580
bdi,1993,6798640
bdi,1994,7090170
bdi,1995,7371920
bdi,1996,7711130
bdi,1997,7893030
bdi,1998,8078210
bdi,1999,5940000
bdi,2000,6187000
bdi,2001,8718620
bdi,2002,8862240
bdi,2003,9086430
bdi,2004,9235250
bdi,2005,9424730
bdi,2006,9563680
bdi,2007,9705000
bdi,2008,9848300
bdi,2009,9994140
bdi,2010,10728550
bdi,2011,10866110
bel,1990,6351000
bel,1991,2446000
bel,1992,2893000
bel,1993,3464000
bel,1994,3808000
bel,1995,3504000
bel,1996,3402000
bel,1997,3451000
bel,1998,3075000
bel,1999,3133000
bel,2000,2531000
bel,2001,3332000
bel,2002,4668000
bel,2003,4615000
bel,2004,4221000
bel,2005,3951000
bel,2006,3783000
bel,2007,3845000
bel,2008,3731000
bel,2009,3588000
bel,2010,3996000
bel,2011,3676000
ben,1990,5853200
ben,1991,5925500
ben,1992,5972400
ben,1993,6040200
ben,1994,6092900
ben,1995,6127700
ben,1996,6163500
ben,1997,6208900
ben,1998,6208300
ben,1999,6227600
ben,2000,6242300
ben,2001,6294400
ben,2002,6353000
ben,2003,6383100
ben,2004,6414900
ben,2005,6448200
ben,2006,6612600
ben,2007,6568000
ben,2008,6611200
ben,2009,6655500
ben,2010,6701500
ben,2011,6701500
bfa,1990,9641400
bfa,1991,9767350
bfa,1992,10046590
bfa,1993,10341320
bfa,1994,10636190
bfa,1995,10819320
bfa,1996,10964460
bfa,1997,11124820
bfa,1998,11282460
bfa,1999,7820000
bfa,2000,8057043
bfa,2001,8306680
bfa,2002,8565505
bfa,2003,8833913
bfa,2004,9112333
bfa,2005,9401195
bfa,2006,9700963
bfa,2007,10018637
bfa,2008,10355465
bfa,2009,10702456
bfa,2010,11058294
bfa,2011,11422134
bgd,1990,28383090
bgd,1991,28581810
bgd,1992,28568600
bgd,1993,28634150
bgd,1994,28586670
bgd,1995,28519260
bgd,1996,28508240
bgd,1997,28476070
bgd,1998,28468000
bgd,1999,28465850
bgd,2000,28458890
bgd,2001,28386730
bgd,2002,28017750
bgd,2003,28009950
bgd,2004,27976290
bgd,2005,27943780
bgd,2006,27866200
bgd,2007,27790000
bgd,2008,27714960
bgd,2009,27641260
bgd,2010,27568830
bgd,2011,27568830
bgr,1990,4089000
bgr,1991,3650000
bgr,1992,3545000
bgr,1993,3547000
bgr,1994,2685000
bgr,1995,2844000
bgr,1996,3205000
bgr,1997,3041000
bgr,1998,3231000
bgr,1999,4351000
bgr,2000,4784000
bgr,2001,3992000
bgr,2002,4832000
bgr,2003,5388000
bgr,2004,5987000
bgr,2005,5862000
bgr,2006,5992000
bgr,2007,5696000
bgr,2008,6071000
bgr,2009,4599000
bgr,2010,5668000
bgr,2011,6205000
bhr,1990,4290
bhr,1991,4410
bhr,1992,4500
bhr,1993,4600
bhr,1994,3280
bhr,1995,3420
bhr,1996,4980
bhr,1997,5100
bhr,1998,5270
bhr,1999,5430
bhr,2000,5590
bhr,2001,5700
bhr,2002,5810
bhr,2003,5930
bhr,2004,6050
bhr,2005,6160
bhr,2006,6250
bhr,2007,6330
bhr,2008,6420
bhr,2009,6510
bhr,2010,6600
bhr,2011,6680
bhs,1990,143820
bhs,1991,144240
bhs,1992,144590
bhs,1993,146480
bhs,1994,146830
bhs,1995,147100
bhs,1996,147230
bhs,1997,147180
bhs,1998,47620
bhs,1999,47870
bhs,2000,48130
bhs,2001,48340
bhs,2002,48570
bhs,2003,48790
bhs,2004,49030
bhs,2005,49270
bhs,2006,49420
bhs,2007,49570
bhs,2008,49730
bhs,2009,49900
bhs,2010,49900
bhs,2011,50190
bih,1992,40000
bih,1993,40000
bih,1994,40000
bih,1995,40000
bih,1996,40000
bih,1997,4000000
bih,1998,4130000
bih,1999,4130000
bih,2000,4282000
bih,2001,3818000
bih,2002,4224000
bih,2003,4097900
bih,2004,3993000
bih,2005,3806000
bih,2006,4105000
bih,2007,3752000
bih,2008,4011000
bih,2009,3428500
bih,2010,3615000
bih,2011,3851000
blr,1992,11396000
blr,1993,10031000
blr,1994,10015000
blr,1995,10015000
blr,1996,15707000
blr,1997,17585000
blr,1998,5902000
blr,1999,6561100
blr,2000,6135800
blr,2001,6485000
blr,2002,6947000
blr,2003,7542300
blr,2004,8622000
blr,2005,8696000
blr,2006,8756100
blr,2007,8756100
blr,2008,8756100
blr,2009,8811800
blr,2010,10364200
blr,2011,10364200
blz,1990,187600
blz,1991,187600
blz,1992,187600
blz,1993,187600
blz,1994,187600
blz,1995,187600
blz,1996,187600
blz,1997,187600
blz,1998,187600
blz,1999,187600
blz,2000,187600
blz,2001,187600
blz,2002,187600
blz,2003,187600
blz,2004,187600
blz,2005,187600
blz,2006,155000
blz,2007,167000
blz,2008,167000
blz,2009,167000
blz,2010,167000
blz,2011,167000
bol,1990,2292879
bol,1991,2397026
bol,1992,2557183
bol,1993,2729924
bol,1994,2878480
bol,1995,2871586
bol,1996,2937676
bol,1997,2958439
bol,1998,2906465
bol,1999,2618050
bol,2000,2609914
bol,2001,2721520
bol,2002,2727753
bol,2003,2855626
bol,2004,2958150
bol,2005,3061337
bol,2006,3179860
bol,2007,3198800
bol,2008,3218800
bol,2009,3242150
bol,2010,3262841
bol,2011,3280861
bra,1990,265945000
bra,1991,218288000
bra,1992,223652000
bra,1993,232230000
bra,1994,241900000
bra,1995,235477000
bra,1996,228929000
bra,1997,183923000
bra,1998,185255000
bra,1999,175831000
bra,2000,182765000
bra,2001,169528000
bra,2002,190398000
bra,2003,201001000
bra,2004,189159000
bra,2005,265945000
bra,2006,218288000
bra,2007,223652000
bra,2008,232230000
bra,2009,241900000
bra,2010,235477000
bra,2011,228929000
brb,1990,5660
brb,1991,5690
brb,1992,6760
brb,1993,10740
brb,1994,10700
brb,1995,10700
brb,1996,10220
brb,1997,9910
brb,1998,9840
brb,1999,9580
brb,2000,10420
brb,2001,10380
brb,2002,10330
brb,2003,10290
brb,2004,10250
brb,2005,11200
brb,2006,11160
brb,2007,11120
brb,2008,11080
brb,2009,11040
brb,2010,11000
brb,2011,10970
btn,1990,3903812
btn,1991,3930528
btn,1992,3953821
btn,1993,3935704
btn,1994,3939139
btn,1995,3933601
btn,1996,3964649
btn,1997,4016899
btn,1998,4110712
btn,1999,4281468
btn,2000,4354796
btn,2001,4417723
btn,2002,4480414
btn,2003,4545689
btn,2004,4611867
btn,2005,4679168
btn,2006,4737049
btn,2007,4963900
btn,2008,4980000
btn,2009,4967000
btn,2010,5035000
btn,2011,5025103
bwa,1990,687130
bwa,1991,689130
bwa,1992,691830
bwa,1993,704870
bwa,1994,712330
bwa,1995,720600
bwa,1996,726470
bwa,1997,731900
bwa,1998,730900
bwa,1999,735890
bwa,2000,740450
bwa,2001,744810
bwa,2002,749520
bwa,2003,754570
bwa,2004,759980
bwa,2005,765750
bwa,2006,770030
bwa,2007,774000
bwa,2008,778900
bwa,2009,783560
bwa,2010,788300
bwa,2011,791400
caf,1990,3480000
caf,1991,3434000
caf,1992,3734000
caf,1993,3691000
caf,1994,3578000
caf,1995,3611000
caf,1996,3202000
caf,1997,3445000
caf,1998,3518000
caf,1999,2861000
caf,2000,2955000
caf,2001,2998000
caf,2002,2919000
caf,2003,2783000
caf,2004,2832000
caf,2005,2933000
caf,2006,2846000
caf,2007,2841000
caf,2008,2841000
caf,2009,2657000
caf,2010,2632000
caf,2011,2732000
can,1990,162567000
can,1991,160880000
can,1992,170131000
can,1993,175999000
can,1994,183261000
can,1995,188497000
can,1996,183375000
can,1997,188750000
can,1998,176957000
can,1999,198258000
can,2000,201843000
can,2001,185854000
can,2002,196128000
can,2003,181054000
can,2004,207919000
can,2005,203325000
can,2006,184008000
can,2007,164599000
can,2008,139252000
can,2009,116809000
can,2010,141937000
can,2011,149855000
che,1990,6332000
che,1991,4607000
che,1992,4553000
che,1993,4407000
che,1994,4679000
che,1995,4749000
che,1996,4064000
che,1997,4486000
che,1998,4276000
che,1999,4736000
che,2000,9238000
che,2001,5662000
che,2002,4557000
che,2003,5120000
che,2004,5132000
che,2005,5284600
che,2006,5701500
che,2007,5520000
che,2008,4950400
che,2009,4701800
che,2010,4938000
che,2011,4861000
chl,1990,22085000
chl,1991,24508800
chl,1992,28373000
chl,1993,29855000
chl,1994,31053000
chl,1995,34580010
chl,1996,29831000
chl,1997,29977000
chl,1998,31729000
chl,1999,33973000
chl,2000,36568000
chl,2001,37790000
chl,2002,37817140
chl,2003,37001370
chl,2004,42587710
chl,2005,45642000
chl,2006,46705000
chl,2007,52633000
chl,2008,54833000
chl,2009,51023000
chl,2010,47215000
chl,2011,55148000
chn,1990,51085300
chn,1991,52892800
chn,1992,56268900
chn,1993,58603900
chn,1994,60133900
chn,1995,62469900
chn,1996,60730900
chn,1997,59354400
chn,1998,55557400
chn,1999,48486900
chn,2000,43957200
chn,2001,41970300
chn,2002,41272100
chn,2003,43198600
chn,2004,47120900
chn,2005,50228700
chn,2006,61116800
chn,2007,64920500
chn,2008,73573200
chn,2009,64762700
chn,2010,75132100
chn,2011,74496400
civ,1990,11125400
civ,1991,10835400
civ,1992,10915100
civ,1993,11208000
civ,1994,11922500
civ,1995,11931300
civ,1996,11692000
civ,1997,11629300
civ,1998,11762400
civ,1999,11707500
civ,2000,11945000
civ,2001,11167100
civ,2002,10665000
civ,2003,10171400
civ,2004,10333100
civ,2005,10047000
civ,2006,10148400
civ,2007,10254400
civ,2008,10303900
civ,2009,10357700
civ,2010,10415800
civ,2011,10415800
cmr,1990,10783700
cmr,1991,10971500
cmr,1992,11014600
cmr,1993,11317800
cmr,1994,11935400
cmr,1995,12310400
cmr,1996,12551500
cmr,1997,12169800
cmr,1998,11064500
cmr,1999,10865400
cmr,2000,11005300
cmr,2001,10452700
cmr,2002,10555700
cmr,2003,10980400
cmr,2004,11206800
cmr,2005,11285000
cmr,2006,12211800
cmr,2007,12272000
cmr,2008,12348500
cmr,2009,11993300
cmr,2010,12081000
cmr,2011,12081000
cod,1990,47236500
cod,1991,49756900
cod,1992,52936200
cod,1993,57010500
cod,1994,60055000
cod,1995,62127500
cod,1996,63688400
cod,1997,64877800
cod,1998,66049700
cod,1999,67152700
cod,2000,68466800
cod,2001,69712700
cod,2002,71024300
cod,2003,72383300
cod,2004,73887400
cod,2005,75274400
cod,2006,76498000
cod,2007,77800800
cod,2008,78907300
cod,2009,80038100
cod,2010,81194000
cod,2011,81184000
cog,1990,2571745
cog,1991,2151001
cog,1992,2317973
cog,1993,2347587
cog,1994,2355498
cog,1995,2539969
cog,1996,2248308
cog,1997,2745331
cog,1998,2667167
cog,1999,2389532
cog,2000,2515140
cog,2001,2795297
cog,2002,3095715
cog,2003,3283401
cog,2004,3456000
cog,2005,3550000
cog,2006,3586790
cog,2007,3706300
cog,2008,3726100
cog,2009,3308291
cog,2010,3380790
cog,2011,3551017
cok,1990,0
cok,1991,0
cok,1992,0
cok,1993,5000
cok,1994,3000
cok,1995,3000
cok,1996,3000
cok,1997,3000
cok,1998,2000
cok,1999,1000
cok,2000,1000
cok,2001,1000
cok,2002,1000
cok,2003,1000
cok,2004,1000
cok,2005,1000
cok,2006,1000
cok,2007,1000
cok,2008,1000
cok,2009,1000
cok,2010,1000
cok,2011,1000
col,1990,10448600
col,1991,10496900
col,1992,9747400
col,1993,9627300
col,1994,9511600
col,1995,9500300
col,1996,9536400
col,1997,9569600
col,1998,10123500
col,1999,10590000
col,2000,13057000
col,2001,12501000
col,2002,11610000
col,2003,11992700
col,2004,10462200
col,2005,11927100
col,2006,10469700
col,2007,10439900
col,2008,11137000
col,2009,11216000
col,2010,11216000
col,2011,11216000
com,1990,145170
com,1991,150330
com,1992,156510
com,1993,162870
com,1994,169460
com,1995,193160
com,1996,202260
com,1997,207020
com,1998,212770
com,1999,219400
com,2000,225740
com,2001,231560
com,2002,237570
com,2003,243760
com,2004,250140
com,2005,256720
com,2006,263110
com,2007,269680
com,2008,276440
com,2009,283400
com,2010,290560
com,2011,297390
cpv,1990,99811
cpv,1991,103400
cpv,1992,108000
cpv,1993,112700
cpv,1994,117700
cpv,1995,122300
cpv,1996,127100
cpv,1997,132100
cpv,1998,136800
cpv,1999,141900
cpv,2000,147200
cpv,2001,151800
cpv,2002,156600
cpv,2003,161500
cpv,2004,166700
cpv,2005,171900
cpv,2006,176000
cpv,2007,180200
cpv,2008,184500
cpv,2009,188900
cpv,2010,193400
cpv,2011,196716
cri,1990,4533920
cri,1991,4484500
cri,1992,4601030
cri,1993,4616910
cri,1994,5092860
cri,1995,5151030
cri,1996,5177960
cri,1997,5175330
cri,1998,4601290
cri,1999,4377650
cri,2000,4473320
cri,2001,4669230
cri,2002,4452400
cri,2003,4413780
cri,2004,4519330
cri,2005,4703010
cri,2006,4799700
cri,2007,4995500
cri,2008,4873300
cri,2009,4681190
cri,2010,4703040
cri,2011,4703040
cub,1990,3198190
cub,1991,3298490
cub,1992,3405510
cub,1993,3539710
cub,1994,3555960
cub,1995,3557720
cub,1996,3518930
cub,1997,3517460
cub,1998,3491670
cub,1999,1593000
cub,2000,1819000
cub,2001,1696000
cub,2002,2778000
cub,2003,2636000
cub,2004,2513000
cub,2005,2579000
cub,2006,2579000
cub,2007,2174200
cub,2008,1912100
cub,2009,2361600
cub,2010,1860400
cub,2011,1860400
cyp,1990,62800
cyp,1991,53800
cyp,1992,45100
cyp,1993,53100
cyp,1994,46500
cyp,1995,48000
cyp,1996,45100
cyp,1997,41000
cyp,1998,35300
cyp,1999,36500
cyp,2000,20600
cyp,2001,18300
cyp,2002,15400
cyp,2003,12000
cyp,2004,10100
cyp,2005,9700
cyp,2006,7400
cyp,2007,19700
cyp,2008,19800
cyp,2009,9900
cyp,2010,9000
cyp,2011,8500
cze,1990,12828000
cze,1991,10878000
cze,1992,9870000
cze,1993,10141000
cze,1994,11972000
cze,1995,12640000
cze,1996,12646000
cze,1997,13491000
cze,1998,13991000
cze,1999,14203000
cze,2000,14441000
cze,2001,14374000
cze,2002,14541000
cze,2003,15140000
cze,2004,15601000
cze,2005,15510000
cze,2006,17678000
cze,2007,18508000
cze,2008,16187000
cze,2009,15502000
cze,2010,16736000
cze,2011,15381000
deu,1990,84707000
deu,1991,33618000
deu,1992,32954000
deu,1993,33152000
deu,1994,39813000
deu,1995,39343000
deu,1996,37014000
deu,1997,38207000
deu,1998,39052000
deu,1999,37634000
deu,2000,53710000
deu,2001,39483000
deu,2002,42380000
deu,2003,51182000
deu,2004,54504000
deu,2005,56946000
deu,2006,62290000
deu,2007,76728000
deu,2008,55367000
deu,2009,48073300
deu,2010,54418400
deu,2011,56141600
dji,1990,202760
dji,1991,212800
dji,1992,220700
dji,1993,230960
dji,1994,240030
dji,1995,249980
dji,1996,260480
dji,1997,270200
dji,1998,276810
dji,1999,281580
dji,2000,293340
dji,2001,299370
dji,2002,305520
dji,2003,311800
dji,2004,318210
dji,2005,324750
dji,2006,330760
dji,2007,336890
dji,2008,343130
dji,2009,349480
dji,2010,355950
dji,2011,361560
dma,1990,8600
dma,1991,8500
dma,1992,8500
dma,1993,8400
dma,1994,8300
dma,1995,8000
dma,1996,8000
dma,1997,8300
dma,1998,8200
dma,1999,8200
dma,2000,8100
dma,2001,8000
dma,2002,8000
dma,2003,7900
dma,2004,7900
dma,2005,7800
dma,2006,7800
dma,2007,7700
dma,2008,7600
dma,2009,7600
dma,2010,7500
dma,2011,7500
dnk,1990,1755000
dnk,1991,1664000
dnk,1992,1666000
dnk,1993,1546000
dnk,1994,1611000
dnk,1995,1675000
dnk,1996,1632000
dnk,1997,1580000
dnk,1998,1487000
dnk,1999,1492000
dnk,2000,3193000
dnk,2001,1559000
dnk,2002,1397000
dnk,2003,1572000
dnk,2004,1623000
dnk,2005,2576000
dnk,2006,2043000
dnk,2007,2217000
dnk,2008,2062000
dnk,2009,2091000
dnk,2010,2309000
dnk,2011,2231000
dom,2002,96340
dom,2003,53410
dom,2004,29120
dom,2005,21050
dom,2006,44890
dom,2007,62130
dom,2008,87810
dom,2009,29200
dom,2010,28990
dom,2011,6120
dza,1990,124000
dza,1991,172000
dza,1992,138700
dza,1993,239200
dza,1994,165900
dza,1995,193800
dza,1996,189900
dza,1997,202700
dza,1998,221700
dza,1999,201500
dza,2000,185500
dza,2001,129600
dza,2002,121100
dza,2003,164200
dza,2004,184400
dza,2005,140800
dza,2006,141100
dza,2007,152300
dza,2008,120900
dza,2009,139300
dza,2010,135300
dza,2011,118800
ecu,1990,7175900
ecu,1991,6790000
ecu,1992,6975000
ecu,1993,4704000
ecu,1994,9361000
ecu,1995,10673000
ecu,1996,11292000
ecu,1997,12103000
ecu,1998,12008300
ecu,1999,5878900
ecu,2000,5908800
ecu,2001,6234800
ecu,2002,6304200
ecu,2003,6319100
ecu,2004,6632400
ecu,2005,6648100
ecu,2006,5840400
ecu,2007,6082000
ecu,2008,6016000
ecu,2009,6855400
ecu,2010,7043400
ecu,2011,7056100
egy,1990,14101000
egy,1991,14403400
egy,1992,14747200
egy,1993,15080100
egy,1994,15355900
egy,1995,15538300
egy,1996,15824400
egy,1997,15973300
egy,1998,16123700
egy,1999,16292200
egy,2000,16449900
egy,2001,16600000
egy,2002,16751700
egy,2003,16905100
egy,2004,17060000
egy,2005,17216600
egy,2006,17326900
egy,2007,17438300
egy,2008,17551000
egy,2009,17664600
egy,2010,17779400
egy,2011,17779400
eri,1993,1728855
eri,1994,1794280
eri,1995,1851861
eri,1996,1919391
eri,1997,1995281
eri,1998,2075863
eri,1999,2159403
eri,2000,2246531
eri,2001,2285742
eri,2002,1266190
eri,2003,1266190
eri,2004,1266190
eri,2005,1265020
eri,2006,1265020
eri,2007,1265020
eri,2008,1265020
eri,2009,1265020
eri,2010,1265020
eri,2011,1265020
esp,1990,15590000
esp,1991,15188000
esp,1992,13924000
esp,1993,13767000
esp,1994,15305000
esp,1995,16075000
esp,1996,15631000
esp,1997,15631000
esp,1998,14874000
esp,1999,14810000
esp,2000,14321000
esp,2001,15131000
esp,2002,15839000
esp,2003,16105000
esp,2004,16290000
esp,2005,15531000
esp,2006,15716000
esp,2007,14528000
esp,2008,17027400
esp,2009,13980000
esp,2010,16089399
esp,2011,15427772
est,1990,2340800
est,1991,3496500
est,1992,2437400
est,1993,2773200
est,1994,4138700
est,1995,4555700
est,1996,5054600
est,1997,7386100
est,1998,8028800
est,1999,10395500
est,2000,10439200
est,2001,9804800
est,2002,9430900
est,2003,8136600
est,2004,5724800
est,2005,5200600
est,2006,4320300
est,2007,4276200
est,2008,4778900
est,2009,5325300
est,2010,6828900
est,2011,6622700
eth,1993,78482100
eth,1994,80769400
eth,1995,82527500
eth,1996,83650600
eth,1997,85504500
eth,1998,86531900
eth,1999,88239500
eth,2000,89930100
eth,2001,91282100
eth,2002,92661300
eth,2003,94533400
eth,2004,95957300
eth,2005,97408700
eth,2006,98631100
eth,2007,100059100
eth,2008,101417400
eth,2009,102805300
eth,2010,104209300
eth,2011,104209300
fin,1990,43230000
fin,1991,34863000
fin,1992,38482000
fin,1993,42244000
fin,1994,48745000
fin,1995,50219000
fin,1996,46597000
fin,1997,51329000
fin,1998,53660000
fin,1999,53637000
fin,2000,54261900
fin,2001,52210000
fin,2002,53388600
fin,2003,54240400
fin,2004,54398300
fin,2005,52250200
fin,2006,50811600
fin,2007,56612200
fin,2008,50670500
fin,2009,41653100
fin,2010,50951500
fin,2011,50766800
flk,1990,930
flk,1991,820
flk,1992,820
flk,1993,820
flk,1994,820
flk,1995,820
flk,1996,820
flk,1997,820
flk,1998,810
flk,1999,790
flk,2000,780
flk,2001,770
flk,2002,760
flk,2003,750
flk,2004,740
flk,2005,720
flk,2006,710
flk,2007,700
flk,2008,700
flk,2009,700
flk,2010,680
flk,2011,690
fra,1990,62600000
fra,1991,63000000
fra,1992,62800000
fra,1993,58900000
fra,1994,60100000
fra,1995,60400000
fra,1996,57400000
fra,1997,57800000
fra,1998,57400000
fra,1999,57000000
fra,2000,65600000
fra,2001,59400000
fra,2002,54400000
fra,2003,52300000
fra,2004,52600000
fra,2005,52200000
fra,2006,53000000
fra,2007,54300000
fra,2008,52400000
fra,2009,54500000
fra,2010,55700000
fra,2011,55200000
fro,1990,0
fro,1991,0
fro,1992,0
fro,1993,0
fro,1994,0
fro,1995,0
fro,1996,0
fro,1997,0
fro,1998,0
fro,1999,0
fro,2000,0
fro,2001,0
fro,2002,0
fro,2003,0
fro,2004,0
fro,2005,0
fro,2006,0
fro,2007,0
fro,2008,0
fro,2009,0
fro,2010,0
fro,2011,0
fsm,1990,0
fsm,1991,1740
fsm,1992,1780
fsm,1993,1570
fsm,1994,1610
fsm,1995,1650
fsm,1996,1710
fsm,1997,1830
fsm,1998,1830
fsm,1999,1860
fsm,2000,2100
fsm,2001,2130
fsm,2002,2160
fsm,2003,2200
fsm,2004,2230
fsm,2005,2260
fsm,2006,2300
fsm,2007,2330
fsm,2008,2370
fsm,2009,2410
fsm,2010,2440
fsm,2011,2480
gab,1990,2085000
gab,1991,1779400
gab,1992,1993500
gab,1993,2326400
gab,1994,2618700
gab,1995,2794700
gab,1996,2909800
gab,1997,3280300
gab,1998,3282100
gab,1999,2849200
gab,2000,3099400
gab,2001,3101700
gab,2002,2208200
gab,2003,4632000
gab,2004,4570000
gab,2005,4270000
gab,2006,4570000
gab,2007,4470000
gab,2008,4470000
gab,2009,4470000
gab,2010,4470000
gab,2011,4470000
gbr,1990,6350000
gbr,1991,6372000
gbr,1992,6408000
gbr,1993,6711000
gbr,1994,7921000
gbr,1995,8147000
gbr,1996,7495000
gbr,1997,7836000
gbr,1998,7595000
gbr,1999,7775000
gbr,2000,7791000
gbr,2001,7881000
gbr,2002,7789000
gbr,2003,8071000
gbr,2004,8326000
gbr,2005,8516000
gbr,2006,8423000
gbr,2007,9017000
gbr,2008,8416000
gbr,2009,8624000
gbr,2010,9718000
gbr,2011,10020000
geo,1990,343200
geo,1991,326600
geo,1992,230000
geo,1998,349700
geo,1999,379300
geo,2000,431500
geo,2001,343600
geo,2002,441100
geo,2003,449700
geo,2004,542900
geo,2005,760200
geo,2006,641164
geo,2007,838006
geo,2008,793100
geo,2009,697400
geo,2010,798800
geo,2011,595400
gha,1990,14310000
gha,1991,12379000
gha,1992,16300000
gha,1993,19932000
gha,1994,22542000
gha,1995,23519200
gha,1996,24340500
gha,1997,25235800
gha,1998,26087400
gha,1999,26883900
gha,2000,21488000
gha,2001,23686000
gha,2002,23783000
gha,2003,20092000
gha,2004,19045000
gha,2005,17420000
gha,2006,15885000
gha,2007,14368000
gha,2008,13759000
gha,2009,13373000
gha,2010,12966000
gha,2011,14159000
gib,1990,0
gib,1991,0
gib,1992,0
gib,1993,0
gib,1994,0
gib,1995,0
gib,1996,0
gib,1997,0
gib,1998,0
gib,1999,0
gib,2000,0
gib,2001,0
gib,2002,0
gib,2003,0
gib,2004,0
gib,2005,0
gib,2006,0
gib,2007,0
gib,2008,0
gib,2009,0
gib,2010,0
gib,2011,0
gin,1990,10425200
gin,1991,10865400
gin,1992,8207000
gin,1993,8319000
gin,1994,8555000
gin,1995,12602300
gin,1996,12677700
gin,1997,8651000
gin,1998,8650000
gin,1999,12226900
gin,2000,12095400
gin,2001,12140800
gin,2002,12187700
gin,2003,12236300
gin,2004,12286500
gin,2005,12338300
gin,2006,12389400
gin,2007,12442200
gin,2008,12496500
gin,2009,12552400
gin,2010,12610000
gin,2011,12610000
glp,1990,17000
glp,1991,20800
glp,1992,19900
glp,1993,15300
glp,1994,15300
glp,1995,15300
glp,1996,15300
glp,1997,15300
glp,1998,15300
glp,1999,15300
glp,2000,15300
glp,2001,15300
glp,2002,15300
glp,2003,15300
glp,2004,15300
glp,2005,15300
glp,2006,15300
glp,2007,15300
glp,2008,15300
glp,2009,15300
glp,2010,15300
glp,2011,15300
gmb,1990,520730
gmb,1991,549280
gmb,1992,594610
gmb,1993,621320
gmb,1994,602700
gmb,1995,607700
gmb,1996,607700
gmb,1997,612700
gmb,1998,612700
gmb,1999,617700
gmb,2000,715380
gmb,2001,723940
gmb,2002,732680
gmb,2003,741590
gmb,2004,750700
gmb,2005,760000
gmb,2006,769020
gmb,2007,778200
gmb,2008,787600
gmb,2009,797200
gmb,2010,806970
gmb,2011,816030
gnb,1990,1990200
gnb,1991,2019300
gnb,1992,2027600
gnb,1993,2044300
gnb,1994,2056300
gnb,1995,2089200
gnb,1996,2113100
gnb,1997,2142300
gnb,1998,2211400
gnb,1999,2288100
gnb,2000,2364000
gnb,2001,2403400
gnb,2002,2440000
gnb,2003,2474900
gnb,2004,2508700
gnb,2005,2544200
gnb,2006,2584500
gnb,2007,2625800
gnb,2008,2655000
gnb,2009,2693200
gnb,2010,2731900
gnb,2011,2731900
gnq,1990,634000
gnq,1991,589000
gnq,1992,613000
gnq,1993,638000
gnq,1994,714000
gnq,1995,811000
gnq,1996,918000
gnq,1997,1204000
gnq,1998,869000
gnq,1999,1223000
gnq,2000,1136000
gnq,2001,1083000
gnq,2002,1021000
gnq,2003,866000
gnq,2004,912000
gnq,2005,1081000
gnq,2006,1050000
gnq,2007,972000
gnq,2008,972000
gnq,2009,972000
gnq,2010,972000
gnq,2011,972000
grc,1990,2492000
grc,1991,2546000
grc,1992,2321000
grc,1993,2218000
grc,1994,2091000
grc,1995,1961000
grc,1996,2012000
grc,1997,1744000
grc,1998,1692000
grc,1999,2214000
grc,2000,2244900
grc,2001,1915500
grc,2002,1591300
grc,2003,1672900
grc,2004,1693700
grc,2005,1522900
grc,2006,1561800
grc,2007,1742900
grc,2008,1742900
grc,2009,1742900
grc,2010,1742900
grc,2011,1742900
grl,1990,0
grl,1991,0
grl,1992,0
grl,1993,0
grl,1994,0
grl,1995,0
grl,1996,0
grl,1997,0
grl,1998,0
grl,1999,0
grl,2000,0
grl,2001,0
grl,2002,0
grl,2003,0
grl,2004,0
grl,2005,0
grl,2006,0
grl,2007,0
grl,2008,0
grl,2009,0
grl,2010,0
grl,2011,0
gtm,1999,1201000
gtm,2000,813000
gtm,2001,1004000
gtm,2002,909000
gtm,2003,733000
gtm,2004,867000
gtm,2005,1195000
gtm,2006,1487000
gtm,2007,1314000
gtm,2008,1237000
gtm,2009,1420000
gtm,2010,1344000
gtm,2011,1675000
guf,1990,232700
guf,1991,234280
guf,1992,235420
guf,1993,109410
guf,1994,112840
guf,1995,115430
guf,1996,122820
guf,1997,124350
guf,1998,143050
guf,1999,143590
guf,2000,135990
guf,2001,146640
guf,2002,150000
guf,2003,165490
guf,2004,170330
guf,2005,172260
guf,2006,171340
guf,2007,175550
guf,2008,196500
guf,2009,215250
guf,2010,207670
guf,2011,207670
guy,1990,1065960
guy,1991,1060720
guy,1992,1071360
guy,1993,1168990
guy,1994,1309650
guy,1995,1374260
guy,1996,1357950
guy,1997,1458390
guy,1998,1288120
guy,1999,1334980
guy,2000,1168870
guy,2001,1188420
guy,2002,1165010
guy,2003,1210640
guy,2004,1332300
guy,2005,1360010
guy,2006,579360
guy,2007,606800
guy,2008,491740
guy,2009,501240
guy,2010,505570
guy,2011,554460
hnd,1990,9301900
hnd,1991,9280800
hnd,1992,9107600
hnd,1993,9130000
hnd,1994,9324900
hnd,1995,9108700
hnd,1996,9283500
hnd,1997,9352600
hnd,1998,9452900
hnd,1999,9550400
hnd,2000,9488400
hnd,2001,9552000
hnd,2002,9681300
hnd,2003,9504400
hnd,2004,9619200
hnd,2005,9632600
hnd,2006,9541100
hnd,2007,9463200
hnd,2008,9313800
hnd,2009,9119200
hnd,2010,9099600
hnd,2011,9099600
hos,1990,0
hos,1991,0
hos,1992,0
hos,1993,0
hos,1994,0
hos,1995,0
hos,1996,0
hos,1997,0
hos,1998,0
hos,1999,0
hos,2000,0
hos,2001,0
hos,2002,0
hos,2003,0
hos,2004,0
hos,2005,0
hos,2006,0
hos,2007,0
hos,2008,0
hos,2009,0
hos,2010,0
hos,2011,0
hti,1990,1867210
hti,1991,1901820
hti,1992,1980000
hti,1993,2014720
hti,1994,2080160
hti,1995,2145810
hti,1996,2162640
hti,1997,2183370
hti,1998,2184910
hti,1999,2193710
hti,2000,2202650
hti,2001,2209700
hti,2002,2216870
hti,2003,2224160
hti,2004,2231560
hti,2005,2239070
hti,2006,2247050
hti,2007,2255100
hti,2008,2263400
hti,2009,2271690
hti,2010,2280140
hti,2011,2289470
hun,1990,5503000
hun,1991,5307000
hun,1992,4968000
hun,1993,4085000
hun,1994,4202000
hun,1995,4215000
hun,1996,3692000
hun,1997,4316000
hun,1998,4188000
hun,1999,4757000
hun,2000,5419000
hun,2001,5344000
hun,2002,5403000
hun,2003,5274000
hun,2004,5175000
hun,2005,5370000
hun,2006,5320000
hun,2007,5117000
hun,2008,5384000
hun,2009,5244000
hun,2010,5741000
hun,2011,6232000
idn,2001,11432501
idn,2002,9004105
idn,2003,11423501
idn,2004,13548938
idn,2005,31965725
idn,2006,34092484
idn,2007,32197046
idn,2008,32000786
idn,2009,34320536
idn,2010,42114770
idn,2011,47429335
ind,1990,248224000
ind,1991,252103000
ind,1992,255981000
ind,1993,259860000
ind,1994,263738000
ind,1995,267617000
ind,1996,271496000
ind,1997,275374000
ind,1998,279253000
ind,1999,283131000
ind,2000,287010000
ind,2001,300442000
ind,2002,313875000
ind,2003,327307000
ind,2004,340739000
ind,2005,354172000
ind,2006,367604000
ind,2007,381036000
ind,2008,394469000
ind,2009,407901000
ind,2010,421333000
ind,2011,434766000
irl,1990,1625000
irl,1991,1670000
irl,1992,1960000
irl,1993,1821000
irl,1994,2018000
irl,1995,2204000
irl,1996,2291000
irl,1997,2180000
irl,1998,2266000
irl,1999,2584000
irl,2000,2673100
irl,2001,2455000
irl,2002,2646100
irl,2003,2683300
irl,2004,2562000
irl,2005,2648000
irl,2006,2671000
irl,2007,2710000
irl,2008,2232000
irl,2009,2428800
irl,2010,2618000
irl,2011,2627000
irn,1990,1217000
irn,1991,1495000
irn,1992,1400000
irn,1993,1552000
irn,1994,1583000
irn,1995,1457000
irn,1996,1427000
irn,1997,1499000
irn,1998,1286000
irn,1999,1149000
irn,2000,1114000
irn,2001,1114000
irn,2002,710000
irn,2003,906000
irn,2004,820000
irn,2005,774000
irn,2006,794000
irn,2007,867000
irn,2008,886000
irn,2009,853000
irn,2010,750000
irn,2011,750000
irq,1990,89890
irq,1991,96370
irq,1992,96800
irq,1993,96840
irq,1994,97480
irq,1995,98220
irq,1996,99340
irq,1997,161000
irq,1998,177000
irq,1999,177000
irq,2000,177000
irq,2001,177000
irq,2002,177000
irq,2003,177000
irq,2004,177000
irq,2005,177000
irq,2006,177000
irq,2007,177000
irq,2008,177000
irq,2009,177000
irq,2010,177000
irq,2011,177000
isl,1996,350
isl,1997,273
isl,1998,268
isl,1999,269
isl,2000,284
isl,2001,249
isl,2002,399
isl,2003,539
isl,2004,467
isl,2005,836
isl,2006,769
isl,2007,558
isl,2008,1256
isl,2009,1329
isl,2010,3641
isl,2011,3345
isr,1990,113000
isr,1991,113000
isr,1992,113000
isr,1993,113000
isr,1994,113000
isr,1995,113000
isr,1996,105000
isr,1997,124000
isr,1998,113000
isr,1999,113000
isr,2000,81000
isr,2001,27000
isr,2002,27000
isr,2003,27000
isr,2004,27000
isr,2005,27000
isr,2006,27000
isr,2007,27000
isr,2008,27000
isr,2009,27000
isr,2010,27000
isr,2011,27000
ita,1990,7972000
ita,1991,8327000
ita,1992,8357000
ita,1993,8818000
ita,1994,9465000
ita,1995,9736000
ita,1996,9121000
ita,1997,9146000
ita,1998,9550000
ita,1999,11138000
ita,2000,9329000
ita,2001,8099000
ita,2002,7511000
ita,2003,8219000
ita,2004,8697400
ita,2005,8690900
ita,2006,8618300
ita,2007,8125000
ita,2008,8667000
ita,2009,8080300
ita,2010,7843800
ita,2011,7744500
jam,1990,1055000
jam,1991,917000
jam,1992,695500
jam,1993,630400
jam,1994,675000
jam,1995,577100
jam,1996,770010
jam,1997,803520
jam,1998,828590
jam,1999,855820
jam,2000,882110
jam,2001,874830
jam,2002,867630
jam,2003,860520
jam,2004,853500
jam,2005,842160
jam,2006,838490
jam,2007,833800
jam,2008,830200
jam,2009,826630
jam,2010,700050
jam,2011,693020
jor,1990,137680
jor,1991,145540
jor,1992,148420
jor,1993,155600
jor,1994,162130
jor,1995,169050
jor,1996,177030
jor,1997,147760
jor,1998,208950
jor,1999,217370
jor,2000,226140
jor,2001,233540
jor,2002,241200
jor,2003,249120
jor,2004,257300
jor,2005,265770
jor,2006,273440
jor,2007,281300
jor,2008,289500
jor,2009,297840
jor,2010,306470
jor,2011,314070
jpn,1990,29734000
jpn,1991,28362000
jpn,1992,27537000
jpn,1993,25950000
jpn,1994,24813000
jpn,1995,23248000
jpn,1996,22803000
jpn,1997,21851000
jpn,1998,19597000
jpn,1999,19072000
jpn,2000,18255000
jpn,2001,16972000
jpn,2002,16267000
jpn,2003,16336000
jpn,2004,16724000
jpn,2005,17335000
jpn,2006,17765000
jpn,2007,18771000
jpn,2008,18877000
jpn,2009,17732000
jpn,2010,18391000
jpn,2011,19572000
ken,1990,18535610
ken,1991,19022700
ken,1992,19557660
ken,1993,20050620
ken,1994,20416480
ken,1995,20753380
ken,1996,21032530
ken,1997,21334050
ken,1998,21342780
ken,1999,21497850
ken,2000,21635250
ken,2001,21697900
ken,2002,21843530
ken,2003,21942350
ken,2004,22161620
ken,2005,26714000
ken,2006,27646000
ken,2007,27646000
ken,2008,27646000
ken,2009,27646000
ken,2010,27646000
ken,2011,27646000
khm,1990,11795200
khm,1991,11916500
khm,1992,11842800
khm,1993,11756800
khm,1994,12056600
khm,1995,12026600
khm,1996,11863100
khm,1997,11807700
khm,1998,11560500
khm,1999,11236600
khm,2000,10298400
khm,2001,10047300
khm,2002,9862300
khm,2003,9683000
khm,2004,9511100
khm,2005,9334100
khm,2006,9165600
khm,2007,9009000
khm,2008,8853400
khm,2009,8704000
khm,2010,8525200
khm,2011,8614300
kir,1990,2030
kir,1991,2060
kir,1992,2090
kir,1993,2120
kir,1994,2060
kir,1995,2080
kir,1996,2140
kir,1997,2160
kir,1998,2200
kir,1999,2240
kir,2000,2400
kir,2001,2450
kir,2002,2500
kir,2003,2550
kir,2004,2600
kir,2005,2650
kir,2006,2700
kir,2007,2760
kir,2008,2820
kir,2009,2880
kir,2010,2940
kir,2011,2990
kor,1990,1518000
kor,1991,1564000
kor,1992,1347000
kor,1993,1352000
kor,1994,1313000
kor,1995,1170000
kor,1996,1275000
kor,1997,1159000
kor,1998,1565000
kor,1999,1850000
kor,2000,1860000
kor,2001,1786000
kor,2002,1846000
kor,2003,2053000
kor,2004,2252000
kor,2005,2621000
kor,2006,2675000
kor,2007,2935000
kor,2008,2924000
kor,2009,3433000
kor,2010,3842000
kor,2011,4348000
kwt,1990,21130
kwt,1991,23950
kwt,1992,16650
kwt,1993,14060
kwt,1994,6240
kwt,1995,5550
kwt,1996,5540
kwt,1997,5810
kwt,1998,6720
kwt,1999,14160
kwt,2000,14900
kwt,2001,15260
kwt,2002,15640
kwt,2003,16030
kwt,2004,16420
kwt,2005,16830
kwt,2006,17130
kwt,2007,17440
kwt,2008,17760
kwt,2009,18080
kwt,2010,18410
kwt,2011,18680
lao,1990,6082030
lao,1991,6316100
lao,1992,6047820
lao,1993,6344510
lao,1994,6381050
lao,1995,6724390
lao,1996,6546590
lao,1997,6482930
lao,1998,6385600
lao,1999,6708780
lao,2000,6438960
lao,2001,6455010
lao,2002,6290730
lao,2003,6322140
lao,2004,6208510
lao,2005,6137470
lao,2006,6137020
lao,2007,6137200
lao,2008,6167560
lao,2009,6163670
lao,2010,6165700
lao,2011,6165700
lbn,1990,74160
lbn,1991,73960
lbn,1992,80280
lbn,1993,83000
lbn,1994,85190
lbn,1995,87180
lbn,1996,89070
lbn,1997,90460
lbn,1998,89960
lbn,1999,25230
lbn,2000,26220
lbn,2001,26210
lbn,2002,26200
lbn,2003,26190
lbn,2004,26180
lbn,2005,26170
lbn,2006,26050
lbn,2007,26050
lbn,2008,26050
lbn,2009,26050
lbn,2010,26020
lbn,2011,26020
lbr,1990,4580700
lbr,1991,4089800
lbr,1992,4153800
lbr,1993,3815500
lbr,1994,3361500
lbr,1995,2975800
lbr,1996,3115400
lbr,1997,3549800
lbr,1998,4057400
lbr,1999,4717800
lbr,2000,5839400
lbr,2001,6086900
lbr,2002,6677000
lbr,2003,6329800
lbr,2004,5905800
lbr,2005,6141400
lbr,2006,6393200
lbr,2007,6623400
lbr,2008,6922500
lbr,2009,7170700
lbr,2010,7488300
lbr,2011,7488300
lby,1990,681600
lby,1991,696300
lby,1992,743300
lby,1993,774500
lby,1994,806800
lby,1995,840500
lby,1996,873800
lby,1997,909300
lby,1998,909100
lby,1999,924600
lby,2000,939400
lby,2001,952100
lby,2002,965000
lby,2003,978100
lby,2004,991400
lby,2005,1004900
lby,2006,1017200
lby,2007,1029600
lby,2008,1042200
lby,2009,1055000
lby,2010,1067900
lby,2011,1067900
lca,1990,8980
lca,1991,9040
lca,1992,9070
lca,1993,8730
lca,1994,8850
lca,1995,8860
lca,1996,8970
lca,1997,9070
lca,1998,9080
lca,1999,9120
lca,2000,9420
lca,2001,9470
lca,2002,9520
lca,2003,9570
lca,2004,9620
lca,2005,9670
lca,2006,9700
lca,2007,9740
lca,2008,9780
lca,2009,9810
lca,2010,9850
lca,2011,9860
lie,1992,12000
lie,1993,11000
lie,1994,21000
lie,1995,18000
lie,1996,13000
lie,1997,13000
lie,1998,13000
lie,1999,7500
lie,2000,24200
lie,2001,22200
lie,2002,22200
lie,2003,22200
lie,2004,22200
lie,2005,22200
lie,2006,25000
lie,2007,25000
lie,2008,28300
lie,2009,25000
lie,2010,25000
lie,2011,26000
lka,1990,7007050
lka,1991,9862700
lka,1992,9657700
lka,1993,9895700
lka,1994,10248700
lka,1995,10412700
lka,1996,10401700
lka,1997,6759660
lka,1998,6635550
lka,1999,6591170
lka,2000,6582560
lka,2001,6533930
lka,2002,6468370
lka,2003,6403860
lka,2004,6340390
lka,2005,6277920
lka,2006,6277920
lka,2007,6125000
lka,2008,5968600
lka,2009,5894450
lka,2010,5822590
lka,2011,5822590
lso,1990,1262000
lso,1991,1329000
lso,1992,1366000
lso,1993,1402000
lso,1994,1440000
lso,1995,1478000
lso,1996,1517000
lso,1997,1556000
lso,1998,1594000
lso,1999,2004000
lso,2000,2022000
lso,2001,2028000
lso,2002,2034000
lso,2003,2040000
lso,2004,2046000
lso,2005,2052000
lso,2006,2060000
lso,2007,2068000
lso,2008,2076000
lso,2009,2083000
lso,2010,2091000
lso,2011,2099000
ltu,1992,3160000
ltu,1993,4508000
ltu,1994,3992000
ltu,1995,5960000
ltu,1996,5540000
ltu,1997,5149000
ltu,1998,4879000
ltu,1999,4924000
ltu,2000,5500000
ltu,2001,5700000
ltu,2002,6115000
ltu,2003,6275000
ltu,2004,6120000
ltu,2005,6045000
ltu,2006,5870000
ltu,2007,6195000
ltu,2008,5594400
ltu,2009,5459500
ltu,2010,7096900
ltu,2011,8052600
lux,2000,259700
lux,2001,269549
lux,2002,257044
lux,2003,257300
lux,2004,276610
lux,2005,248946
lux,2006,267866
lux,2007,290822
lux,2008,352818
lux,2009,273787
lux,2010,274946
lux,2011,261432
lva,1992,2471000
lva,1993,4931000
lva,1994,5700000
lva,1995,6900000
lva,1996,8080000
lva,1997,8697000
lva,1998,10030000
lva,1999,14008000
lva,2000,14304000
lva,2001,12841000
lva,2002,13465900
lva,2003,12915810
lva,2004,12754000
lva,2005,12842600
lva,2006,12844600
lva,2007,12172900
lva,2008,8805750
lva,2009,10442310
lva,2010,12533820
lva,2011,12833490
mar,1990,7135500
mar,1991,7671100
mar,1992,7612800
mar,1993,7333700
mar,1994,1604600
mar,1995,1499600
mar,1996,1461000
mar,1997,765000
mar,1998,1746000
mar,1999,1123000
mar,2000,1056000
mar,2001,981000
mar,2002,926000
mar,2003,885000
mar,2004,861000
mar,2005,957000
mar,2006,944000
mar,2007,1040000
mar,2008,1269000
mar,2009,960000
mar,2010,832000
mar,2011,761700
mda,1995,397300
mda,1996,360300
mda,1997,385400
mda,1998,330900
mda,1999,327000
mda,2000,321300
mda,2001,307800
mda,2002,344700
mda,2003,375200
mda,2004,355300
mda,2005,341200
mda,2006,379100
mda,2007,351800
mda,2008,351800
mda,2009,351800
mda,2010,351800
mda,2011,351800
mdg,1990,8186000
mdg,1991,8543000
mdg,1992,8916000
mdg,1993,9114000
mdg,1994,9311200
mdg,1995,9754500
mdg,1996,10141000
mdg,1997,9209600
mdg,1998,9224400
mdg,1999,9505100
mdg,2000,9763500
mdg,2001,10045500
mdg,2002,10328000
mdg,2003,10693500
mdg,2004,10953000
mdg,2005,11237800
mdg,2006,13315900
mdg,2007,13344500
mdg,2008,13377300
mdg,2009,13345000
mdg,2010,13380900
mdg,2011,13380900
mex,1990,8157204
mex,1991,7688515
mex,1992,7682061
mex,1993,6349356
mex,1994,6406750
mex,1995,6302417
mex,1996,6843786
mex,1997,7711809
mex,1998,8330982
mex,1999,8496726
mex,2000,9429800
mex,2001,8124571
mex,2002,6664720
mex,2003,6996772
mex,2004,6718508
mex,2005,6423890
mex,2006,6481160
mex,2007,6988460
mex,2008,6304940
mex,2009,5808950
mex,2010,5627080
mex,2011,5501080
mli,1990,4298930
mli,1991,4439680
mli,1992,4495090
mli,1993,4638960
mli,1994,4752370
mli,1995,4808850
mli,1996,4906200
mli,1997,4974480
mli,1998,5015110
mli,1999,5083720
mli,2000,5143490
mli,2001,5200430
mli,2002,5258480
mli,2003,5317670
mli,2004,5378030
mli,2005,5439580
mli,2006,5497180
mli,2007,5555900
mli,2008,5615800
mli,2009,5676920
mli,2010,5739250
mli,2011,5797780
mlt,1990,0
mlt,1991,0
mlt,1992,0
mlt,1993,0
mlt,1994,0
mlt,1995,0
mlt,1996,0
mlt,1997,0
mlt,1998,0
mlt,1999,0
mlt,2000,0
mlt,2001,0
mlt,2002,0
mlt,2003,0
mlt,2004,0
mlt,2005,0
mlt,2006,0
mlt,2007,0
mlt,2008,0
mlt,2009,0
mlt,2010,0
mlt,2011,0
mmr,1990,35840
mmr,1991,35660
mmr,1992,35560
mmr,1993,35590
mmr,1994,35100
mmr,1995,34100
mmr,1996,34780
mmr,1997,34310
mmr,1998,35030
mmr,1999,36490
mmr,2000,37060
mmr,2001,38310
mmr,2002,38810
mmr,2003,39550
mmr,2004,41750
mmr,2005,42550
mmr,2006,42550
mmr,2007,42550
mmr,2008,42550
mmr,2009,42550
mmr,2010,42550
mmr,2011,42550
mne,2004,434000
mne,2005,473000
mne,2006,519000
mne,2007,450000
mne,2008,488000
mne,2009,366000
mne,2010,396000
mne,2011,446000
mng,1990,1500000
mng,1991,996000
mng,1992,957000
mng,1993,958000
mng,1994,873000
mng,1995,737000
mng,1996,737000
mng,1997,737000
mng,1998,737000
mng,1999,737000
mng,2000,644000
mng,2001,717000
mng,2002,744000
mng,2003,756000
mng,2004,769000
mng,2005,765000
mng,2006,796100
mng,2007,800000
mng,2008,804100
mng,2009,808200
mng,2010,812300
mng,2011,812300
moz,1999,223560
moz,2000,317860
moz,2001,452440
moz,2002,600760
moz,2003,450720
moz,2004,612090
moz,2005,467030
moz,2006,472970
moz,2007,528620
moz,2008,571290
moz,2009,679600
moz,2010,735030
moz,2011,691030
mrt,1990,1151410
mrt,1991,1176560
mrt,1992,1206280
mrt,1993,1226260
mrt,1994,1250410
mrt,1995,1272670
mrt,1996,1298050
mrt,1997,1322200
mrt,1998,1358750
mrt,1999,1392750
mrt,2000,1428070
mrt,2001,1464440
mrt,2002,1502040
mrt,2003,1540890
mrt,2004,1581040
mrt,2005,1622540
mrt,2006,1662900
mrt,2007,1704400
mrt,2008,1747100
mrt,2009,1791050
mrt,2010,1836250
mrt,2011,1877230
mtq,1990,11900
mtq,1991,11900
mtq,1992,12800
mtq,1993,11800
mtq,1994,12000
mtq,1995,12000
mtq,1996,12000
mtq,1997,12000
mtq,1998,12000
mtq,1999,12000
mtq,2000,12000
mtq,2001,14470
mtq,2002,14710
mtq,2003,12920
mtq,2004,13180
mtq,2005,13040
mtq,2006,12830
mtq,2007,12140
mtq,2008,12410
mtq,2009,12410
mtq,2010,12410
mtq,2011,12410
mus,1990,27100
mus,1991,17300
mus,1992,15700
mus,1993,24200
mus,1994,18300
mus,1995,12400
mus,1996,14800
mus,1997,14800
mus,1998,22000
mus,1999,25000
mus,2000,18000
mus,2001,17000
mus,2002,15000
mus,2003,14000
mus,2004,14000
mus,2005,12500
mus,2006,16700
mus,2007,15400
mus,2008,15400
mus,2009,15000
mus,2010,14000
mus,2011,11000
mwi,1990,6044443
mwi,1991,6002063
mwi,1992,6132139
mwi,1993,5918708
mwi,1994,6031330
mwi,1995,6296283
mwi,1996,6201751
mwi,1997,6227059
mwi,1998,6281301
mwi,1999,6321718
mwi,2000,6364075
mwi,2001,6395659
mwi,2002,6429117
mwi,2003,6464449
mwi,2004,6501655
mwi,2005,6540741
mwi,2006,6589348
mwi,2007,6640100
mwi,2008,6693000
mwi,2009,6748068
mwi,2010,6805340
mwi,2011,6865603
mys,1990,45269700
mys,1991,45311700
mys,1992,48890500
mys,1993,41768900
mys,1994,40114200
mys,1995,39349100
mys,1996,35069200
mys,1997,35996400
mys,1998,26813600
mys,1999,26769900
mys,2000,27725700
mys,2001,23545500
mys,2002,22690800
mys,2003,26529400
mys,2004,28470300
mys,2005,28254300
mys,2006,26190600
mys,2007,27953200
mys,2008,25652700
mys,2009,22985200
mys,2010,22113500
mys,2011,20811000
myt,1990,36500
myt,1991,36500
myt,1992,36500
myt,1993,36500
myt,1994,36500
myt,1995,37040
myt,1996,37040
myt,1997,37040
myt,1998,36730
myt,1999,36690
myt,2000,29290
myt,2001,29060
myt,2002,29250
myt,2003,29030
myt,2004,29110
myt,2005,26680
myt,2006,26650
myt,2007,26650
myt,2008,26650
myt,2009,26650
myt,2010,26620
myt,2011,26650
nam,1990,678200
nam,1991,685700
nam,1992,692200
nam,1993,711700
nam,1994,720500
nam,1995,730800
nam,1996,746900
nam,1997,762600
nam,1998,761400
nam,1999,767700
nam,2000,774200
nam,2001,778300
nam,2002,782600
nam,2003,787000
nam,2004,791600
nam,2005,796300
nam,2006,801200
nam,2007,806200
nam,2008,811300
nam,2009,816600
nam,2010,822000
nam,2011,827100
ncl,1990,16989
ncl,1991,15491
ncl,1992,16059
ncl,1993,13684
ncl,1994,14652
ncl,1995,14774
ncl,1996,14903
ncl,1997,14947
ncl,1998,22705
ncl,1999,22864
ncl,2000,23026
ncl,2001,23154
ncl,2002,23284
ncl,2003,25806
ncl,2004,25941
ncl,2005,26077
ncl,2006,26185
ncl,2007,26295
ncl,2008,26406
ncl,2009,26518
ncl,2010,26518
ncl,2011,26762
ner,1990,5980500
ner,1991,6177000
ner,1992,6513500
ner,1993,6750900
ner,1994,6959700
ner,1995,7184700
ner,1996,7413200
ner,1997,7645400
ner,1998,7821200
ner,1999,8022300
ner,2000,8384400
ner,2001,3436000
ner,2002,3436000
ner,2003,3436000
ner,2004,3436000
ner,2005,3558000
ner,2006,3558000
ner,2007,3558000
ner,2008,3558000
ner,2009,3558000
ner,2010,3558000
ner,2011,3558000
nfk,1990,100
nfk,1991,100
nfk,1992,100
nfk,1993,100
nfk,1994,100
nfk,1995,100
nfk,1996,100
nfk,1997,100
nfk,1998,100
nfk,1999,100
nfk,2000,100
nfk,2001,100
nfk,2002,100
nfk,2003,100
nfk,2004,100
nfk,2005,100
nfk,2006,100
nfk,2007,100
nfk,2008,100
nfk,2009,100
nfk,2010,100
nfk,2011,100
nga,1990,59180000
nga,1991,59997000
nga,1992,61117300
nga,1993,62293600
nga,1994,63787100
nga,1995,65028900
nga,1996,66151500
nga,1997,67740100
nga,1998,67835800
nga,1999,68291700
nga,2000,68766700
nga,2001,69115600
nga,2002,69482300
nga,2003,69867200
nga,2004,70270400
nga,2005,70692300
nga,2006,71047300
nga,2007,71418000
nga,2008,71806600
nga,2009,72211200
nga,2010,72632700
nga,2011,72632700
nic,1990,5928677
nic,1991,5924608
nic,1992,5763848
nic,1993,5779015
nic,1994,5769512
nic,1995,5766319
nic,1996,5889972
nic,1997,5845073
nic,1998,5906797
nic,1999,5944523
nic,2000,5983725
nic,2001,5883653
nic,2002,5951356
nic,2003,5958840
nic,2004,5999111
nic,2005,6041178
nic,2006,6067682
nic,2007,6095800
nic,2008,6125500
nic,2009,6117718
nic,2010,6298562
nic,2011,6227872
niu,1990,40
niu,1991,40
niu,1992,40
niu,1993,40
niu,1994,40
niu,1995,40
niu,1996,40
niu,1997,40
niu,1998,40
niu,1999,40
niu,2000,40
niu,2001,40
niu,2002,40
niu,2003,40
niu,2004,40
niu,2005,40
niu,2006,40
niu,2007,40
niu,2008,50
niu,2009,50
niu,2010,50
niu,2011,50
nld,1990,1420000
nld,1991,1123000
nld,1992,1253000
nld,1993,1075000
nld,1994,1043000
nld,1995,1104000
nld,1996,952000
nld,1997,1109000
nld,1998,1023000
nld,1999,1044000
nld,2000,1039000
nld,2001,865000
nld,2002,839000
nld,2003,1044000
nld,2004,1026000
nld,2005,1110000
nld,2006,1107000
nld,2007,1022000
nld,2008,1117000
nld,2009,1016000
nld,2010,1081000
nld,2011,982000
nor,1990,11747000
nor,1991,10666000
nor,1992,10112000
nor,1993,10278000
nor,1994,9294000
nor,1995,10119000
nor,1996,8988000
nor,1997,9322000
nor,1998,8950000
nor,1999,9202000
nor,2000,8934000
nor,2001,9174000
nor,2002,8830000
nor,2003,8477000
nor,2004,8960000
nor,2005,9845000
nor,2006,9590000
nor,2007,10478000
nor,2008,10361000
nor,2009,8991000
nor,2010,10891000
nor,2011,10703000
npl,1990,12966900
npl,1991,12966400
npl,1992,13011300
npl,1993,13102300
npl,1994,13033900
npl,1995,13101400
npl,1996,13119500
npl,1997,13191000
npl,1998,13853500
npl,1999,13938500
npl,2000,14022700
npl,2001,14004200
npl,2002,13987900
npl,2003,13973800
npl,2004,13961800
npl,2005,13951800
npl,2006,13914300
npl,2007,13879000
npl,2008,13845800
npl,2009,13814700
npl,2010,13785700
npl,2011,13723550
nzl,1990,13127000
nzl,1991,13820000
nzl,1992,14253000
nzl,1993,14907000
nzl,1994,15948000
nzl,1995,16594000
nzl,1996,16322000
nzl,1997,16921000
nzl,1998,15302000
nzl,1999,17750000
nzl,2000,19279000
nzl,2001,20671000
nzl,2002,22098500
nzl,2003,21252400
nzl,2004,19810100
nzl,2005,19025700
nzl,2006,19362700
nzl,2007,20319600
nzl,2008,19398800
nzl,2009,20749200
nzl,2010,24406500
nzl,2011,26050100
omn,1990,14760
omn,1991,15490
omn,1992,16160
omn,1993,17580
omn,1994,18790
omn,1995,20530
omn,1996,21820
omn,1997,22960
omn,1998,23970
omn,1999,25080
omn,2000,26470
omn,2001,27590
omn,2002,28760
omn,2003,29980
omn,2004,31250
omn,2005,32580
omn,2006,33770
omn,2007,35000
omn,2008,36280
omn,2009,37600
omn,2010,38980
omn,2011,40180
pak,1990,23661000
pak,1991,23791000
pak,1992,24215000
pak,1993,24188000
pak,1994,24277000
pak,1995,24218000
pak,1996,28982000
pak,1997,30860000
pak,1998,31844000
pak,1999,33055000
pak,2000,33560000
pak,2001,34194000
pak,2002,34194000
pak,2003,34194000
pak,2004,28680000
pak,2005,29320000
pak,2006,29370000
pak,2007,32481000
pak,2008,32650000
pak,2009,32650000
pak,2010,32650000
pak,2011,32650000
pan,1990,1517000
pan,1991,1476100
pan,1992,1482600
pan,1993,1468900
pan,1994,1459300
pan,1995,1452700
pan,1996,1418300
pan,1997,1411900
pan,1998,1306200
pan,1999,1338200
pan,2000,1326700
pan,2001,1334800
pan,2002,1337400
pan,2003,1333500
pan,2004,1312100
pan,2005,1360200
pan,2006,1348800
pan,2007,1333900
pan,2008,1322500
pan,2009,1312585
pan,2010,1304086
pan,2011,1299826
per,1990,1073300
per,1991,922000
per,1992,954200
per,1993,1380200
per,1994,1518800
per,1995,1397000
per,1996,1402000
per,1997,1119000
per,1998,1829000
per,1999,1528000
per,2000,1511000
per,2001,1321000
per,2002,1434000
per,2003,1136000
per,2004,1621000
per,2005,1742000
per,2006,1804000
per,2007,1971200
per,2008,1782000
per,2009,1347000
per,2010,1352000
per,2011,1496000
phl,1990,20104940
phl,1991,18859080
phl,1992,18164090
phl,1993,17686740
phl,1994,17547960
phl,1995,17173280
phl,1996,16999070
phl,1997,16660310
phl,1998,16654140
phl,1999,16689800
phl,2000,16693710
phl,2001,16263700
phl,2002,16017080
phl,2003,15987500
phl,2004,16129590
phl,2005,16079030
phl,2006,16127030
phl,2007,15868000
phl,2008,16392700
phl,2009,16266720
phl,2010,15914940
phl,2011,16117440
png,1990,1785000
png,1991,1661000
png,1992,1350000
png,1993,2020000
png,1994,2761000
png,1995,2191000
png,1996,2651000
png,1997,3006000
png,1998,1617000
png,1999,1984000
png,2000,1993000
png,2001,1646000
png,2002,2227000
png,2003,2149000
png,2004,2777000
png,2005,2832000
png,2006,3633000
png,2007,3482000
png,2008,2756000
png,2009,2863000
png,2010,3756000
png,2011,3526000
pol,1990,20023000
pol,1991,19403000
pol,1992,23186000
pol,1993,22532000
pol,1994,22893000
pol,1995,23356000
pol,1996,22814000
pol,1997,24646000
pol,1998,25741000
pol,1999,26685000
pol,2000,28271000
pol,2001,27227000
pol,2002,29552000
pol,2003,31501000
pol,2004,33464000
pol,2005,32718000
pol,2006,33136000
pol,2007,36703000
pol,2008,35126000
pol,2009,35561000
pol,2010,36550000
pol,2011,38333000
prk,1990,4962900
prk,1991,5082900
prk,1992,5232900
prk,1993,5355500
prk,1994,5455300
prk,1995,5587500
prk,1996,6145100
prk,1997,6506300
prk,1998,6856400
prk,1999,6929300
prk,2000,7002900
prk,2001,7061000
prk,2002,7119500
prk,2003,7178400
prk,2004,7237500
prk,2005,7297000
prk,2006,7335000
prk,2007,7373000
prk,2008,7410900
prk,2009,7448900
prk,2010,7486700
prk,2011,7526762
prt,1990,11205000
prt,1991,10809000
prt,1992,10278000
prt,1993,10207000
prt,1994,9819000
prt,1995,9350000
prt,1996,8978000
prt,1997,8978000
prt,1998,8548000
prt,1999,8978000
prt,2000,10831000
prt,2001,8946000
prt,2002,8742000
prt,2003,9673000
prt,2004,10869000
prt,2005,10746200
prt,2006,10804600
prt,2007,10822900
prt,2008,10168700
prt,2009,9564100
prt,2010,9648400
prt,2011,9139800
pry,1990,8340840
pry,1991,8550350
pry,1992,8632960
pry,1993,8845670
pry,1994,9042330
pry,1995,9267670
pry,1996,9273090
pry,1997,9440780
pry,1998,9453860
pry,1999,9551820
pry,2000,9594920
pry,2001,9690200
pry,2002,9787380
pry,2003,9886500
pry,2004,9987630
pry,2005,10090790
pry,2006,10192640
pry,2007,10296400
pry,2008,10402200
pry,2009,10510000
pry,2010,10619870
pry,2011,10619870
pyf,1990,3330
pyf,1991,3400
pyf,1992,3460
pyf,1993,3510
pyf,1994,3580
pyf,1995,3630
pyf,1996,3800
pyf,1997,3900
pyf,1998,3930
pyf,1999,3970
pyf,2000,4010
pyf,2001,4060
pyf,2002,4100
pyf,2003,4140
pyf,2004,4190
pyf,2005,5230
pyf,2006,5270
pyf,2007,5310
pyf,2008,5340
pyf,2009,5380
pyf,2010,5420
pyf,2011,5450
qat,1990,2670
qat,1991,2870
qat,1992,3800
qat,1993,3930
qat,1994,2630
qat,1995,2780
qat,1996,2770
qat,1997,2750
qat,1998,4280
qat,1999,4370
qat,2000,4490
qat,2001,4540
qat,2002,4600
qat,2003,4650
qat,2004,4710
qat,2005,4760
qat,2006,4810
qat,2007,4850
qat,2008,4890
qat,2009,4930
qat,2010,4980
qat,2011,5010
reu,1990,36900
reu,1991,36100
reu,1992,36100
reu,1993,36100
reu,1994,36100
reu,1995,36100
reu,1996,36100
reu,1997,36100
reu,1998,36100
reu,1999,36100
reu,2000,36100
reu,2001,36100
reu,2002,36100
reu,2003,36100
reu,2004,36100
reu,2005,36100
reu,2006,36100
reu,2007,36100
reu,2008,36100
reu,2009,36100
reu,2010,36100
reu,2011,36100
rou,1990,12608000
rou,1991,12961000
rou,1992,12440000
rou,1993,8840000
rou,1994,11925000
rou,1995,12178000
rou,1996,12250000
rou,1997,13529000
rou,1998,11649000
rou,1999,12703500
rou,2000,13148200
rou,2001,12424000
rou,2002,15154000
rou,2003,15440000
rou,2004,15809000
rou,2005,14501000
rou,2006,13970000
rou,2007,15341000
rou,2008,13667000
rou,2009,12556500
rou,2010,13111600
rou,2011,14358600
rus,1990,325293000
rus,1991,355400000
rus,1992,227900000
rus,1993,174630000
rus,1994,111800000
rus,1995,116210000
rus,1996,96814000
rus,1997,134664000
rus,1998,124790000
rus,1999,143600000
rus,2000,158100000
rus,2001,164700000
rus,2002,165000000
rus,2003,174000000
rus,2004,178400000
rus,2005,185000000
rus,2006,190600000
rus,2007,207000000
rus,2008,181400000
rus,2009,151400000
rus,2010,175000000
rus,2011,197000000
rwa,1990,6388000
rwa,1991,6388000
rwa,1992,6428000
rwa,1993,6428000
rwa,1994,6479000
rwa,1995,5377000
rwa,1996,5798000
rwa,1997,7415000
rwa,1998,7526000
rwa,1999,7836000
rwa,2000,5400000
rwa,2001,5495000
rwa,2002,5495000
rwa,2003,5495000
rwa,2004,5495000
rwa,2005,5495000
rwa,2006,5495000
rwa,2007,5495000
rwa,2008,6211000
rwa,2009,6211930
rwa,2010,6211930
rwa,2011,6211930
sau,1990,118960
sau,1991,122050
sau,1992,127940
sau,1993,133530
sau,1994,137960
sau,1995,143470
sau,1996,147130
sau,1997,154820
sau,1998,159210
sau,1999,169410
sau,2000,178590
sau,2001,184940
sau,2002,191520
sau,2003,198330
sau,2004,205390
sau,2005,212690
sau,2006,219230
sau,2007,225960
sau,2008,232900
sau,2009,240050
sau,2010,247430
sau,2011,247430
sen,1990,455000
sen,1991,519000
sen,1992,149000
sen,1993,342000
sen,1994,393000
sen,1995,248000
sen,1996,284000
sen,1997,306000
sen,1998,151000
sen,1999,165000
sen,2000,259000
sen,2001,276000
sen,2002,203000
sen,2003,296000
sen,2004,317000
sen,2005,310000
sen,2006,247000
sen,2007,264000
sen,2008,238000
sen,2009,348000
sen,2010,333000
sen,2011,407000
sgp,2011,32250
slb,1990,580000
slb,1991,474000
slb,1992,778000
slb,1993,685000
slb,1994,766000
slb,1995,872000
slb,1996,1001000
slb,1997,818000
slb,1998,772000
slb,1999,790000
slb,2000,704000
slb,2001,692000
slb,2002,718000
slb,2003,882000
slb,2004,1211000
slb,2005,1286000
slb,2006,1241000
slb,2007,1600400
slb,2008,1678700
slb,2009,1202080
slb,2010,1586450
slb,2011,2096430
sle,1990,4826900
sle,1991,4713000
sle,1992,4679800
sle,1993,4606500
sle,1994,4525700
sle,1995,4734500
sle,1996,4724300
sle,1997,5076200
sle,1998,5203900
sle,1999,5338800
sle,2000,5481400
sle,2001,5487500
sle,2002,5497200
sle,2003,5510300
sle,2004,5526700
sle,2005,5546400
sle,2006,5571900
sle,2007,5600600
sle,2008,5632400
sle,2009,5667300
sle,2010,5705200
sle,2011,5705200
slv,1990,3743890
slv,1991,4683000
slv,1992,3826160
slv,1993,3868590
slv,1994,3910310
slv,1995,4724000
slv,1996,4330000
slv,1997,5185000
slv,1998,5129000
slv,1999,5170000
slv,2000,5200020
slv,2001,5200130
slv,2002,5200240
slv,2003,4829080
slv,2004,4854610
slv,2005,4880520
slv,2006,4886200
slv,2007,4892100
slv,2008,4898700
slv,2009,4904560
slv,2010,4907390
slv,2011,4898530
smr,1990,0
smr,1991,0
smr,1992,0
smr,1993,0
smr,1994,0
smr,1995,0
smr,1996,0
smr,1997,0
smr,1998,0
smr,1999,0
smr,2000,0
smr,2001,0
smr,2002,0
smr,2003,0
smr,2004,0
smr,2005,0
smr,2006,0
smr,2007,0
smr,2008,0
smr,2009,0
smr,2010,0
smr,2011,0
som,1990,6365330
som,1991,6578630
som,1992,7061110
som,1993,7201100
som,1994,7387650
som,1995,7636310
som,1996,7957140
som,1997,8345440
som,1998,8640680
som,1999,8984380
som,2000,9338020
som,2001,9778270
som,2002,10092520
som,2003,10682120
som,2004,10970450
som,2005,11308900
som,2006,11862680
som,2007,11871100
som,2008,12690600
som,2009,13203420
som,2010,13611110
som,2011,14066740
spm,1990,0
spm,1991,0
spm,1992,0
spm,1993,0
spm,1994,0
spm,1995,0
spm,1996,0
spm,1997,0
spm,1998,0
spm,1999,0
spm,2000,0
spm,2001,0
spm,2002,0
spm,2003,0
spm,2004,0
spm,2005,600
spm,2006,600
spm,2007,600
spm,2008,600
spm,2009,600
spm,2010,600
spm,2011,600
srb,1990,3657000
srb,1991,3565000
srb,1992,2774000
srb,1993,2492000
srb,1994,2514000
srb,1995,2852000
srb,1996,2911000
srb,1997,2607000
srb,1998,2521000
srb,1999,2704000
srb,2000,2947000
srb,2001,2194000
srb,2002,2745000
srb,2003,2593000
srb,2004,2718000
srb,2005,2485000
srb,2006,2876000
srb,2007,2981000
srb,2008,3186000
srb,2009,3137000
srb,2010,7636000
srb,2011,7904000
ssd,2011,4383000
stp,1990,88460
stp,1991,90480
stp,1992,92490
stp,1993,93620
stp,1994,95440
stp,1995,97430
stp,1996,98550
stp,1997,100700
stp,1998,106120
stp,1999,107610
stp,2000,109140
stp,2001,110370
stp,2002,111620
stp,2003,112890
stp,2004,114200
stp,2005,115520
stp,2006,116520
stp,2007,117520
stp,2008,118540
stp,2009,119580
stp,2010,120630
stp,2011,121510
sur,1990,116320
sur,1991,106990
sur,1992,122220
sur,1993,98190
sur,1994,100720
sur,1995,108780
sur,1996,213650
sur,1997,182790
sur,1998,145160
sur,1999,93920
sur,2000,176510
sur,2001,162610
sur,2002,154150
sur,2003,157910
sur,2004,160050
sur,2005,182550
sur,2006,193290
sur,2007,166550
sur,2008,197840
sur,2009,207380
sur,2010,247370
sur,2011,366300
svk,1990,5276000
svk,1991,4429000
svk,1992,4048000
svk,1993,5249000
svk,1994,5318000
svk,1995,5323000
svk,1996,5460000
svk,1997,4945000
svk,1998,5519000
svk,1999,5795000
svk,2000,6163000
svk,2001,5787900
svk,2002,5782000
svk,2003,6355000
svk,2004,7240000
svk,2005,9302000
svk,2006,7868500
svk,2007,8131500
svk,2008,9268600
svk,2009,9087000
svk,2010,9599100
svk,2011,9212900
svn,1992,1671000
svn,1993,1065000
svn,1994,1944000
svn,1995,1866000
svn,1996,1991000
svn,1997,2208000
svn,1998,2133000
svn,1999,2068000
svn,2000,2253000
svn,2001,2257000
svn,2002,2283000
svn,2003,2591000
svn,2004,2551000
svn,2005,2732800
svn,2006,3179100
svn,2007,2881700
svn,2008,2990100
svn,2009,2930200
svn,2010,2945400
svn,2011,3387900
swe,1990,52871000
swe,1991,51400000
swe,1992,53520000
swe,1993,54000000
swe,1994,56300000
swe,1995,63600000
swe,1996,56300000
swe,1997,60200000
swe,1998,60600000
swe,1999,58700000
swe,2000,63300000
swe,2001,63200000
swe,2002,66600000
swe,2003,67100000
swe,2004,67300000
swe,2005,98200000
swe,2006,64600000
swe,2007,78200000
swe,2008,70800000
swe,2009,65100000
swe,2010,72200000
swe,2011,72103300
swz,1990,1680900
swz,1991,1697400
swz,1992,1718700
swz,1993,1700600
swz,1994,1715000
swz,1995,1731200
swz,1996,1745300
swz,1997,1759600
swz,1998,1176400
swz,1999,1195300
swz,2000,1214800
swz,2001,1232800
swz,2002,1251200
swz,2003,1270200
swz,2004,1289600
swz,2005,1309600
swz,2006,1325500
swz,2007,1341800
swz,2008,1358400
swz,2009,1375400
swz,2010,1392700
swz,2011,1392700
syc,1990,10100
syc,1991,10100
syc,1992,10500
syc,1993,10500
syc,1994,10500
syc,1995,10500
syc,1996,10500
syc,1997,10500
syc,1998,10500
syc,1999,10500
syc,2000,11900
syc,2001,11900
syc,2002,11600
syc,2003,11600
syc,2004,11600
syc,2005,12800
syc,2006,12800
syc,2007,12800
syc,2008,12800
syc,2009,12800
syc,2010,12800
syc,2011,12800
syr,1990,49600
syr,1991,80800
syr,1992,77660
syr,1993,50400
syr,1994,50400
syr,1995,50400
syr,1996,50400
syr,1997,50400
syr,1998,50400
syr,1999,50400
syr,2000,50400
syr,2001,50400
syr,2002,50400
syr,2003,58100
syr,2004,58100
syr,2005,58100
syr,2006,64350
syr,2007,65200
syr,2008,66100
syr,2009,66960
syr,2010,67890
syr,2011,68050
tca,1990,435
tca,1991,413
tca,1992,303
tca,1993,527
tca,1994,565
tca,1995,565
tca,1996,599
tca,1997,593
tca,1998,653
tca,1999,682
tca,2000,656
tca,2001,681
tca,2002,706
tca,2003,733
tca,2004,762
tca,2005,791
tca,2006,829
tca,2007,869
tca,2008,910
tca,2009,954
tca,2010,1000
tca,2011,1027
tcd,1990,5174500
tcd,1991,5267300
tcd,1992,5423700
tcd,1993,5631900
tcd,1994,5765100
tcd,1995,5884500
tcd,1996,6025900
tcd,1997,6167700
tcd,1998,6335900
tcd,1999,6498600
tcd,2000,6646200
tcd,2001,6761700
tcd,2002,6879600
tcd,2003,7000000
tcd,2004,7123000
tcd,2005,7248600
tcd,2006,7360700
tcd,2007,7474800
tcd,2008,7591300
tcd,2009,7710000
tcd,2010,7831000
tcd,2011,7831000
tgo,1990,4766300
tgo,1991,4897700
tgo,1992,5064900
tgo,1993,5339300
tgo,1994,5390500
tgo,1995,5456000
tgo,1996,5486000
tgo,1997,5628200
tgo,1998,5651300
tgo,1999,5744900
tgo,2000,5805200
tgo,2001,5784200
tgo,2002,5808400
tgo,2003,5887000
tgo,2004,4678000
tgo,2005,4590000
tgo,2006,4590000
tgo,2007,4590000
tgo,2008,4590000
tgo,2009,4590000
tgo,2010,4590000
tgo,2011,4590000
tjk,2004,90000
tjk,2005,90000
tjk,2006,90000
tjk,2007,90000
tjk,2008,90000
tjk,2009,90000
tjk,2010,90000
tjk,2011,90000
tkl,1990,0
tkl,1991,0
tkl,1992,0
tkl,1993,0
tkl,1994,0
tkl,1995,0
tkl,1996,0
tkl,1997,0
tkl,1998,0
tkl,1999,0
tkl,2000,0
tkl,2001,0
tkl,2002,0
tkl,2003,0
tkl,2004,0
tkl,2005,0
tkl,2006,0
tkl,2007,0
tkl,2008,0
tkl,2009,0
tkl,2010,0
tkl,2011,0
tkm,1998,2500
tkm,1999,2500
tkm,2000,2500
tkm,2001,2500
tkm,2002,3400
tkm,2003,3400
tkm,2004,3400
tkm,2005,3400
tkm,2006,10000
tkm,2007,10000
tkm,2008,10000
tkm,2009,10000
tkm,2010,10000
tkm,2011,10000
tls,1993,222530
tls,1994,212330
tls,1995,201740
tls,1996,192770
tls,1997,188070
tls,1998,184720
tls,1999,181760
tls,2000,178870
tls,2001,172300
tls,2002,165960
tls,2003,159830
tls,2004,153910
tls,2005,148190
tls,2006,142160
tls,2007,136340
tls,2008,130730
tls,2009,125320
tls,2010,120100
tls,2011,120100
ton,1990,4470
ton,1991,4466
ton,1992,4466
ton,1993,4456
ton,1994,4460
ton,1995,4456
ton,1996,4481
ton,1997,3926
ton,1998,4301
ton,1999,2611
ton,2000,3710
ton,2001,3702
ton,2002,3695
ton,2003,3688
ton,2004,3682
ton,2005,3375
ton,2006,4167
ton,2007,4158
ton,2008,4150
ton,2009,4142
ton,2010,4134
ton,2011,4126
tto,1990,89950
tto,1991,85480
tto,1992,95640
tto,1993,91270
tto,1994,121870
tto,1995,156310
tto,1996,97670
tto,1997,111320
tto,1998,72220
tto,1999,70810
tto,2000,108520
tto,2001,102080
tto,2002,92660
tto,2003,95250
tto,2004,85860
tto,2005,99470
tto,2006,99120
tto,2007,98800
tto,2008,80400
tto,2009,80140
tto,2010,79820
tto,2011,79520
tun,1990,260455
tun,1991,213212
tun,1992,149106
tun,1993,232523
tun,1994,323725
tun,1995,153088
tun,1996,110116
tun,1997,371177
tun,1998,171319
tun,1999,262118
tun,2000,262243
tun,2001,232618
tun,2002,332523
tun,2003,246728
tun,2004,206070
tun,2005,248541
tun,2006,190101
tun,2007,144743
tun,2008,333943
tun,2009,209685
tun,2010,170456
tun,2011,13795
tur,1990,15756000
tur,1991,15252000
tur,1992,16953000
tur,1993,18877000
tur,1994,16845000
tur,1995,19279000
tur,1996,19411000
tur,1997,18050000
tur,1998,17668000
tur,1999,16608300
tur,2000,15939300
tur,2001,15337200
tur,2002,16122000
tur,2003,15810000
tur,2004,16503000
tur,2005,16185000
tur,2006,18084000
tur,2007,18319000
tur,2008,19420000
tur,2009,19300000
tur,2010,20554000
tur,2011,21039000
tza,1990,20513200
tza,1991,20909100
tza,1992,21701600
tza,1993,22009800
tza,1994,22294300
tza,1995,22608100
tza,1996,22802700
tza,1997,22943400
tza,1998,22958100
tza,1999,23051200
tza,2000,23100600
tza,2001,23264500
tza,2002,23438800
tza,2003,23623600
tza,2004,23819200
tza,2005,24025900
tza,2006,24228000
tza,2007,24441200
tza,2008,24665700
tza,2009,24901800
tza,2010,25149700
tza,2011,25149700
uga,1990,31004500
uga,1991,31678900
uga,1992,32671200
uga,1993,33418100
uga,1994,34378000
uga,1995,34880400
uga,1996,35430300
uga,1997,35967000
uga,1998,36409100
uga,1999,36901300
uga,2000,37265300
uga,2001,37786000
uga,2002,38316800
uga,2003,38858000
uga,2004,39480600
uga,2005,40120000
uga,2006,40746300
uga,2007,41685200
uga,2008,42357800
uga,2009,43029500
uga,2010,43729400
uga,2011,43729400
ukr,1995,6318300
ukr,1996,6252000
ukr,1997,6053000
ukr,1998,8453000
ukr,1999,7920300
ukr,2000,9859300
ukr,2001,9889000
ukr,2002,12280100
ukr,2003,13753900
ukr,2004,14861800
ukr,2005,14606300
ukr,2006,15848600
ukr,2007,16884300
ukr,2008,16884300
ukr,2009,14221400
ukr,2010,16145600
ukr,2011,17510300
ury,1990,3914100
ury,1991,4016600
ury,1992,4204900
ury,1993,4422800
ury,1994,4478400
ury,1995,4552600
ury,1996,4738600
ury,1997,5022200
ury,1998,5175500
ury,1999,5060700
ury,2000,2934000
ury,2001,2985000
ury,2002,3439000
ury,2003,3739000
ury,2004,5084000
ury,2005,5702000
ury,2006,6365000
ury,2007,7173000
ury,2008,9454000
ury,2009,8390000
ury,2010,11854000
ury,2011,11854000
usa,1990,509319000
usa,1991,491260000
usa,1992,483803000
usa,1993,470726000
usa,1994,473107000
usa,1995,469830000
usa,1996,461077000
usa,1997,464231000
usa,1998,469750000
usa,1999,469313000
usa,2000,466549000
usa,2001,449114000
usa,2002,448000000
usa,2003,448513000
usa,2004,461739000
usa,2005,467347000
usa,2006,457048000
usa,2007,425129000
usa,2008,380509000
usa,2009,332528000
usa,2010,323986000
usa,2011,324433000
uzb,1998,33200
uzb,1999,25000
uzb,2000,28900
uzb,2001,33000
uzb,2002,32100
uzb,2003,28000
uzb,2004,26700
uzb,2005,29000
uzb,2006,31000
uzb,2007,32000
uzb,2008,30000
uzb,2009,30000
uzb,2010,30000
uzb,2011,30000
vct,1990,9200
vct,1991,9100
vct,1992,9000
vct,1993,8900
vct,1994,8500
vct,1995,8400
vct,1996,8400
vct,1997,8600
vct,1998,8400
vct,1999,8300
vct,2000,8200
vct,2001,8100
vct,2002,8000
vct,2003,7900
vct,2004,7800
vct,2005,7700
vct,2006,7600
vct,2007,7600
vct,2008,7500
vct,2009,7500
vct,2010,7400
vct,2011,7400
ven,1998,830650
ven,1999,1282030
ven,2000,963770
ven,2001,778340
ven,2002,1314540
ven,2003,1182570
ven,2004,1211810
ven,2005,1092830
ven,2006,1517140
ven,2007,1733700
ven,2008,1501730
ven,2009,981010
ven,2010,708340
vgb,1990,900
vgb,1991,1000
vgb,1992,900
vgb,1993,1000
vgb,1994,900
vgb,1995,1000
vgb,1996,900
vgb,1997,1000
vgb,1998,1000
vgb,1999,1000
vgb,2000,1000
vgb,2001,1100
vgb,2002,1100
vgb,2003,1200
vgb,2004,1200
vgb,2005,1200
vgb,2006,1300
vgb,2007,1300
vgb,2008,1300
vgb,2009,1400
vgb,2010,1400
vgb,2011,1400
vnm,1990,31203430
vnm,1991,31554370
vnm,1992,31216300
vnm,1993,31163060
vnm,1994,31215010
vnm,1995,31595300
vnm,1996,31641130
vnm,1997,31324710
vnm,1998,31032970
vnm,1999,30220320
vnm,2000,30868550
vnm,2001,30798190
vnm,2002,30729500
vnm,2003,26437000
vnm,2004,26487000
vnm,2005,26004000
vnm,2006,26121000
vnm,2007,27450000
vnm,2008,27850000
vnm,2009,27850000
vnm,2010,28200000
vnm,2011,27100000
vut,1990,63200
vut,1991,63200
vut,1992,63200
vut,1993,63200
vut,1994,63200
vut,1995,63200
vut,1996,63200
vut,1997,63200
vut,1998,57800
vut,1999,132000
vut,2000,131000
vut,2001,119000
vut,2002,119000
vut,2003,119000
vut,2004,119000
vut,2005,119000
vut,2006,119000
vut,2007,119000
vut,2008,119000
vut,2009,119000
vut,2010,119000
vut,2011,119000
wlf,1990,0
wlf,1991,0
wlf,1992,0
wlf,1993,0
wlf,1994,0
wlf,1995,0
wlf,1996,0
wlf,1997,0
wlf,1998,0
wlf,1999,0
wlf,2000,0
wlf,2001,0
wlf,2002,0
wlf,2003,0
wlf,2004,0
wlf,2005,400
wlf,2006,400
wlf,2007,400
wlf,2008,400
wlf,2009,400
wlf,2010,400
wlf,2011,400
wsm,1990,131000
wsm,1991,131000
wsm,1992,131000
wsm,1993,131000
wsm,1994,131000
wsm,1995,131000
wsm,1996,131000
wsm,1997,131000
wsm,1998,131000
wsm,1999,131000
wsm,2000,87900
wsm,2001,90700
wsm,2002,91200
wsm,2003,84700
wsm,2004,83200
wsm,2005,85700
wsm,2006,85700
wsm,2007,75700
wsm,2008,75700
wsm,2009,75700
wsm,2010,75700
wsm,2011,75700
yem,1990,173220
yem,1991,187320
yem,1992,202590
yem,1993,216080
yem,1994,232820
yem,1995,247730
yem,1996,258480
yem,1997,268710
yem,1998,278490
yem,1999,289930
yem,2000,301900
yem,2001,313820
yem,2002,326260
yem,2003,339240
yem,2004,352770
yem,2005,366890
yem,2006,380530
yem,2007,394700
yem,2008,409500
yem,2009,424820
yem,2010,440790
yem,2011,456130
zaf,1990,28182000
zaf,1991,28492000
zaf,1992,27873000
zaf,1993,28154000
zaf,1994,30518000
zaf,1995,31023900
zaf,1996,32129900
zaf,1997,32966900
zaf,1998,30616000
zaf,1999,29515300
zaf,2000,30959200
zaf,2001,30553500
zaf,2002,30566500
zaf,2003,33159400
zaf,2004,33776900
zaf,2005,34564100
zaf,2006,34764100
zaf,2007,31511800
zaf,2008,31867300
zaf,2009,30887600
zaf,2010,30887600
zaf,2011,30887600
zmb,1990,7119100
zmb,1991,7322900
zmb,1992,7521400
zmb,1993,7731300
zmb,1994,8109600
zmb,1995,8207300
zmb,1996,8176600
zmb,1997,8238400
zmb,1998,8377900
zmb,1999,8523800
zmb,2000,8384900
zmb,2001,8230700
zmb,2002,8523200
zmb,2003,8815400
zmb,2004,9169400
zmb,2005,9441100
zmb,2006,9898000
zmb,2007,10029900
zmb,2008,10164900
zmb,2009,10303000
zmb,2010,10444400
zmb,2011,10444400
zwe,1990,6904200
zwe,1991,6965200
zwe,1992,6975200
zwe,1993,6995200
zwe,1994,8143600
zwe,1995,8393100
zwe,1996,8642200
zwe,1997,8910100
zwe,1998,8994000
zwe,1999,9252600
zwe,2000,9093600
zwe,2001,9107600
zwe,2002,9107600
zwe,2003,9107600
zwe,2004,9092600
zwe,2005,8942200
zwe,2006,9151300
zwe,2007,9197800
zwe,2008,9201500
zwe,2009,9263900
zwe,2010,9227300
zwe,2011,9227300
