geo,time,armed_forces_personnel_total
afg,1985,47000
afg,1989,55000
afg,1990,58000
afg,1991,45000
afg,1992,45000
afg,1993,45000
afg,1994,45000
afg,1995,383000
afg,1996,429000
afg,1997,429000
afg,1998,400000
afg,1999,400000
afg,2000,400000
afg,2002,120000
afg,2003,130000
afg,2004,27000
afg,2005,27000
afg,2006,51000
afg,2007,51000
afg,2008,94000
afg,2009,255745
afg,2010,306800
afg,2011,340350
afg,2012,338150
afg,2013,330650
afg,2014,308800
afg,2015,319400
afg,2016,323000
ago,1985,49500
ago,1989,107000
ago,1990,115000
ago,1991,150000
ago,1992,128000
ago,1993,128000
ago,1994,120000
ago,1995,122000
ago,1996,106400
ago,1997,125500
ago,1998,129000
ago,1999,127500
ago,2000,117500
ago,2001,145500
ago,2002,110000
ago,2003,130000
ago,2004,118000
ago,2005,118000
ago,2006,110000
ago,2007,117000
ago,2008,117000
ago,2009,117000
ago,2010,117000
ago,2011,117000
ago,2012,117000
ago,2013,117000
ago,2014,117000
ago,2015,117000
ago,2016,117000
alb,1985,40400
alb,1992,65000
alb,1993,65000
alb,1994,65000
alb,1995,86500
alb,1996,67500
alb,1997,67500
alb,1998,67500
alb,1999,67500
alb,2000,67500
alb,2001,40500
alb,2002,27000
alb,2003,22000
alb,2004,21500
alb,2005,22500
alb,2006,11500
alb,2007,14500
alb,2008,14500
alb,2009,14745
alb,2010,14745
alb,2011,14750
alb,2012,14750
alb,2013,8500
alb,2014,8500
alb,2015,8500
alb,2016,8500
are,1985,43000
are,1989,43000
are,1990,66000
are,1991,66000
are,1992,55000
are,1993,55000
are,1994,60000
are,1995,71000
are,1996,65500
are,1997,65500
are,1998,65500
are,1999,65500
are,2000,66000
are,2001,66000
are,2002,41500
are,2003,50500
are,2004,50000
are,2005,51000
are,2006,51000
are,2007,51000
are,2008,51000
are,2009,51000
are,2010,51000
are,2011,51000
are,2012,51000
are,2013,63000
are,2014,63000
are,2015,63000
are,2016,63000
arg,1985,108000
arg,1989,95000
arg,1990,85000
arg,1991,70000
arg,1992,65000
arg,1993,65000
arg,1994,69000
arg,1995,98500
arg,1996,103700
arg,1997,104240
arg,1998,104240
arg,1999,101740
arg,2000,102300
arg,2001,101300
arg,2002,101100
arg,2003,102600
arg,2004,102000
arg,2005,102000
arg,2006,107000
arg,2007,107000
arg,2008,107000
arg,2009,104340
arg,2010,104340
arg,2011,104350
arg,2012,104350
arg,2013,105650
arg,2014,105650
arg,2015,105450
arg,2016,105450
arm,1992,20000
arm,1993,21000
arm,1994,45000
arm,1995,61000
arm,1996,58400
arm,1997,61000
arm,1998,54400
arm,1999,54400
arm,2000,42300
arm,2001,43000
arm,2002,45600
arm,2003,45600
arm,2004,49000
arm,2005,49000
arm,2006,47000
arm,2007,42000
arm,2008,42000
arm,2009,55570
arm,2010,55528
arm,2011,55544
arm,2012,49100
arm,2013,49100
arm,2014,49100
arm,2015,49100
arm,2016,49100
atg,1985,100
atg,1995,200
atg,1996,200
atg,1997,150
atg,1998,150
atg,1999,200
atg,2000,200
atg,2001,200
atg,2002,200
atg,2003,200
atg,2004,170
atg,2005,170
atg,2006,170
atg,2007,170
atg,2009,170
atg,2010,170
atg,2011,180
atg,2012,180
atg,2013,180
atg,2014,180
atg,2015,180
atg,2016,180
aus,1985,70400
aus,1989,70000
aus,1990,68000
aus,1991,68000
aus,1992,68000
aus,1993,68000
aus,1994,65000
aus,1995,57100
aus,1996,58800
aus,1997,58400
aus,1998,58400
aus,1999,56200
aus,2000,51600
aus,2001,51700
aus,2002,50900
aus,2003,53600
aus,2004,52000
aus,2005,53000
aus,2006,51000
aus,2007,55000
aus,2008,55000
aus,2009,56552
aus,2010,56552
aus,2011,57050
aus,2012,56200
aus,2013,56750
aus,2014,56750
aus,2015,57800
aus,2016,57800
aut,1985,54700
aut,1989,48000
aut,1990,43000
aut,1991,44000
aut,1992,44000
aut,1993,45000
aut,1994,45000
aut,1995,55800
aut,1996,55800
aut,1997,45500
aut,1998,45500
aut,1999,40500
aut,2000,40500
aut,2001,34600
aut,2002,34600
aut,2003,34600
aut,2004,39000
aut,2005,40000
aut,2006,40000
aut,2007,35000
aut,2008,35000
aut,2009,25900
aut,2010,25758
aut,2011,23250
aut,2012,22800
aut,2013,22500
aut,2014,22500
aut,2015,21350
aut,2016,22400
aze,1992,43000
aze,1993,45000
aze,1994,50000
aze,1995,126700
aze,1996,110700
aze,1997,106700
aze,1998,87150
aze,1999,84900
aze,2000,87100
aze,2001,87100
aze,2002,87100
aze,2003,81500
aze,2004,81000
aze,2005,82000
aze,2006,82000
aze,2007,82000
aze,2008,82000
aze,2009,81940
aze,2010,81940
aze,2011,81950
aze,2012,81950
aze,2013,81950
aze,2014,81950
aze,2015,81950
aze,2016,81950
bdi,1985,5200
bdi,1989,11000
bdi,1990,12000
bdi,1991,12000
bdi,1992,13000
bdi,1993,13000
bdi,1994,17000
bdi,1995,14600
bdi,1996,22000
bdi,1997,22000
bdi,1998,43500
bdi,1999,45500
bdi,2000,45500
bdi,2001,51000
bdi,2002,51000
bdi,2003,56000
bdi,2004,81000
bdi,2005,82000
bdi,2007,51000
bdi,2008,51000
bdi,2009,51050
bdi,2010,51050
bdi,2011,51050
bdi,2012,51000
bdi,2013,51050
bdi,2014,51050
bdi,2015,41000
bdi,2016,51050
bel,1985,91600
bel,1989,110000
bel,1990,106000
bel,1991,101000
bel,1992,79000
bel,1993,70000
bel,1994,53000
bel,1995,47200
bel,1996,46300
bel,1997,44450
bel,1998,43700
bel,1999,41750
bel,2000,39300
bel,2001,39400
bel,2002,39200
bel,2003,40800
bel,2004,36000
bel,2005,37000
bel,2006,40000
bel,2007,39000
bel,2008,39000
bel,2009,39482
bel,2010,35736
bel,2011,34050
bel,2012,30700
bel,2013,37500
bel,2014,37600
bel,2015,36350
bel,2016,33800
ben,1985,4500
ben,1989,5000
ben,1990,6000
ben,1991,7000
ben,1992,7000
ben,1993,8000
ben,1994,8000
ben,1995,7300
ben,1996,7300
ben,1997,7300
ben,1998,7300
ben,1999,7300
ben,2000,7300
ben,2001,7300
ben,2002,7100
ben,2003,7100
ben,2004,6000
ben,2005,8000
ben,2007,8000
ben,2008,8000
ben,2009,7250
ben,2010,7250
ben,2011,9450
ben,2012,9450
ben,2013,9450
ben,2014,9450
ben,2015,9750
ben,2016,9750
bfa,1985,4000
bfa,1989,8000
bfa,1990,10000
bfa,1991,10000
bfa,1992,9000
bfa,1993,9000
bfa,1994,9000
bfa,1995,10300
bfa,1996,10300
bfa,1997,10000
bfa,1998,10250
bfa,1999,10300
bfa,2000,11300
bfa,2001,14200
bfa,2002,14400
bfa,2003,15000
bfa,2004,10250
bfa,2005,11250
bfa,2007,11250
bfa,2008,11250
bfa,2009,11450
bfa,2010,11450
bfa,2011,11450
bfa,2012,11450
bfa,2013,11450
bfa,2014,11450
bfa,2015,11450
bfa,2016,11450
bgd,1985,91300
bgd,1989,103000
bgd,1990,103000
bgd,1991,107000
bgd,1992,107000
bgd,1993,107000
bgd,1994,113000
bgd,1995,170500
bgd,1996,167200
bgd,1997,170700
bgd,1998,170700
bgd,1999,192200
bgd,2000,137000
bgd,2001,200200
bgd,2002,200200
bgd,2003,188700
bgd,2004,251000
bgd,2005,252000
bgd,2006,214000
bgd,2007,221000
bgd,2008,221000
bgd,2009,220953
bgd,2010,220953
bgd,2011,220950
bgd,2012,220950
bgd,2013,220950
bgd,2014,220950
bgd,2015,220950
bgd,2016,220950
bgr,1985,148500
bgr,1989,150000
bgr,1990,129000
bgr,1991,107000
bgr,1992,99000
bgr,1993,52000
bgr,1994,80000
bgr,1995,135900
bgr,1996,137500
bgr,1997,135500
bgr,1998,135500
bgr,1999,114760
bgr,2000,113800
bgr,2001,111300
bgr,2002,102400
bgr,2003,85000
bgr,2004,85000
bgr,2005,85000
bgr,2006,75000
bgr,2007,75000
bgr,2008,75000
bgr,2009,65315
bgr,2010,65315
bgr,2011,47300
bgr,2012,47300
bgr,2013,47300
bgr,2014,47300
bgr,2015,47300
bgr,2016,31300
bhr,1985,2800
bhr,1989,5000
bhr,1990,8000
bhr,1991,8000
bhr,1992,7000
bhr,1993,7000
bhr,1994,8000
bhr,1995,20000
bhr,1996,20300
bhr,1997,20850
bhr,1998,20850
bhr,1999,21150
bhr,2000,21200
bhr,2001,21200
bhr,2002,20900
bhr,2003,21400
bhr,2004,21000
bhr,2005,21000
bhr,2006,19000
bhr,2007,19000
bhr,2008,19000
bhr,2009,19460
bhr,2010,19460
bhr,2011,19460
bhr,2012,19460
bhr,2013,19460
bhr,2014,19460
bhr,2015,19460
bhr,2016,19460
bhs,1985,500
bhs,1995,2100
bhs,1996,3200
bhs,1997,3160
bhs,1998,3160
bhs,1999,3200
bhs,2000,3200
bhs,2001,3200
bhs,2002,900
bhs,2003,900
bhs,2004,860
bhs,2005,860
bhs,2006,860
bhs,2007,860
bhs,2008,1000
bhs,2009,860
bhs,2010,860
bhs,2011,850
bhs,2012,850
bhs,2013,1300
bhs,2014,1300
bhs,2015,1300
bhs,2016,1300
bih,1992,60000
bih,1994,70000
bih,1995,92000
bih,1996,227000
bih,1997,86000
bih,1998,86000
bih,1999,86000
bih,2000,76000
bih,2001,24000
bih,2002,19800
bih,2003,18800
bih,2004,24000
bih,2005,12000
bih,2006,9000
bih,2007,9000
bih,2008,9000
bih,2009,10577
bih,2010,10577
bih,2011,10550
bih,2012,10500
bih,2013,10500
bih,2014,10500
bih,2015,10500
bih,2016,10500
blr,1992,102000
blr,1993,115000
blr,1994,65000
blr,1995,106400
blr,1996,93500
blr,1997,89800
blr,1998,91000
blr,1999,103900
blr,2000,91100
blr,2001,192900
blr,2002,189800
blr,2003,182900
blr,2004,182000
blr,2005,183000
blr,2006,183000
blr,2007,183000
blr,2008,183000
blr,2009,182940
blr,2010,182940
blr,2011,158000
blr,2012,158000
blr,2013,158000
blr,2014,158000
blr,2015,158000
blr,2016,155350
blz,1985,600
blz,1989,1000
blz,1990,1000
blz,1991,1000
blz,1992,1000
blz,1993,1000
blz,1994,1000
blz,1995,1100
blz,1996,1100
blz,1997,1050
blz,1998,1050
blz,1999,1050
blz,2000,1100
blz,2001,1100
blz,2002,1100
blz,2003,1100
blz,2004,1000
blz,2005,1000
blz,2006,1000
blz,2007,1000
blz,2008,1000
blz,2009,1050
blz,2010,1050
blz,2011,1050
blz,2012,1050
blz,2013,1050
blz,2014,1050
blz,2015,1500
blz,2016,1500
bol,1985,27600
bol,1989,30000
bol,1990,30000
bol,1991,33000
bol,1992,32000
bol,1993,32000
bol,1994,28000
bol,1995,64100
bol,1996,64100
bol,1997,70600
bol,1998,70600
bol,1999,69600
bol,2000,69600
bol,2001,68600
bol,2002,68600
bol,2003,68600
bol,2004,68000
bol,2005,70000
bol,2006,83000
bol,2007,83000
bol,2008,83000
bol,2009,83200
bol,2010,83200
bol,2011,83200
bol,2012,83200
bol,2013,83200
bol,2014,71200
bol,2015,71200
bol,2016,71200
bra,1985,276000
bra,1989,319000
bra,1990,295000
bra,1991,295000
bra,1992,296000
bra,1993,296000
bra,1994,296000
bra,1995,680600
bra,1996,680600
bra,1997,700300
bra,1998,698850
bra,1999,676600
bra,2000,673200
bra,2001,673200
bra,2002,673200
bra,2003,673200
bra,2004,687000
bra,2005,673000
bra,2006,754000
bra,2007,721000
bra,2008,721000
bra,2009,713480
bra,2010,713480
bra,2011,713480
bra,2012,713480
bra,2013,713480
bra,2014,729500
bra,2015,729500
bra,2016,729500
brb,1985,1000
brb,1995,600
brb,1996,600
brb,1997,600
brb,1998,610
brb,1999,610
brb,2000,600
brb,2001,600
brb,2002,600
brb,2003,600
brb,2004,610
brb,2005,610
brb,2006,610
brb,2007,610
brb,2008,1000
brb,2009,610
brb,2010,610
brb,2011,610
brb,2012,610
brb,2013,610
brb,2014,610
brb,2015,610
brb,2016,610
brn,1985,4100
brn,1989,4000
brn,1990,4000
brn,1991,4000
brn,1992,4000
brn,1993,4000
brn,1994,5000
brn,1995,9000
brn,1996,9100
brn,1997,9050
brn,1998,9050
brn,1999,8750
brn,2000,8800
brn,2001,9700
brn,2002,10700
brn,2003,10700
brn,2004,10000
brn,2005,11000
brn,2006,9000
brn,2007,9000
brn,2008,9000
brn,2009,9250
brn,2010,9250
brn,2011,9250
brn,2012,9250
brn,2013,9250
brn,2014,9250
brn,2015,9250
brn,2016,12100
btn,1985,3000
btn,1992,5000
btn,1993,5000
btn,1994,5000
btn,1995,4000
btn,1996,5000
btn,1997,6000
btn,1998,7000
btn,1999,7000
btn,2000,6000
bwa,1985,4000
bwa,1989,6000
bwa,1990,6000
bwa,1991,7000
bwa,1992,7000
bwa,1993,7000
bwa,1994,7000
bwa,1995,8500
bwa,1996,8500
bwa,1997,8500
bwa,1998,9500
bwa,1999,10000
bwa,2000,10000
bwa,2001,10000
bwa,2002,10500
bwa,2003,10500
bwa,2004,10000
bwa,2005,11000
bwa,2006,11000
bwa,2007,11000
bwa,2008,11000
bwa,2009,10500
bwa,2010,10500
bwa,2011,10500
bwa,2012,10500
bwa,2013,10500
bwa,2014,10500
bwa,2015,9000
bwa,2016,9000
caf,1985,2300
caf,1989,5000
caf,1990,4000
caf,1991,4000
caf,1992,4000
caf,1993,4000
caf,1994,4000
caf,1995,5000
caf,1996,5000
caf,1997,5000
caf,1998,4950
caf,1999,5000
caf,2000,5400
caf,2001,4200
caf,2002,3550
caf,2003,3600
caf,2004,2000
caf,2005,3000
caf,2007,3000
caf,2008,3000
caf,2009,3150
caf,2010,3150
caf,2011,3150
caf,2012,8150
caf,2013,8150
caf,2014,8150
caf,2015,8150
caf,2016,8150
can,1985,83000
can,1989,88000
can,1990,87000
can,1991,86000
can,1992,82000
can,1993,76000
can,1994,75000
can,1995,75700
can,1996,79800
can,1997,72700
can,1998,69950
can,1999,69950
can,2000,68500
can,2001,66100
can,2002,61600
can,2003,61600
can,2004,71000
can,2005,71000
can,2006,64000
can,2007,64000
can,2008,64000
can,2009,65722
can,2010,65700
can,2011,65700
can,2012,66000
can,2013,65700
can,2014,70200
can,2015,67500
can,2016,67500
che,1985,20000
che,1989,17000
che,1990,22000
che,1991,22000
che,1992,31000
che,1993,35000
che,1994,39000
che,1995,31400
che,1996,27300
che,1997,26260
che,1998,26300
che,1999,27700
che,2000,27700
che,2001,26800
che,2002,27600
che,2003,27500
che,2004,4000
che,2005,109000
che,2006,23000
che,2007,23000
che,2008,23000
che,2009,25620
che,2010,25287
che,2011,23100
che,2012,22650
che,2013,21250
che,2014,20800
che,2015,20950
che,2016,20950
chl,1985,101000
chl,1989,95000
chl,1990,95000
chl,1991,90000
chl,1992,92000
chl,1993,92000
chl,1994,102000
chl,1995,130000
chl,1996,120900
chl,1997,125500
chl,1998,124000
chl,1999,122500
chl,2000,116500
chl,2001,122200
chl,2002,117300
chl,2003,114100
chl,2004,116000
chl,2005,116000
chl,2006,103000
chl,2007,103000
chl,2008,103000
chl,2009,103771
chl,2010,103771
chl,2011,103750
chl,2012,106100
chl,2013,106100
chl,2014,109450
chl,2015,109450
chl,2016,121900
chn,1985,3900000
chn,1989,3900000
chn,1990,3500000
chn,1991,3200000
chn,1992,3160000
chn,1993,3030000
chn,1994,2930000
chn,1995,4130000
chn,1996,4135000
chn,1997,3640000
chn,1998,3820000
chn,1999,3820000
chn,2000,3910000
chn,2001,3810000
chn,2002,3770000
chn,2003,3750000
chn,2004,3755000
chn,2005,3755000
chn,2006,3605000
chn,2007,2885000
chn,2008,2885000
chn,2009,2945000
chn,2010,2945000
chn,2011,2945000
chn,2012,2993000
chn,2013,2993000
chn,2014,2993000
chn,2015,2843000
chn,2016,2695000
civ,1989,15000
civ,1990,15000
civ,1991,15000
civ,1992,15000
civ,1993,15000
civ,1994,15000
civ,1995,15000
civ,1996,15000
civ,1997,15000
civ,1998,15000
civ,1999,15000
civ,2004,18000
civ,2005,19000
civ,2007,19000
civ,2008,19000
civ,2009,18550
civ,2014,25000
civ,2015,25000
civ,2016,25000
cmr,1985,7300
cmr,1989,21000
cmr,1990,23000
cmr,1991,24000
cmr,1992,12000
cmr,1993,12000
cmr,1994,12000
cmr,1995,23600
cmr,1996,22100
cmr,1997,22100
cmr,1998,22100
cmr,1999,22100
cmr,2000,22100
cmr,2001,31100
cmr,2002,32100
cmr,2003,32100
cmr,2004,23000
cmr,2005,23000
cmr,2007,23000
cmr,2008,23000
cmr,2009,23100
cmr,2010,23200
cmr,2011,23100
cmr,2012,23200
cmr,2013,23200
cmr,2014,23200
cmr,2015,23400
cmr,2016,23400
cod,1985,48000
cod,1989,51000
cod,1990,55000
cod,1991,60000
cod,1992,45000
cod,1993,40000
cod,1994,40000
cod,1995,65100
cod,1996,65100
cod,1997,77000
cod,1998,87000
cod,1999,92900
cod,2000,92900
cod,2001,81400
cod,2002,81400
cod,2003,97800
cod,2004,64000
cod,2005,65000
cod,2007,143000
cod,2008,151000
cod,2009,159000
cod,2010,159000
cod,2011,134250
cod,2012,134250
cod,2013,134250
cod,2014,134250
cod,2015,134250
cod,2016,134250
cog,1985,8700
cog,1989,15000
cog,1990,9000
cog,1991,9000
cog,1992,10000
cog,1993,10000
cog,1994,10000
cog,1995,16700
cog,1996,15000
cog,1997,15000
cog,1998,15000
cog,1999,15000
cog,2000,15000
cog,2001,12000
cog,2002,12000
cog,2003,12000
cog,2004,12000
cog,2005,12000
cog,2007,12000
cog,2008,12000
cog,2009,12000
cog,2010,12000
cog,2011,12000
cog,2012,12000
cog,2013,12000
cog,2014,12000
cog,2015,12000
cog,2016,12000
col,1985,66200
col,1989,91000
col,1990,110000
col,1991,110000
col,1992,139000
col,1993,139000
col,1994,146000
col,1995,233400
col,1996,233300
col,1997,233300
col,1998,233300
col,1999,231000
col,2000,247000
col,2001,262600
col,2002,262600
col,2003,304600
col,2004,336000
col,2005,336000
col,2006,398000
col,2007,411000
col,2008,411000
col,2009,441828
col,2010,441828
col,2011,440224
col,2012,440224
col,2013,455750
col,2014,455750
col,2015,481100
col,2016,481100
cpv,1985,7700
cpv,1989,3000
cpv,1990,1000
cpv,1991,1000
cpv,1992,1000
cpv,1993,1000
cpv,1994,1000
cpv,1995,1150
cpv,1996,1150
cpv,1997,1150
cpv,1998,1150
cpv,1999,1200
cpv,2000,1200
cpv,2001,1300
cpv,2002,1300
cpv,2003,1300
cpv,2004,1000
cpv,2005,1000
cpv,2007,1000
cpv,2008,1000
cpv,2009,1200
cpv,2010,1200
cpv,2011,1200
cpv,2012,1200
cpv,2013,1200
cpv,2014,1200
cpv,2015,1200
cpv,2016,1200
cri,1985,13200
cri,1989,8000
cri,1990,8000
cri,1991,8000
cri,1992,8000
cri,1993,8000
cri,1994,8000
cri,1995,16200
cri,1996,16200
cri,1997,15400
cri,1998,15400
cri,1999,15400
cri,2000,15400
cri,2001,21900
cri,2002,25900
cri,2003,17000
cri,2006,10000
cri,2007,10000
cri,2008,10000
cri,2009,9800
cri,2010,9800
cri,2011,9800
cri,2012,9800
cri,2013,9800
cri,2014,9800
cri,2015,9800
cri,2016,9800
cub,1985,161500
cub,1989,297000
cub,1990,297000
cub,1991,297000
cub,1992,175000
cub,1993,175000
cub,1994,140000
cub,1995,124000
cub,1996,119000
cub,1997,79000
cub,1998,79000
cub,1999,91500
cub,2000,84500
cub,2001,72500
cub,2002,72500
cub,2003,72500
cub,2004,75000
cub,2005,76000
cub,2006,76000
cub,2007,76000
cub,2008,76000
cub,2009,75500
cub,2010,75500
cub,2011,75500
cub,2012,75500
cub,2013,75500
cub,2014,75500
cub,2015,75500
cub,2016,75500
cyp,1985,10000
cyp,1989,14000
cyp,1990,10000
cyp,1991,10000
cyp,1992,10000
cyp,1995,14000
cyp,1996,14000
cyp,1997,10500
cyp,1998,10620
cyp,1999,10750
cyp,2000,10800
cyp,2001,10800
cyp,2002,10100
cyp,2003,10100
cyp,2004,11000
cyp,2005,10750
cyp,2006,10750
cyp,2007,10750
cyp,2008,10750
cyp,2009,10750
cyp,2010,12750
cyp,2011,12750
cyp,2012,12750
cyp,2013,12750
cyp,2014,12750
cyp,2015,12750
cyp,2016,15750
cze,1993,107000
cze,1994,90000
cze,1995,92000
cze,1996,75600
cze,1997,67300
cze,1998,64700
cze,1999,59600
cze,2000,63300
cze,2001,59200
cze,2002,55000
cze,2003,62600
cze,2004,27000
cze,2005,28000
cze,2006,26000
cze,2007,27000
cze,2008,27000
cze,2009,26541
cze,2010,28521
cze,2011,26750
cze,2012,26750
cze,2013,24100
cze,2014,24800
cze,2015,25050
cze,2016,23200
deu,1985,478000
deu,1989,503000
deu,1990,545000
deu,1991,457000
deu,1992,442000
deu,1993,398000
deu,1994,362000
deu,1995,365000
deu,1996,383500
deu,1997,347100
deu,1998,333500
deu,1999,331000
deu,2000,221100
deu,2001,308400
deu,2002,296000
deu,2003,284500
deu,2004,284000
deu,2005,285000
deu,2006,246000
deu,2007,244000
deu,2008,244000
deu,2009,251465
deu,2010,251465
deu,2011,196000
deu,2012,186450
deu,2013,181550
deu,2014,178600
deu,2015,177300
deu,2016,179100
dji,1985,3000
dji,1989,4000
dji,1990,4000
dji,1991,3000
dji,1992,8000
dji,1993,8000
dji,1994,8000
dji,1995,12600
dji,1996,12600
dji,1997,12600
dji,1998,12600
dji,1999,12600
dji,2000,12600
dji,2001,12600
dji,2002,12300
dji,2003,12300
dji,2004,11000
dji,2005,13000
dji,2007,12000
dji,2008,13000
dji,2009,12950
dji,2010,12950
dji,2011,12950
dji,2012,12950
dji,2013,12950
dji,2014,12950
dji,2015,12950
dji,2016,13100
dnk,1985,29600
dnk,1989,31000
dnk,1990,31000
dnk,1991,30000
dnk,1992,28000
dnk,1993,27000
dnk,1994,28000
dnk,1995,33100
dnk,1996,32900
dnk,1997,32900
dnk,1998,32100
dnk,1999,27000
dnk,2000,21800
dnk,2001,21400
dnk,2002,22700
dnk,2003,22800
dnk,2004,21000
dnk,2005,21000
dnk,2006,30000
dnk,2007,30000
dnk,2008,30000
dnk,2009,18707
dnk,2010,18628
dnk,2011,16450
dnk,2012,17200
dnk,2013,17200
dnk,2014,17200
dnk,2015,16600
dnk,2016,16100
dom,1985,22200
dom,1989,21000
dom,1990,21000
dom,1991,21000
dom,1992,22000
dom,1993,22000
dom,1994,22000
dom,1995,39500
dom,1996,39500
dom,1997,39500
dom,1998,39500
dom,1999,39500
dom,2000,39500
dom,2001,39500
dom,2002,39500
dom,2003,39500
dom,2004,39000
dom,2005,40000
dom,2006,65000
dom,2007,65000
dom,2008,40000
dom,2009,39500
dom,2010,39500
dom,2011,39500
dom,2012,61000
dom,2013,61000
dom,2014,71050
dom,2015,71050
dom,2016,71050
dza,1985,170000
dza,1989,126000
dza,1990,126000
dza,1991,126000
dza,1992,126000
dza,1993,126000
dza,1994,126000
dza,1995,162900
dza,1996,164900
dza,1997,270200
dza,1998,268200
dza,1999,303200
dza,2000,305200
dza,2001,305200
dza,2002,317900
dza,2003,308700
dza,2004,318000
dza,2005,319000
dza,2006,334000
dza,2007,334000
dza,2008,334000
dza,2009,334200
dza,2010,317200
dza,2011,317200
dza,2012,317200
dza,2013,317200
dza,2014,317200
dza,2015,317200
dza,2016,317200
ecu,1985,42500
ecu,1989,46000
ecu,1990,53000
ecu,1991,53000
ecu,1992,57000
ecu,1993,57000
ecu,1994,57000
ecu,1995,57400
ecu,1996,57400
ecu,1997,57370
ecu,1998,57370
ecu,1999,57370
ecu,2000,57800
ecu,2001,59800
ecu,2002,59800
ecu,2003,59800
ecu,2004,46270
ecu,2005,47270
ecu,2006,57400
ecu,2007,58400
ecu,2008,58400
ecu,2009,58983
ecu,2010,58983
ecu,2011,58983
ecu,2012,58500
ecu,2013,58983
ecu,2014,40750
ecu,2015,40750
ecu,2016,40750
egy,1985,445000
egy,1989,450000
egy,1990,434000
egy,1991,434000
egy,1992,424000
egy,1993,424000
egy,1994,430000
egy,1995,610000
egy,1996,672000
egy,1997,680000
egy,1998,680000
egy,1999,680000
egy,2000,678500
egy,2001,768000
egy,2002,773000
egy,2003,780000
egy,2004,798000
egy,2005,799000
egy,2006,866000
egy,2007,866000
egy,2008,866000
egy,2009,865500
egy,2010,835500
egy,2011,835500
egy,2012,835500
egy,2013,835500
egy,2014,835500
egy,2015,835500
egy,2016,835500
eri,1993,55000
eri,1994,55000
eri,1995,55000
eri,1996,55000
eri,1997,46000
eri,1998,47100
eri,1999,200000
eri,2000,200000
eri,2001,171900
eri,2002,172200
eri,2003,202000
eri,2004,201000
eri,2005,202000
eri,2007,202000
eri,2008,202000
eri,2009,201750
eri,2010,201750
eri,2011,201750
eri,2012,201750
eri,2013,201750
eri,2014,201750
eri,2015,201750
eri,2016,201750
esp,1985,320000
esp,1989,277000
esp,1990,263000
esp,1991,246000
esp,1992,198000
esp,1993,204000
esp,1994,213000
esp,1995,281600
esp,1996,282300
esp,1997,273250
esp,1998,269710
esp,1999,262260
esp,2000,241800
esp,2001,214700
esp,2002,251200
esp,2003,224000
esp,2004,220000
esp,2005,220000
esp,2006,222000
esp,2007,222000
esp,2008,223000
esp,2009,222422
esp,2010,223216
esp,2011,215700
esp,2012,215600
esp,2013,213950
esp,2014,200000
esp,2015,199950
esp,2016,197950
est,1992,3000
est,1993,5000
est,1994,4000
est,1995,5500
est,1996,5500
est,1997,6300
est,1998,7140
est,1999,7600
est,2000,7600
est,2001,7300
est,2002,8100
est,2003,8100
est,2004,6000
est,2005,8000
est,2006,7000
est,2007,7000
est,2008,7000
est,2009,5450
est,2010,5750
est,2011,5750
est,2012,5750
est,2013,5750
est,2014,5750
est,2015,6400
est,2016,6400
eth,1985,217000
eth,1989,250000
eth,1990,250000
eth,1991,120000
eth,1992,120000
eth,1993,120000
eth,1994,120000
eth,1995,120000
eth,1996,120000
eth,1997,120000
eth,1998,120000
eth,1999,325500
eth,2000,352500
eth,2001,252500
eth,2002,252500
eth,2003,162400
eth,2004,182000
eth,2005,183000
eth,2007,138000
eth,2008,138000
eth,2009,138000
eth,2010,138000
eth,2011,138000
eth,2012,138000
eth,2013,138000
eth,2014,138000
eth,2015,138000
eth,2016,138000
fin,1985,36500
fin,1989,39000
fin,1990,31000
fin,1991,32000
fin,1992,33000
fin,1993,31000
fin,1994,35000
fin,1995,34500
fin,1996,36000
fin,1997,34400
fin,1998,35100
fin,1999,35100
fin,2000,35100
fin,2001,35400
fin,2002,34900
fin,2003,30100
fin,2004,31000
fin,2005,31000
fin,2006,32000
fin,2007,32000
fin,2008,32000
fin,2009,25050
fin,2010,24975
fin,2011,25000
fin,2012,25000
fin,2013,25000
fin,2014,25000
fin,2015,24900
fin,2016,24200
fji,1985,2700
fji,1989,4000
fji,1990,5000
fji,1991,5000
fji,1992,5000
fji,1993,5000
fji,1994,4000
fji,1995,3900
fji,1996,3600
fji,1997,3600
fji,1998,3500
fji,1999,3500
fji,2000,3500
fji,2001,3500
fji,2002,3500
fji,2003,3500
fji,2004,3000
fji,2005,4000
fji,2006,4000
fji,2007,4000
fji,2008,4000
fji,2009,3500
fji,2010,3500
fji,2011,3500
fji,2012,3500
fji,2013,3500
fji,2014,3500
fji,2015,3500
fji,2016,3500
fra,1985,464300
fra,1989,554000
fra,1990,550000
fra,1991,542000
fra,1992,522000
fra,1993,506000
fra,1994,506000
fra,1995,502400
fra,1996,491300
fra,1997,473100
fra,1998,452200
fra,1999,411600
fra,2000,389400
fra,2001,374400
fra,2002,361800
fra,2003,360400
fra,2004,358000
fra,2005,359000
fra,2006,354000
fra,2007,353000
fra,2008,353000
fra,2009,341967
fra,2010,341967
fra,2011,332250
fra,2012,325600
fra,2013,318400
fra,2014,312350
fra,2015,306350
fra,2016,306100
gab,1985,2400
gab,1989,10000
gab,1990,9000
gab,1991,10000
gab,1992,7000
gab,1993,7000
gab,1994,6000
gab,1995,9500
gab,1996,9500
gab,1997,9500
gab,1998,9500
gab,1999,9500
gab,2000,6700
gab,2001,6700
gab,2002,6700
gab,2003,6700
gab,2004,6000
gab,2005,7000
gab,2007,7000
gab,2008,7000
gab,2009,6700
gab,2010,6700
gab,2011,6700
gab,2012,6700
gab,2013,6700
gab,2014,6700
gab,2015,6700
gab,2016,6700
gbr,1985,334000
gbr,1989,318000
gbr,1990,308000
gbr,1991,301000
gbr,1992,293000
gbr,1993,271000
gbr,1994,257000
gbr,1995,233000
gbr,1996,221000
gbr,1997,218000
gbr,1998,218000
gbr,1999,218000
gbr,2000,212500
gbr,2001,211400
gbr,2002,210400
gbr,2003,212600
gbr,2004,205000
gbr,2005,217000
gbr,2006,181000
gbr,2007,160000
gbr,2008,160000
gbr,2009,178470
gbr,2010,174020
gbr,2011,165650
gbr,2012,169150
gbr,2013,159150
gbr,2014,154700
gbr,2015,152350
gbr,2016,150250
geo,1993,25000
geo,1994,7000
geo,1995,14000
geo,1996,15000
geo,1997,39200
geo,1998,39200
geo,1999,32800
geo,2000,33400
geo,2001,28500
geo,2002,29200
geo,2003,29200
geo,2004,22000
geo,2005,23000
geo,2006,33000
geo,2007,33000
geo,2008,33000
geo,2009,32355
geo,2010,32355
geo,2011,32350
geo,2012,32350
geo,2013,32350
geo,2014,32350
geo,2015,26050
geo,2016,26050
gha,1985,15100
gha,1989,16000
gha,1990,9000
gha,1991,9000
gha,1992,7000
gha,1993,7000
gha,1994,7000
gha,1995,12800
gha,1996,14500
gha,1997,8000
gha,1998,8000
gha,1999,8000
gha,2000,8000
gha,2001,7000
gha,2002,7000
gha,2003,7000
gha,2004,7000
gha,2005,7000
gha,2007,14000
gha,2008,14000
gha,2009,15500
gha,2010,15500
gha,2011,15500
gha,2012,15500
gha,2013,15500
gha,2014,15500
gha,2015,15500
gha,2016,15500
gin,1985,9900
gin,1989,15000
gin,1990,15000
gin,1991,15000
gin,1992,15000
gin,1993,15000
gin,1994,12000
gin,1995,19300
gin,1996,19300
gin,1997,19300
gin,1998,19300
gin,1999,19300
gin,2000,19300
gin,2001,17300
gin,2002,19300
gin,2003,12300
gin,2004,11000
gin,2005,13000
gin,2007,19000
gin,2008,19000
gin,2009,19300
gin,2010,19300
gin,2011,12300
gin,2012,12300
gin,2013,12300
gin,2014,12300
gin,2015,12300
gin,2016,12300
gmb,1985,480
gmb,1989,2000
gmb,1990,2000
gmb,1991,2000
gmb,1992,1000
gmb,1993,1000
gmb,1994,1000
gmb,1995,800
gmb,1996,800
gmb,1997,800
gmb,1998,800
gmb,1999,800
gmb,2000,800
gmb,2001,800
gmb,2002,800
gmb,2003,800
gmb,2004,800
gmb,2005,800
gmb,2007,1000
gmb,2008,1000
gmb,2009,800
gmb,2010,800
gmb,2011,800
gmb,2012,800
gmb,2013,800
gmb,2014,800
gmb,2015,800
gmb,2016,800
gnb,1985,8550
gnb,1989,10000
gnb,1990,12000
gnb,1991,12000
gnb,1992,11000
gnb,1993,11000
gnb,1994,7000
gnb,1995,9200
gnb,1996,9300
gnb,1997,9250
gnb,1998,9250
gnb,1999,9300
gnb,2000,9300
gnb,2001,11300
gnb,2002,11300
gnb,2003,14200
gnb,2004,9000
gnb,2005,9000
gnb,2006,9000
gnb,2007,9000
gnb,2008,6000
gnb,2009,6458
gnb,2010,6458
gnb,2011,6450
gnb,2012,6450
gnb,2013,6450
gnb,2014,6450
gnb,2015,4450
gnb,2016,4450
gnq,1985,2200
gnq,1989,1000
gnq,1990,1000
gnq,1991,1000
gnq,1992,1000
gnq,1993,1000
gnq,1994,1000
gnq,1995,1600
gnq,1996,1600
gnq,1997,1620
gnq,1998,1600
gnq,1999,1600
gnq,2000,1600
gnq,2001,1600
gnq,2002,2300
gnq,2003,1300
gnq,2004,1000
gnq,2005,1000
gnq,2007,1000
gnq,2008,1000
gnq,2009,1320
gnq,2010,1320
gnq,2011,1320
gnq,2012,1320
gnq,2013,1320
gnq,2014,1320
gnq,2015,1320
gnq,2016,1450
grc,1985,201500
grc,1989,201000
grc,1990,201000
grc,1991,205000
grc,1992,208000
grc,1993,213000
grc,1994,206000
grc,1995,201800
grc,1996,198800
grc,1997,166300
grc,1998,172500
grc,1999,169600
grc,2000,163200
grc,2001,163200
grc,2002,181600
grc,2003,181600
grc,2004,167000
grc,2005,168000
grc,2006,161000
grc,2007,161000
grc,2008,161000
grc,2009,142936
grc,2010,149647
grc,2011,148350
grc,2012,147350
grc,2013,148950
grc,2014,146950
grc,2015,146950
grc,2016,145350
gtm,1985,31700
gtm,1989,43000
gtm,1990,43000
gtm,1991,43000
gtm,1992,44000
gtm,1993,44000
gtm,1994,34000
gtm,1995,56500
gtm,1996,56500
gtm,1997,50500
gtm,1998,41200
gtm,1999,40900
gtm,2000,52900
gtm,2001,50400
gtm,2002,50400
gtm,2003,50400
gtm,2004,48000
gtm,2005,48000
gtm,2006,35000
gtm,2007,35000
gtm,2008,35000
gtm,2009,34212
gtm,2010,34212
gtm,2011,42300
gtm,2012,42300
gtm,2013,42300
gtm,2014,43050
gtm,2015,43050
gtm,2016,43050
guy,1985,6600
guy,1989,4000
guy,1990,4000
guy,1991,4000
guy,1992,2000
guy,1993,2000
guy,1994,2000
guy,1995,3100
guy,1996,3100
guy,1997,3100
guy,1998,3100
guy,1999,3100
guy,2000,3100
guy,2001,3100
guy,2002,3100
guy,2003,3100
guy,2004,2000
guy,2005,3000
guy,2006,3000
guy,2007,3000
guy,2008,3000
guy,2009,2600
guy,2010,2600
guy,2011,1100
guy,2012,1100
guy,2013,1100
guy,2014,3400
guy,2015,3400
guy,2016,3400
hnd,1985,16600
hnd,1989,19000
hnd,1990,18000
hnd,1991,17000
hnd,1992,17000
hnd,1993,17000
hnd,1994,17000
hnd,1995,24300
hnd,1996,24300
hnd,1997,24300
hnd,1998,14300
hnd,1999,14300
hnd,2000,14300
hnd,2001,14300
hnd,2002,14300
hnd,2003,18000
hnd,2004,20000
hnd,2005,20000
hnd,2006,20000
hnd,2007,20000
hnd,2008,20000
hnd,2009,20000
hnd,2010,20000
hnd,2011,20000
hnd,2012,20000
hnd,2013,20000
hnd,2014,18700
hnd,2015,18700
hnd,2016,22700
hrv,1992,103000
hrv,1993,80000
hrv,1994,70000
hrv,1995,150000
hrv,1996,104700
hrv,1997,98000
hrv,1998,96180
hrv,1999,101000
hrv,2000,101000
hrv,2001,68300
hrv,2002,61000
hrv,2003,30800
hrv,2004,30000
hrv,2005,31000
hrv,2006,21000
hrv,2007,21000
hrv,2008,22000
hrv,2009,21600
hrv,2010,21600
hrv,2011,21600
hrv,2012,19550
hrv,2013,19550
hrv,2014,19550
hrv,2015,18550
hrv,2016,18550
hti,1985,6900
hti,1989,9000
hti,1990,8000
hti,1991,8000
hti,1992,8000
hti,1993,8000
hti,1995,7000
hti,1996,7000
hti,1997,5500
hti,1998,5300
hti,1999,5300
hti,2000,5300
hti,2001,8300
hti,2002,5300
hti,2003,5300
hti,2006,5400
hti,2010,0
hti,2011,50
hti,2012,50
hti,2013,120
hti,2014,120
hti,2015,120
hti,2016,200
hun,1985,106000
hun,1989,109000
hun,1990,94000
hun,1991,87000
hun,1992,78000
hun,1993,65000
hun,1994,60000
hun,1995,73000
hun,1996,78100
hun,1997,74100
hun,1998,70800
hun,1999,65000
hun,2000,57800
hun,2001,47800
hun,2002,47400
hun,2003,47400
hun,2004,46000
hun,2005,44000
hun,2006,44000
hun,2007,37000
hun,2008,37000
hun,2009,41626
hun,2010,34587
hun,2011,38500
hun,2012,38500
hun,2013,38500
hun,2014,38500
hun,2015,38500
hun,2016,39800
idn,1985,278100
idn,1989,285000
idn,1990,283000
idn,1991,278000
idn,1992,283000
idn,1993,271000
idn,1994,280000
idn,1995,460500
idn,1996,485200
idn,1997,484000
idn,1998,499000
idn,1999,499000
idn,2000,492000
idn,2001,492000
idn,2002,492000
idn,2003,497000
idn,2004,582000
idn,2005,582000
idn,2006,582000
idn,2007,582000
idn,2008,582000
idn,2009,582000
idn,2010,582000
idn,2011,676500
idn,2012,676500
idn,2013,676500
idn,2014,676500
idn,2015,675500
idn,2016,675500
ind,1985,1260000
ind,1989,1260000
ind,1990,1260000
ind,1991,1270000
ind,1992,1270000
ind,1993,1270000
ind,1994,1270000
ind,1995,2149500
ind,1996,2223000
ind,1997,2233000
ind,1998,2265000
ind,1999,2263000
ind,2000,2372000
ind,2001,2352700
ind,2002,2387700
ind,2003,2414700
ind,2004,2617000
ind,2005,3047000
ind,2006,2589000
ind,2007,2576000
ind,2008,2582000
ind,2009,2625586
ind,2010,2625586
ind,2011,2647150
ind,2012,2728700
ind,2013,2749700
ind,2014,2749700
ind,2015,2798800
ind,2016,2981050
irl,1985,13700
irl,1989,13000
irl,1990,13000
irl,1991,13000
irl,1992,13000
irl,1993,13000
irl,1994,17000
irl,1995,12900
irl,1996,12700
irl,1997,12700
irl,1998,11500
irl,1999,11500
irl,2000,11500
irl,2001,10500
irl,2002,10500
irl,2003,10400
irl,2004,10000
irl,2005,10000
irl,2006,10000
irl,2007,10000
irl,2008,10000
irl,2009,10460
irl,2010,10460
irl,2011,8900
irl,2012,9350
irl,2013,9350
irl,2014,9100
irl,2015,9100
irl,2016,9100
irn,1985,610000
irn,1989,604000
irn,1990,440000
irn,1991,465000
irn,1992,528000
irn,1993,528000
irn,1994,528000
irn,1995,763000
irn,1996,863000
irn,1997,868000
irn,1998,820000
irn,1999,785600
irn,2000,753000
irn,2001,553000
irn,2002,560000
irn,2003,580000
irn,2004,460000
irn,2005,585000
irn,2006,585000
irn,2007,563000
irn,2008,563000
irn,2009,563000
irn,2010,563000
irn,2011,563000
irn,2012,563000
irn,2013,563000
irn,2014,563000
irn,2015,563000
irn,2016,563000
irq,1985,1000000
irq,1989,1000000
irq,1990,1390000
irq,1991,475000
irq,1992,407000
irq,1993,407000
irq,1994,425000
irq,1995,407300
irq,1996,432500
irq,1997,442900
irq,1998,479000
irq,1999,479000
irq,2000,479000
irq,2001,467000
irq,2002,432000
irq,2003,432000
irq,2004,179000
irq,2005,227000
irq,2006,495000
irq,2007,362000
irq,2008,577000
irq,2009,659395
irq,2010,802400
irq,2011,802400
irq,2012,802400
irq,2013,177600
irq,2014,209000
irq,2015,209000
irq,2016,209000
isl,1995,100
isl,1996,100
isl,1997,120
isl,1998,120
isl,1999,100
isl,2000,100
isl,2001,100
isl,2002,100
isl,2003,100
isl,2006,130
isl,2007,130
isl,2008,130
isl,2009,130
isl,2010,130
isl,2011,180
isl,2012,180
isl,2013,200
isl,2014,200
isl,2015,250
isl,2016,250
isr,1985,142000
isr,1989,191000
isr,1990,190000
isr,1991,190000
isr,1992,181000
isr,1993,181000
isr,1994,185000
isr,1995,178100
isr,1996,181100
isr,1997,181050
isr,1998,181050
isr,1999,179550
isr,2000,180500
isr,2001,171500
isr,2002,169500
isr,2003,175000
isr,2004,176000
isr,2005,176000
isr,2006,185000
isr,2007,185000
isr,2008,185000
isr,2009,184550
isr,2010,184550
isr,2011,184550
isr,2012,184500
isr,2013,184500
isr,2014,184500
isr,2015,184500
isr,2016,184500
ita,1985,385100
ita,1989,506000
ita,1990,493000
ita,1991,473000
ita,1992,471000
ita,1993,450000
ita,1994,436000
ita,1995,585000
ita,1996,580900
ita,1997,580900
ita,1998,554100
ita,1999,521200
ita,2000,503100
ita,2001,482600
ita,2002,471100
ita,2003,454300
ita,2004,445000
ita,2005,445000
ita,2006,440000
ita,2007,436000
ita,2008,436000
ita,2009,326939
ita,2010,359378
ita,2011,367550
ita,2012,359500
ita,2013,359500
ita,2014,356850
ita,2015,356850
ita,2016,356850
jam,1985,2100
jam,1989,3000
jam,1990,3000
jam,1991,3000
jam,1992,3000
jam,1993,3000
jam,1994,3000
jam,1995,3500
jam,1996,3500
jam,1997,3470
jam,1998,3470
jam,1999,3020
jam,2000,3000
jam,2001,3000
jam,2002,3000
jam,2003,3000
jam,2004,2000
jam,2005,3000
jam,2006,3000
jam,2007,3000
jam,2008,3000
jam,2009,2830
jam,2010,2830
jam,2011,2830
jam,2012,2830
jam,2013,2830
jam,2014,3450
jam,2015,3450
jam,2016,3950
jor,1985,70300
jor,1989,190000
jor,1990,100000
jor,1991,100000
jor,1992,100000
jor,1993,100000
jor,1994,100000
jor,1995,128600
jor,1996,128700
jor,1997,134050
jor,1998,134050
jor,1999,134000
jor,2000,148900
jor,2001,110200
jor,2002,110200
jor,2003,110500
jor,2004,110000
jor,2005,111000
jor,2006,111000
jor,2007,111000
jor,2008,111000
jor,2009,110500
jor,2010,110500
jor,2011,110500
jor,2012,115500
jor,2013,115500
jor,2014,115500
jor,2015,115500
jor,2016,115500
jpn,1985,243000
jpn,1989,247000
jpn,1990,250000
jpn,1991,250000
jpn,1992,242000
jpn,1993,242000
jpn,1994,233000
jpn,1995,251500
jpn,1996,247500
jpn,1997,247600
jpn,1998,254600
jpn,1999,254600
jpn,2000,248700
jpn,2001,252100
jpn,2002,252100
jpn,2003,252100
jpn,2004,251000
jpn,2005,272000
jpn,2006,252000
jpn,2007,242000
jpn,2008,242000
jpn,2009,260382
jpn,2010,260382
jpn,2011,260086
jpn,2012,259800
jpn,2013,259800
jpn,2014,259800
jpn,2015,259800
jpn,2016,260890
kaz,1993,15000
kaz,1994,18000
kaz,1995,74500
kaz,1996,74500
kaz,1997,69600
kaz,1998,89600
kaz,1999,100300
kaz,2000,98500
kaz,2001,98500
kaz,2002,94500
kaz,2003,100300
kaz,2004,99000
kaz,2005,101000
kaz,2006,81000
kaz,2007,81000
kaz,2008,81000
kaz,2009,80500
kaz,2010,80500
kaz,2011,70500
kaz,2012,70500
kaz,2013,70500
kaz,2014,70500
kaz,2015,70500
kaz,2016,70500
ken,1985,13700
ken,1989,20000
ken,1990,20000
ken,1991,20000
ken,1992,24000
ken,1993,24000
ken,1994,22000
ken,1995,29200
ken,1996,29200
ken,1997,29200
ken,1998,29200
ken,1999,29200
ken,2000,27200
ken,2001,29400
ken,2002,29400
ken,2003,29100
ken,2004,29000
ken,2005,29000
ken,2007,29000
ken,2008,29000
ken,2009,29120
ken,2010,29120
ken,2011,29100
ken,2012,29100
ken,2013,29100
ken,2014,29100
ken,2015,29100
ken,2016,29100
kgz,1992,12000
kgz,1993,12000
kgz,1994,13000
kgz,1995,7000
kgz,1996,12000
kgz,1997,14200
kgz,1998,14200
kgz,1999,12200
kgz,2000,14000
kgz,2001,14000
kgz,2002,15900
kgz,2003,15900
kgz,2004,17000
kgz,2005,18000
kgz,2006,21000
kgz,2007,21000
kgz,2008,21000
kgz,2009,20400
kgz,2010,20400
kgz,2011,20400
kgz,2012,20400
kgz,2013,20400
kgz,2014,20400
kgz,2015,20400
kgz,2016,20400
khm,1985,35000
khm,1989,99000
khm,1990,112000
khm,1991,112000
khm,1992,135000
khm,1993,102000
khm,1994,70000
khm,1995,308500
khm,1996,307700
khm,1997,360500
khm,1998,359000
khm,1999,359000
khm,2000,360000
khm,2001,207000
khm,2002,192000
khm,2003,192000
khm,2004,192000
khm,2005,191000
khm,2006,191000
khm,2007,191000
khm,2008,191000
khm,2009,191300
khm,2010,191300
khm,2011,191300
khm,2012,191300
khm,2013,191300
khm,2014,191300
khm,2015,191300
khm,2016,191300
kor,1985,598000
kor,1989,647000
kor,1990,650000
kor,1991,750000
kor,1992,750000
kor,1993,750000
kor,1994,750000
kor,1995,641000
kor,1996,668000
kor,1997,676500
kor,1998,676500
kor,1999,676500
kor,2000,687500
kor,2001,687500
kor,2002,690500
kor,2003,690500
kor,2004,696000
kor,2005,693000
kor,2006,692000
kor,2007,692000
kor,2008,692000
kor,2009,659500
kor,2010,659500
kor,2011,659500
kor,2012,659500
kor,2013,659500
kor,2014,632500
kor,2015,634500
kor,2016,634000
kwt,1985,12000
kwt,1989,20000
kwt,1990,7000
kwt,1991,10000
kwt,1992,12000
kwt,1993,12000
kwt,1994,15000
kwt,1995,21600
kwt,1996,20800
kwt,1997,20300
kwt,1998,20300
kwt,1999,20300
kwt,2000,20300
kwt,2001,20500
kwt,2002,22100
kwt,2003,22100
kwt,2004,21000
kwt,2005,23000
kwt,2006,23000
kwt,2007,23000
kwt,2008,23000
kwt,2009,22600
kwt,2010,22600
kwt,2011,22600
kwt,2012,22600
kwt,2013,22600
kwt,2014,22600
kwt,2015,22600
kwt,2016,22600
lao,1985,53700
lao,1989,56000
lao,1990,55000
lao,1991,53000
lao,1992,37000
lao,1993,37000
lao,1994,45000
lao,1995,137000
lao,1996,137000
lao,1997,129000
lao,1998,129100
lao,1999,129100
lao,2000,129100
lao,2001,129100
lao,2002,129100
lao,2003,129100
lao,2004,129000
lao,2005,129000
lao,2006,129000
lao,2007,129000
lao,2008,129000
lao,2009,129100
lao,2010,129100
lao,2011,129100
lao,2012,129100
lao,2013,129100
lao,2014,129100
lao,2015,129100
lao,2016,129100
lbn,1985,17400
lbn,1989,18000
lbn,1990,36000
lbn,1991,36000
lbn,1992,37000
lbn,1993,37000
lbn,1994,50000
lbn,1995,62800
lbn,1996,67400
lbn,1997,73600
lbn,1998,68100
lbn,1999,80900
lbn,2000,76600
lbn,2001,84800
lbn,2002,84800
lbn,2003,85100
lbn,2004,85000
lbn,2005,85000
lbn,2006,76000
lbn,2007,76000
lbn,2008,76000
lbn,2009,79100
lbn,2010,79100
lbn,2011,80000
lbn,2012,80000
lbn,2013,80000
lbn,2014,80000
lbn,2015,80000
lbn,2016,80000
lbr,1985,6800
lbr,1989,7000
lbr,1990,8000
lbr,1991,5000
lbr,1992,2000
lbr,1995,21000
lbr,1996,22000
lbr,1997,22000
lbr,1998,14000
lbr,1999,5300
lbr,2000,15000
lbr,2001,15000
lbr,2002,15000
lbr,2003,15000
lbr,2005,15000
lbr,2006,2000
lbr,2007,2000
lbr,2008,2000
lbr,2009,2040
lbr,2010,2040
lbr,2011,2050
lbr,2012,2050
lbr,2013,2050
lbr,2014,2050
lbr,2015,2050
lbr,2016,2050
lby,1985,73000
lby,1989,86000
lby,1990,86000
lby,1991,86000
lby,1992,85000
lby,1993,85000
lby,1994,80000
lby,1995,80500
lby,1996,65500
lby,1997,65500
lby,1998,65500
lby,1999,65500
lby,2000,76500
lby,2001,76500
lby,2002,76500
lby,2003,76500
lby,2004,76000
lby,2005,76000
lby,2006,76000
lby,2007,76000
lby,2008,76000
lby,2009,76000
lby,2012,7000
lby,2013,7000
lby,2014,0
lka,1985,21600
lka,1989,22000
lka,1990,22000
lka,1991,110000
lka,1992,110000
lka,1993,110000
lka,1994,110000
lka,1995,235500
lka,1996,225200
lka,1997,227200
lka,1998,225200
lka,1999,218300
lka,2000,203600
lka,2001,209600
lka,2002,246500
lka,2003,240900
lka,2004,239000
lka,2005,200000
lka,2006,213000
lka,2007,213000
lka,2008,213000
lka,2009,223100
lka,2010,223100
lka,2011,223100
lka,2012,223100
lka,2013,223100
lka,2014,223100
lka,2015,265200
lka,2016,305200
lso,1985,2000
lso,1989,2000
lso,1990,2000
lso,1991,2000
lso,1992,2000
lso,1993,2000
lso,1994,2000
lso,1995,2000
lso,1996,2000
lso,1997,2000
lso,1998,2000
lso,1999,2000
lso,2000,2000
lso,2001,2000
lso,2002,2000
lso,2003,2000
lso,2004,2000
lso,2005,2000
lso,2006,2000
lso,2007,2000
lso,2008,2000
lso,2009,2000
lso,2010,2000
lso,2011,2000
lso,2012,2000
lso,2013,2000
lso,2014,2000
lso,2015,2000
lso,2016,2000
ltu,1992,10000
ltu,1993,10000
ltu,1994,10000
ltu,1995,8900
ltu,1996,9900
ltu,1997,10050
ltu,1998,15030
ltu,1999,16030
ltu,2000,16600
ltu,2001,17200
ltu,2002,27300
ltu,2003,27300
ltu,2004,28000
ltu,2005,29000
ltu,2006,24000
ltu,2007,24000
ltu,2008,24000
ltu,2009,25240
ltu,2010,25240
ltu,2011,23350
ltu,2012,23350
ltu,2013,21950
ltu,2014,27400
ltu,2015,28330
ltu,2016,29650
lux,1985,700
lux,1989,1000
lux,1990,1000
lux,1991,1000
lux,1992,1000
lux,1993,1000
lux,1994,1000
lux,1995,1400
lux,1996,1400
lux,1997,1360
lux,1998,1360
lux,1999,1400
lux,2000,1400
lux,2001,1500
lux,2002,1500
lux,2003,1500
lux,2004,1512
lux,2005,1512
lux,2006,1512
lux,2007,1512
lux,2008,1612
lux,2009,1512
lux,2010,1512
lux,2011,1510
lux,2012,1510
lux,2013,1510
lux,2014,1510
lux,2015,1500
lux,2016,1500
lva,1992,5000
lva,1993,5000
lva,1994,6000
lva,1995,11300
lva,1996,12300
lva,1997,8100
lva,1998,8680
lva,1999,9450
lva,2000,8500
lva,2001,10000
lva,2002,8700
lva,2003,8100
lva,2004,5000
lva,2005,5000
lva,2006,17000
lva,2007,17000
lva,2008,5000
lva,2009,5745
lva,2010,4600
lva,2011,5350
lva,2012,5310
lva,2013,5310
lva,2014,5310
lva,2015,5310
lva,2016,5310
mar,1985,149000
mar,1989,195000
mar,1990,195000
mar,1991,195000
mar,1992,195000
mar,1993,195000
mar,1994,195000
mar,1995,237500
mar,1996,236000
mar,1997,238300
mar,1998,238300
mar,1999,238300
mar,2000,240500
mar,2001,246500
mar,2002,246300
mar,2003,246300
mar,2004,250000
mar,2005,251000
mar,2006,246000
mar,2007,246000
mar,2008,246000
mar,2009,245800
mar,2010,245800
mar,2011,245800
mar,2012,245800
mar,2013,245800
mar,2014,245800
mar,2015,245800
mar,2016,245800
mda,1992,9000
mda,1993,13000
mda,1994,11000
mda,1995,15300
mda,1996,15300
mda,1997,14430
mda,1998,14450
mda,1999,14050
mda,2000,12900
mda,2001,11600
mda,2002,10600
mda,2003,10300
mda,2004,9000
mda,2005,10000
mda,2006,8000
mda,2007,9000
mda,2008,8000
mda,2009,7733
mda,2010,7733
mda,2011,7750
mda,2012,7750
mda,2013,7750
mda,2014,7750
mda,2015,7550
mda,2016,7550
mdg,1985,21100
mdg,1989,21000
mdg,1990,21000
mdg,1991,21000
mdg,1992,21000
mdg,1993,21000
mdg,1994,21000
mdg,1995,28500
mdg,1996,28500
mdg,1997,28500
mdg,1998,28500
mdg,1999,28500
mdg,2000,28500
mdg,2001,21600
mdg,2002,21600
mdg,2003,21600
mdg,2004,21000
mdg,2005,22000
mdg,2007,22000
mdg,2008,22000
mdg,2009,21600
mdg,2010,21600
mdg,2011,21600
mdg,2012,21600
mdg,2013,21600
mdg,2014,21600
mdg,2015,21600
mdg,2016,21600
mdv,1998,5000
mdv,1999,5000
mdv,2000,5000
mex,1985,129100
mex,1989,154000
mex,1990,175000
mex,1991,175000
mex,1992,175000
mex,1993,175000
mex,1994,175000
mex,1995,189000
mex,1996,190000
mex,1997,190000
mex,1998,190000
mex,1999,193770
mex,2000,207800
mex,2001,203800
mex,2002,203800
mex,2003,203800
mex,2004,203000
mex,2005,204000
mex,2006,280000
mex,2007,286000
mex,2008,305000
mex,2009,331750
mex,2010,331750
mex,2011,329750
mex,2012,329750
mex,2013,325450
mex,2014,336050
mex,2015,336050
mex,2016,336050
mkd,1992,10000
mkd,1993,10000
mkd,1994,10000
mkd,1995,17900
mkd,1996,17900
mkd,1997,22900
mkd,1998,27500
mkd,1999,23500
mkd,2000,23500
mkd,2001,26000
mkd,2002,19900
mkd,2003,20400
mkd,2004,17000
mkd,2005,19000
mkd,2006,19000
mkd,2007,19000
mkd,2008,19000
mkd,2009,8000
mkd,2010,8000
mkd,2011,8000
mkd,2012,8000
mkd,2013,8000
mkd,2014,8000
mkd,2015,15600
mkd,2016,15600
mli,1985,4900
mli,1989,8000
mli,1990,13000
mli,1991,13000
mli,1992,12000
mli,1993,12000
mli,1994,12000
mli,1995,15200
mli,1996,15200
mli,1997,15150
mli,1998,15150
mli,1999,15200
mli,2000,15200
mli,2001,15200
mli,2002,15200
mli,2003,12200
mli,2004,11000
mli,2005,12000
mli,2006,12000
mli,2007,12000
mli,2008,12000
mli,2009,12150
mli,2010,12150
mli,2011,12150
mli,2012,7800
mli,2013,11800
mli,2014,13800
mli,2015,15800
mli,2016,17800
mlt,1985,800
mlt,1989,2000
mlt,1990,2000
mlt,1991,2000
mlt,1992,2000
mlt,1993,2000
mlt,1994,2000
mlt,1995,1900
mlt,1996,2000
mlt,1997,1950
mlt,1998,1900
mlt,1999,1900
mlt,2000,2100
mlt,2001,2100
mlt,2002,2100
mlt,2003,2100
mlt,2004,2000
mlt,2005,2000
mlt,2006,2000
mlt,2007,2000
mlt,2008,2000
mlt,2009,2121
mlt,2010,2127
mlt,2011,2120
mlt,2012,2130
mlt,2013,2130
mlt,2014,2130
mlt,2015,2130
mlt,2016,2130
mmr,1985,186000
mmr,1989,200000
mmr,1990,230000
mmr,1991,286000
mmr,1992,286000
mmr,1993,322000
mmr,1994,322000
mmr,1995,371300
mmr,1996,406300
mmr,1997,429050
mmr,1998,434850
mmr,1999,429050
mmr,2000,429100
mmr,2001,444300
mmr,2002,544300
mmr,2003,595000
mmr,2004,482250
mmr,2005,483000
mmr,2006,513000
mmr,2007,513000
mmr,2008,513000
mmr,2009,513250
mmr,2010,513250
mmr,2011,513250
mmr,2012,513250
mmr,2013,513250
mmr,2014,513250
mmr,2015,513250
mmr,2016,513250
mne,2006,16000
mne,2007,15000
mne,2008,15000
mne,2009,13227
mne,2010,13084
mne,2011,12180
mne,2012,12180
mne,2013,12180
mne,2014,12180
mne,2015,12050
mne,2016,12050
mng,1985,33000
mng,1989,33000
mng,1990,32000
mng,1991,31000
mng,1992,21000
mng,1993,18000
mng,1994,18000
mng,1995,31100
mng,1996,33500
mng,1997,14900
mng,1998,17000
mng,1999,16300
mng,2000,16300
mng,2001,16300
mng,2002,16300
mng,2003,15800
mng,2004,15000
mng,2005,16000
mng,2006,16000
mng,2007,16000
mng,2008,17000
mng,2009,17200
mng,2010,17200
mng,2011,17200
mng,2012,17200
mng,2013,17500
mng,2014,17500
mng,2015,17500
mng,2016,17500
moz,1985,15800
moz,1989,65000
moz,1990,65000
moz,1991,65000
moz,1992,50000
moz,1993,50000
moz,1994,11000
moz,1995,12000
moz,1996,11000
moz,1997,6100
moz,1998,6100
moz,1999,6100
moz,2000,6100
moz,2001,11000
moz,2002,11000
moz,2003,8200
moz,2004,11000
moz,2005,11000
moz,2006,11000
moz,2007,11000
moz,2008,11000
moz,2009,11200
moz,2010,11200
moz,2011,11200
moz,2012,11200
moz,2013,11200
moz,2014,11200
moz,2015,11200
moz,2016,11200
mrt,1985,8500
mrt,1989,16000
mrt,1990,17000
mrt,1991,17000
mrt,1992,16000
mrt,1993,16000
mrt,1994,11000
mrt,1995,20700
mrt,1996,20700
mrt,1997,20650
mrt,1998,20650
mrt,1999,20650
mrt,2000,20700
mrt,2001,20600
mrt,2002,20700
mrt,2003,20700
mrt,2004,20000
mrt,2005,21000
mrt,2006,21000
mrt,2007,21000
mrt,2008,21000
mrt,2009,20870
mrt,2010,20870
mrt,2011,20850
mrt,2012,20850
mrt,2013,20850
mrt,2014,20850
mrt,2015,20850
mrt,2016,20850
mus,1985,1000
mus,1989,1000
mus,1990,1000
mus,1991,1000
mus,1992,1000
mus,1993,1000
mus,1994,1000
mus,1995,1800
mus,1996,1800
mus,1997,1800
mus,1998,1800
mus,1999,1800
mus,2000,1800
mus,2001,1600
mus,2002,2000
mus,2003,2000
mus,2005,2000
mus,2007,2000
mus,2008,2000
mus,2009,2000
mus,2010,2000
mus,2011,2500
mus,2012,2500
mus,2013,2500
mus,2014,2500
mus,2015,2550
mus,2016,2550
mwi,1985,5300
mwi,1989,7000
mwi,1990,7000
mwi,1991,8000
mwi,1992,10000
mwi,1993,10000
mwi,1994,10000
mwi,1995,9500
mwi,1996,10800
mwi,1997,6000
mwi,1998,6000
mwi,1999,6000
mwi,2000,6000
mwi,2001,6800
mwi,2002,6800
mwi,2003,6800
mwi,2004,6000
mwi,2005,7000
mwi,2006,7000
mwi,2007,7000
mwi,2008,7000
mwi,2009,5300
mwi,2010,5300
mwi,2011,6800
mwi,2012,6800
mwi,2013,6800
mwi,2014,6800
mwi,2015,6800
mwi,2016,14900
mys,1985,110000
mys,1989,115000
mys,1990,130000
mys,1991,128000
mys,1992,128000
mys,1993,115000
mys,1994,115000
mys,1995,140300
mys,1996,140300
mys,1997,131600
mys,1998,130100
mys,1999,125100
mys,2000,116100
mys,2001,120600
mys,2002,120100
mys,2003,124100
mys,2004,130000
mys,2005,135000
mys,2006,134000
mys,2007,134000
mys,2008,134000
mys,2009,133600
mys,2010,133600
mys,2011,133600
mys,2012,133600
mys,2013,133600
mys,2014,133600
mys,2015,133600
mys,2016,133600
nam,1991,8000
nam,1992,8000
nam,1993,8000
nam,1994,8000
nam,1995,8100
nam,1996,8200
nam,1997,5900
nam,1998,9100
nam,1999,9100
nam,2000,9100
nam,2001,15000
nam,2002,15000
nam,2003,15000
nam,2004,15000
nam,2005,15000
nam,2006,15000
nam,2007,15000
nam,2008,15000
nam,2009,15200
nam,2010,15200
nam,2011,15200
nam,2012,15200
nam,2013,15200
nam,2014,15200
nam,2015,15200
nam,2016,15900
ner,1985,2200
ner,1989,4000
ner,1990,5000
ner,1991,5000
ner,1992,5000
ner,1993,5000
ner,1994,5000
ner,1995,10700
ner,1996,10700
ner,1997,10700
ner,1998,10700
ner,1999,10700
ner,2000,10700
ner,2001,10700
ner,2002,10700
ner,2003,10700
ner,2004,10000
ner,2005,10000
ner,2006,10000
ner,2007,10000
ner,2008,10000
ner,2009,10700
ner,2010,10700
ner,2011,10700
ner,2012,10700
ner,2013,10700
ner,2014,10700
ner,2015,10700
ner,2016,10700
nga,1985,94000
nga,1989,107000
nga,1990,94000
nga,1991,94000
nga,1992,76000
nga,1993,76000
nga,1994,80000
nga,1995,89100
nga,1996,89100
nga,1997,107000
nga,1998,107000
nga,1999,124000
nga,2000,106500
nga,2001,160500
nga,2002,160500
nga,2003,160500
nga,2004,160000
nga,2005,161000
nga,2006,162000
nga,2007,162000
nga,2008,162000
nga,2009,162000
nga,2010,162000
nga,2011,162000
nga,2012,162000
nga,2013,162000
nga,2014,162000
nga,2015,200000
nga,2016,200000
nic,1985,62900
nic,1989,65000
nic,1990,28000
nic,1991,20000
nic,1992,15000
nic,1993,15000
nic,1994,14000
nic,1995,12000
nic,1996,17000
nic,1997,17000
nic,1998,17000
nic,1999,16000
nic,2000,16000
nic,2001,16000
nic,2002,14000
nic,2003,14000
nic,2004,14000
nic,2005,14000
nic,2006,14000
nic,2007,14000
nic,2008,12000
nic,2009,12000
nic,2010,12000
nic,2011,12000
nic,2012,12000
nic,2013,12000
nic,2014,12000
nic,2015,12000
nic,2016,12000
nld,1985,105500
nld,1989,106000
nld,1990,104000
nld,1991,104000
nld,1992,90000
nld,1993,86000
nld,1994,77000
nld,1995,78000
nld,1996,66700
nld,1997,60800
nld,1998,60780
nld,1999,60000
nld,2000,57100
nld,2001,55600
nld,2002,52900
nld,2003,59900
nld,2004,53000
nld,2005,60000
nld,2006,46000
nld,2007,41000
nld,2008,47000
nld,2009,43279
nld,2010,43279
nld,2011,43300
nld,2012,43300
nld,2013,43300
nld,2014,41900
nld,2015,41310
nld,2016,41310
nor,1985,37000
nor,1989,43000
nor,1990,51000
nor,1991,41000
nor,1992,36000
nor,1993,32000
nor,1994,33000
nor,1995,30700
nor,1996,30700
nor,1997,34300
nor,1998,28870
nor,1999,31000
nor,2000,27000
nor,2001,26700
nor,2002,26600
nor,2003,26600
nor,2004,25000
nor,2005,47000
nor,2006,16000
nor,2007,19000
nor,2008,19000
nor,2009,26450
nor,2010,24450
nor,2011,24450
nor,2012,25800
nor,2013,25800
nor,2014,25800
nor,2015,24950
nor,2016,23950
npl,1985,25000
npl,1989,35000
npl,1990,35000
npl,1991,35000
npl,1992,35000
npl,1993,35000
npl,1994,35000
npl,1995,63000
npl,1996,71000
npl,1997,86000
npl,1998,90000
npl,1999,90000
npl,2000,90000
npl,2001,86000
npl,2002,91000
npl,2003,103000
npl,2004,131000
npl,2005,131000
npl,2006,131000
npl,2007,131000
npl,2008,131000
npl,2009,157753
npl,2010,157753
npl,2011,157750
npl,2012,157750
npl,2013,157750
npl,2014,157750
npl,2015,158600
npl,2016,158600
nzl,1985,12400
nzl,1989,12000
nzl,1990,11000
nzl,1991,11000
nzl,1992,11000
nzl,1993,11000
nzl,1994,10000
nzl,1995,10100
nzl,1996,9870
nzl,1997,9550
nzl,1998,9550
nzl,1999,9530
nzl,2000,9200
nzl,2001,9200
nzl,2002,8700
nzl,2003,8600
nzl,2004,8000
nzl,2005,9000
nzl,2006,9000
nzl,2007,9000
nzl,2008,9000
nzl,2009,9673
nzl,2010,9673
nzl,2011,8550
nzl,2012,8550
nzl,2013,8500
nzl,2014,8500
nzl,2015,8950
nzl,2016,9000
omn,1985,29200
omn,1989,29000
omn,1990,32000
omn,1991,29000
omn,1992,35000
omn,1993,35000
omn,1994,35000
omn,1995,47900
omn,1996,47900
omn,1997,47900
omn,1998,47900
omn,1999,47900
omn,2000,47900
omn,2001,47800
omn,2002,46100
omn,2003,46100
omn,2004,45000
omn,2005,46000
omn,2006,47000
omn,2007,47000
omn,2008,47000
omn,2009,47000
omn,2010,47000
omn,2011,47000
omn,2012,47000
omn,2013,47000
omn,2014,47000
omn,2015,47000
omn,2016,47000
pak,1985,482800
pak,1989,520000
pak,1990,550000
pak,1991,565000
pak,1992,580000
pak,1993,580000
pak,1994,580000
pak,1995,846000
pak,1996,835000
pak,1997,834000
pak,1998,834000
pak,1999,834000
pak,2000,900000
pak,2001,908000
pak,2002,909000
pak,2003,909000
pak,2004,921000
pak,2005,921000
pak,2006,923000
pak,2007,921000
pak,2008,921000
pak,2009,921000
pak,2010,946000
pak,2011,946000
pak,2012,947800
pak,2013,947800
pak,2014,925800
pak,2015,935800
pak,2016,935800
pan,1985,12000
pan,1989,14000
pan,1990,11000
pan,1991,12000
pan,1992,11000
pan,1993,11000
pan,1994,11000
pan,1995,11800
pan,1996,11800
pan,1997,11800
pan,1998,11800
pan,1999,11800
pan,2000,11800
pan,2001,11800
pan,2002,11800
pan,2003,11800
pan,2005,12000
pan,2006,12000
pan,2007,12000
pan,2008,12000
pan,2009,12000
pan,2010,12000
pan,2011,12000
pan,2012,12000
pan,2013,12000
pan,2014,12000
pan,2015,22050
pan,2016,22050
per,1985,128000
per,1989,110000
per,1990,125000
per,1991,123000
per,1992,112000
per,1993,112000
per,1994,112000
per,1995,177600
per,1996,193600
per,1997,203000
per,1998,203000
per,1999,193000
per,2000,193000
per,2001,177000
per,2002,187000
per,2003,177000
per,2004,157000
per,2005,157000
per,2006,198000
per,2007,198000
per,2008,191000
per,2009,192000
per,2010,192000
per,2011,192000
per,2012,192000
per,2013,192000
per,2014,158000
per,2015,158000
per,2016,158000
phl,1985,114800
phl,1989,112000
phl,1990,109000
phl,1991,107000
phl,1992,107000
phl,1993,107000
phl,1994,104000
phl,1995,149000
phl,1996,150000
phl,1997,153000
phl,1998,160300
phl,1999,152500
phl,2000,148500
phl,2001,151000
phl,2002,150000
phl,2003,150000
phl,2004,146000
phl,2005,147000
phl,2006,147000
phl,2007,147000
phl,2008,147000
phl,2009,165500
phl,2010,165500
phl,2011,165500
phl,2012,165500
phl,2013,165500
phl,2014,165500
phl,2015,165500
phl,2016,165500
png,1985,3200
png,1989,3000
png,1990,4000
png,1991,4000
png,1992,4000
png,1994,4000
png,1995,3800
png,1996,3700
png,1997,4300
png,1998,4300
png,1999,4300
png,2000,4400
png,2001,4400
png,2002,3100
png,2003,3100
png,2004,3000
png,2005,3000
png,2006,3000
png,2007,3000
png,2008,3000
png,2009,3100
png,2010,3100
png,2011,3100
png,2012,1900
png,2013,1900
png,2014,1900
png,2015,1900
png,2016,3600
pol,1985,319000
pol,1989,350000
pol,1990,313000
pol,1991,305000
pol,1992,270000
pol,1993,260000
pol,1994,255000
pol,1995,302000
pol,1996,272900
pol,1997,265150
pol,1998,264050
pol,1999,264050
pol,2000,238800
pol,2001,228000
pol,2002,184400
pol,2003,184400
pol,2004,162000
pol,2005,162000
pol,2006,148000
pol,2007,142000
pol,2008,143000
pol,2009,121400
pol,2010,121400
pol,2011,118050
pol,2012,172700
pol,2013,172700
pol,2014,172700
pol,2015,172700
pol,2016,178400
prk,1985,838000
prk,1989,1040000
prk,1990,1200000
prk,1991,1200000
prk,1992,1200000
prk,1993,1100000
prk,1994,1100000
prk,1995,1243000
prk,1996,1169000
prk,1997,1244000
prk,1998,1244000
prk,1999,1244000
prk,2000,1244000
prk,2001,1271000
prk,2002,1271000
prk,2003,1271000
prk,2004,1295000
prk,2005,1295000
prk,2006,1295000
prk,2007,1295000
prk,2008,1295000
prk,2009,1379000
prk,2010,1379000
prk,2011,1379000
prk,2012,1379000
prk,2013,1379000
prk,2014,1379000
prk,2015,1379000
prk,2016,1469000
prt,1985,73000
prt,1989,104000
prt,1990,87000
prt,1991,86000
prt,1992,80000
prt,1993,68000
prt,1994,122000
prt,1995,104000
prt,1996,104000
prt,1997,100200
prt,1998,94500
prt,1999,90600
prt,2000,90500
prt,2001,90000
prt,2002,90000
prt,2003,92600
prt,2004,91000
prt,2005,93000
prt,2006,91000
prt,2007,91000
prt,2008,91000
prt,2009,91040
prt,2010,90334
prt,2011,90300
prt,2012,90300
prt,2013,79850
prt,2014,78100
prt,2015,73600
prt,2016,74500
pry,1985,14400
pry,1989,16000
pry,1990,16000
pry,1991,16000
pry,1992,16000
pry,1993,16000
pry,1994,16000
pry,1995,28300
pry,1996,35000
pry,1997,35000
pry,1998,35000
pry,1999,35000
pry,2000,35000
pry,2001,33400
pry,2002,33400
pry,2003,33400
pry,2004,24000
pry,2005,25000
pry,2006,26000
pry,2007,26000
pry,2008,26000
pry,2009,25450
pry,2010,25450
pry,2011,25450
pry,2012,25450
pry,2013,25450
pry,2014,25450
pry,2015,25450
pry,2016,25450
pse,2005,56000
pse,2006,56000
pse,2007,56000
pse,2008,56000
pse,2009,56000
pse,2010,56000
pse,2011,56000
pse,2012,56000
qat,1985,6000
qat,1989,7000
qat,1990,11000
qat,1991,11000
qat,1992,8000
qat,1993,8000
qat,1994,10000
qat,1995,11100
qat,1996,11800
qat,1997,11800
qat,1998,11800
qat,1999,11800
qat,2000,12300
qat,2001,12300
qat,2002,12400
qat,2003,12400
qat,2004,12000
qat,2005,12000
qat,2006,12000
qat,2007,12000
qat,2008,12000
qat,2009,11800
qat,2010,11800
qat,2011,11800
qat,2012,11800
qat,2013,11800
qat,2014,11800
qat,2015,11800
qat,2016,21500
rou,1985,189500
rou,1989,207000
rou,1990,126000
rou,1991,201000
rou,1992,172000
rou,1993,200000
rou,1994,200000
rou,1995,296500
rou,1996,307500
rou,1997,306050
rou,1998,295550
rou,1999,282900
rou,2000,282900
rou,2001,178900
rou,2002,179100
rou,2003,177100
rou,2004,176000
rou,2005,177000
rou,2006,154000
rou,2007,153000
rou,2008,153000
rou,2009,151645
rou,2010,153800
rou,2011,151300
rou,2012,151300
rou,2013,151300
rou,2014,151300
rou,2015,150400
rou,2016,149200
rus,1992,1900000
rus,1993,1500000
rus,1994,1400000
rus,1995,1800000
rus,1996,1622000
rus,1997,1823000
rus,1998,1702000
rus,1999,1482100
rus,2000,1427100
rus,2001,1386200
rus,2002,1397200
rus,2003,1369700
rus,2004,1452000
rus,2005,1452000
rus,2006,1446000
rus,2007,1476000
rus,2008,1476000
rus,2009,1495000
rus,2010,1430000
rus,2011,1364000
rus,2012,1364000
rus,2013,1260000
rus,2014,1287000
rus,2015,1490000
rus,2016,1454000
rwa,1985,5200
rwa,1989,6000
rwa,1990,6000
rwa,1991,30000
rwa,1992,30000
rwa,1993,30000
rwa,1994,30000
rwa,1995,47000
rwa,1996,40000
rwa,1997,62000
rwa,1998,54000
rwa,1999,54000
rwa,2000,76000
rwa,2001,79000
rwa,2002,80000
rwa,2003,61000
rwa,2004,53000
rwa,2005,53000
rwa,2007,35000
rwa,2008,35000
rwa,2009,35000
rwa,2010,35000
rwa,2011,35000
rwa,2012,35000
rwa,2013,35000
rwa,2014,35000
rwa,2015,35000
rwa,2016,35000
sau,1985,62500
sau,1989,82000
sau,1990,146000
sau,1991,191000
sau,1992,172000
sau,1993,172000
sau,1994,164000
sau,1995,177500
sau,1996,178500
sau,1997,178000
sau,1998,178000
sau,1999,178000
sau,2000,217000
sau,2001,217200
sau,2002,215000
sau,2003,215000
sau,2004,214000
sau,2005,216000
sau,2006,240000
sau,2007,238000
sau,2008,238000
sau,2009,249000
sau,2010,249000
sau,2011,249000
sau,2012,249000
sau,2013,251500
sau,2014,251500
sau,2015,251500
sau,2016,251500
sdn,1985,56600
sdn,1989,65000
sdn,1990,65000
sdn,1991,65000
sdn,1992,82000
sdn,1993,82000
sdn,1994,82000
sdn,1995,133500
sdn,1996,104000
sdn,1997,94700
sdn,1998,109700
sdn,1999,109700
sdn,2000,119500
sdn,2001,124000
sdn,2002,124000
sdn,2003,114500
sdn,2004,121000
sdn,2005,123000
sdn,2007,127000
sdn,2008,127000
sdn,2009,126800
sdn,2010,126800
sdn,2011,264300
sdn,2012,264300
sdn,2013,264300
sdn,2014,264300
sdn,2015,264300
sdn,2016,124300
sen,1985,10100
sen,1989,15000
sen,1990,18000
sen,1991,18000
sen,1992,18000
sen,1993,18000
sen,1994,14000
sen,1995,17400
sen,1996,17400
sen,1997,17350
sen,1998,17000
sen,1999,17000
sen,2000,15400
sen,2001,15600
sen,2002,15200
sen,2003,18600
sen,2004,18000
sen,2005,19000
sen,2006,19000
sen,2007,19000
sen,2008,19000
sen,2009,18620
sen,2010,18620
sen,2011,18600
sen,2012,18600
sen,2013,18600
sen,2014,18600
sen,2015,18600
sen,2016,18600
sgp,1985,55000
sgp,1989,56000
sgp,1990,56000
sgp,1991,56000
sgp,1992,56000
sgp,1993,56000
sgp,1994,56000
sgp,1995,65500
sgp,1996,65500
sgp,1997,178000
sgp,1998,180500
sgp,1999,181000
sgp,2000,168500
sgp,2001,154500
sgp,2002,156800
sgp,2003,168800
sgp,2004,165000
sgp,2005,167000
sgp,2006,167000
sgp,2007,167000
sgp,2008,167000
sgp,2009,147500
sgp,2010,147500
sgp,2011,147600
sgp,2012,147600
sgp,2013,147600
sgp,2014,147600
sgp,2015,147600
sgp,2016,147600
sle,1985,3100
sle,1989,4000
sle,1990,5000
sle,1991,5000
sle,1992,8000
sle,1993,5000
sle,1994,5000
sle,1995,7000
sle,1996,15000
sle,1997,15800
sle,1998,5800
sle,1999,3800
sle,2000,3800
sle,2001,6000
sle,2002,13000
sle,2003,13000
sle,2004,13000
sle,2005,13000
sle,2006,11000
sle,2007,11000
sle,2008,11000
sle,2009,10500
sle,2010,10500
sle,2011,10500
sle,2012,10500
sle,2013,10500
sle,2014,8500
sle,2015,8500
sle,2016,8500
slv,1985,41700
slv,1989,45000
slv,1990,55000
slv,1991,60000
slv,1992,49000
slv,1993,49000
slv,1994,30000
slv,1995,38500
slv,1996,40400
slv,1997,40400
slv,1998,36600
slv,1999,36600
slv,2000,28800
slv,2001,28800
slv,2002,28800
slv,2003,27500
slv,2004,15000
slv,2005,16000
slv,2006,28000
slv,2007,33000
slv,2008,33000
slv,2009,32500
slv,2010,32500
slv,2011,32300
slv,2012,32300
slv,2013,32300
slv,2014,41500
slv,2015,41500
slv,2016,41500
som,1985,62700
som,1989,47000
som,1990,47000
som,1995,225000
som,1996,225000
som,1997,225000
som,1998,225000
som,1999,50000
som,2000,50000
som,2009,2000
som,2010,2000
som,2011,3200
som,2012,20000
som,2013,11000
som,2014,17000
som,2015,19800
som,2016,19800
srb,1989,225000
srb,1990,180000
srb,1991,169000
srb,1992,137000
srb,1993,100000
srb,1994,130000
srb,1995,164500
srb,1996,151900
srb,1997,152200
srb,1998,152200
srb,1999,146700
srb,2000,135700
srb,2001,198500
srb,2002,124500
srb,2003,109200
srb,2004,110000
srb,2005,110000
srb,2006,24000
srb,2007,24000
srb,2008,24000
srb,2009,29125
srb,2010,29125
srb,2011,28150
srb,2012,28150
srb,2013,28150
srb,2014,28150
srb,2015,28150
srb,2016,31850
ssd,2010,140000
ssd,2011,210000
ssd,2012,210000
ssd,2013,185000
ssd,2014,185000
ssd,2015,185000
ssd,2016,185000
stp,1989,1000
stp,1990,1000
stp,1991,1000
stp,1992,1000
stp,1993,1000
stp,1994,1000
stp,1995,1000
stp,1996,1000
stp,1997,1000
stp,1998,1000
stp,1999,1000
sur,1985,2000
sur,1989,4000
sur,1990,4000
sur,1991,4000
sur,1992,2000
sur,1993,2000
sur,1994,2000
sur,1995,1800
sur,1996,1800
sur,1997,1800
sur,1998,1800
sur,1999,1800
sur,2000,2000
sur,2001,2000
sur,2002,2000
sur,2003,1800
sur,2004,1000
sur,2005,2000
sur,2006,2000
sur,2007,2000
sur,2008,2000
sur,2009,1840
sur,2010,1840
sur,2011,1840
sur,2012,1840
sur,2013,1940
sur,2014,1940
sur,2015,1940
sur,2016,1940
svk,1993,33000
svk,1994,47000
svk,1995,51000
svk,1996,46600
svk,1997,45150
svk,1998,48050
svk,1999,47480
svk,2000,41200
svk,2001,37700
svk,2002,30900
svk,2003,22000
svk,2004,20000
svk,2005,20000
svk,2006,17000
svk,2007,17000
svk,2008,17000
svk,2009,16531
svk,2010,15799
svk,2011,15850
svk,2012,15850
svk,2013,15850
svk,2014,15850
svk,2015,15850
svk,2016,15850
svn,1992,15000
svn,1993,12000
svn,1994,17000
svn,1995,12900
svn,1996,14050
svn,1997,14050
svn,1998,14050
svn,1999,14050
svn,2000,13500
svn,2001,12100
svn,2002,13500
svn,2003,11000
svn,2004,10000
svn,2005,12000
svn,2006,11000
svn,2007,12000
svn,2008,12000
svn,2009,12100
svn,2010,12100
svn,2011,12100
svn,2012,13550
svn,2013,13550
svn,2014,13550
svn,2015,13200
svn,2016,13200
swe,1985,65700
swe,1989,62000
swe,1990,65000
swe,1991,63000
swe,1992,70000
swe,1993,70000
swe,1994,70000
swe,1995,99600
swe,1996,98200
swe,1997,88950
swe,1998,88700
swe,1999,88700
swe,2000,88300
swe,2001,69500
swe,2002,69500
swe,2003,63200
swe,2004,27600
swe,2005,28600
swe,2006,24600
swe,2007,17600
swe,2008,17600
swe,2009,21870
swe,2010,21163
swe,2011,21300
swe,2012,16100
swe,2013,16100
swe,2014,30550
swe,2015,30550
swe,2016,30550
swz,1989,4000
swz,1990,3000
swz,1991,3000
swz,1992,3000
swz,1993,3000
swz,1994,3000
swz,1995,3000
swz,1996,3000
swz,1997,3000
swz,1998,3000
swz,1999,3000
syc,1985,1200
syc,1995,1300
syc,1996,1300
syc,1997,450
syc,1998,450
syc,1999,500
syc,2000,500
syc,2001,500
syc,2002,800
syc,2003,800
syc,2004,650
syc,2005,450
syc,2007,450
syc,2008,450
syc,2009,650
syc,2010,650
syc,2011,870
syc,2012,840
syc,2013,840
syc,2014,840
syc,2015,840
syc,2016,840
syr,1985,402500
syr,1989,400000
syr,1990,408000
syr,1991,408000
syr,1992,408000
syr,1993,408000
syr,1994,320000
syr,1995,531000
syr,1996,529000
syr,1997,428000
syr,1998,428000
syr,1999,424000
syr,2000,424800
syr,2001,429000
syr,2002,427000
syr,2003,427000
syr,2004,415000
syr,2005,416000
syr,2006,401000
syr,2007,401000
syr,2008,401000
syr,2009,403000
syr,2010,403000
syr,2011,178000
syr,2012,178000
syr,2013,178000
syr,2014,280500
syr,2015,277500
syr,2016,307500
tcd,1985,12200
tcd,1989,33000
tcd,1990,50000
tcd,1991,50000
tcd,1992,38000
tcd,1993,30000
tcd,1994,40000
tcd,1995,34850
tcd,1996,34850
tcd,1997,34850
tcd,1998,34850
tcd,1999,34850
tcd,2000,34600
tcd,2001,34900
tcd,2002,34900
tcd,2003,34800
tcd,2004,34000
tcd,2005,35000
tcd,2007,35000
tcd,2008,35000
tcd,2009,35030
tcd,2010,34850
tcd,2011,34850
tcd,2012,34850
tcd,2013,34850
tcd,2014,39850
tcd,2015,39850
tcd,2016,39850
tgo,1985,3600
tgo,1989,6000
tgo,1990,8000
tgo,1991,8000
tgo,1992,8000
tgo,1993,8000
tgo,1994,8000
tgo,1995,7800
tgo,1996,7800
tgo,1997,7750
tgo,1998,7750
tgo,1999,7750
tgo,2000,7800
tgo,2001,10300
tgo,2002,10300
tgo,2003,9300
tgo,2004,8750
tgo,2005,9750
tgo,2006,9750
tgo,2007,9750
tgo,2008,9750
tgo,2009,9300
tgo,2010,9300
tgo,2011,9300
tgo,2012,9300
tgo,2013,9300
tgo,2014,9300
tgo,2015,9300
tgo,2016,9300
tha,1985,235300
tha,1989,283000
tha,1990,283000
tha,1991,283000
tha,1992,283000
tha,1993,295000
tha,1994,290000
tha,1995,420500
tha,1996,393500
tha,1997,337000
tha,1998,377000
tha,1999,377000
tha,2000,416600
tha,2001,410000
tha,2002,419000
tha,2003,427200
tha,2004,419000
tha,2005,421000
tha,2006,420000
tha,2007,420000
tha,2008,421000
tha,2009,419560
tha,2010,419560
tha,2011,474550
tha,2012,453550
tha,2013,453550
tha,2014,453550
tha,2015,454550
tha,2016,454550
tjk,1992,3000
tjk,1993,3000
tjk,1994,3000
tjk,1995,18000
tjk,1996,23500
tjk,1997,10200
tjk,1998,10200
tjk,1999,10200
tjk,2000,7200
tjk,2001,7200
tjk,2002,7200
tjk,2003,7200
tjk,2004,12000
tjk,2005,13000
tjk,2006,17000
tjk,2007,17000
tjk,2008,17000
tjk,2009,16300
tjk,2010,16300
tjk,2011,16300
tjk,2012,16300
tjk,2013,16300
tjk,2014,16300
tjk,2015,16300
tjk,2016,16300
tkm,1992,28000
tkm,1993,28000
tkm,1994,15000
tkm,1995,11000
tkm,1996,18000
tkm,1997,18000
tkm,1998,19000
tkm,1999,19000
tkm,2000,14500
tkm,2001,17500
tkm,2002,17500
tkm,2003,29000
tkm,2004,26000
tkm,2005,26000
tkm,2006,22000
tkm,2007,22000
tkm,2008,22000
tkm,2009,22000
tkm,2010,22000
tkm,2011,22000
tkm,2012,22000
tkm,2013,22000
tkm,2014,36500
tkm,2015,36500
tkm,2016,41500
tls,2004,1000
tls,2006,1000
tls,2007,1000
tls,2008,1000
tls,2009,1332
tls,2010,1332
tls,2011,1330
tls,2012,1330
tls,2013,1330
tls,2014,1330
tls,2015,1330
tls,2016,1330
tto,1985,2100
tto,1989,2000
tto,1990,2000
tto,1991,2000
tto,1992,2000
tto,1993,2000
tto,1994,2000
tto,1995,6900
tto,1996,6900
tto,1997,6900
tto,1998,7400
tto,1999,7500
tto,2000,7500
tto,2001,2700
tto,2002,2700
tto,2003,2700
tto,2004,2000
tto,2005,3000
tto,2006,3000
tto,2007,4000
tto,2008,4000
tto,2009,4063
tto,2010,4063
tto,2011,4050
tto,2012,4050
tto,2013,4050
tto,2014,4050
tto,2015,4050
tto,2016,4050
tun,1985,35100
tun,1989,40000
tun,1990,35000
tun,1991,35000
tun,1992,35000
tun,1993,35000
tun,1994,35000
tun,1995,58500
tun,1996,58000
tun,1997,47000
tun,1998,47000
tun,1999,47000
tun,2000,47000
tun,2001,47000
tun,2002,47000
tun,2003,47000
tun,2004,47000
tun,2005,47000
tun,2006,48000
tun,2007,48000
tun,2008,48000
tun,2009,47800
tun,2010,47800
tun,2011,47800
tun,2012,47800
tun,2013,47800
tun,2014,47800
tun,2015,47800
tun,2016,47800
tur,1985,630000
tur,1989,780000
tur,1990,769000
tur,1991,804000
tur,1992,704000
tur,1993,686000
tur,1994,811000
tur,1995,690000
tur,1996,707200
tur,1997,821200
tur,1998,821200
tur,1999,841200
tur,2000,827700
tur,2001,665100
tur,2002,664800
tur,2003,664800
tur,2004,616000
tur,2005,617000
tur,2006,612000
tur,2007,612000
tur,2008,613000
tur,2009,612800
tur,2010,612800
tur,2011,612800
tur,2012,612800
tur,2013,612800
tur,2014,612800
tur,2015,512000
tur,2016,512000
tza,1985,40400
tza,1989,40000
tza,1990,40000
tza,1991,40000
tza,1992,46000
tza,1993,46000
tza,1994,50000
tza,1995,36000
tza,1996,36000
tza,1997,36000
tza,1998,35400
tza,1999,35400
tza,2000,35400
tza,2001,28400
tza,2002,28400
tza,2003,28400
tza,2004,28000
tza,2005,28000
tza,2007,28000
tza,2008,28000
tza,2009,28400
tza,2010,28400
tza,2011,28400
tza,2012,28400
tza,2013,28400
tza,2014,28400
tza,2015,28400
tza,2016,28400
uga,1985,20000
uga,1989,40000
uga,1990,60000
uga,1991,60000
uga,1992,70000
uga,1993,70000
uga,1994,60000
uga,1995,51500
uga,1996,51500
uga,1997,46500
uga,1998,41500
uga,1999,41500
uga,2000,50600
uga,2001,56800
uga,2002,56800
uga,2003,61800
uga,2004,55000
uga,2005,47000
uga,2007,47000
uga,2008,47000
uga,2009,46800
uga,2010,46800
uga,2011,46800
uga,2012,46800
uga,2013,46800
uga,2014,46800
uga,2015,46400
uga,2016,46400
ukr,1992,430000
ukr,1993,380000
ukr,1994,350000
ukr,1995,518500
ukr,1996,466800
ukr,1997,453400
ukr,1998,449400
ukr,1999,428000
ukr,2000,420400
ukr,2001,419800
ukr,2002,414800
ukr,2003,403000
ukr,2004,271000
ukr,2005,273000
ukr,2006,215000
ukr,2007,215000
ukr,2008,215000
ukr,2009,214825
ukr,2010,214825
ukr,2011,214850
ukr,2012,214850
ukr,2013,121500
ukr,2014,204000
ukr,2015,256000
ukr,2016,292000
ury,1985,31900
ury,1989,27000
ury,1990,25000
ury,1991,25000
ury,1992,25000
ury,1993,25000
ury,1994,25000
ury,1995,26500
ury,1996,26520
ury,1997,26050
ury,1998,26520
ury,1999,26520
ury,2000,24600
ury,2001,24800
ury,2002,24800
ury,2003,24900
ury,2004,24920
ury,2005,24920
ury,2007,25900
ury,2008,25900
ury,2009,25439
ury,2010,25439
ury,2011,25450
ury,2012,25450
ury,2013,25450
ury,2014,25450
ury,2015,25450
ury,2016,25450
usa,1985,2151600
usa,1989,2240000
usa,1990,2180000
usa,1991,2120000
usa,1992,1920000
usa,1993,1820000
usa,1994,1720000
usa,1995,1635600
usa,1996,1572100
usa,1997,1533300
usa,1998,1594000
usa,1999,1575000
usa,2000,1454800
usa,2001,1420700
usa,2002,1467000
usa,2003,1480000
usa,2004,1473000
usa,2005,1546000
usa,2006,1498000
usa,2007,1555000
usa,2008,1540000
usa,2009,1563996
usa,2010,1569417
usa,2011,1520100
usa,2012,1492200
usa,2013,1433150
usa,2014,1381250
usa,2015,1347300
usa,2016,1348400
uzb,1992,40000
uzb,1993,41000
uzb,1994,20000
uzb,1995,41700
uzb,1996,46000
uzb,1997,86000
uzb,1998,100000
uzb,1999,94000
uzb,2000,79100
uzb,2001,72000
uzb,2002,72000
uzb,2003,72000
uzb,2004,75000
uzb,2005,91000
uzb,2006,87000
uzb,2007,87000
uzb,2008,87000
uzb,2009,87000
uzb,2010,87000
uzb,2011,68000
uzb,2012,68000
uzb,2013,68000
uzb,2014,68000
uzb,2015,68000
uzb,2016,68000
ven,1985,49000
ven,1989,75000
ven,1990,75000
ven,1991,73000
ven,1992,75000
ven,1993,75000
ven,1994,75000
ven,1995,80000
ven,1996,79000
ven,1997,79000
ven,1998,79000
ven,1999,79000
ven,2000,79000
ven,2001,105300
ven,2002,105300
ven,2003,105300
ven,2004,82000
ven,2005,82000
ven,2007,115000
ven,2008,115000
ven,2009,115000
ven,2010,115000
ven,2011,115000
ven,2012,115000
ven,2013,115000
ven,2014,265000
ven,2015,265000
ven,2016,273000
vnm,1985,1027000
vnm,1989,1250000
vnm,1990,1050000
vnm,1991,1040000
vnm,1992,857000
vnm,1993,857000
vnm,1994,700000
vnm,1995,622000
vnm,1996,622000
vnm,1997,557000
vnm,1998,524000
vnm,1999,524000
vnm,2000,524000
vnm,2001,524000
vnm,2002,524000
vnm,2003,524000
vnm,2005,495000
vnm,2006,495000
vnm,2007,495000
vnm,2008,495000
vnm,2009,495000
vnm,2010,522000
vnm,2011,522000
vnm,2012,522000
vnm,2013,522000
vnm,2014,522000
vnm,2015,522000
vnm,2016,522000
yem,1985,64100
yem,1989,62000
yem,1990,127000
yem,1991,127000
yem,1992,64000
yem,1993,64000
yem,1994,69000
yem,1995,69500
yem,1996,112000
yem,1997,146300
yem,1998,136300
yem,1999,136300
yem,2000,136300
yem,2001,124000
yem,2002,136500
yem,2003,136700
yem,2004,136000
yem,2005,138000
yem,2006,138000
yem,2007,138000
yem,2008,138000
yem,2009,137900
yem,2010,137900
yem,2011,137900
yem,2012,137900
yem,2013,137900
yem,2014,20000
yem,2015,20000
yem,2016,20000
zaf,1985,106400
zaf,1989,100000
zaf,1990,85000
zaf,1991,80000
zaf,1992,75000
zaf,1993,75000
zaf,1994,75000
zaf,1995,276900
zaf,1996,277900
zaf,1997,217440
zaf,1998,211700
zaf,1999,78150
zaf,2000,71600
zaf,2001,67000
zaf,2002,60000
zaf,2003,55700
zaf,2004,55000
zaf,2005,56000
zaf,2006,103000
zaf,2007,62000
zaf,2008,62000
zaf,2009,77153
zaf,2010,77153
zaf,2011,77582
zaf,2012,62100
zaf,2013,77150
zaf,2014,82250
zaf,2015,82150
zaf,2016,81400
zmb,1985,16200
zmb,1989,17000
zmb,1990,16000
zmb,1991,16000
zmb,1992,16000
zmb,1993,16000
zmb,1994,16000
zmb,1995,23000
zmb,1996,23000
zmb,1997,23000
zmb,1998,23000
zmb,1999,23000
zmb,2000,23000
zmb,2001,23000
zmb,2002,23000
zmb,2003,19500
zmb,2004,16000
zmb,2005,16000
zmb,2006,16000
zmb,2007,16000
zmb,2008,16000
zmb,2009,16500
zmb,2010,16500
zmb,2011,16500
zmb,2012,16500
zmb,2013,16500
zmb,2014,16500
zmb,2015,16500
zmb,2016,16500
zwe,1985,41000
zwe,1989,51000
zwe,1990,45000
zwe,1991,45000
zwe,1992,48000
zwe,1993,48000
zwe,1994,43000
zwe,1995,67800
zwe,1996,64800
zwe,1997,60800
zwe,1998,60800
zwe,1999,60800
zwe,2000,61800
zwe,2001,60800
zwe,2002,57800
zwe,2003,50800
zwe,2004,50000
zwe,2005,51000
zwe,2006,51000
zwe,2007,51000
zwe,2008,51000
zwe,2009,50800
zwe,2010,50800
zwe,2011,50800
zwe,2012,50800
zwe,2013,50800
zwe,2014,50800
zwe,2015,50800
zwe,2016,50800
