geo,time,forest_coverage_percent
abw,1990,2.33
abw,1991,2.33
abw,1992,2.33
abw,1993,2.33
abw,1994,2.33
abw,1995,2.33
abw,1996,2.33
abw,1997,2.33
abw,1998,2.33
abw,1999,2.33
abw,2000,2.33
abw,2001,2.33
abw,2002,2.33
abw,2003,2.33
abw,2004,2.33
abw,2005,2.33
abw,2006,2.33
abw,2007,2.33
abw,2008,2.33
abw,2009,2.33
abw,2010,2.33
abw,2011,2.33
abw,2012,2.33
abw,2013,2.33
abw,2014,2.33
abw,2015,2.33
abw,2016,2.33
abw,2017,2.33
afg,1990,2.07
afg,1991,2.07
afg,1992,2.07
afg,1993,2.07
afg,1994,2.07
afg,1995,2.07
afg,1996,2.07
afg,1997,2.07
afg,1998,2.07
afg,1999,2.07
afg,2000,2.07
afg,2001,2.07
afg,2002,2.07
afg,2003,2.07
afg,2004,2.07
afg,2005,2.07
afg,2006,2.07
afg,2007,2.07
afg,2008,2.07
afg,2009,2.07
afg,2010,2.07
afg,2011,2.07
afg,2012,2.07
afg,2013,2.07
afg,2014,2.07
afg,2015,2.07
afg,2016,2.07
afg,2017,2.07
ago,1990,48.91
ago,1991,48.81
ago,1992,48.71
ago,1993,48.61
ago,1994,48.51
ago,1995,48.41
ago,1996,48.31
ago,1997,48.21
ago,1998,48.11
ago,1999,48.01
ago,2000,47.91
ago,2001,47.81
ago,2002,47.71
ago,2003,47.61
ago,2004,47.51
ago,2005,47.41
ago,2006,47.31
ago,2007,47.21
ago,2008,47.11
ago,2009,47.01
ago,2010,46.91
ago,2011,46.81
ago,2012,46.71
ago,2013,46.61
ago,2014,46.51
ago,2015,46.41
ago,2016,46.41
ago,2017,46.41
aia,1990,61.11
aia,1991,61.11
aia,1992,61.11
aia,1993,61.11
aia,1994,61.11
aia,1995,61.11
aia,1996,61.11
aia,1997,61.11
aia,1998,61.11
aia,1999,61.11
aia,2000,61.11
aia,2001,61.11
aia,2002,61.11
aia,2003,61.11
aia,2004,61.11
aia,2005,61.11
aia,2006,61.11
aia,2007,61.11
aia,2008,61.11
aia,2009,61.11
aia,2010,61.11
aia,2011,61.11
aia,2012,61.11
aia,2013,61.11
aia,2014,61.11
aia,2015,61.11
aia,2016,61.11
aia,2017,61.11
alb,1990,28.79
alb,1991,28.72
alb,1992,28.65
alb,1993,28.57
alb,1994,28.5
alb,1995,28.43
alb,1996,28.36
alb,1997,28.29
alb,1998,28.22
alb,1999,28.15
alb,2000,28.08
alb,2001,28.17
alb,2002,28.27
alb,2003,28.36
alb,2004,28.46
alb,2005,28.55
alb,2006,28.51
alb,2007,28.47
alb,2008,28.42
alb,2009,28.38
alb,2010,28.33
alb,2011,28.3
alb,2012,28.26
alb,2013,28.23
alb,2014,28.19
alb,2015,28.16
alb,2016,28.16
alb,2017,28.16
and,1990,34.04
and,1991,34.04
and,1992,34.04
and,1993,34.04
and,1994,34.04
and,1995,34.04
and,1996,34.04
and,1997,34.04
and,1998,34.04
and,1999,34.04
and,2000,34.04
and,2001,34.04
and,2002,34.04
and,2003,34.04
and,2004,34.04
and,2005,34.04
and,2006,34.04
and,2007,34.04
and,2008,34.04
and,2009,34.04
and,2010,34.04
and,2011,34.04
and,2012,34.04
and,2013,34.04
and,2014,34.04
and,2015,34.04
and,2016,34.04
and,2017,34.04
ant,1990,1.48
ant,1991,1.48
ant,1992,1.48
ant,1993,1.48
ant,1994,1.48
ant,1995,1.48
ant,1996,1.48
ant,1997,1.48
ant,1998,1.48
ant,1999,1.48
ant,2000,1.48
ant,2001,1.48
ant,2002,1.48
ant,2003,1.48
ant,2004,1.48
ant,2005,1.48
ant,2006,1.48
ant,2007,1.48
ant,2008,1.48
ant,2009,1.48
ant,2010,1.48
ant,2011,1.48
ant,2012,1.48
ant,2013,1.48
ant,2014,1.48
ant,2015,1.48
ant,2016,1.48
ant,2017,1.48
are,1990,3.45
are,1991,3.54
are,1992,3.63
are,1993,3.72
are,1994,3.82
are,1995,3.91
are,1996,4
are,1997,4.09
are,1998,4.18
are,1999,4.27
are,2000,4.36
are,2001,4.37
are,2002,4.38
are,2003,4.38
are,2004,4.39
are,2005,4.39
are,2006,4.41
are,2007,4.42
are,2008,4.44
are,2009,4.45
are,2010,4.47
are,2011,4.48
are,2012,4.5
are,2013,4.51
are,2014,4.53
are,2015,4.54
are,2016,4.54
are,2017,4.54
arg,1990,12.71
arg,1991,12.61
arg,1992,12.5
arg,1993,12.39
arg,1994,12.28
arg,1995,12.18
arg,1996,12.07
arg,1997,11.96
arg,1998,11.86
arg,1999,11.75
arg,2000,11.64
arg,2001,11.52
arg,2002,11.4
arg,2003,11.27
arg,2004,11.15
arg,2005,11.03
arg,2006,10.91
arg,2007,10.8
arg,2008,10.68
arg,2009,10.57
arg,2010,10.45
arg,2011,10.34
arg,2012,10.23
arg,2013,10.12
arg,2014,10.02
arg,2015,9.91
arg,2016,9.91
arg,2017,9.91
arm,1992,11.75
arm,1993,11.75
arm,1994,11.74
arm,1995,11.73
arm,1996,11.72
arm,1997,11.72
arm,1998,11.71
arm,1999,11.7
arm,2000,11.7
arm,2001,11.69
arm,2002,11.68
arm,2003,11.68
arm,2004,11.67
arm,2005,11.66
arm,2006,11.65
arm,2007,11.65
arm,2008,11.64
arm,2009,11.63
arm,2010,11.63
arm,2011,11.63
arm,2012,11.64
arm,2013,11.65
arm,2014,11.65
arm,2015,11.66
arm,2016,11.66
arm,2017,11.66
asm,1990,91.94
asm,1991,91.77
asm,1992,91.6
asm,1993,91.43
asm,1994,91.26
asm,1995,91.09
asm,1996,90.93
asm,1997,90.76
asm,1998,90.59
asm,1999,90.42
asm,2000,90.25
asm,2001,90.08
asm,2002,89.91
asm,2003,89.74
asm,2004,89.57
asm,2005,89.41
asm,2006,89.24
asm,2007,89.07
asm,2008,88.9
asm,2009,88.73
asm,2010,88.56
asm,2011,88.39
asm,2012,88.22
asm,2013,88.05
asm,2014,87.88
asm,2015,87.72
asm,2016,87.72
asm,2017,87.72
atg,1990,23.41
atg,1991,23.34
atg,1992,23.27
atg,1993,23.2
atg,1994,23.14
atg,1995,23.07
atg,1996,23
atg,1997,22.93
atg,1998,22.86
atg,1999,22.8
atg,2000,22.73
atg,2001,22.64
atg,2002,22.55
atg,2003,22.45
atg,2004,22.36
atg,2005,22.27
atg,2006,22.27
atg,2007,22.27
atg,2008,22.27
atg,2009,22.27
atg,2010,22.27
atg,2011,22.27
atg,2012,22.27
atg,2013,22.27
atg,2014,22.27
atg,2015,22.27
atg,2016,22.27
atg,2017,22.27
aus,1990,16.73
aus,1991,16.74
aus,1992,16.74
aus,1993,16.74
aus,1994,16.75
aus,1995,16.75
aus,1996,16.76
aus,1997,16.76
aus,1998,16.76
aus,1999,16.77
aus,2000,16.77
aus,2001,16.74
aus,2002,16.71
aus,2003,16.68
aus,2004,16.65
aus,2005,16.61
aus,2006,16.5
aus,2007,16.38
aus,2008,16.27
aus,2009,16.15
aus,2010,16.04
aus,2011,16.08
aus,2012,16.12
aus,2013,16.16
aus,2014,16.2
aus,2015,16.24
aus,2016,16.22
aus,2017,16.22
aut,1990,45.73
aut,1991,45.8
aut,1992,45.88
aut,1993,45.95
aut,1994,46.03
aut,1995,46.1
aut,1996,46.18
aut,1997,46.25
aut,1998,46.33
aut,1999,46.4
aut,2000,46.48
aut,2001,46.51
aut,2002,46.54
aut,2003,46.57
aut,2004,46.6
aut,2005,46.63
aut,2006,46.66
aut,2007,46.68
aut,2008,46.7
aut,2009,46.72
aut,2010,46.75
aut,2011,46.78
aut,2012,46.8
aut,2013,46.84
aut,2014,46.86
aut,2015,46.88
aut,2016,46.88
aut,2017,46.88
aze,1992,10.28
aze,1993,10.31
aze,1994,10.33
aze,1995,10.36
aze,1996,10.38
aze,1997,10.4
aze,1998,10.44
aze,1999,10.52
aze,2000,10.55
aze,2001,10.57
aze,2002,10.58
aze,2003,10.59
aze,2004,10.6
aze,2005,10.61
aze,2006,10.93
aze,2007,11.25
aze,2008,11.57
aze,2009,11.89
aze,2010,12.2
aze,2011,12.52
aze,2012,12.83
aze,2013,13.15
aze,2014,13.47
aze,2015,13.78
aze,2016,13.78
aze,2017,13.78
bdi,1990,11.25
bdi,1991,10.9
bdi,1992,10.55
bdi,1993,10.19
bdi,1994,9.84
bdi,1995,9.48
bdi,1996,9.13
bdi,1997,8.77
bdi,1998,8.42
bdi,1999,8.06
bdi,2000,7.71
bdi,2001,7.58
bdi,2002,7.45
bdi,2003,7.31
bdi,2004,7.18
bdi,2005,7.05
bdi,2006,7.61
bdi,2007,8.17
bdi,2008,8.73
bdi,2009,9.29
bdi,2010,9.85
bdi,2011,10.03
bdi,2012,10.21
bdi,2013,10.39
bdi,2014,10.57
bdi,2015,10.75
bdi,2016,10.75
bdi,2017,10.75
bel,2000,22.04
bel,2001,22.08
bel,2002,22.13
bel,2003,22.17
bel,2004,22.22
bel,2005,22.27
bel,2006,22.31
bel,2007,22.36
bel,2008,22.4
bel,2009,22.45
bel,2010,22.5
bel,2011,22.51
bel,2012,22.53
bel,2013,22.54
bel,2014,22.55
bel,2015,22.57
bel,2016,22.57
bel,2017,22.57
ben,1990,51.09
ben,1991,50.47
ben,1992,49.85
ben,1993,49.23
ben,1994,48.61
ben,1995,47.99
ben,1996,47.37
ben,1997,46.75
ben,1998,46.12
ben,1999,45.5
ben,2000,44.88
ben,2001,44.44
ben,2002,44
ben,2003,43.55
ben,2004,43.11
ben,2005,42.67
ben,2006,42.22
ben,2007,41.78
ben,2008,41.34
ben,2009,40.89
ben,2010,40.45
ben,2011,40.01
ben,2012,39.56
ben,2013,39.12
ben,2014,38.68
ben,2015,38.23
ben,2016,38.23
ben,2017,38.23
bfa,1990,25.03
bfa,1991,24.81
bfa,1992,24.59
bfa,1993,24.37
bfa,1994,24.15
bfa,1995,23.93
bfa,1996,23.71
bfa,1997,23.49
bfa,1998,23.27
bfa,1999,23.06
bfa,2000,22.84
bfa,2001,22.62
bfa,2002,22.4
bfa,2003,22.18
bfa,2004,21.96
bfa,2005,21.74
bfa,2006,21.52
bfa,2007,21.3
bfa,2008,21.09
bfa,2009,20.87
bfa,2010,20.65
bfa,2011,20.43
bfa,2012,20.21
bfa,2013,19.99
bfa,2014,19.77
bfa,2015,19.55
bfa,2016,19.55
bfa,2017,19.55
bgd,1990,11.48
bgd,1991,11.46
bgd,1992,11.44
bgd,1993,11.42
bgd,1994,11.4
bgd,1995,11.38
bgd,1996,11.36
bgd,1997,11.34
bgd,1998,11.32
bgd,1999,11.3
bgd,2000,11.28
bgd,2001,11.26
bgd,2002,11.24
bgd,2003,11.22
bgd,2004,11.2
bgd,2005,11.18
bgd,2006,11.16
bgd,2007,11.14
bgd,2008,11.12
bgd,2009,11.1
bgd,2010,11.08
bgd,2011,11.06
bgd,2012,11.04
bgd,2013,11.02
bgd,2014,11
bgd,2015,10.98
bgd,2016,10.98
bgd,2017,10.98
bgr,1990,30.07
bgr,1991,30.12
bgr,1992,30.16
bgr,1993,30.2
bgr,1994,30.25
bgr,1995,30.29
bgr,1996,30.33
bgr,1997,30.38
bgr,1998,30.42
bgr,1999,30.46
bgr,2000,30.51
bgr,2001,31.01
bgr,2002,32.03
bgr,2003,32.55
bgr,2004,33.06
bgr,2005,33.61
bgr,2006,33.77
bgr,2007,33.93
bgr,2008,34.09
bgr,2009,34.26
bgr,2010,34.42
bgr,2011,34.58
bgr,2012,34.74
bgr,2013,34.9
bgr,2014,35.06
bgr,2015,35.22
bgr,2016,35.22
bgr,2017,35.22
bhr,1990,0.31
bhr,1991,0.34
bhr,1992,0.35
bhr,1993,0.37
bhr,1994,0.39
bhr,1995,0.41
bhr,1996,0.44
bhr,1997,0.46
bhr,1998,0.48
bhr,1999,0.5
bhr,2000,0.52
bhr,2001,0.54
bhr,2002,0.57
bhr,2003,0.58
bhr,2004,0.59
bhr,2005,0.61
bhr,2006,0.63
bhr,2007,0.64
bhr,2008,0.65
bhr,2009,0.67
bhr,2010,0.69
bhr,2011,0.71
bhr,2012,0.72
bhr,2013,0.74
bhr,2014,0.76
bhr,2015,0.78
bhr,2016,0.78
bhr,2017,0.77
bhs,1990,51.45
bhs,1991,51.45
bhs,1992,51.45
bhs,1993,51.45
bhs,1994,51.45
bhs,1995,51.45
bhs,1996,51.45
bhs,1997,51.45
bhs,1998,51.45
bhs,1999,51.45
bhs,2000,51.45
bhs,2001,51.45
bhs,2002,51.45
bhs,2003,51.45
bhs,2004,51.45
bhs,2005,51.45
bhs,2006,51.45
bhs,2007,51.45
bhs,2008,51.45
bhs,2009,51.45
bhs,2010,51.45
bhs,2011,51.45
bhs,2012,51.45
bhs,2013,51.45
bhs,2014,51.45
bhs,2015,51.45
bhs,2016,51.45
bhs,2017,51.45
bih,1992,43.07
bih,1993,43.02
bih,1994,42.97
bih,1995,42.92
bih,1996,42.87
bih,1997,42.82
bih,1998,42.77
bih,1999,42.72
bih,2000,42.68
bih,2001,42.68
bih,2002,42.68
bih,2003,42.68
bih,2004,42.68
bih,2005,42.68
bih,2006,42.68
bih,2007,42.68
bih,2008,42.68
bih,2009,42.68
bih,2010,42.68
bih,2011,42.68
bih,2012,42.68
bih,2013,42.68
bih,2014,42.68
bih,2015,42.68
bih,2016,42.68
bih,2017,42.68
blr,1992,38.84
blr,1993,39.08
blr,1994,39.33
blr,1995,39.57
blr,1996,39.81
blr,1997,40.06
blr,1998,40.3
blr,1999,40.54
blr,2000,40.79
blr,2001,40.95
blr,2002,41.11
blr,2003,41.27
blr,2004,41.43
blr,2005,41.59
blr,2006,41.67
blr,2007,41.77
blr,2008,41.87
blr,2009,41.98
blr,2010,42.06
blr,2011,42.16
blr,2012,42.25
blr,2013,42.35
blr,2014,42.44
blr,2015,42.53
blr,2016,42.53
blr,2017,42.53
blz,1990,70.85
blz,1991,70.16
blz,1992,69.47
blz,1993,68.79
blz,1994,68.1
blz,1995,67.41
blz,1996,66.72
blz,1997,66.04
blz,1998,65.35
blz,1999,64.66
blz,2000,63.98
blz,2001,63.6
blz,2002,63.23
blz,2003,62.85
blz,2004,62.48
blz,2005,62.1
blz,2006,61.88
blz,2007,61.66
blz,2008,61.44
blz,2009,61.22
blz,2010,61
blz,2011,60.78
blz,2012,60.56
blz,2013,60.34
blz,2014,60.12
blz,2015,59.9
blz,2016,59.9
blz,2017,59.9
bmu,1990,18.52
bmu,1991,18.52
bmu,1992,18.52
bmu,1993,18.52
bmu,1994,18.52
bmu,1995,18.52
bmu,1996,18.52
bmu,1997,18.52
bmu,1998,18.52
bmu,1999,18.52
bmu,2000,18.52
bmu,2001,18.52
bmu,2002,18.52
bmu,2003,18.52
bmu,2004,18.52
bmu,2005,18.52
bmu,2006,18.52
bmu,2007,18.52
bmu,2008,18.52
bmu,2009,18.52
bmu,2010,18.52
bmu,2011,18.52
bmu,2012,18.52
bmu,2013,18.52
bmu,2014,18.52
bmu,2015,18.52
bmu,2016,18.52
bmu,2017,18.52
bol,1990,57.97
bol,1991,57.72
bol,1992,57.47
bol,1993,57.22
bol,1994,56.97
bol,1995,56.72
bol,1996,56.47
bol,1997,56.22
bol,1998,55.97
bol,1999,55.72
bol,2000,55.47
bol,2001,55.22
bol,2002,54.97
bol,2003,54.72
bol,2004,54.47
bol,2005,54.22
bol,2006,53.75
bol,2007,53.29
bol,2008,52.82
bol,2009,52.35
bol,2010,51.89
bol,2011,51.62
bol,2012,51.35
bol,2013,51.09
bol,2014,50.82
bol,2015,50.55
bol,2016,50.55
bol,2017,50.55
bra,1990,65.41
bra,1991,65.11
bra,1992,64.8
bra,1993,64.5
bra,1994,64.19
bra,1995,63.89
bra,1996,63.58
bra,1997,63.28
bra,1998,62.98
bra,1999,62.67
bra,2000,62.37
bra,2001,62.02
bra,2002,61.67
bra,2003,61.32
bra,2004,60.98
bra,2005,60.63
bra,2006,60.43
bra,2007,60.23
bra,2008,60.03
bra,2009,59.84
bra,2010,59.64
bra,2011,59.52
bra,2012,59.4
bra,2013,59.28
bra,2014,59.17
bra,2015,59.05
bra,2016,59.05
bra,2017,59.05
brb,1990,14.65
brb,1991,14.65
brb,1992,14.65
brb,1993,14.65
brb,1994,14.65
brb,1995,14.65
brb,1996,14.65
brb,1997,14.65
brb,1998,14.65
brb,1999,14.65
brb,2000,14.65
brb,2001,14.65
brb,2002,14.65
brb,2003,14.65
brb,2004,14.65
brb,2005,14.65
brb,2006,14.65
brb,2007,14.65
brb,2008,14.65
brb,2009,14.65
brb,2010,14.65
brb,2011,14.65
brb,2012,14.65
brb,2013,14.65
brb,2014,14.65
brb,2015,14.65
brb,2016,14.65
brb,2017,14.65
brn,1990,78.37
brn,1991,78.06
brn,1992,77.76
brn,1993,77.46
brn,1994,77.15
brn,1995,76.85
brn,1996,76.55
brn,1997,76.24
brn,1998,75.94
brn,1999,75.64
brn,2000,75.33
brn,2001,75.03
brn,2002,74.72
brn,2003,74.42
brn,2004,74.12
brn,2005,73.81
brn,2006,73.47
brn,2007,73.13
brn,2008,72.79
brn,2009,72.45
brn,2010,72.11
brn,2011,72.11
brn,2012,72.11
brn,2013,72.11
brn,2014,72.11
brn,2015,72.11
brn,2016,72.11
brn,2017,72.11
btn,1990,53.65
btn,1991,53.86
btn,1992,54.08
btn,1993,54.29
btn,1994,63.98
btn,1995,64.23
btn,1996,64.48
btn,1997,64.73
btn,1998,64.98
btn,1999,65.23
btn,2000,65.48
btn,2001,65.73
btn,2002,65.98
btn,2003,66.23
btn,2004,69.41
btn,2005,69.67
btn,2006,69.93
btn,2007,70.19
btn,2008,70.45
btn,2009,70.71
btn,2010,70.97
btn,2011,71.23
btn,2012,71.49
btn,2013,71.75
btn,2014,72.02
btn,2015,72.28
btn,2016,72.22
btn,2017,72.22
bwa,1990,24.21
bwa,1991,24
bwa,1992,23.79
bwa,1993,23.58
bwa,1994,23.37
bwa,1995,23.16
bwa,1996,22.95
bwa,1997,22.74
bwa,1998,22.54
bwa,1999,22.33
bwa,2000,22.12
bwa,2001,21.91
bwa,2002,21.7
bwa,2003,21.49
bwa,2004,21.28
bwa,2005,21.07
bwa,2006,20.86
bwa,2007,20.66
bwa,2008,20.45
bwa,2009,20.24
bwa,2010,20.03
bwa,2011,19.85
bwa,2012,19.67
bwa,2013,19.49
bwa,2014,19.31
bwa,2015,19.13
bwa,2016,19.13
bwa,2017,19.13
caf,1990,36.21
caf,1991,36.19
caf,1992,36.16
caf,1993,36.14
caf,1994,36.11
caf,1995,36.09
caf,1996,36.06
caf,1997,36.04
caf,1998,36.01
caf,1999,35.99
caf,2000,35.96
caf,2001,35.94
caf,2002,35.91
caf,2003,35.89
caf,2004,35.86
caf,2005,35.84
caf,2006,35.81
caf,2007,35.79
caf,2008,35.76
caf,2009,35.74
caf,2010,35.71
caf,2011,35.69
caf,2012,35.66
caf,2013,35.64
caf,2014,35.61
caf,2015,35.59
caf,2016,35.59
caf,2017,35.59
can,1990,38.85
can,1991,38.84
can,1992,38.84
can,1993,38.83
can,1994,38.82
can,1995,38.82
can,1996,38.81
can,1997,38.81
can,1998,38.8
can,1999,38.8
can,2000,38.79
can,2001,38.79
can,2002,38.78
can,2003,38.78
can,2004,38.77
can,2005,38.77
can,2006,38.76
can,2007,38.76
can,2008,38.75
can,2009,38.74
can,2010,38.74
can,2011,38.73
can,2012,38.73
can,2013,38.72
can,2014,38.72
can,2015,38.71
can,2016,38.71
can,2017,38.71
che,1990,29.12
che,1991,29.23
che,1992,29.34
che,1993,29.44
che,1994,29.55
che,1995,29.66
che,1996,29.77
che,1997,29.88
che,1998,29.99
che,1999,30.1
che,2000,30.21
che,2001,30.33
che,2002,30.44
che,2003,30.56
che,2004,30.68
che,2005,30.8
che,2006,30.89
che,2007,30.98
che,2008,31.07
che,2009,31.16
che,2010,31.25
che,2011,31.35
che,2012,31.45
che,2013,31.54
che,2014,31.64
che,2015,31.73
che,2016,31.73
che,2017,31.73
cheslo,1990,36.3
cheslo,1991,36.31
cheslo,1992,36.31
chl,1990,20.53
chl,1991,20.6
chl,1992,20.68
chl,1993,20.76
chl,1994,20.83
chl,1995,20.91
chl,1996,20.99
chl,1997,21.07
chl,1998,21.14
chl,1999,21.22
chl,2000,21.3
chl,2001,21.35
chl,2002,21.41
chl,2003,21.46
chl,2004,21.52
chl,2005,21.58
chl,2006,21.63
chl,2007,21.68
chl,2008,21.73
chl,2009,21.78
chl,2010,21.83
chl,2011,22.23
chl,2012,22.64
chl,2013,23.04
chl,2014,23.45
chl,2015,23.85
chl,2016,23.85
chl,2017,23.85
chn,1990,16.67
chn,1991,16.88
chn,1992,17.09
chn,1993,17.31
chn,1994,17.52
chn,1995,17.73
chn,1996,17.94
chn,1997,18.15
chn,1998,18.36
chn,1999,18.57
chn,2000,18.78
chn,2001,19.12
chn,2002,19.46
chn,2003,19.8
chn,2004,20.14
chn,2005,20.48
chn,2006,20.64
chn,2007,20.8
chn,2008,20.96
chn,2009,21.13
chn,2010,21.29
chn,2011,21.45
chn,2012,21.61
chn,2013,21.78
chn,2014,21.94
chn,2015,22.1
chn,2016,22.1
chn,2017,22.1
civ,1990,32.14
civ,1991,32.18
civ,1992,32.21
civ,1993,32.24
civ,1994,32.28
civ,1995,32.31
civ,1996,32.34
civ,1997,32.38
civ,1998,32.41
civ,1999,32.44
civ,2000,32.48
civ,2001,32.53
civ,2002,32.57
civ,2003,32.62
civ,2004,32.67
civ,2005,32.72
civ,2006,32.72
civ,2007,32.72
civ,2008,32.72
civ,2009,32.72
civ,2010,32.71
civ,2011,32.71
civ,2012,32.71
civ,2013,32.71
civ,2014,32.71
civ,2015,32.71
civ,2016,32.71
civ,2017,32.71
cmr,1990,51.44
cmr,1991,50.97
cmr,1992,50.51
cmr,1993,50.04
cmr,1994,49.58
cmr,1995,49.11
cmr,1996,48.65
cmr,1997,48.18
cmr,1998,47.72
cmr,1999,47.25
cmr,2000,46.79
cmr,2001,46.32
cmr,2002,45.85
cmr,2003,45.39
cmr,2004,44.92
cmr,2005,44.46
cmr,2006,43.99
cmr,2007,43.53
cmr,2008,43.06
cmr,2009,42.6
cmr,2010,42.13
cmr,2011,41.67
cmr,2012,41.2
cmr,2013,40.74
cmr,2014,40.27
cmr,2015,39.8
cmr,2016,39.8
cmr,2017,39.8
cod,1990,70.74
cod,1991,70.6
cod,1992,70.46
cod,1993,70.32
cod,1994,70.19
cod,1995,70.05
cod,1996,69.91
cod,1997,69.77
cod,1998,69.64
cod,1999,69.5
cod,2000,69.36
cod,2001,69.23
cod,2002,69.09
cod,2003,68.95
cod,2004,68.81
cod,2005,68.68
cod,2006,68.54
cod,2007,68.4
cod,2008,68.26
cod,2009,68.13
cod,2010,67.99
cod,2011,67.85
cod,2012,67.71
cod,2013,67.58
cod,2014,67.44
cod,2015,67.3
cod,2016,67.3
cod,2017,67.3
cog,1990,66.55
cog,1991,66.5
cog,1992,66.45
cog,1993,66.4
cog,1994,66.35
cog,1995,66.3
cog,1996,66.25
cog,1997,66.2
cog,1998,66.15
cog,1999,66.1
cog,2000,66.05
cog,2001,66
cog,2002,65.95
cog,2003,65.9
cog,2004,65.85
cog,2005,65.8
cog,2006,65.77
cog,2007,65.73
cog,2008,65.7
cog,2009,65.66
cog,2010,65.63
cog,2011,65.58
cog,2012,65.53
cog,2013,65.49
cog,2014,65.44
cog,2015,65.4
cog,2016,65.4
cog,2017,65.4
cok,1990,60
cok,1991,60.29
cok,1992,60.58
cok,1993,60.88
cok,1994,61.17
cok,1995,61.46
cok,1996,61.75
cok,1997,62.04
cok,1998,62.33
cok,1999,62.63
cok,2000,62.92
cok,2001,62.92
cok,2002,62.92
cok,2003,62.92
cok,2004,62.92
cok,2005,62.92
cok,2006,62.92
cok,2007,62.92
cok,2008,62.92
cok,2009,62.92
cok,2010,62.92
cok,2011,62.92
cok,2012,62.92
cok,2013,62.92
cok,2014,62.92
cok,2015,62.92
cok,2016,62.92
cok,2017,62.92
col,1990,58.06
col,1991,57.82
col,1992,57.59
col,1993,57.35
col,1994,57.12
col,1995,56.88
col,1996,56.64
col,1997,56.41
col,1998,56.17
col,1999,55.94
col,2000,55.7
col,2001,55.41
col,2002,55.12
col,2003,54.84
col,2004,54.55
col,2005,54.26
col,2006,53.98
col,2007,53.7
col,2008,53.41
col,2009,53.13
col,2010,52.85
col,2011,52.82
col,2012,52.8
col,2013,52.78
col,2014,52.75
col,2015,52.73
col,2016,52.73
col,2017,52.73
com,1990,26.33
com,1991,26.11
com,1992,25.9
com,1993,25.69
com,1994,25.47
com,1995,25.26
com,1996,25.04
com,1997,24.83
com,1998,24.61
com,1999,24.4
com,2000,24.18
com,2001,23.86
com,2002,23.54
com,2003,23.21
com,2004,22.89
com,2005,22.57
com,2006,22.25
com,2007,21.92
com,2008,21.6
com,2009,21.28
com,2010,20.96
com,2011,20.74
com,2012,20.53
com,2013,20.31
com,2014,20.1
com,2015,19.88
com,2016,19.88
com,2017,19.88
cpv,1990,14.33
cpv,1991,14.93
cpv,1992,15.54
cpv,1993,16.14
cpv,1994,16.75
cpv,1995,17.35
cpv,1996,17.95
cpv,1997,18.56
cpv,1998,19.16
cpv,1999,19.77
cpv,2000,20.37
cpv,2001,20.44
cpv,2002,20.52
cpv,2003,20.59
cpv,2004,20.67
cpv,2005,20.74
cpv,2006,20.82
cpv,2007,20.89
cpv,2008,20.97
cpv,2009,21.04
cpv,2010,21.11
cpv,2011,21.35
cpv,2012,21.59
cpv,2013,21.83
cpv,2014,22.07
cpv,2015,22.31
cpv,2016,22.31
cpv,2017,22.31
cri,1990,50.22
cri,1991,49.85
cri,1992,49.48
cri,1993,49.11
cri,1994,48.74
cri,1995,48.37
cri,1996,48.01
cri,1997,47.64
cri,1998,47.27
cri,1999,46.9
cri,2000,46.53
cri,2001,46.98
cri,2002,47.43
cri,2003,47.88
cri,2004,48.34
cri,2005,48.79
cri,2006,49.23
cri,2007,49.68
cri,2008,50.13
cri,2009,50.57
cri,2010,51.02
cri,2011,51.61
cri,2012,52.2
cri,2013,52.79
cri,2014,53.38
cri,2015,53.98
cri,2016,53.98
cri,2017,53.98
cub,1990,19.16
cub,1991,19.51
cub,1992,19.86
cub,1993,20.22
cub,1994,20.57
cub,1995,20.92
cub,1996,21.27
cub,1997,21.62
cub,1998,21.97
cub,1999,22.32
cub,2000,22.67
cub,2001,23.16
cub,2002,23.87
cub,2003,24.36
cub,2004,24.85
cub,2005,25.34
cub,2006,25.78
cub,2007,26.22
cub,2008,26.66
cub,2009,27.1
cub,2010,27.55
cub,2011,27.94
cub,2012,28.55
cub,2013,29.68
cub,2014,30.25
cub,2015,30.76
cub,2016,30.76
cub,2017,30.76
cym,1990,52.92
cym,1991,52.92
cym,1992,52.92
cym,1993,52.92
cym,1994,52.92
cym,1995,52.92
cym,1996,52.92
cym,1997,52.92
cym,1998,52.92
cym,1999,52.92
cym,2000,52.92
cym,2001,52.92
cym,2002,52.92
cym,2003,52.92
cym,2004,52.92
cym,2005,52.92
cym,2006,52.92
cym,2007,52.92
cym,2008,52.92
cym,2009,52.92
cym,2010,52.92
cym,2011,52.92
cym,2012,52.92
cym,2013,52.92
cym,2014,52.92
cym,2015,52.92
cym,2016,52.92
cym,2017,52.92
cyp,1990,17.44
cyp,1991,17.55
cyp,1992,17.66
cyp,1993,17.78
cyp,1994,17.89
cyp,1995,18
cyp,1996,18.12
cyp,1997,18.23
cyp,1998,18.35
cyp,1999,18.46
cyp,2000,18.57
cyp,2001,18.6
cyp,2002,18.63
cyp,2003,18.65
cyp,2004,18.68
cyp,2005,18.71
cyp,2006,18.71
cyp,2007,18.71
cyp,2008,18.71
cyp,2009,18.71
cyp,2010,18.71
cyp,2011,18.7
cyp,2012,18.7
cyp,2013,18.7
cyp,2014,18.69
cyp,2015,18.69
cyp,2016,18.69
cyp,2017,18.69
cze,1993,34.05
cze,1994,34.06
cze,1995,34.08
cze,1996,34.09
cze,1997,34.1
cze,1998,34.11
cze,1999,34.12
cze,2000,34.13
cze,2001,34.15
cze,2002,34.18
cze,2003,34.2
cze,2004,34.24
cze,2005,34.26
cze,2006,34.29
cze,2007,34.32
cze,2008,34.34
cze,2009,34.37
cze,2010,34.4
cze,2011,34.43
cze,2012,34.46
cze,2013,34.49
cze,2014,34.51
cze,2015,34.54
cze,2016,34.54
cze,2017,34.54
deu,1990,32.37
deu,1991,32.38
deu,1992,32.4
deu,1993,32.41
deu,1994,32.43
deu,1995,32.45
deu,1996,32.46
deu,1997,32.48
deu,1998,32.5
deu,1999,32.52
deu,2000,32.54
deu,2001,32.56
deu,2002,32.58
deu,2003,32.6
deu,2004,32.62
deu,2005,32.64
deu,2006,32.66
deu,2007,32.68
deu,2008,32.7
deu,2009,32.71
deu,2010,32.73
deu,2011,32.74
deu,2012,32.75
deu,2013,32.72
deu,2014,32.72
deu,2015,32.73
deu,2016,32.69
deu,2017,32.68
dji,1990,0.24
dji,1991,0.24
dji,1992,0.24
dji,1993,0.24
dji,1994,0.24
dji,1995,0.24
dji,1996,0.24
dji,1997,0.24
dji,1998,0.24
dji,1999,0.24
dji,2000,0.24
dji,2001,0.24
dji,2002,0.24
dji,2003,0.24
dji,2004,0.24
dji,2005,0.24
dji,2006,0.24
dji,2007,0.24
dji,2008,0.24
dji,2009,0.24
dji,2010,0.24
dji,2011,0.24
dji,2012,0.24
dji,2013,0.24
dji,2014,0.24
dji,2015,0.24
dji,2016,0.24
dji,2017,0.24
dma,1990,66.67
dma,1991,66.31
dma,1992,65.95
dma,1993,65.6
dma,1994,65.24
dma,1995,64.89
dma,1996,64.53
dma,1997,64.17
dma,1998,63.82
dma,1999,63.46
dma,2000,63.11
dma,2001,62.75
dma,2002,62.39
dma,2003,62.03
dma,2004,61.68
dma,2005,61.32
dma,2006,60.97
dma,2007,60.61
dma,2008,60.26
dma,2009,59.9
dma,2010,59.55
dma,2011,59.19
dma,2012,58.84
dma,2013,58.48
dma,2014,58.13
dma,2015,57.77
dma,2016,57.77
dma,2017,57.77
dnk,1990,12.81
dnk,1991,12.91
dnk,1992,13
dnk,1993,13.1
dnk,1994,13.2
dnk,1995,13.3
dnk,1996,13.4
dnk,1997,13.5
dnk,1998,13.6
dnk,1999,13.7
dnk,2000,13.8
dnk,2001,13.67
dnk,2002,13.54
dnk,2003,13.41
dnk,2004,13.28
dnk,2005,13.14
dnk,2006,13.28
dnk,2007,13.42
dnk,2008,13.56
dnk,2009,13.7
dnk,2010,13.84
dnk,2011,13.96
dnk,2012,14.93
dnk,2013,15.05
dnk,2014,15.18
dnk,2015,15.31
dnk,2016,15.31
dnk,2017,15.31
dom,1990,22.87
dom,1991,23.66
dom,1992,24.45
dom,1993,25.24
dom,1994,26.03
dom,1995,26.82
dom,1996,27.61
dom,1997,28.39
dom,1998,29.18
dom,1999,29.97
dom,2000,30.76
dom,2001,31.45
dom,2002,32.13
dom,2003,32.82
dom,2004,33.51
dom,2005,34.2
dom,2006,34.88
dom,2007,35.56
dom,2008,36.25
dom,2009,36.93
dom,2010,37.61
dom,2011,38.3
dom,2012,38.99
dom,2013,39.67
dom,2014,40.36
dom,2015,41.05
dom,2016,41.05
dom,2017,41.05
dza,1990,0.7
dza,1991,0.7
dza,1992,0.69
dza,1993,0.69
dza,1994,0.69
dza,1995,0.68
dza,1996,0.68
dza,1997,0.67
dza,1998,0.67
dza,1999,0.67
dza,2000,0.66
dza,2001,0.66
dza,2002,0.66
dza,2003,0.65
dza,2004,0.65
dza,2005,0.64
dza,2006,0.68
dza,2007,0.71
dza,2008,0.74
dza,2009,0.77
dza,2010,0.81
dza,2011,0.81
dza,2012,0.81
dza,2013,0.81
dza,2014,0.82
dza,2015,0.82
dza,2016,0.82
dza,2017,0.82
ecu,1990,52.85
ecu,1991,52.52
ecu,1992,52.2
ecu,1993,51.87
ecu,1994,51.55
ecu,1995,51.22
ecu,1996,50.89
ecu,1997,50.57
ecu,1998,56
ecu,1999,55.64
ecu,2000,55.28
ecu,2001,54.96
ecu,2002,54.64
ecu,2003,54.33
ecu,2004,54.01
ecu,2005,53.69
ecu,2006,53.38
ecu,2007,53.06
ecu,2008,52.74
ecu,2009,52.43
ecu,2010,52.11
ecu,2011,51.79
ecu,2012,51.47
ecu,2013,51.16
ecu,2014,50.84
ecu,2015,50.52
ecu,2016,50.52
ecu,2017,50.52
egy,1990,0.04
egy,1991,0.05
egy,1992,0.05
egy,1993,0.05
egy,1994,0.05
egy,1995,0.05
egy,1996,0.05
egy,1997,0.05
egy,1998,0.06
egy,1999,0.06
egy,2000,0.06
egy,2001,0.06
egy,2002,0.06
egy,2003,0.06
egy,2004,0.07
egy,2005,0.07
egy,2006,0.07
egy,2007,0.07
egy,2008,0.07
egy,2009,0.07
egy,2010,0.07
egy,2011,0.07
egy,2012,0.07
egy,2013,0.07
egy,2014,0.07
egy,2015,0.07
egy,2016,0.07
egy,2017,0.07
eri,1993,15.92
eri,1994,15.87
eri,1995,15.83
eri,1996,15.78
eri,1997,15.74
eri,1998,15.69
eri,1999,15.65
eri,2000,15.6
eri,2001,15.56
eri,2002,15.52
eri,2003,15.47
eri,2004,15.43
eri,2005,15.39
eri,2006,15.34
eri,2007,15.3
eri,2008,15.26
eri,2009,15.21
eri,2010,15.17
eri,2011,15.12
eri,2012,15.08
eri,2013,15.04
eri,2014,14.99
eri,2015,14.95
eri,2016,14.95
eri,2017,14.95
esh,1990,2.66
esh,1991,2.66
esh,1992,2.66
esh,1993,2.66
esh,1994,2.66
esh,1995,2.66
esh,1996,2.66
esh,1997,2.66
esh,1998,2.66
esh,1999,2.66
esh,2000,2.66
esh,2001,2.66
esh,2002,2.66
esh,2003,2.66
esh,2004,2.66
esh,2005,2.66
esh,2006,2.66
esh,2007,2.66
esh,2008,2.66
esh,2009,2.66
esh,2010,2.66
esh,2011,2.66
esh,2012,2.66
esh,2013,2.66
esh,2014,2.66
esh,2015,2.66
esh,2016,2.66
esh,2017,2.66
esp,1990,27.65
esp,1991,28.28
esp,1992,28.92
esp,1993,29.55
esp,1994,30.19
esp,1995,30.82
esp,1996,31.46
esp,1997,32.09
esp,1998,32.72
esp,1999,33.36
esp,2000,34.02
esp,2001,34.18
esp,2002,34.26
esp,2003,34.37
esp,2004,34.5
esp,2005,34.63
esp,2006,35.02
esp,2007,35.4
esp,2008,35.81
esp,2009,36.21
esp,2010,36.49
esp,2011,36.57
esp,2012,36.62
esp,2013,36.68
esp,2014,36.75
esp,2015,36.86
esp,2016,36.87
esp,2017,36.87
est,1992,52.22
est,1993,52.3
est,1994,52.39
est,1995,52.48
est,1996,52.56
est,1997,52.65
est,1998,52.74
est,1999,52.83
est,2000,52.91
est,2001,52.96
est,2002,53
est,2003,53.04
est,2004,53.08
est,2005,53.13
est,2006,53.04
est,2007,52.96
est,2008,52.87
est,2009,52.79
est,2010,52.7
est,2011,52.69
est,2012,52.68
est,2013,51.36
est,2014,51.35
est,2015,51.35
est,2016,51.35
est,2017,51.35
eth,1993,14.69
eth,1994,14.55
eth,1995,14.41
eth,1996,14.27
eth,1997,14.13
eth,1998,13.99
eth,1999,13.85
eth,2000,13.71
eth,2001,13.56
eth,2002,13.42
eth,2003,13.28
eth,2004,13.14
eth,2005,13
eth,2006,12.86
eth,2007,12.72
eth,2008,12.58
eth,2009,12.44
eth,2010,12.3
eth,2011,12.34
eth,2012,12.38
eth,2013,12.42
eth,2014,12.46
eth,2015,12.5
eth,2016,12.5
eth,2017,12.5
fin,1990,71.82
fin,1991,72
fin,1992,72.19
fin,1993,72.38
fin,1994,72.57
fin,1995,72.75
fin,1996,72.94
fin,1997,73.13
fin,1998,73.31
fin,1999,73.5
fin,2000,73.69
fin,2001,73.49
fin,2002,73.29
fin,2003,73.09
fin,2004,72.9
fin,2005,72.7
fin,2006,72.86
fin,2007,72.92
fin,2008,73.01
fin,2009,73.06
fin,2010,73.11
fin,2011,73.11
fin,2012,73.11
fin,2013,73.11
fin,2014,73.11
fin,2015,73.11
fin,2016,73.11
fin,2017,73.1
fji,1990,52.16
fji,1991,52.31
fji,1992,52.46
fji,1993,52.61
fji,1994,52.76
fji,1995,52.91
fji,1996,53.06
fji,1997,53.21
fji,1998,53.36
fji,1999,53.51
fji,2000,53.66
fji,2001,53.85
fji,2002,54.03
fji,2003,54.22
fji,2004,54.4
fji,2005,54.58
fji,2006,54.54
fji,2007,54.49
fji,2008,54.44
fji,2009,54.39
fji,2010,54.35
fji,2011,54.61
fji,2012,54.88
fji,2013,55.14
fji,2014,55.41
fji,2015,55.68
fji,2016,55.68
fji,2017,55.68
flk,1990,0
flk,1991,0
flk,1992,0
flk,1993,0
flk,1994,0
flk,1995,0
flk,1996,0
flk,1997,0
flk,1998,0
flk,1999,0
flk,2000,0
flk,2001,0
flk,2002,0
flk,2003,0
flk,2004,0
flk,2005,0
flk,2006,0
flk,2007,0
flk,2008,0
flk,2009,0
flk,2010,0
flk,2011,0
flk,2012,0
flk,2013,0
flk,2014,0
flk,2015,0
flk,2016,0
flk,2017,0
fra,1990,26.36
fra,1991,26.52
fra,1992,26.68
fra,1993,26.83
fra,1994,26.99
fra,1995,27.14
fra,1996,27.3
fra,1997,27.45
fra,1998,27.61
fra,1999,27.77
fra,2000,27.92
fra,2001,28.13
fra,2002,28.34
fra,2003,28.53
fra,2004,28.76
fra,2005,28.97
fra,2006,29.17
fra,2007,29.38
fra,2008,29.58
fra,2009,29.79
fra,2010,30
fra,2011,30.2
fra,2012,30.41
fra,2013,30.61
fra,2014,30.82
fra,2015,31.03
fra,2016,31.03
fra,2017,31.03
fro,1990,0.06
fro,1991,0.06
fro,1992,0.06
fro,1993,0.06
fro,1994,0.06
fro,1995,0.06
fro,1996,0.06
fro,1997,0.06
fro,1998,0.06
fro,1999,0.06
fro,2000,0.06
fro,2001,0.06
fro,2002,0.06
fro,2003,0.06
fro,2004,0.06
fro,2005,0.06
fro,2006,0.06
fro,2007,0.06
fro,2008,0.06
fro,2009,0.06
fro,2010,0.06
fro,2011,0.06
fro,2012,0.06
fro,2013,0.06
fro,2014,0.06
fro,2015,0.06
fro,2016,0.06
fro,2017,0.06
fsm,1991,90.87
fsm,1992,90.91
fsm,1993,90.95
fsm,1994,90.99
fsm,1995,91.03
fsm,1996,91.07
fsm,1997,91.11
fsm,1998,91.15
fsm,1999,91.18
fsm,2000,91.22
fsm,2001,91.26
fsm,2002,91.3
fsm,2003,91.34
fsm,2004,91.38
fsm,2005,91.42
fsm,2006,91.46
fsm,2007,91.5
fsm,2008,91.54
fsm,2009,91.57
fsm,2010,91.61
fsm,2011,91.65
fsm,2012,91.69
fsm,2013,91.73
fsm,2014,91.77
fsm,2015,91.81
fsm,2016,91.81
fsm,2017,91.81
gab,1990,85.38
gab,1991,85.38
gab,1992,85.38
gab,1993,85.38
gab,1994,85.38
gab,1995,85.38
gab,1996,85.38
gab,1997,85.38
gab,1998,85.38
gab,1999,85.38
gab,2000,85.38
gab,2001,85.38
gab,2002,85.38
gab,2003,85.38
gab,2004,85.38
gab,2005,85.38
gab,2006,85.38
gab,2007,85.38
gab,2008,85.38
gab,2009,85.38
gab,2010,85.38
gab,2011,86.16
gab,2012,86.93
gab,2013,87.71
gab,2014,88.49
gab,2015,89.26
gab,2016,89.26
gab,2017,89.26
gbm,1990,6.07
gbm,1991,6.07
gbm,1992,6.07
gbm,1993,6.07
gbm,1994,6.07
gbm,1995,6.07
gbm,1996,6.07
gbm,1997,6.07
gbm,1998,6.07
gbm,1999,6.07
gbm,2000,6.07
gbm,2001,6.07
gbm,2002,6.07
gbm,2003,6.07
gbm,2004,6.07
gbm,2005,6.07
gbm,2006,6.07
gbm,2007,6.07
gbm,2008,6.07
gbm,2009,6.07
gbm,2010,6.07
gbm,2011,6.07
gbm,2012,6.07
gbm,2013,6.07
gbm,2014,6.07
gbm,2015,6.07
gbm,2016,6.07
gbm,2017,6.07
gbr,1990,11.48
gbr,1991,11.56
gbr,1992,11.63
gbr,1993,11.7
gbr,1994,11.77
gbr,1995,11.85
gbr,1996,11.92
gbr,1997,11.99
gbr,1998,12.06
gbr,1999,12.14
gbr,2000,12.21
gbr,2001,12.27
gbr,2002,12.32
gbr,2003,12.38
gbr,2004,12.43
gbr,2005,12.49
gbr,2006,12.52
gbr,2007,12.55
gbr,2008,12.58
gbr,2009,12.61
gbr,2010,12.64
gbr,2011,12.71
gbr,2012,12.78
gbr,2013,12.85
gbr,2014,12.93
gbr,2015,13
gbr,2016,13
gbr,2017,13
geo,1992,39.63
geo,1993,39.64
geo,1994,39.65
geo,1995,39.67
geo,1996,39.68
geo,1997,39.69
geo,1998,39.7
geo,1999,39.71
geo,2000,39.73
geo,2001,39.76
geo,2002,39.8
geo,2003,39.83
geo,2004,39.86
geo,2005,39.9
geo,2006,40.04
geo,2007,40.19
geo,2008,40.33
geo,2009,40.47
geo,2010,40.62
geo,2011,40.62
geo,2012,40.62
geo,2013,40.62
geo,2014,40.62
geo,2015,40.62
geo,2016,40.62
geo,2017,40.62
gha,1990,37.91
gha,1991,38.04
gha,1992,38.16
gha,1993,38.29
gha,1994,38.41
gha,1995,38.53
gha,1996,38.66
gha,1997,38.78
gha,1998,38.91
gha,1999,39.03
gha,2000,39.15
gha,2001,39.28
gha,2002,39.41
gha,2003,39.53
gha,2004,39.66
gha,2005,39.79
gha,2006,39.91
gha,2007,40.04
gha,2008,40.16
gha,2009,40.29
gha,2010,40.41
gha,2011,40.54
gha,2012,40.66
gha,2013,40.78
gha,2014,40.91
gha,2015,41.03
gha,2016,41.03
gha,2017,41.03
gib,1990,0
gib,1991,0
gib,1992,0
gib,1993,0
gib,1994,0
gib,1995,0
gib,1996,0
gib,1997,0
gib,1998,0
gib,1999,0
gib,2000,0
gib,2001,0
gib,2002,0
gib,2003,0
gib,2004,0
gib,2005,0
gib,2006,0
gib,2007,0
gib,2008,0
gib,2009,0
gib,2010,0
gib,2011,0
gib,2012,0
gib,2013,0
gib,2014,0
gib,2015,0
gib,2016,0
gib,2017,0
gin,1990,29.56
gin,1991,29.42
gin,1992,29.27
gin,1993,29.12
gin,1994,28.98
gin,1995,28.83
gin,1996,28.68
gin,1997,28.54
gin,1998,28.39
gin,1999,28.24
gin,2000,28.1
gin,2001,27.95
gin,2002,27.8
gin,2003,27.66
gin,2004,27.51
gin,2005,27.36
gin,2006,27.22
gin,2007,27.07
gin,2008,26.92
gin,2009,26.78
gin,2010,26.63
gin,2011,26.49
gin,2012,26.34
gin,2013,26.19
gin,2014,26.05
gin,2015,25.9
gin,2016,25.9
gin,2017,25.9
glp,1990,44.01
glp,1991,44
glp,1992,43.99
glp,1993,43.98
glp,1994,43.97
glp,1995,43.96
glp,1996,43.95
glp,1997,43.94
glp,1998,43.93
glp,1999,43.92
glp,2000,43.91
glp,2001,43.89
glp,2002,43.87
glp,2003,43.85
glp,2004,43.83
glp,2005,43.81
glp,2006,43.67
glp,2007,43.53
glp,2008,43.38
glp,2009,43.24
glp,2010,43.1
glp,2011,43.08
glp,2012,43.05
glp,2013,43.03
glp,2014,43.01
glp,2015,42.98
glp,2016,42.98
glp,2017,42.98
gmb,1990,43.68
gmb,1991,43.86
gmb,1992,44.05
gmb,1993,44.24
gmb,1994,44.43
gmb,1995,44.61
gmb,1996,44.8
gmb,1997,44.99
gmb,1998,45.18
gmb,1999,45.37
gmb,2000,45.55
gmb,2001,45.75
gmb,2002,45.95
gmb,2003,46.15
gmb,2004,46.34
gmb,2005,46.54
gmb,2006,46.72
gmb,2007,46.9
gmb,2008,47.08
gmb,2009,47.25
gmb,2010,47.43
gmb,2011,47.59
gmb,2012,47.75
gmb,2013,47.91
gmb,2014,48.06
gmb,2015,48.22
gmb,2016,48.22
gmb,2017,48.22
gnb,1990,78.81
gnb,1991,78.46
gnb,1992,78.12
gnb,1993,77.78
gnb,1994,77.44
gnb,1995,77.1
gnb,1996,76.76
gnb,1997,76.42
gnb,1998,76.07
gnb,1999,75.73
gnb,2000,75.39
gnb,2001,75.05
gnb,2002,74.71
gnb,2003,74.37
gnb,2004,74.03
gnb,2005,73.68
gnb,2006,73.33
gnb,2007,72.97
gnb,2008,72.62
gnb,2009,72.26
gnb,2010,71.91
gnb,2011,71.55
gnb,2012,71.19
gnb,2013,70.84
gnb,2014,70.48
gnb,2015,70.13
gnb,2016,70.13
gnb,2017,70.13
gnq,1990,66.31
gnq,1991,65.89
gnq,1992,65.48
gnq,1993,65.06
gnq,1994,64.64
gnq,1995,64.22
gnq,1996,63.81
gnq,1997,63.39
gnq,1998,62.97
gnq,1999,62.56
gnq,2000,62.14
gnq,2001,61.73
gnq,2002,61.31
gnq,2003,60.9
gnq,2004,60.48
gnq,2005,60.07
gnq,2006,59.65
gnq,2007,59.23
gnq,2008,58.81
gnq,2009,58.39
gnq,2010,57.97
gnq,2011,57.55
gnq,2012,57.14
gnq,2013,56.73
gnq,2014,56.31
gnq,2015,55.9
gnq,2016,55.9
gnq,2017,55.9
grc,1990,25.59
grc,1991,25.83
grc,1992,26.06
grc,1993,26.3
grc,1994,26.53
grc,1995,26.76
grc,1996,27
grc,1997,27.23
grc,1998,27.47
grc,1999,27.7
grc,2000,27.94
grc,2001,28.17
grc,2002,28.4
grc,2003,28.64
grc,2004,28.87
grc,2005,29.11
grc,2006,29.34
grc,2007,29.58
grc,2008,29.81
grc,2009,30.04
grc,2010,30.28
grc,2011,30.51
grc,2012,30.75
grc,2013,30.98
grc,2014,31.22
grc,2015,31.45
grc,2016,31.45
grc,2017,31.45
grd,1990,49.97
grd,1991,49.97
grd,1992,49.97
grd,1993,49.97
grd,1994,49.97
grd,1995,49.97
grd,1996,49.97
grd,1997,49.97
grd,1998,49.97
grd,1999,49.97
grd,2000,49.97
grd,2001,49.97
grd,2002,49.97
grd,2003,49.97
grd,2004,49.97
grd,2005,49.97
grd,2006,49.97
grd,2007,49.97
grd,2008,49.97
grd,2009,49.97
grd,2010,49.97
grd,2011,49.97
grd,2012,49.97
grd,2013,49.97
grd,2014,49.97
grd,2015,49.97
grd,2016,49.97
grd,2017,49.97
grl,1990,0
grl,1991,0
grl,1992,0
grl,1993,0
grl,1994,0
grl,1995,0
grl,1996,0
grl,1997,0
grl,1998,0
grl,1999,0
grl,2000,0
grl,2001,0
grl,2002,0
grl,2003,0
grl,2004,0
grl,2005,0
grl,2006,0
grl,2007,0
grl,2008,0
grl,2009,0
grl,2010,0
grl,2011,0
grl,2012,0
grl,2013,0
grl,2014,0
grl,2015,0
grl,2016,0
grl,2017,0
gtm,1990,44.31
gtm,1991,43.8
gtm,1992,43.3
gtm,1993,42.8
gtm,1994,42.29
gtm,1995,41.79
gtm,1996,41.28
gtm,1997,40.78
gtm,1998,40.28
gtm,1999,39.77
gtm,2000,39.27
gtm,2001,38.76
gtm,2002,38.26
gtm,2003,37.76
gtm,2004,37.25
gtm,2005,36.75
gtm,2006,36.35
gtm,2007,35.94
gtm,2008,35.54
gtm,2009,35.14
gtm,2010,34.73
gtm,2011,34.39
gtm,2012,34.05
gtm,2013,33.71
gtm,2014,33.37
gtm,2015,33.03
gtm,2016,33.03
gtm,2017,33.03
guf,1990,98.98
guf,1991,98.94
guf,1992,98.9
guf,1993,98.87
guf,1994,99.17
guf,1995,99.14
guf,1996,99.1
guf,1997,99.05
guf,1998,99.01
guf,1999,98.97
guf,2000,98.92
guf,2001,98.89
guf,2002,98.84
guf,2003,98.8
guf,2004,98.75
guf,2005,98.72
guf,2006,98.65
guf,2007,98.56
guf,2008,98.47
guf,2009,98.39
guf,2010,98.32
guf,2011,98.3
guf,2012,98.26
guf,2013,98.24
guf,2014,98.22
guf,2015,98.18
guf,2016,98.18
guf,2017,98.18
gum,1990,46.3
gum,1991,46.3
gum,1992,46.3
gum,1993,46.3
gum,1994,46.3
gum,1995,46.3
gum,1996,46.3
gum,1997,46.3
gum,1998,46.3
gum,1999,46.3
gum,2000,46.3
gum,2001,46.3
gum,2002,46.3
gum,2003,46.3
gum,2004,46.3
gum,2005,46.3
gum,2006,46.3
gum,2007,46.3
gum,2008,46.3
gum,2009,46.3
gum,2010,46.3
gum,2011,46.3
gum,2012,46.3
gum,2013,46.3
gum,2014,46.3
gum,2015,46.3
gum,2016,46.3
gum,2017,46.3
guy,1990,84.63
guy,1991,84.61
guy,1992,84.59
guy,1993,84.58
guy,1994,84.56
guy,1995,84.54
guy,1996,84.52
guy,1997,84.5
guy,1998,84.48
guy,1999,84.46
guy,2000,84.44
guy,2001,84.42
guy,2002,84.4
guy,2003,84.38
guy,2004,84.36
guy,2005,84.34
guy,2006,84.31
guy,2007,84.29
guy,2008,84.26
guy,2009,84.23
guy,2010,84.21
guy,2011,84.16
guy,2012,84.1
guy,2013,84.05
guy,2014,84
guy,2015,83.95
guy,2016,83.95
guy,2017,83.95
hnd,1990,72.71
hnd,1991,71.16
hnd,1992,69.6
hnd,1993,68.04
hnd,1994,66.48
hnd,1995,64.92
hnd,1996,63.36
hnd,1997,61.8
hnd,1998,60.24
hnd,1999,58.69
hnd,2000,57.13
hnd,2001,56.06
hnd,2002,54.98
hnd,2003,53.91
hnd,2004,52.84
hnd,2005,51.77
hnd,2006,50.69
hnd,2007,49.62
hnd,2008,48.55
hnd,2009,47.48
hnd,2010,46.4
hnd,2011,45.33
hnd,2012,44.26
hnd,2013,43.19
hnd,2014,42.11
hnd,2015,41.04
hnd,2016,41.04
hnd,2017,41.04
hrv,1992,33.21
hrv,1993,33.28
hrv,1994,33.34
hrv,1995,33.4
hrv,1996,33.42
hrv,1997,33.49
hrv,1998,33.59
hrv,1999,33.65
hrv,2000,33.71
hrv,2001,33.78
hrv,2002,33.84
hrv,2003,33.91
hrv,2004,33.94
hrv,2005,34.01
hrv,2006,34.07
hrv,2007,34.13
hrv,2008,34.19
hrv,2009,34.25
hrv,2010,34.31
hrv,2011,34.32
hrv,2012,34.32
hrv,2013,34.33
hrv,2014,33.96
hrv,2015,33.96
hrv,2016,33.96
hrv,2017,33.96
hti,1990,4.21
hti,1991,4.18
hti,1992,4.16
hti,1993,4.13
hti,1994,4.11
hti,1995,4.08
hti,1996,4.06
hti,1997,4.03
hti,1998,4.01
hti,1999,3.98
hti,2000,3.96
hti,2001,3.93
hti,2002,3.9
hti,2003,3.87
hti,2004,3.84
hti,2005,3.81
hti,2006,3.78
hti,2007,3.75
hti,2008,3.72
hti,2009,3.69
hti,2010,3.66
hti,2011,3.64
hti,2012,3.61
hti,2013,3.58
hti,2014,3.55
hti,2015,3.52
hti,2016,3.52
hti,2017,3.52
hun,1990,20.04
hun,1991,20.17
hun,1992,20.3
hun,1993,20.43
hun,1994,20.56
hun,1995,20.69
hun,1996,20.82
hun,1997,20.96
hun,1998,21.09
hun,1999,21.22
hun,2000,21.39
hun,2001,21.54
hun,2002,21.68
hun,2003,21.83
hun,2004,21.98
hun,2005,22.13
hun,2006,22.27
hun,2007,22.41
hun,2008,22.55
hun,2009,22.46
hun,2010,22.6
hun,2011,22.65
hun,2012,22.7
hun,2013,22.75
hun,2014,22.62
hun,2015,22.67
hun,2016,22.67
hun,2017,22.67
idn,1990,65.44
idn,1991,64.38
idn,1992,63.33
idn,1993,62.27
idn,1994,61.21
idn,1995,60.16
idn,1996,59.1
idn,1997,58.04
idn,1998,56.99
idn,1999,55.93
idn,2000,54.87
idn,2001,54.7
idn,2002,54.53
idn,2003,54.36
idn,2004,54.19
idn,2005,54.02
idn,2006,53.64
idn,2007,53.26
idn,2008,52.88
idn,2009,52.51
idn,2010,52.13
idn,2011,51.75
idn,2012,51.37
idn,2013,50.99
idn,2014,50.62
idn,2015,50.24
idn,2016,48.47
idn,2017,48.47
ind,1990,21.51
ind,1991,21.55
ind,1992,21.6
ind,1993,21.65
ind,1994,21.7
ind,1995,21.75
ind,1996,21.8
ind,1997,21.85
ind,1998,21.9
ind,1999,21.94
ind,2000,21.99
ind,2001,22.15
ind,2002,22.31
ind,2003,22.46
ind,2004,22.62
ind,2005,22.77
ind,2006,22.91
ind,2007,23.05
ind,2008,23.19
ind,2009,23.33
ind,2010,23.47
ind,2011,23.53
ind,2012,23.59
ind,2013,23.65
ind,2014,23.71
ind,2015,23.77
ind,2016,23.77
ind,2017,23.77
irl,1990,6.75
irl,1991,7
irl,1992,7.24
irl,1993,7.49
irl,1994,7.74
irl,1995,7.98
irl,1996,8.23
irl,1997,8.48
irl,1998,8.72
irl,1999,8.97
irl,2000,9.22
irl,2001,9.39
irl,2002,9.56
irl,2003,9.74
irl,2004,9.91
irl,2005,10.09
irl,2006,10.18
irl,2007,10.26
irl,2008,10.35
irl,2009,10.44
irl,2010,10.53
irl,2011,10.62
irl,2012,10.7
irl,2013,10.78
irl,2014,10.86
irl,2015,10.95
irl,2016,10.95
irl,2017,10.95
irn,1990,5.57
irn,1991,5.59
irn,1992,5.6
irn,1993,5.62
irn,1994,5.63
irn,1995,5.65
irn,1996,5.66
irn,1997,5.68
irn,1998,5.69
irn,1999,5.71
irn,2000,5.73
irn,2001,5.89
irn,2002,6.06
irn,2003,6.23
irn,2004,6.4
irn,2005,6.56
irn,2006,6.56
irn,2007,6.56
irn,2008,6.56
irn,2009,6.56
irn,2010,6.56
irn,2011,6.56
irn,2012,6.56
irn,2013,6.56
irn,2014,6.56
irn,2015,6.56
irn,2016,6.56
irn,2017,6.56
irq,1990,1.84
irq,1991,1.84
irq,1992,1.84
irq,1993,1.85
irq,1994,1.85
irq,1995,1.85
irq,1996,1.86
irq,1997,1.86
irq,1998,1.86
irq,1999,1.87
irq,2000,1.87
irq,2001,1.87
irq,2002,1.88
irq,2003,1.88
irq,2004,1.88
irq,2005,1.89
irq,2006,1.89
irq,2007,1.89
irq,2008,1.89
irq,2009,1.9
irq,2010,1.9
irq,2011,1.9
irq,2012,1.9
irq,2013,1.9
irq,2014,1.9
irq,2015,1.9
irq,2016,1.9
irq,2017,1.9
isl,1990,0.16
isl,1991,0.17
isl,1992,0.19
isl,1993,0.2
isl,1994,0.21
isl,1995,0.22
isl,1996,0.24
isl,1997,0.25
isl,1998,0.26
isl,1999,0.27
isl,2000,0.29
isl,2001,0.3
isl,2002,0.32
isl,2003,0.33
isl,2004,0.35
isl,2005,0.36
isl,2006,0.38
isl,2007,0.39
isl,2008,0.4
isl,2009,0.41
isl,2010,0.43
isl,2011,0.44
isl,2012,0.45
isl,2013,0.46
isl,2014,0.48
isl,2015,0.49
isl,2016,0.49
isl,2017,0.49
isr,1990,6.1
isr,1991,6.2
isr,1992,6.29
isr,1993,6.39
isr,1994,6.49
isr,1995,6.59
isr,1996,6.68
isr,1997,6.78
isr,1998,6.88
isr,1999,6.97
isr,2000,7.07
isr,2001,7.09
isr,2002,7.11
isr,2003,7.13
isr,2004,7.14
isr,2005,7.16
isr,2006,7.15
isr,2007,7.14
isr,2008,7.13
isr,2009,7.13
isr,2010,7.12
isr,2011,7.22
isr,2012,7.32
isr,2013,7.42
isr,2014,7.52
isr,2015,7.62
isr,2016,7.62
isr,2017,7.62
ita,1990,25.81
ita,1991,26.07
ita,1992,26.34
ita,1993,26.6
ita,1994,26.87
ita,1995,27.13
ita,1996,27.4
ita,1997,27.66
ita,1998,27.93
ita,1999,28.19
ita,2000,28.46
ita,2001,28.72
ita,2002,28.99
ita,2003,29.25
ita,2004,29.51
ita,2005,29.78
ita,2006,29.96
ita,2007,30.14
ita,2008,30.33
ita,2009,30.51
ita,2010,30.69
ita,2011,30.88
ita,2012,31.06
ita,2013,31.24
ita,2014,31.42
ita,2015,31.61
ita,2016,31.61
ita,2017,31.61
jam,1990,31.82
jam,1991,31.78
jam,1992,31.75
jam,1993,31.72
jam,1994,31.68
jam,1995,31.65
jam,1996,31.61
jam,1997,31.58
jam,1998,31.55
jam,1999,31.51
jam,2000,31.48
jam,2001,31.45
jam,2002,31.41
jam,2003,31.38
jam,2004,31.35
jam,2005,31.32
jam,2006,31.28
jam,2007,31.24
jam,2008,31.2
jam,2009,31.17
jam,2010,31.13
jam,2011,31.09
jam,2012,31.06
jam,2013,31.02
jam,2014,30.99
jam,2015,30.95
jam,2016,30.95
jam,2017,30.95
jor,1990,1.1
jor,1991,1.1
jor,1992,1.1
jor,1993,1.1
jor,1994,1.1
jor,1995,1.1
jor,1996,1.1
jor,1997,1.1
jor,1998,1.1
jor,1999,1.1
jor,2000,1.1
jor,2001,1.1
jor,2002,1.1
jor,2003,1.1
jor,2004,1.1
jor,2005,1.1
jor,2006,1.1
jor,2007,1.1
jor,2008,1.1
jor,2009,1.1
jor,2010,1.1
jor,2011,1.1
jor,2012,1.1
jor,2013,1.1
jor,2014,1.1
jor,2015,1.1
jor,2016,1.1
jor,2017,1.1
jpn,1990,68.43
jpn,1991,68.41
jpn,1992,68.39
jpn,1993,68.37
jpn,1994,68.35
jpn,1995,68.33
jpn,1996,68.33
jpn,1997,68.31
jpn,1998,68.29
jpn,1999,68.27
jpn,2000,68.25
jpn,2001,68.28
jpn,2002,68.31
jpn,2003,68.34
jpn,2004,68.38
jpn,2005,68.41
jpn,2006,68.43
jpn,2007,68.44
jpn,2008,68.46
jpn,2009,68.48
jpn,2010,68.48
jpn,2011,68.48
jpn,2012,68.47
jpn,2013,68.47
jpn,2014,68.46
jpn,2015,68.46
jpn,2016,68.46
jpn,2017,68.46
kaz,1992,1.26
kaz,1993,1.26
kaz,1994,1.26
kaz,1995,1.26
kaz,1996,1.25
kaz,1997,1.25
kaz,1998,1.25
kaz,1999,1.25
kaz,2000,1.25
kaz,2001,1.24
kaz,2002,1.24
kaz,2003,1.24
kaz,2004,1.24
kaz,2005,1.24
kaz,2006,1.23
kaz,2007,1.23
kaz,2008,1.23
kaz,2009,1.23
kaz,2010,1.23
kaz,2011,1.23
kaz,2012,1.23
kaz,2013,1.23
kaz,2014,1.23
kaz,2015,1.23
kaz,2016,1.23
kaz,2017,1.23
ken,1990,8.3
ken,1991,8.1
ken,1992,7.89
ken,1993,7.69
ken,1994,7.48
ken,1995,7.28
ken,1996,7.07
ken,1997,6.86
ken,1998,6.66
ken,1999,6.45
ken,2000,6.25
ken,2001,6.42
ken,2002,6.59
ken,2003,6.77
ken,2004,6.94
ken,2005,7.11
ken,2006,7.18
ken,2007,7.24
ken,2008,7.3
ken,2009,7.37
ken,2010,7.43
ken,2011,7.5
ken,2012,7.56
ken,2013,7.63
ken,2014,7.69
ken,2015,7.75
ken,2016,7.75
ken,2017,7.75
kgz,1992,4.38
kgz,1993,4.4
kgz,1994,4.41
kgz,1995,4.42
kgz,1996,4.43
kgz,1997,4.44
kgz,1998,4.45
kgz,1999,4.46
kgz,2000,4.47
kgz,2001,4.49
kgz,2002,4.5
kgz,2003,4.51
kgz,2004,4.52
kgz,2005,4.53
kgz,2006,4.33
kgz,2007,4.13
kgz,2008,3.93
kgz,2009,3.73
kgz,2010,3.53
kgz,2011,3.49
kgz,2012,3.45
kgz,2013,3.4
kgz,2014,3.36
kgz,2015,3.32
kgz,2016,3.32
kgz,2017,3.32
khm,1990,73.33
khm,1991,72.54
khm,1992,71.74
khm,1993,70.95
khm,1994,70.16
khm,1995,69.37
khm,1996,68.58
khm,1997,67.78
khm,1998,66.99
khm,1999,66.2
khm,2000,65.41
khm,2001,64.49
khm,2002,63.56
khm,2003,62.64
khm,2004,61.72
khm,2005,60.79
khm,2006,60.07
khm,2007,59.35
khm,2008,58.63
khm,2009,57.91
khm,2010,57.18
khm,2011,56.46
khm,2012,55.74
khm,2013,55.02
khm,2014,54.3
khm,2015,53.57
khm,2016,53.57
khm,2017,53.57
kir,1990,15
kir,1991,15
kir,1992,15
kir,1993,15
kir,1994,15
kir,1995,15
kir,1996,15
kir,1997,15
kir,1998,15
kir,1999,15
kir,2000,15
kir,2001,15
kir,2002,15
kir,2003,15
kir,2004,15
kir,2005,15
kir,2006,15
kir,2007,15
kir,2008,15
kir,2009,15
kir,2010,15
kir,2011,15
kir,2012,15
kir,2013,15
kir,2014,15
kir,2015,15
kir,2016,15
kir,2017,15
kna,1990,42.31
kna,1991,42.31
kna,1992,42.31
kna,1993,42.31
kna,1994,42.31
kna,1995,42.31
kna,1996,42.31
kna,1997,42.31
kna,1998,42.31
kna,1999,42.31
kna,2000,42.31
kna,2001,42.31
kna,2002,42.31
kna,2003,42.31
kna,2004,42.31
kna,2005,42.31
kna,2006,42.31
kna,2007,42.31
kna,2008,42.31
kna,2009,42.31
kna,2010,42.31
kna,2011,42.31
kna,2012,42.31
kna,2013,42.31
kna,2014,42.31
kna,2015,42.31
kna,2016,42.31
kna,2017,42.31
kor,1990,66.04
kor,1991,65.95
kor,1992,65.87
kor,1993,65.78
kor,1994,65.7
kor,1995,65.61
kor,1996,65.53
kor,1997,65.44
kor,1998,65.36
kor,1999,65.27
kor,2000,65.19
kor,2001,64.93
kor,2002,64.83
kor,2003,64.75
kor,2004,64.67
kor,2005,64.58
kor,2006,64.5
kor,2007,64.4
kor,2008,64.29
kor,2009,64.17
kor,2010,64.01
kor,2011,63.94
kor,2012,63.78
kor,2013,63.63
kor,2014,63.55
kor,2015,63.46
kor,2016,63.43
kor,2017,63.42
kwt,1990,0.19
kwt,1991,0.2
kwt,1992,0.21
kwt,1993,0.22
kwt,1994,0.23
kwt,1995,0.23
kwt,1996,0.24
kwt,1997,0.25
kwt,1998,0.26
kwt,1999,0.26
kwt,2000,0.27
kwt,2001,0.28
kwt,2002,0.29
kwt,2003,0.3
kwt,2004,0.3
kwt,2005,0.31
kwt,2006,0.32
kwt,2007,0.33
kwt,2008,0.34
kwt,2009,0.34
kwt,2010,0.35
kwt,2011,0.35
kwt,2012,0.35
kwt,2013,0.35
kwt,2014,0.35
kwt,2015,0.35
kwt,2016,0.35
kwt,2017,0.35
lao,1990,76.45
lao,1991,75.97
lao,1992,75.48
lao,1993,75
lao,1994,74.51
lao,1995,74.03
lao,1996,73.54
lao,1997,73.06
lao,1998,72.57
lao,1999,72.09
lao,2000,71.6
lao,2001,71.9
lao,2002,72.2
lao,2003,72.5
lao,2004,72.79
lao,2005,73.09
lao,2006,73.91
lao,2007,74.73
lao,2008,75.55
lao,2009,76.37
lao,2010,77.19
lao,2011,78.01
lao,2012,78.83
lao,2013,79.65
lao,2014,80.47
lao,2015,81.29
lao,2016,81.29
lao,2017,81.29
lbn,1990,12.81
lbn,1991,12.81
lbn,1992,12.81
lbn,1993,12.81
lbn,1994,12.81
lbn,1995,12.81
lbn,1996,12.81
lbn,1997,12.81
lbn,1998,12.81
lbn,1999,12.81
lbn,2000,12.81
lbn,2001,12.91
lbn,2002,13.02
lbn,2003,13.13
lbn,2004,13.24
lbn,2005,13.34
lbn,2006,13.35
lbn,2007,13.36
lbn,2008,13.37
lbn,2009,13.37
lbn,2010,13.38
lbn,2011,13.39
lbn,2012,13.4
lbn,2013,13.41
lbn,2014,13.41
lbn,2015,13.42
lbn,2016,13.42
lbn,2017,13.42
lbr,1990,51.17
lbr,1991,50.86
lbr,1992,50.55
lbr,1993,50.24
lbr,1994,49.93
lbr,1995,49.62
lbr,1996,49.3
lbr,1997,48.99
lbr,1998,48.68
lbr,1999,48.37
lbr,2000,48.06
lbr,2001,47.75
lbr,2002,47.44
lbr,2003,47.12
lbr,2004,46.81
lbr,2005,46.5
lbr,2006,46.19
lbr,2007,45.88
lbr,2008,45.57
lbr,2009,45.26
lbr,2010,44.94
lbr,2011,44.63
lbr,2012,44.32
lbr,2013,44.01
lbr,2014,43.7
lbr,2015,43.39
lbr,2016,43.39
lbr,2017,43.39
lby,1990,0.12
lby,1991,0.12
lby,1992,0.12
lby,1993,0.12
lby,1994,0.12
lby,1995,0.12
lby,1996,0.12
lby,1997,0.12
lby,1998,0.12
lby,1999,0.12
lby,2000,0.12
lby,2001,0.12
lby,2002,0.12
lby,2003,0.12
lby,2004,0.12
lby,2005,0.12
lby,2006,0.12
lby,2007,0.12
lby,2008,0.12
lby,2009,0.12
lby,2010,0.12
lby,2011,0.12
lby,2012,0.12
lby,2013,0.12
lby,2014,0.12
lby,2015,0.12
lby,2016,0.12
lby,2017,0.12
lca,1990,35.74
lca,1991,35.64
lca,1992,35.54
lca,1993,35.44
lca,1994,35.34
lca,1995,35.25
lca,1996,35.15
lca,1997,35.05
lca,1998,34.95
lca,1999,34.85
lca,2000,34.75
lca,2001,34.66
lca,2002,34.56
lca,2003,34.46
lca,2004,34.36
lca,2005,34.26
lca,2006,34.16
lca,2007,34.07
lca,2008,33.97
lca,2009,33.87
lca,2010,33.77
lca,2011,33.67
lca,2012,33.57
lca,2013,33.48
lca,2014,33.38
lca,2015,33.28
lca,2016,33.28
lca,2017,33.28
lie,1990,40.63
lie,1991,40.88
lie,1992,41.13
lie,1993,41.38
lie,1994,41.63
lie,1995,41.88
lie,1996,42.13
lie,1997,42.38
lie,1998,42.63
lie,1999,42.88
lie,2000,43.13
lie,2001,43.13
lie,2002,43.13
lie,2003,43.13
lie,2004,43.13
lie,2005,43.13
lie,2006,43.13
lie,2007,43.13
lie,2008,43.13
lie,2009,43.13
lie,2010,43.13
lie,2011,43.13
lie,2012,43.13
lie,2013,43.13
lie,2014,43.13
lie,2015,43.13
lie,2016,43.13
lie,2017,43.13
lka,1990,36.42
lka,1991,36.27
lka,1992,36.13
lka,1993,35.98
lka,1994,35.83
lka,1995,35.69
lka,1996,35.54
lka,1997,35.39
lka,1998,35.25
lka,1999,35.1
lka,2000,34.95
lka,2001,34.72
lka,2002,34.48
lka,2003,34.25
lka,2004,34.01
lka,2005,33.77
lka,2006,33.73
lka,2007,33.68
lka,2008,33.63
lka,2009,33.58
lka,2010,33.54
lka,2011,33.43
lka,2012,33.32
lka,2013,33.22
lka,2014,33.11
lka,2015,33.01
lka,2016,33.01
lka,2017,33.01
lso,1990,1.32
lso,1991,1.32
lso,1992,1.33
lso,1993,1.34
lso,1994,1.34
lso,1995,1.35
lso,1996,1.36
lso,1997,1.36
lso,1998,1.37
lso,1999,1.38
lso,2000,1.38
lso,2001,1.39
lso,2002,1.4
lso,2003,1.4
lso,2004,1.41
lso,2005,1.42
lso,2006,1.42
lso,2007,1.43
lso,2008,1.44
lso,2009,1.44
lso,2010,1.45
lso,2011,1.48
lso,2012,1.52
lso,2013,1.55
lso,2014,1.58
lso,2015,1.61
lso,2016,1.61
lso,2017,1.61
ltu,1992,31.27
ltu,1993,31.39
ltu,1994,31.51
ltu,1995,31.63
ltu,1996,31.75
ltu,1997,31.87
ltu,1998,31.99
ltu,1999,32.11
ltu,2000,32.23
ltu,2001,32.55
ltu,2002,32.87
ltu,2003,33.19
ltu,2004,33.52
ltu,2005,33.84
ltu,2006,33.99
ltu,2007,34.15
ltu,2008,34.31
ltu,2009,34.47
ltu,2010,34.62
ltu,2011,34.66
ltu,2012,34.69
ltu,2013,34.72
ltu,2014,34.76
ltu,2015,34.8
ltu,2016,34.8
ltu,2017,34.8
lux,2000,35.68
lux,2001,35.68
lux,2002,35.68
lux,2003,35.68
lux,2004,35.68
lux,2005,35.68
lux,2006,35.68
lux,2007,35.68
lux,2008,35.68
lux,2009,35.68
lux,2010,35.68
lux,2011,35.68
lux,2012,35.68
lux,2013,35.68
lux,2014,35.68
lux,2015,35.68
lux,2016,35.68
lux,2017,35.68
lva,1992,51.23
lva,1993,51.34
lva,1994,51.45
lva,1995,51.56
lva,1996,51.67
lva,1997,51.78
lva,1998,51.89
lva,1999,52
lva,2000,52.11
lva,2001,52.29
lva,2002,52.47
lva,2003,52.65
lva,2004,52.83
lva,2005,53.01
lva,2006,53.19
lva,2007,53.38
lva,2008,53.56
lva,2009,53.76
lva,2010,53.89
lva,2011,53.93
lva,2012,53.95
lva,2013,53.95
lva,2014,54
lva,2015,54.02
lva,2016,54.02
lva,2017,54.03
mar,1990,11.1
mar,1991,11.11
mar,1992,11.12
mar,1993,11.13
mar,1994,11.14
mar,1995,11.14
mar,1996,11.15
mar,1997,11.16
mar,1998,11.17
mar,1999,11.18
mar,2000,11.19
mar,2001,11.37
mar,2002,11.55
mar,2003,11.74
mar,2004,11.92
mar,2005,12.1
mar,2006,12.22
mar,2007,12.34
mar,2008,12.47
mar,2009,12.59
mar,2010,12.71
mar,2011,12.69
mar,2012,12.67
mar,2013,12.66
mar,2014,12.64
mar,2015,12.62
mar,2016,12.62
mar,2017,12.62
mda,1992,9.74
mda,1993,9.73
mda,1994,9.74
mda,1995,9.76
mda,1996,9.78
mda,1997,9.8
mda,1998,9.81
mda,1999,9.83
mda,2000,9.85
mda,2001,10.09
mda,2002,10.33
mda,2003,10.57
mda,2004,10.8
mda,2005,11.04
mda,2006,11.18
mda,2007,11.32
mda,2008,11.46
mda,2009,11.6
mda,2010,11.75
mda,2011,11.89
mda,2012,12.03
mda,2013,12.16
mda,2014,12.3
mda,2015,12.44
mda,2016,12.44
mda,2017,12.44
mdg,1990,23.54
mdg,1991,23.43
mdg,1992,23.31
mdg,1993,23.2
mdg,1994,23.08
mdg,1995,22.97
mdg,1996,22.85
mdg,1997,22.74
mdg,1998,22.62
mdg,1999,22.51
mdg,2000,22.39
mdg,2001,22.33
mdg,2002,22.27
mdg,2003,22.2
mdg,2004,22.14
mdg,2005,22.08
mdg,2006,21.98
mdg,2007,21.88
mdg,2008,21.78
mdg,2009,21.68
mdg,2010,21.59
mdg,2011,21.55
mdg,2012,21.52
mdg,2013,21.49
mdg,2014,21.47
mdg,2015,21.44
mdg,2016,21.44
mdg,2017,21.44
mdv,1990,3.33
mdv,1991,3.33
mdv,1992,3.33
mdv,1993,3.33
mdv,1994,3.33
mdv,1995,3.33
mdv,1996,3.33
mdv,1997,3.33
mdv,1998,3.33
mdv,1999,3.33
mdv,2000,3.33
mdv,2001,3.33
mdv,2002,3.33
mdv,2003,3.33
mdv,2004,3.33
mdv,2005,3.33
mdv,2006,3.33
mdv,2007,3.33
mdv,2008,3.33
mdv,2009,3.33
mdv,2010,3.33
mdv,2011,3.33
mdv,2012,3.33
mdv,2013,3.33
mdv,2014,3.33
mdv,2015,3.33
mdv,2016,3.33
mdv,2017,3.33
mex,1990,35.89
mex,1991,35.79
mex,1992,35.69
mex,1993,35.59
mex,1994,35.49
mex,1995,35.4
mex,1996,35.3
mex,1997,35.2
mex,1998,35.1
mex,1999,35
mex,2000,34.91
mex,2001,34.83
mex,2002,34.75
mex,2003,34.67
mex,2004,34.59
mex,2005,34.51
mex,2006,34.45
mex,2007,34.39
mex,2008,34.33
mex,2009,34.27
mex,2010,34.21
mex,2011,34.16
mex,2012,34.11
mex,2013,34.07
mex,2014,34.02
mex,2015,33.97
mex,2016,33.97
mex,2017,33.97
mhl,1991,70.2
mhl,1992,70.2
mhl,1993,70.2
mhl,1994,70.2
mhl,1995,70.2
mhl,1996,70.2
mhl,1997,70.2
mhl,1998,70.2
mhl,1999,70.2
mhl,2000,70.2
mhl,2001,70.2
mhl,2002,70.2
mhl,2003,70.2
mhl,2004,70.2
mhl,2005,70.2
mhl,2006,70.2
mhl,2007,70.2
mhl,2008,70.2
mhl,2009,70.2
mhl,2010,70.2
mhl,2011,70.2
mhl,2012,70.2
mhl,2013,70.2
mhl,2014,70.2
mhl,2015,70.2
mhl,2016,70.2
mhl,2017,70.2
mkd,1992,36.22
mkd,1993,36.41
mkd,1994,36.59
mkd,1995,36.77
mkd,1996,36.95
mkd,1997,37.13
mkd,1998,37.31
mkd,1999,37.49
mkd,2000,37.67
mkd,2001,37.81
mkd,2002,37.94
mkd,2003,38.07
mkd,2004,38.21
mkd,2005,38.34
mkd,2006,38.52
mkd,2007,39.01
mkd,2008,39.19
mkd,2009,39.39
mkd,2010,39.57
mkd,2011,39.57
mkd,2012,39.57
mkd,2013,39.57
mkd,2014,39.57
mkd,2015,39.57
mkd,2016,39.57
mkd,2017,39.57
mli,1990,5.48
mli,1991,5.42
mli,1992,5.35
mli,1993,5.29
mli,1994,5.22
mli,1995,5.16
mli,1996,5.09
mli,1997,5.03
mli,1998,4.96
mli,1999,4.9
mli,2000,4.84
mli,2001,4.77
mli,2002,4.71
mli,2003,4.64
mli,2004,4.58
mli,2005,4.51
mli,2006,4.45
mli,2007,4.38
mli,2008,4.32
mli,2009,4.25
mli,2010,4.19
mli,2011,4.12
mli,2012,4.06
mli,2013,3.99
mli,2014,3.93
mli,2015,3.86
mli,2016,3.86
mli,2017,3.86
mlt,1990,1.08
mlt,1991,1.08
mlt,1992,1.08
mlt,1993,1.08
mlt,1994,1.08
mlt,1995,1.08
mlt,1996,1.08
mlt,1997,1.08
mlt,1998,1.08
mlt,1999,1.08
mlt,2000,1.08
mlt,2001,1.08
mlt,2002,1.08
mlt,2003,1.08
mlt,2004,1.08
mlt,2005,1.08
mlt,2006,1.08
mlt,2007,1.08
mlt,2008,1.08
mlt,2009,1.08
mlt,2010,1.08
mlt,2011,1.08
mlt,2012,1.08
mlt,2013,1.08
mlt,2014,1.08
mlt,2015,1.08
mlt,2016,1.08
mlt,2017,1.08
mmr,1990,60.01
mmr,1991,59.34
mmr,1992,58.68
mmr,1993,58.01
mmr,1994,57.35
mmr,1995,56.68
mmr,1996,56.01
mmr,1997,55.35
mmr,1998,54.68
mmr,1999,54.02
mmr,2000,53.35
mmr,2001,52.88
mmr,2002,52.41
mmr,2003,51.93
mmr,2004,51.47
mmr,2005,51
mmr,2006,50.52
mmr,2007,50.04
mmr,2008,49.58
mmr,2009,49.11
mmr,2010,48.64
mmr,2011,47.8
mmr,2012,46.97
mmr,2013,46.14
mmr,2014,45.3
mmr,2015,44.47
mmr,2016,44.47
mmr,2017,44.49
mne,2006,49.53
mne,2007,52.52
mne,2008,55.51
mne,2009,58.5
mne,2010,61.49
mne,2011,61.49
mne,2012,61.49
mne,2013,61.49
mne,2014,61.49
mne,2015,61.49
mne,2016,61.49
mne,2017,61.49
mng,1990,8.07
mng,1991,8.02
mng,1992,7.96
mng,1993,7.91
mng,1994,7.86
mng,1995,7.81
mng,1996,7.75
mng,1997,7.7
mng,1998,7.65
mng,1999,7.59
mng,2000,7.54
mng,2001,7.49
mng,2002,7.44
mng,2003,7.38
mng,2004,7.33
mng,2005,7.28
mng,2006,7.5
mng,2007,7.72
mng,2008,7.95
mng,2009,8.17
mng,2010,8.39
mng,2011,8.33
mng,2012,8.27
mng,2013,8.21
mng,2014,8.14
mng,2015,8.08
mng,2016,8.08
mng,2017,8.06
mnp,1991,72.71
mnp,1992,72.35
mnp,1993,71.99
mnp,1994,71.63
mnp,1995,71.27
mnp,1996,70.92
mnp,1997,70.56
mnp,1998,70.2
mnp,1999,69.84
mnp,2000,69.49
mnp,2001,69.13
mnp,2002,68.77
mnp,2003,68.41
mnp,2004,68.06
mnp,2005,67.7
mnp,2006,67.34
mnp,2007,66.98
mnp,2008,66.63
mnp,2009,66.27
mnp,2010,65.91
mnp,2011,65.55
mnp,2012,65.2
mnp,2013,64.84
mnp,2014,64.48
mnp,2015,64.12
mnp,2016,64.12
mnp,2017,64.12
moz,1990,55.16
moz,1991,54.88
moz,1992,54.6
moz,1993,54.33
moz,1994,54.05
moz,1995,53.77
moz,1996,53.49
moz,1997,53.21
moz,1998,52.93
moz,1999,52.66
moz,2000,52.38
moz,2001,52.09
moz,2002,51.81
moz,2003,51.53
moz,2004,51.25
moz,2005,50.97
moz,2006,50.68
moz,2007,50.4
moz,2008,50.12
moz,2009,49.84
moz,2010,49.56
moz,2011,49.3
moz,2012,49.03
moz,2013,48.77
moz,2014,48.51
moz,2015,48.25
moz,2016,48.25
moz,2017,48.25
mrt,1990,0.4
mrt,1991,0.39
mrt,1992,0.38
mrt,1993,0.37
mrt,1994,0.36
mrt,1995,0.36
mrt,1996,0.35
mrt,1997,0.34
mrt,1998,0.33
mrt,1999,0.32
mrt,2000,0.31
mrt,2001,0.3
mrt,2002,0.29
mrt,2003,0.28
mrt,2004,0.27
mrt,2005,0.26
mrt,2006,0.25
mrt,2007,0.25
mrt,2008,0.24
mrt,2009,0.24
mrt,2010,0.23
mrt,2011,0.23
mrt,2012,0.23
mrt,2013,0.22
mrt,2014,0.22
mrt,2015,0.22
mrt,2016,0.22
mrt,2017,0.22
msr,1990,35
msr,1991,34
msr,1992,33
msr,1993,32
msr,1994,31
msr,1995,30
msr,1996,29
msr,1997,28
msr,1998,27
msr,1999,26
msr,2000,25
msr,2001,25
msr,2002,25
msr,2003,25
msr,2004,25
msr,2005,25
msr,2006,25
msr,2007,25
msr,2008,25
msr,2009,25
msr,2010,25
msr,2011,25
msr,2012,25
msr,2013,25
msr,2014,25
msr,2015,25
msr,2016,25
msr,2017,25
mtq,1990,45.75
mtq,1991,45.75
mtq,1992,45.75
mtq,1993,45.75
mtq,1994,45.75
mtq,1995,45.75
mtq,1996,45.75
mtq,1997,45.75
mtq,1998,45.75
mtq,1999,45.75
mtq,2000,45.75
mtq,2001,45.75
mtq,2002,45.75
mtq,2003,45.75
mtq,2004,45.75
mtq,2005,45.75
mtq,2006,45.75
mtq,2007,45.75
mtq,2008,45.75
mtq,2009,45.75
mtq,2010,45.75
mtq,2011,45.75
mtq,2012,45.75
mtq,2013,45.75
mtq,2014,45.75
mtq,2015,45.75
mtq,2016,45.75
mtq,2017,45.75
mus,1990,20.25
mus,1991,20.29
mus,1992,20.33
mus,1993,20.36
mus,1994,20.4
mus,1995,20.44
mus,1996,20.48
mus,1997,20.52
mus,1998,20.56
mus,1999,20.6
mus,2000,20.64
mus,2001,20.28
mus,2002,19.91
mus,2003,19.55
mus,2004,19.18
mus,2005,18.82
mus,2006,18.84
mus,2007,18.86
mus,2008,18.88
mus,2009,18.9
mus,2010,18.92
mus,2011,18.94
mus,2012,18.96
mus,2013,18.98
mus,2014,19
mus,2015,19.01
mus,2016,19.01
mus,2017,19.01
mwi,1990,41.32
mwi,1991,40.97
mwi,1992,40.63
mwi,1993,40.28
mwi,1994,39.93
mwi,1995,39.58
mwi,1996,39.23
mwi,1997,38.88
mwi,1998,38.53
mwi,1999,38.18
mwi,2000,37.83
mwi,2001,37.48
mwi,2002,37.13
mwi,2003,36.78
mwi,2004,36.43
mwi,2005,36.08
mwi,2006,35.73
mwi,2007,35.38
mwi,2008,35.03
mwi,2009,34.68
mwi,2010,34.33
mwi,2011,34.14
mwi,2012,33.95
mwi,2013,33.76
mwi,2014,33.57
mwi,2015,33.38
mwi,2016,33.38
mwi,2017,33.38
mys,1990,68.11
mys,1991,67.87
mys,1992,67.63
mys,1993,67.39
mys,1994,67.15
mys,1995,66.91
mys,1996,66.67
mys,1997,66.43
mys,1998,66.19
mys,1999,65.95
mys,2000,65.72
mys,2001,65.29
mys,2002,64.86
mys,2003,64.44
mys,2004,64.01
mys,2005,63.58
mys,2006,64.33
mys,2007,65.08
mys,2008,65.84
mys,2009,66.59
mys,2010,67.34
mys,2011,67.38
mys,2012,67.42
mys,2013,67.47
mys,2014,67.51
mys,2015,67.55
mys,2016,67.55
mys,2017,67.55
myt,1990,28.53
myt,1991,28.01
myt,1992,27.49
myt,1993,26.97
myt,1994,26.45
myt,1995,25.94
myt,1996,25.42
myt,1997,24.9
myt,1998,24.38
myt,1999,23.86
myt,2000,23.34
myt,2001,22.82
myt,2002,22.3
myt,2003,21.79
myt,2004,21.27
myt,2005,20.75
myt,2006,20.23
myt,2007,19.71
myt,2008,19.19
myt,2009,18.67
myt,2010,18.16
myt,2011,17.64
myt,2012,17.12
myt,2013,16.6
myt,2014,16.08
myt,2015,15.56
myt,2016,15.56
myt,2017,15.56
nam,1990,10.64
nam,1991,10.55
nam,1992,10.47
nam,1993,10.38
nam,1994,10.29
nam,1995,10.2
nam,1996,10.11
nam,1997,10.02
nam,1998,9.93
nam,1999,9.84
nam,2000,9.76
nam,2001,9.67
nam,2002,9.58
nam,2003,9.49
nam,2004,9.4
nam,2005,9.31
nam,2006,9.22
nam,2007,9.13
nam,2008,9.03
nam,2009,8.94
nam,2010,8.85
nam,2011,8.76
nam,2012,8.67
nam,2013,8.58
nam,2014,8.49
nam,2015,8.4
nam,2016,8.4
nam,2017,8.4
ncl,1990,45.9
ncl,1991,45.9
ncl,1992,45.9
ncl,1993,45.9
ncl,1994,45.9
ncl,1995,45.9
ncl,1996,45.9
ncl,1997,45.9
ncl,1998,45.9
ncl,1999,45.9
ncl,2000,45.9
ncl,2001,45.9
ncl,2002,45.9
ncl,2003,45.9
ncl,2004,45.9
ncl,2005,45.9
ncl,2006,45.9
ncl,2007,45.9
ncl,2008,45.9
ncl,2009,45.9
ncl,2010,45.9
ncl,2011,45.9
ncl,2012,45.9
ncl,2013,45.9
ncl,2014,45.9
ncl,2015,45.9
ncl,2016,45.9
ncl,2017,45.9
ner,1990,1.54
ner,1991,1.49
ner,1992,1.44
ner,1993,1.39
ner,1994,1.34
ner,1995,1.29
ner,1996,1.24
ner,1997,1.19
ner,1998,1.15
ner,1999,1.1
ner,2000,1.05
ner,2001,1.04
ner,2002,1.03
ner,2003,1.02
ner,2004,1.01
ner,2005,1
ner,2006,0.99
ner,2007,0.98
ner,2008,0.97
ner,2009,0.96
ner,2010,0.95
ner,2011,0.94
ner,2012,0.93
ner,2013,0.92
ner,2014,0.91
ner,2015,0.9
ner,2016,0.9
ner,2017,0.9
nfk,1990,11.5
nfk,1991,11.5
nfk,1992,11.5
nfk,1993,11.5
nfk,1994,11.5
nfk,1995,11.5
nfk,1996,11.5
nfk,1997,11.5
nfk,1998,11.5
nfk,1999,11.5
nfk,2000,11.5
nfk,2001,11.5
nfk,2002,11.5
nfk,2003,11.5
nfk,2004,11.5
nfk,2005,11.5
nfk,2006,11.5
nfk,2007,11.5
nfk,2008,11.5
nfk,2009,11.5
nfk,2010,11.5
nfk,2011,11.5
nfk,2012,11.5
nfk,2013,11.5
nfk,2014,11.5
nfk,2015,11.5
nfk,2016,11.5
nfk,2017,11.5
nga,1990,18.92
nga,1991,18.47
nga,1992,18.02
nga,1993,17.57
nga,1994,17.12
nga,1995,16.67
nga,1996,16.22
nga,1997,15.77
nga,1998,15.32
nga,1999,14.87
nga,2000,14.42
nga,2001,13.97
nga,2002,13.52
nga,2003,13.07
nga,2004,12.63
nga,2005,12.18
nga,2006,11.73
nga,2007,11.28
nga,2008,10.83
nga,2009,10.38
nga,2010,9.93
nga,2011,9.48
nga,2012,9.03
nga,2013,8.58
nga,2014,8.13
nga,2015,7.68
nga,2016,7.68
nga,2017,7.68
nic,1990,37.51
nic,1991,36.93
nic,1992,36.35
nic,1993,35.77
nic,1994,35.18
nic,1995,34.6
nic,1996,34.02
nic,1997,33.44
nic,1998,32.86
nic,1999,32.28
nic,2000,31.69
nic,2001,31.11
nic,2002,30.53
nic,2003,29.95
nic,2004,29.37
nic,2005,28.79
nic,2006,28.2
nic,2007,27.62
nic,2008,27.04
nic,2009,26.46
nic,2010,25.88
nic,2011,25.88
nic,2012,25.88
nic,2013,25.88
nic,2014,25.88
nic,2015,25.88
nic,2016,25.88
nic,2017,25.88
niu,1990,79.23
niu,1991,78.85
niu,1992,78.46
niu,1993,78.08
niu,1994,77.69
niu,1995,77.31
niu,1996,76.92
niu,1997,76.54
niu,1998,76.15
niu,1999,75.77
niu,2000,75.38
niu,2001,75
niu,2002,74.62
niu,2003,74.23
niu,2004,73.85
niu,2005,73.46
niu,2006,73.08
niu,2007,72.69
niu,2008,72.31
niu,2009,71.92
niu,2010,71.54
niu,2011,71.15
niu,2012,70.77
niu,2013,70.38
niu,2014,70
niu,2015,69.62
niu,2016,69.62
niu,2017,69.62
nld,1990,10.22
nld,1991,10.26
nld,1992,10.31
nld,1993,10.35
nld,1994,10.4
nld,1995,10.44
nld,1996,10.49
nld,1997,10.53
nld,1998,10.57
nld,1999,10.62
nld,2000,10.66
nld,2001,10.69
nld,2002,10.72
nld,2003,10.75
nld,2004,10.78
nld,2005,10.81
nld,2006,10.86
nld,2007,10.91
nld,2008,10.95
nld,2009,11.01
nld,2010,11.06
nld,2011,11.08
nld,2012,11.1
nld,2013,11.12
nld,2014,11.14
nld,2015,11.17
nld,2016,11.17
nld,2017,11.17
nor,1990,33.22
nor,1991,33.21
nor,1992,33.21
nor,1993,33.2
nor,1994,33.2
nor,1995,33.19
nor,1996,33.18
nor,1997,33.18
nor,1998,33.17
nor,1999,33.17
nor,2000,33.16
nor,2001,33.15
nor,2002,33.14
nor,2003,33.13
nor,2004,33.12
nor,2005,33.11
nor,2006,33.11
nor,2007,33.12
nor,2008,33.12
nor,2009,33.13
nor,2010,33.13
nor,2011,33.14
nor,2012,33.14
nor,2013,33.16
nor,2014,33.17
nor,2015,33.17
nor,2016,33.17
nor,2017,33.17
npl,1990,33.69
npl,1991,33.04
npl,1992,32.4
npl,1993,31.76
npl,1994,31.12
npl,1995,30.48
npl,1996,29.84
npl,1997,29.2
npl,1998,28.56
npl,1999,27.91
npl,2000,27.21
npl,2001,26.84
npl,2002,26.47
npl,2003,26.1
npl,2004,25.73
npl,2005,25.36
npl,2006,25.36
npl,2007,25.36
npl,2008,25.36
npl,2009,25.36
npl,2010,25.36
npl,2011,25.36
npl,2012,25.36
npl,2013,25.36
npl,2014,25.36
npl,2015,25.36
npl,2016,25.36
npl,2017,25.36
nru,1990,0
nru,1991,0
nru,1992,0
nru,1993,0
nru,1994,0
nru,1995,0
nru,1996,0
nru,1997,0
nru,1998,0
nru,1999,0
nru,2000,0
nru,2001,0
nru,2002,0
nru,2003,0
nru,2004,0
nru,2005,0
nru,2006,0
nru,2007,0
nru,2008,0
nru,2009,0
nru,2010,0
nru,2011,0
nru,2012,0
nru,2013,0
nru,2014,0
nru,2015,0
nru,2016,0
nru,2017,0
nzl,1990,36.68
nzl,1991,36.86
nzl,1992,37.04
nzl,1993,37.23
nzl,1994,37.41
nzl,1995,37.59
nzl,1996,37.78
nzl,1997,37.96
nzl,1998,38.14
nzl,1999,38.32
nzl,2000,38.51
nzl,2001,38.54
nzl,2002,38.57
nzl,2003,38.61
nzl,2004,38.64
nzl,2005,38.67
nzl,2006,38.65
nzl,2007,38.62
nzl,2008,38.6
nzl,2009,38.58
nzl,2010,38.55
nzl,2011,38.55
nzl,2012,38.55
nzl,2013,38.55
nzl,2014,38.55
nzl,2015,38.56
nzl,2016,38.56
nzl,2017,38.56
omn,1990,0.01
omn,1991,0.01
omn,1992,0.01
omn,1993,0.01
omn,1994,0.01
omn,1995,0.01
omn,1996,0.01
omn,1997,0.01
omn,1998,0.01
omn,1999,0.01
omn,2000,0.01
omn,2001,0.01
omn,2002,0.01
omn,2003,0.01
omn,2004,0.01
omn,2005,0.01
omn,2006,0.01
omn,2007,0.01
omn,2008,0.01
omn,2009,0.01
omn,2010,0.01
omn,2011,0.01
omn,2012,0.01
omn,2013,0.01
omn,2014,0.01
omn,2015,0.01
omn,2016,0.01
omn,2017,0.01
pak,1990,3.28
pak,1991,3.22
pak,1992,3.17
pak,1993,3.12
pak,1994,3.06
pak,1995,3.01
pak,1996,2.96
pak,1997,2.9
pak,1998,2.85
pak,1999,2.8
pak,2000,2.74
pak,2001,2.69
pak,2002,2.63
pak,2003,2.58
pak,2004,2.52
pak,2005,2.47
pak,2006,2.41
pak,2007,2.36
pak,2008,2.3
pak,2009,2.24
pak,2010,2.19
pak,2011,2.13
pak,2012,2.08
pak,2013,2.02
pak,2014,1.97
pak,2015,1.91
pak,2016,1.91
pak,2017,1.91
pan,1990,67.8
pan,1991,67.56
pan,1992,67.33
pan,1993,67.1
pan,1994,66.87
pan,1995,66.63
pan,1996,66.4
pan,1997,66.17
pan,1998,65.93
pan,1999,65.7
pan,2000,65.47
pan,2001,65.24
pan,2002,65.01
pan,2003,64.78
pan,2004,64.55
pan,2005,64.33
pan,2006,64.1
pan,2007,63.88
pan,2008,63.66
pan,2009,63.43
pan,2010,63.21
pan,2011,62.99
pan,2012,62.77
pan,2013,62.55
pan,2014,62.51
pan,2015,62.29
pan,2016,62.29
pan,2017,62.29
pcn,1990,74.47
pcn,1991,74.47
pcn,1992,74.47
pcn,1993,74.47
pcn,1994,74.47
pcn,1995,74.47
pcn,1996,74.47
pcn,1997,74.47
pcn,1998,74.47
pcn,1999,74.47
pcn,2000,74.47
pcn,2001,74.47
pcn,2002,74.47
pcn,2003,74.47
pcn,2004,74.47
pcn,2005,74.47
pcn,2006,74.47
pcn,2007,74.47
pcn,2008,74.47
pcn,2009,74.47
pcn,2010,74.47
pcn,2011,74.47
pcn,2012,74.47
pcn,2013,74.47
pcn,2014,74.47
pcn,2015,74.47
pcn,2016,74.47
pcn,2017,74.47
per,1990,60.88
per,1991,60.74
per,1992,60.6
per,1993,60.46
per,1994,60.32
per,1995,60.18
per,1996,60.04
per,1997,59.91
per,1998,59.77
per,1999,59.63
per,2000,59.49
per,2001,59.39
per,2002,59.3
per,2003,59.2
per,2004,59.1
per,2005,59.01
per,2006,58.89
per,2007,58.78
per,2008,58.67
per,2009,58.56
per,2010,58.45
per,2011,58.32
per,2012,58.18
per,2013,58.05
per,2014,57.92
per,2015,57.79
per,2016,57.79
per,2017,57.79
phl,1990,21.98
phl,1991,22.14
phl,1992,22.3
phl,1993,22.46
phl,1994,22.62
phl,1995,22.78
phl,1996,22.93
phl,1997,23.09
phl,1998,23.25
phl,1999,23.41
phl,2000,23.57
phl,2001,23.6
phl,2002,23.63
phl,2003,23.66
phl,2004,23.69
phl,2005,23.72
phl,2006,23.57
phl,2007,23.41
phl,2008,23.25
phl,2009,23.1
phl,2010,22.94
phl,2011,23.74
phl,2012,24.55
phl,2013,25.35
phl,2014,26.16
phl,2015,26.96
phl,2016,26.96
phl,2017,26.96
plw,1991,83.25
plw,1992,83.57
plw,1993,83.88
plw,1994,84.19
plw,1995,84.5
plw,1996,84.81
plw,1997,85.12
plw,1998,85.44
plw,1999,85.75
plw,2000,86.06
plw,2001,86.37
plw,2002,86.68
plw,2003,86.99
plw,2004,87.3
plw,2005,87.62
plw,2006,87.62
plw,2007,87.62
plw,2008,87.62
plw,2009,87.62
plw,2010,87.62
plw,2011,87.62
plw,2012,87.62
plw,2013,87.62
plw,2014,87.62
plw,2015,87.62
plw,2016,87.62
plw,2017,87.62
png,1990,74.25
png,1991,74.25
png,1992,74.24
png,1993,74.24
png,1994,74.23
png,1995,74.22
png,1996,74.22
png,1997,74.21
png,1998,74.21
png,1999,74.2
png,2000,74.2
png,2001,74.19
png,2002,74.18
png,2003,74.18
png,2004,74.17
png,2005,74.16
png,2006,74.16
png,2007,74.15
png,2008,74.15
png,2009,74.14
png,2010,74.14
png,2011,74.13
png,2012,74.12
png,2013,74.12
png,2014,74.11
png,2015,74.1
png,2016,74.1
png,2017,74.1
pol,1990,29
pol,1991,29.05
pol,1992,29.11
pol,1993,29.17
pol,1994,29.23
pol,1995,29.29
pol,1996,29.34
pol,1997,29.4
pol,1998,29.46
pol,1999,29.52
pol,2000,29.58
pol,2001,29.67
pol,2002,29.76
pol,2003,29.86
pol,2004,29.94
pol,2005,30.03
pol,2006,30.12
pol,2007,30.2
pol,2008,30.29
pol,2009,30.37
pol,2010,30.46
pol,2011,30.53
pol,2012,30.6
pol,2013,30.67
pol,2014,30.74
pol,2015,30.81
pol,2016,30.81
pol,2017,30.81
pri,1990,32.36
pri,1991,34.19
pri,1992,36.03
pri,1993,37.87
pri,1994,39.71
pri,1995,41.55
pri,1996,43.39
pri,1997,45.23
pri,1998,47.07
pri,1999,48.9
pri,2000,50.74
pri,2001,51.03
pri,2002,51.32
pri,2003,51.61
pri,2004,51.9
pri,2005,52.18
pri,2006,52.56
pri,2007,52.93
pri,2008,53.3
pri,2009,53.68
pri,2010,54.05
pri,2011,54.42
pri,2012,54.79
pri,2013,55.17
pri,2014,55.54
pri,2015,55.91
pri,2016,55.91
pri,2017,55.91
prk,1990,68.11
prk,1991,67.06
prk,1992,66
prk,1993,64.95
prk,1994,63.9
prk,1995,62.84
prk,1996,61.79
prk,1997,60.74
prk,1998,59.68
prk,1999,58.63
prk,2000,57.58
prk,2001,56.53
prk,2002,55.47
prk,2003,54.42
prk,2004,53.37
prk,2005,52.31
prk,2006,51.26
prk,2007,50.21
prk,2008,49.16
prk,2009,48.11
prk,2010,47.06
prk,2011,46
prk,2012,44.95
prk,2013,43.89
prk,2014,42.84
prk,2015,41.78
prk,2016,41.78
prk,2017,41.78
prt,1990,37.55
prt,1991,37.45
prt,1992,37.35
prt,1993,37.25
prt,1994,37.15
prt,1995,37.04
prt,1996,36.94
prt,1997,36.84
prt,1998,36.74
prt,1999,36.64
prt,2000,36.54
prt,2001,36.43
prt,2002,36.33
prt,2003,36.23
prt,2004,36.12
prt,2005,36.03
prt,2006,35.91
prt,2007,35.78
prt,2008,35.66
prt,2009,35.49
prt,2010,35.36
prt,2011,35.24
prt,2012,35.12
prt,2013,34.98
prt,2014,34.86
prt,2015,34.74
prt,2016,34.74
prt,2017,34.74
pry,1990,53.25
pry,1991,52.8
pry,1992,52.35
pry,1993,51.9
pry,1994,51.45
pry,1995,51
pry,1996,50.55
pry,1997,50.1
pry,1998,49.65
pry,1999,49.2
pry,2000,48.75
pry,2001,48.3
pry,2002,47.85
pry,2003,47.4
pry,2004,46.95
pry,2005,46.5
pry,2006,45.73
pry,2007,44.97
pry,2008,44.2
pry,2009,43.43
pry,2010,42.66
pry,2011,41.84
pry,2012,41.02
pry,2013,40.21
pry,2014,39.39
pry,2015,38.57
pry,2016,38.57
pry,2017,38.57
pse,1990,1.51
pse,1991,1.51
pse,1992,1.51
pse,1993,1.51
pse,1994,1.51
pse,1995,1.51
pse,1996,1.51
pse,1997,1.51
pse,1998,1.51
pse,1999,1.51
pse,2000,1.51
pse,2001,1.51
pse,2002,1.51
pse,2003,1.52
pse,2004,1.52
pse,2005,1.52
pse,2006,1.52
pse,2007,1.52
pse,2008,1.52
pse,2009,1.52
pse,2010,1.52
pse,2011,1.52
pse,2012,1.52
pse,2013,1.52
pse,2014,1.52
pse,2015,1.52
pse,2016,1.52
pse,2017,1.52
pyf,1990,15.03
pyf,1991,16.39
pyf,1992,17.76
pyf,1993,19.13
pyf,1994,20.49
pyf,1995,21.86
pyf,1996,23.22
pyf,1997,24.59
pyf,1998,25.96
pyf,1999,27.32
pyf,2000,28.69
pyf,2001,30.05
pyf,2002,31.42
pyf,2003,32.79
pyf,2004,34.15
pyf,2005,35.52
pyf,2006,36.89
pyf,2007,38.25
pyf,2008,39.62
pyf,2009,40.98
pyf,2010,42.35
pyf,2011,42.35
pyf,2012,42.35
pyf,2013,42.35
pyf,2014,42.35
pyf,2015,42.35
pyf,2016,42.35
pyf,2017,42.35
qat,1990,0
qat,1991,0
qat,1992,0
qat,1993,0
qat,1994,0
qat,1995,0
qat,1996,0
qat,1997,0
qat,1998,0
qat,1999,0
qat,2000,0
qat,2001,0
qat,2002,0
qat,2003,0
qat,2004,0
qat,2005,0
qat,2006,0
qat,2007,0
qat,2008,0
qat,2009,0
qat,2010,0
qat,2011,0
qat,2012,0
qat,2013,0
qat,2014,0
qat,2015,0
qat,2016,0
qat,2017,0
reu,1990,34.8
reu,1991,34.8
reu,1992,34.8
reu,1993,34.8
reu,1994,34.8
reu,1995,34.8
reu,1996,34.8
reu,1997,34.8
reu,1998,34.8
reu,1999,34.8
reu,2000,34.8
reu,2001,34.64
reu,2002,34.48
reu,2003,34.32
reu,2004,34.16
reu,2005,34
reu,2006,34.24
reu,2007,34.48
reu,2008,34.72
reu,2009,34.96
reu,2010,35.2
reu,2011,35.2
reu,2012,35.2
reu,2013,35.06
reu,2014,35.06
reu,2015,35.06
reu,2016,35.06
reu,2017,35.06
rou,1990,27.78
rou,1991,27.76
rou,1992,27.76
rou,1993,27.76
rou,1994,27.75
rou,1995,27.75
rou,1996,27.74
rou,1997,27.74
rou,1998,27.73
rou,1999,27.73
rou,2000,27.71
rou,2001,27.73
rou,2002,27.74
rou,2003,27.75
rou,2004,27.77
rou,2005,27.79
rou,2006,27.9
rou,2007,28.02
rou,2008,28.12
rou,2009,28.21
rou,2010,28.32
rou,2011,28.61
rou,2012,28.93
rou,2013,29.22
rou,2014,29.52
rou,2015,29.82
rou,2016,29.82
rou,2017,29.82
rus,1992,49.36
rus,1993,49.37
rus,1994,49.39
rus,1995,49.4
rus,1996,49.4
rus,1997,49.4
rus,1998,49.4
rus,1999,49.38
rus,2000,49.4
rus,2001,49.4
rus,2002,49.39
rus,2003,49.39
rus,2004,49.38
rus,2005,49.37
rus,2006,49.46
rus,2007,49.54
rus,2008,49.62
rus,2009,49.7
rus,2010,49.77
rus,2011,49.77
rus,2012,49.77
rus,2013,49.77
rus,2014,49.76
rus,2015,49.76
rus,2016,49.76
rus,2017,49.76
rwa,1990,12.89
rwa,1991,13
rwa,1992,13.1
rwa,1993,13.21
rwa,1994,13.31
rwa,1995,13.42
rwa,1996,13.52
rwa,1997,13.63
rwa,1998,13.73
rwa,1999,13.84
rwa,2000,13.94
rwa,2001,14.28
rwa,2002,14.61
rwa,2003,14.94
rwa,2004,15.27
rwa,2005,15.61
rwa,2006,16.1
rwa,2007,16.6
rwa,2008,17.09
rwa,2009,17.58
rwa,2010,18.08
rwa,2011,18.35
rwa,2012,18.63
rwa,2013,18.91
rwa,2014,19.18
rwa,2015,19.46
rwa,2016,19.46
rwa,2017,19.46
sau,1990,0.45
sau,1991,0.45
sau,1992,0.45
sau,1993,0.45
sau,1994,0.45
sau,1995,0.45
sau,1996,0.45
sau,1997,0.45
sau,1998,0.45
sau,1999,0.45
sau,2000,0.45
sau,2001,0.45
sau,2002,0.45
sau,2003,0.45
sau,2004,0.45
sau,2005,0.45
sau,2006,0.45
sau,2007,0.45
sau,2008,0.45
sau,2009,0.45
sau,2010,0.45
sau,2011,0.45
sau,2012,0.45
sau,2013,0.45
sau,2014,0.45
sau,2015,0.45
sau,2016,0.45
sau,2017,0.45
scg,1992,29.1
scg,1993,29.25
scg,1994,29.39
scg,1995,29.53
scg,1996,29.68
scg,1997,29.82
scg,1998,29.97
scg,1999,30.11
scg,2000,30.25
scg,2001,30.29
scg,2002,30.32
scg,2003,30.35
scg,2004,30.38
scg,2005,30.41
sdn,1990,12.93
sdn,1991,12.86
sdn,1992,12.79
sdn,1993,12.71
sdn,1994,12.64
sdn,1995,12.57
sdn,1996,12.49
sdn,1997,12.42
sdn,1998,12.35
sdn,1999,12.27
sdn,2000,12.2
sdn,2001,12.12
sdn,2002,12.05
sdn,2003,11.98
sdn,2004,11.9
sdn,2005,11.83
sdn,2006,11.76
sdn,2007,11.68
sdn,2008,11.61
sdn,2009,11.54
sdn,2010,11.46
sen,1990,48.55
sen,1991,48.32
sen,1992,48.09
sen,1993,47.85
sen,1994,47.62
sen,1995,47.38
sen,1996,47.15
sen,1997,46.92
sen,1998,46.68
sen,1999,46.45
sen,2000,46.22
sen,2001,45.98
sen,2002,45.75
sen,2003,45.51
sen,2004,45.28
sen,2005,45.05
sen,2006,44.84
sen,2007,44.63
sen,2008,44.42
sen,2009,44.22
sen,2010,44.01
sen,2011,43.8
sen,2012,43.59
sen,2013,43.39
sen,2014,43.18
sen,2015,42.97
sen,2016,42.97
sen,2017,42.97
sgp,1990,24.4
sgp,1991,24.4
sgp,1992,24.4
sgp,1993,24.4
sgp,1994,24.4
sgp,1995,24.4
sgp,1996,24.4
sgp,1997,24.4
sgp,1998,24.4
sgp,1999,24.4
sgp,2000,24.4
sgp,2001,24.4
sgp,2002,24.22
sgp,2003,23.8
sgp,2004,23.73
sgp,2005,23.73
sgp,2006,23.56
sgp,2007,23.53
sgp,2008,23.36
sgp,2009,23.36
sgp,2010,23.29
sgp,2011,23.22
sgp,2012,23.16
sgp,2013,23.13
sgp,2014,23.06
sgp,2015,23.06
sgp,2016,23.06
sgp,2017,23.06
shn,1990,5.13
shn,1991,5.13
shn,1992,5.13
shn,1993,5.13
shn,1994,5.13
shn,1995,5.13
shn,1996,5.13
shn,1997,5.13
shn,1998,5.13
shn,1999,5.13
shn,2000,5.13
shn,2001,5.13
shn,2002,5.13
shn,2003,5.13
shn,2004,5.13
shn,2005,5.13
shn,2006,5.13
shn,2007,5.13
shn,2008,5.13
shn,2009,5.13
shn,2010,5.13
shn,2011,5.13
shn,2012,5.13
shn,2013,5.13
shn,2014,5.13
shn,2015,5.13
shn,2016,5.13
shn,2017,5.13
slb,1990,83.03
slb,1991,82.83
slb,1992,82.63
slb,1993,82.43
slb,1994,82.23
slb,1995,82.03
slb,1996,81.83
slb,1997,81.63
slb,1998,81.43
slb,1999,81.23
slb,2000,81.03
slb,2001,80.84
slb,2002,80.64
slb,2003,80.45
slb,2004,80.26
slb,2005,80.06
slb,2006,79.86
slb,2007,79.66
slb,2008,79.46
slb,2009,79.26
slb,2010,79.06
slb,2011,78.86
slb,2012,78.66
slb,2013,78.46
slb,2014,78.26
slb,2015,78.06
slb,2016,78.06
slb,2017,78.06
sle,1990,43.2
sle,1991,42.93
sle,1992,42.65
sle,1993,42.38
sle,1994,42.11
sle,1995,41.84
sle,1996,41.57
sle,1997,41.3
sle,1998,41.03
sle,1999,40.75
sle,2000,40.48
sle,2001,40.21
sle,2002,39.94
sle,2003,39.67
sle,2004,39.4
sle,2005,39.12
sle,2006,38.85
sle,2007,38.58
sle,2008,38.31
sle,2009,38.04
sle,2010,37.77
sle,2011,38.65
sle,2012,39.53
sle,2013,40.41
sle,2014,41.29
sle,2015,42.17
sle,2016,42.17
sle,2017,42.17
slv,1990,18.19
slv,1991,17.98
slv,1992,17.76
slv,1993,17.54
slv,1994,17.33
slv,1995,17.11
slv,1996,16.89
slv,1997,16.67
slv,1998,16.46
slv,1999,16.24
slv,2000,16.02
slv,2001,15.8
slv,2002,15.58
slv,2003,15.36
slv,2004,15.14
slv,2005,14.91
slv,2006,14.7
slv,2007,14.49
slv,2008,14.28
slv,2009,14.06
slv,2010,13.85
slv,2011,13.64
slv,2012,13.43
slv,2013,13.21
slv,2014,13
slv,2015,12.79
slv,2016,12.79
slv,2017,12.79
smr,1990,0
smr,1991,0
smr,1992,0
smr,1993,0
smr,1994,0
smr,1995,0
smr,1996,0
smr,1997,0
smr,1998,0
smr,1999,0
smr,2000,0
smr,2001,0
smr,2002,0
smr,2003,0
smr,2004,0
smr,2005,0
smr,2006,0
smr,2007,0
smr,2008,0
smr,2009,0
smr,2010,0
smr,2011,0
smr,2012,0
smr,2013,0
smr,2014,0
smr,2015,0
smr,2016,0
smr,2017,0
som,1990,13.2
som,1991,13.08
som,1992,12.96
som,1993,12.83
som,1994,12.71
som,1995,12.59
som,1996,12.47
som,1997,12.35
som,1998,12.22
som,1999,12.1
som,2000,11.98
som,2001,11.86
som,2002,11.73
som,2003,11.61
som,2004,11.49
som,2005,11.37
som,2006,11.24
som,2007,11.12
som,2008,11
som,2009,10.88
som,2010,10.75
som,2011,10.63
som,2012,10.51
som,2013,10.39
som,2014,10.27
som,2015,10.14
som,2016,10.14
som,2017,10.14
spm,1990,14.78
spm,1991,14.7
spm,1992,14.61
spm,1993,14.52
spm,1994,14.43
spm,1995,14.35
spm,1996,14.26
spm,1997,14.17
spm,1998,14.09
spm,1999,14
spm,2000,13.91
spm,2001,13.74
spm,2002,13.57
spm,2003,13.39
spm,2004,13.22
spm,2005,13.04
spm,2006,12.96
spm,2007,12.87
spm,2008,12.78
spm,2009,12.7
spm,2010,12.61
spm,2011,12.52
spm,2012,12.43
spm,2013,12.35
spm,2014,12.26
spm,2015,12.17
spm,2016,12.17
spm,2017,12.17
srb,2006,28.85
srb,2007,29.39
srb,2008,29.94
srb,2009,30.48
srb,2010,31.02
srb,2011,31.04
srb,2012,31.05
srb,2013,31.07
srb,2014,31.08
srb,2015,31.1
srb,2016,31.1
srb,2017,31.1
stp,1990,58.33
stp,1991,58.33
stp,1992,58.33
stp,1993,58.33
stp,1994,58.33
stp,1995,58.33
stp,1996,58.33
stp,1997,58.33
stp,1998,58.33
stp,1999,58.33
stp,2000,58.33
stp,2001,58.33
stp,2002,58.33
stp,2003,58.33
stp,2004,58.33
stp,2005,58.33
stp,2006,57.83
stp,2007,57.33
stp,2008,56.83
stp,2009,56.33
stp,2010,55.83
stp,2011,55.83
stp,2012,55.83
stp,2013,55.83
stp,2014,55.83
stp,2015,55.83
stp,2016,55.83
stp,2017,55.83
sur,1990,98.91
sur,1991,98.89
sur,1992,98.86
sur,1993,98.84
sur,1994,98.81
sur,1995,98.79
sur,1996,98.76
sur,1997,98.74
sur,1998,98.71
sur,1999,98.69
sur,2000,98.66
sur,2001,98.63
sur,2002,98.61
sur,2003,98.58
sur,2004,98.56
sur,2005,98.53
sur,2006,98.51
sur,2007,98.48
sur,2008,98.46
sur,2009,98.43
sur,2010,98.4
sur,2011,98.38
sur,2012,98.36
sur,2013,98.33
sur,2014,98.31
sur,2015,98.28
sur,2016,98.28
sur,2017,98.28
svk,1993,39.95
svk,1994,39.95
svk,1995,39.95
svk,1996,39.95
svk,1997,39.94
svk,1998,39.94
svk,1999,39.94
svk,2000,39.94
svk,2001,39.98
svk,2002,40.03
svk,2003,40.07
svk,2004,40.12
svk,2005,40.17
svk,2006,40.2
svk,2007,40.22
svk,2008,40.25
svk,2009,40.29
svk,2010,40.32
svk,2011,40.33
svk,2012,40.33
svk,2013,40.33
svk,2014,40.35
svk,2015,40.35
svk,2016,40.35
svk,2017,40.35
svn,1992,59.43
svn,1993,59.66
svn,1994,59.88
svn,1995,60.1
svn,1996,60.33
svn,1997,60.55
svn,1998,60.77
svn,1999,61
svn,2000,61.22
svn,2001,61.32
svn,2002,61.42
svn,2003,61.52
svn,2004,61.62
svn,2005,61.72
svn,2006,61.76
svn,2007,61.8
svn,2008,61.82
svn,2009,61.86
svn,2010,61.9
svn,2011,61.91
svn,2012,61.92
svn,2013,61.95
svn,2014,61.96
svn,2015,61.96
svn,2016,61.96
svn,2017,61.99
swe,1990,68.39
swe,1991,68.41
swe,1992,68.44
swe,1993,68.46
swe,1994,68.49
swe,1995,68.51
swe,1996,68.54
swe,1997,68.56
swe,1998,68.58
swe,1999,68.61
swe,2000,68.63
swe,2001,68.66
swe,2002,68.69
swe,2003,68.71
swe,2004,68.74
swe,2005,68.77
swe,2006,68.7
swe,2007,68.63
swe,2008,68.56
swe,2009,68.48
swe,2010,68.41
swe,2011,68.41
swe,2012,68.92
swe,2013,68.92
swe,2014,68.92
swe,2015,68.92
swe,2016,68.92
swe,2017,68.92
swz,1990,27.44
swz,1991,27.71
swz,1992,27.98
swz,1993,28.24
swz,1994,28.51
swz,1995,28.78
swz,1996,29.05
swz,1997,29.31
swz,1998,29.58
swz,1999,29.85
swz,2000,30.12
swz,2001,30.38
swz,2002,30.65
swz,2003,30.92
swz,2004,31.19
swz,2005,31.45
swz,2006,31.71
swz,2007,31.97
swz,2008,32.22
swz,2009,32.48
swz,2010,32.73
swz,2011,33
swz,2012,33.27
swz,2013,33.53
swz,2014,33.8
swz,2015,34.07
swz,2016,34.07
swz,2017,34.07
syc,1990,88.4
syc,1991,88.4
syc,1992,88.4
syc,1993,88.4
syc,1994,88.4
syc,1995,88.4
syc,1996,88.4
syc,1997,88.4
syc,1998,88.4
syc,1999,88.4
syc,2000,88.4
syc,2001,88.4
syc,2002,88.4
syc,2003,88.4
syc,2004,88.4
syc,2005,88.4
syc,2006,88.4
syc,2007,88.4
syc,2008,88.4
syc,2009,88.4
syc,2010,88.4
syc,2011,88.4
syc,2012,88.4
syc,2013,88.4
syc,2014,88.4
syc,2015,88.4
syc,2016,88.4
syc,2017,88.4
syr,1990,2.02
syr,1991,2.06
syr,1992,2.09
syr,1993,2.12
syr,1994,2.15
syr,1995,2.19
syr,1996,2.22
syr,1997,2.25
syr,1998,2.29
syr,1999,2.32
syr,2000,2.35
syr,2001,2.38
syr,2002,2.41
syr,2003,2.45
syr,2004,2.48
syr,2005,2.51
syr,2006,2.54
syr,2007,2.58
syr,2008,2.61
syr,2009,2.64
syr,2010,2.67
syr,2011,2.67
syr,2012,2.67
syr,2013,2.67
syr,2014,2.67
syr,2015,2.67
syr,2016,2.67
syr,2017,2.67
tca,1990,36.21
tca,1991,36.21
tca,1992,36.21
tca,1993,36.21
tca,1994,36.21
tca,1995,36.21
tca,1996,36.21
tca,1997,36.21
tca,1998,36.21
tca,1999,36.21
tca,2000,36.21
tca,2001,36.21
tca,2002,36.21
tca,2003,36.21
tca,2004,36.21
tca,2005,36.21
tca,2006,36.21
tca,2007,36.21
tca,2008,36.21
tca,2009,36.21
tca,2010,36.21
tca,2011,36.21
tca,2012,36.21
tca,2013,36.21
tca,2014,36.21
tca,2015,36.21
tca,2016,36.21
tca,2017,36.21
tcd,1990,5.32
tcd,1991,5.29
tcd,1992,5.26
tcd,1993,5.23
tcd,1994,5.2
tcd,1995,5.17
tcd,1996,5.14
tcd,1997,5.11
tcd,1998,5.08
tcd,1999,5.05
tcd,2000,5.02
tcd,2001,4.99
tcd,2002,4.97
tcd,2003,4.94
tcd,2004,4.91
tcd,2005,4.88
tcd,2006,4.78
tcd,2007,4.68
tcd,2008,4.58
tcd,2009,4.47
tcd,2010,4.37
tcd,2011,4.27
tcd,2012,4.17
tcd,2013,4.07
tcd,2014,3.97
tcd,2015,3.87
tcd,2016,3.87
tcd,2017,3.87
tgo,1990,12.59
tgo,1991,12.23
tgo,1992,11.86
tgo,1993,11.5
tgo,1994,11.13
tgo,1995,10.76
tgo,1996,10.4
tgo,1997,10.03
tgo,1998,9.67
tgo,1999,9.3
tgo,2000,8.94
tgo,2001,8.57
tgo,2002,8.2
tgo,2003,7.83
tgo,2004,7.46
tgo,2005,7.1
tgo,2006,6.73
tgo,2007,6.37
tgo,2008,6
tgo,2009,5.64
tgo,2010,5.28
tgo,2011,4.91
tgo,2012,4.55
tgo,2013,4.18
tgo,2014,3.82
tgo,2015,3.46
tgo,2016,3.46
tgo,2017,3.46
tha,1990,27.41
tha,1991,28
tha,1992,28.59
tha,1993,29.18
tha,1994,29.77
tha,1995,30.35
tha,1996,30.94
tha,1997,31.53
tha,1998,32.12
tha,1999,32.71
tha,2000,33.3
tha,2001,32.94
tha,2002,32.58
tha,2003,32.23
tha,2004,31.87
tha,2005,31.51
tha,2006,31.57
tha,2007,31.63
tha,2008,31.69
tha,2009,31.75
tha,2010,31.81
tha,2011,31.86
tha,2012,31.92
tha,2013,31.98
tha,2014,32.04
tha,2015,32.1
tha,2016,32.1
tha,2017,32.1
tjk,1992,2.92
tjk,1993,2.92
tjk,1994,2.92
tjk,1995,2.92
tjk,1996,2.92
tjk,1997,2.93
tjk,1998,2.93
tjk,1999,2.93
tjk,2000,2.93
tjk,2001,2.93
tjk,2002,2.93
tjk,2003,2.93
tjk,2004,2.93
tjk,2005,2.93
tjk,2006,2.93
tjk,2007,2.93
tjk,2008,2.93
tjk,2009,2.93
tjk,2010,2.93
tjk,2011,2.93
tjk,2012,2.94
tjk,2013,2.94
tjk,2014,2.97
tjk,2015,2.97
tjk,2016,2.97
tjk,2017,2.97
tkl,1990,0
tkl,1991,0
tkl,1992,0
tkl,1993,0
tkl,1994,0
tkl,1995,0
tkl,1996,0
tkl,1997,0
tkl,1998,0
tkl,1999,0
tkl,2000,0
tkl,2001,0
tkl,2002,0
tkl,2003,0
tkl,2004,0
tkl,2005,0
tkl,2006,0
tkl,2007,0
tkl,2008,0
tkl,2009,0
tkl,2010,0
tkl,2011,0
tkl,2012,0
tkl,2013,0
tkl,2014,0
tkl,2015,0
tkl,2016,0
tkl,2017,0
tkm,1992,8.78
tkm,1993,8.78
tkm,1994,8.78
tkm,1995,8.78
tkm,1996,8.78
tkm,1997,8.78
tkm,1998,8.78
tkm,1999,8.78
tkm,2000,8.78
tkm,2001,8.78
tkm,2002,8.78
tkm,2003,8.78
tkm,2004,8.78
tkm,2005,8.78
tkm,2006,8.78
tkm,2007,8.78
tkm,2008,8.78
tkm,2009,8.78
tkm,2010,8.78
tkm,2011,8.78
tkm,2012,8.78
tkm,2013,8.78
tkm,2014,8.78
tkm,2015,8.78
tkm,2016,8.78
tkm,2017,8.78
tls,1990,64.96
tls,1991,64.21
tls,1992,63.46
tls,1993,62.7
tls,1994,61.95
tls,1995,61.2
tls,1996,60.44
tls,1997,59.69
tls,1998,58.94
tls,1999,58.18
tls,2000,57.43
tls,2001,56.68
tls,2002,55.92
tls,2003,55.17
tls,2004,54.42
tls,2005,53.67
tls,2006,52.91
tls,2007,52.16
tls,2008,51.41
tls,2009,50.65
tls,2010,49.9
tls,2011,49.15
tls,2012,48.39
tls,2013,47.64
tls,2014,46.89
tls,2015,46.13
tls,2016,46.13
tls,2017,46.13
ton,1990,12.5
ton,1991,12.5
ton,1992,12.5
ton,1993,12.5
ton,1994,12.5
ton,1995,12.5
ton,1996,12.5
ton,1997,12.5
ton,1998,12.5
ton,1999,12.5
ton,2000,12.5
ton,2001,12.5
ton,2002,12.5
ton,2003,12.5
ton,2004,12.5
ton,2005,12.5
ton,2006,12.5
ton,2007,12.5
ton,2008,12.5
ton,2009,12.5
ton,2010,12.5
ton,2011,12.5
ton,2012,12.5
ton,2013,12.5
ton,2014,12.5
ton,2015,12.5
ton,2016,12.5
ton,2017,12.5
tto,1990,46.92
tto,1991,46.78
tto,1992,46.64
tto,1993,46.5
tto,1994,46.37
tto,1995,46.23
tto,1996,46.09
tto,1997,45.95
tto,1998,45.81
tto,1999,45.67
tto,2000,45.54
tto,2001,45.4
tto,2002,45.26
tto,2003,45.12
tto,2004,44.97
tto,2005,44.83
tto,2006,44.69
tto,2007,44.55
tto,2008,44.41
tto,2009,44.27
tto,2010,44.13
tto,2011,44.45
tto,2012,44.76
tto,2013,45.08
tto,2014,45.39
tto,2015,45.71
tto,2016,45.71
tto,2017,45.71
tun,1990,4.14
tun,1991,4.26
tun,1992,4.39
tun,1993,4.51
tun,1994,4.64
tun,1995,4.76
tun,1996,4.89
tun,1997,5.01
tun,1998,5.14
tun,1999,5.26
tun,2000,5.39
tun,2001,5.49
tun,2002,5.59
tun,2003,5.69
tun,2004,5.79
tun,2005,5.89
tun,2006,5.99
tun,2007,6.08
tun,2008,6.18
tun,2009,6.28
tun,2010,6.37
tun,2011,6.44
tun,2012,6.5
tun,2013,6.57
tun,2014,6.63
tun,2015,6.7
tun,2016,6.7
tun,2017,6.7
tur,1990,12.5
tur,1991,12.58
tur,1992,12.65
tur,1993,12.72
tur,1994,12.79
tur,1995,12.87
tur,1996,12.94
tur,1997,13.01
tur,1998,13.09
tur,1999,13.16
tur,2000,13.23
tur,2001,13.36
tur,2002,13.48
tur,2003,13.6
tur,2004,13.73
tur,2005,13.85
tur,2006,13.99
tur,2007,14.13
tur,2008,14.28
tur,2009,14.42
tur,2010,14.56
tur,2011,14.69
tur,2012,14.82
tur,2013,14.96
tur,2014,15.09
tur,2015,15.22
tur,2016,15.22
tur,2017,15.22
tuv,1990,33.33
tuv,1991,33.33
tuv,1992,33.33
tuv,1993,33.33
tuv,1994,33.33
tuv,1995,33.33
tuv,1996,33.33
tuv,1997,33.33
tuv,1998,33.33
tuv,1999,33.33
tuv,2000,33.33
tuv,2001,33.33
tuv,2002,33.33
tuv,2003,33.33
tuv,2004,33.33
tuv,2005,33.33
tuv,2006,33.33
tuv,2007,33.33
tuv,2008,33.33
tuv,2009,33.33
tuv,2010,33.33
tuv,2011,33.33
tuv,2012,33.33
tuv,2013,33.33
tuv,2014,33.33
tuv,2015,33.33
tuv,2016,33.33
tuv,2017,33.33
tza,1990,63.13
tza,1991,62.68
tza,1992,62.23
tza,1993,61.77
tza,1994,61.32
tza,1995,60.87
tza,1996,60.42
tza,1997,59.97
tza,1998,59.52
tza,1999,59.07
tza,2000,58.61
tza,2001,58.16
tza,2002,57.71
tza,2003,57.26
tza,2004,56.81
tza,2005,56.36
tza,2006,55.9
tza,2007,55.45
tza,2008,55
tza,2009,54.55
tza,2010,54.1
tza,2011,53.68
tza,2012,53.26
tza,2013,52.84
tza,2014,52.42
tza,2015,52
tza,2016,52
tza,2017,52
uga,1990,23.78
uga,1991,23.34
uga,1992,22.89
uga,1993,22.45
uga,1994,22.01
uga,1995,21.57
uga,1996,21.13
uga,1997,20.69
uga,1998,20.25
uga,1999,19.8
uga,2000,19.36
uga,2001,18.92
uga,2002,18.48
uga,2003,18.04
uga,2004,17.6
uga,2005,17.16
uga,2006,16.48
uga,2007,15.81
uga,2008,15.13
uga,2009,14.45
uga,2010,13.73
uga,2011,13.06
uga,2012,12.38
uga,2013,11.71
uga,2014,11.03
uga,2015,10.36
uga,2016,10.36
uga,2017,10.36
ukr,1992,16.09
ukr,1993,16.13
ukr,1994,16.17
ukr,1995,16.21
ukr,1996,16.25
ukr,1997,16.29
ukr,1998,16.33
ukr,1999,16.37
ukr,2000,16.41
ukr,2001,16.44
ukr,2002,16.46
ukr,2003,16.48
ukr,2004,16.5
ukr,2005,16.53
ukr,2006,16.52
ukr,2007,16.51
ukr,2008,16.5
ukr,2009,16.49
ukr,2010,16.48
ukr,2011,16.52
ukr,2012,16.56
ukr,2013,16.59
ukr,2014,16.63
ukr,2015,16.67
ukr,2016,16.67
ukr,2017,16.67
ury,1990,4.56
ury,1991,4.89
ury,1992,5.21
ury,1993,5.54
ury,1994,5.87
ury,1995,6.19
ury,1996,6.52
ury,1997,6.85
ury,1998,7.17
ury,1999,7.5
ury,2000,7.83
ury,2001,8
ury,2002,8.17
ury,2003,8.35
ury,2004,8.52
ury,2005,8.7
ury,2006,8.93
ury,2007,9.17
ury,2008,9.41
ury,2009,9.65
ury,2010,9.89
ury,2011,10.02
ury,2012,10.15
ury,2013,10.28
ury,2014,10.41
ury,2015,10.54
ury,2016,10.54
ury,2017,10.54
usa,1990,33.02
usa,1991,33.03
usa,1992,33.05
usa,1993,33.06
usa,1994,33.07
usa,1995,33.08
usa,1996,33.09
usa,1997,33.11
usa,1998,33.12
usa,1999,33.13
usa,2000,33.13
usa,2001,33.16
usa,2002,33.18
usa,2003,33.21
usa,2004,33.24
usa,2005,33.26
usa,2006,33.35
usa,2007,33.44
usa,2008,33.58
usa,2009,33.66
usa,2010,33.75
usa,2011,33.78
usa,2012,33.81
usa,2013,33.84
usa,2014,33.87
usa,2015,33.9
usa,2016,33.9
usa,2017,33.9
ussr,1990,38.75
ussr,1991,38.75
uzb,1992,7.24
uzb,1993,7.28
uzb,1994,7.31
uzb,1995,7.35
uzb,1996,7.39
uzb,1997,7.43
uzb,1998,7.47
uzb,1999,7.51
uzb,2000,7.55
uzb,2001,7.59
uzb,2002,7.63
uzb,2003,7.67
uzb,2004,7.71
uzb,2005,7.75
uzb,2006,7.74
uzb,2007,7.73
uzb,2008,7.72
uzb,2009,7.71
uzb,2010,7.7
uzb,2011,7.67
uzb,2012,7.65
uzb,2013,7.62
uzb,2014,7.6
uzb,2015,7.57
uzb,2016,7.57
uzb,2017,7.57
vct,1990,64.1
vct,1991,64.36
vct,1992,64.62
vct,1993,64.87
vct,1994,65.13
vct,1995,65.38
vct,1996,65.64
vct,1997,65.9
vct,1998,66.15
vct,1999,66.41
vct,2000,66.67
vct,2001,66.67
vct,2002,66.67
vct,2003,66.67
vct,2004,66.67
vct,2005,66.67
vct,2006,67.18
vct,2007,67.69
vct,2008,68.21
vct,2009,68.72
vct,2010,69.23
vct,2011,69.23
vct,2012,69.23
vct,2013,69.23
vct,2014,69.23
vct,2015,69.23
vct,2016,69.23
vct,2017,69.23
ven,1990,58.98
ven,1991,58.66
ven,1992,58.33
ven,1993,58.01
ven,1994,57.68
ven,1995,57.35
ven,1996,57.03
ven,1997,56.7
ven,1998,56.38
ven,1999,56.05
ven,2000,55.72
ven,2001,55.4
ven,2002,55.07
ven,2003,54.75
ven,2004,54.42
ven,2005,54.09
ven,2006,54.05
ven,2007,54
ven,2008,53.95
ven,2009,53.9
ven,2010,53.86
ven,2011,53.67
ven,2012,53.48
ven,2013,53.3
ven,2014,53.11
ven,2015,52.93
ven,2016,52.93
ven,2017,52.93
vgb,1990,24.73
vgb,1991,24.71
vgb,1992,24.68
vgb,1993,24.65
vgb,1994,24.63
vgb,1995,24.6
vgb,1996,24.57
vgb,1997,24.55
vgb,1998,24.52
vgb,1999,24.49
vgb,2000,24.47
vgb,2001,24.45
vgb,2002,24.44
vgb,2003,24.43
vgb,2004,24.41
vgb,2005,24.4
vgb,2006,24.37
vgb,2007,24.35
vgb,2008,24.32
vgb,2009,24.29
vgb,2010,24.27
vgb,2011,24.24
vgb,2012,24.21
vgb,2013,24.19
vgb,2014,24.16
vgb,2015,24.13
vgb,2016,24.13
vgb,2017,24.13
vir,1990,67.37
vir,1991,66.48
vir,1992,65.59
vir,1993,64.71
vir,1994,63.82
vir,1995,62.93
vir,1996,62.04
vir,1997,61.15
vir,1998,60.26
vir,1999,59.37
vir,2000,58.49
vir,2001,57.49
vir,2002,56.5
vir,2003,55.5
vir,2004,54.51
vir,2005,53.51
vir,2006,53.19
vir,2007,52.86
vir,2008,52.54
vir,2009,52.21
vir,2010,51.89
vir,2011,51.57
vir,2012,51.25
vir,2013,50.93
vir,2014,50.61
vir,2015,50.29
vir,2016,50.29
vir,2017,50.29
vnm,1990,28.77
vnm,1991,29.49
vnm,1992,30.22
vnm,1993,30.94
vnm,1994,31.67
vnm,1995,32.4
vnm,1996,33.12
vnm,1997,33.85
vnm,1998,34.58
vnm,1999,35.3
vnm,2000,37.7
vnm,2001,38.56
vnm,2002,39.5
vnm,2003,40.43
vnm,2004,41.3
vnm,2005,42.17
vnm,2006,42.85
vnm,2007,43.53
vnm,2008,44.21
vnm,2009,44.89
vnm,2010,45.56
vnm,2011,45.98
vnm,2012,46.4
vnm,2013,46.81
vnm,2014,47.23
vnm,2015,47.64
vnm,2016,47.64
vnm,2017,47.64
vut,1990,36.1
vut,1991,36.1
vut,1992,36.1
vut,1993,36.1
vut,1994,36.1
vut,1995,36.1
vut,1996,36.1
vut,1997,36.1
vut,1998,36.1
vut,1999,36.1
vut,2000,36.1
vut,2001,36.1
vut,2002,36.1
vut,2003,36.1
vut,2004,36.1
vut,2005,36.1
vut,2006,36.1
vut,2007,36.1
vut,2008,36.1
vut,2009,36.1
vut,2010,36.1
vut,2011,36.1
vut,2012,36.1
vut,2013,36.1
vut,2014,36.1
vut,2015,36.1
vut,2016,36.1
vut,2017,36.1
wlf,1990,41.43
wlf,1991,41.44
wlf,1992,41.44
wlf,1993,41.45
wlf,1994,41.46
wlf,1995,41.46
wlf,1996,41.47
wlf,1997,41.48
wlf,1998,41.49
wlf,1999,41.49
wlf,2000,41.5
wlf,2001,41.5
wlf,2002,41.5
wlf,2003,41.5
wlf,2004,41.5
wlf,2005,41.5
wlf,2006,41.51
wlf,2007,41.53
wlf,2008,41.54
wlf,2009,41.56
wlf,2010,41.57
wlf,2011,41.59
wlf,2012,41.6
wlf,2013,41.61
wlf,2014,41.63
wlf,2015,41.64
wlf,2016,41.64
wlf,2017,41.64
wsm,1990,45.94
wsm,1991,47.39
wsm,1992,48.83
wsm,1993,50.28
wsm,1994,51.73
wsm,1995,53.18
wsm,1996,54.63
wsm,1997,56.08
wsm,1998,57.53
wsm,1999,58.98
wsm,2000,60.42
wsm,2001,60.42
wsm,2002,60.42
wsm,2003,60.42
wsm,2004,60.42
wsm,2005,60.42
wsm,2006,60.42
wsm,2007,60.42
wsm,2008,60.42
wsm,2009,60.42
wsm,2010,60.42
wsm,2011,60.42
wsm,2012,60.42
wsm,2013,60.42
wsm,2014,60.42
wsm,2015,60.42
wsm,2016,60.42
wsm,2017,60.42
yem,1990,1.04
yem,1991,1.04
yem,1992,1.04
yem,1993,1.04
yem,1994,1.04
yem,1995,1.04
yem,1996,1.04
yem,1997,1.04
yem,1998,1.04
yem,1999,1.04
yem,2000,1.04
yem,2001,1.04
yem,2002,1.04
yem,2003,1.04
yem,2004,1.04
yem,2005,1.04
yem,2006,1.04
yem,2007,1.04
yem,2008,1.04
yem,2009,1.04
yem,2010,1.04
yem,2011,1.04
yem,2012,1.04
yem,2013,1.04
yem,2014,1.04
yem,2015,1.04
yem,2016,1.04
yem,2017,1.04
yug,1990,35.73
yug,1991,35.82
zaf,1990,7.62
zaf,1991,7.62
zaf,1992,7.62
zaf,1993,7.62
zaf,1994,7.62
zaf,1995,7.62
zaf,1996,7.62
zaf,1997,7.62
zaf,1998,7.62
zaf,1999,7.62
zaf,2000,7.62
zaf,2001,7.62
zaf,2002,7.62
zaf,2003,7.62
zaf,2004,7.62
zaf,2005,7.62
zaf,2006,7.62
zaf,2007,7.62
zaf,2008,7.62
zaf,2009,7.62
zaf,2010,7.62
zaf,2011,7.62
zaf,2012,7.62
zaf,2013,7.62
zaf,2014,7.62
zaf,2015,7.62
zaf,2016,7.62
zaf,2017,7.62
zmb,1990,71.03
zmb,1991,70.8
zmb,1992,70.58
zmb,1993,70.35
zmb,1994,70.13
zmb,1995,69.91
zmb,1996,69.68
zmb,1997,69.46
zmb,1998,69.23
zmb,1999,69.01
zmb,2000,68.78
zmb,2001,68.56
zmb,2002,68.34
zmb,2003,68.11
zmb,2004,67.89
zmb,2005,67.66
zmb,2006,67.44
zmb,2007,67.22
zmb,2008,66.99
zmb,2009,66.77
zmb,2010,66.54
zmb,2011,66.32
zmb,2012,66.1
zmb,2013,65.87
zmb,2014,65.65
zmb,2015,65.42
zmb,2016,65.42
zmb,2017,65.42
zwe,1990,57.29
zwe,1991,56.45
zwe,1992,55.6
zwe,1993,54.76
zwe,1994,53.91
zwe,1995,53.07
zwe,1996,52.22
zwe,1997,51.38
zwe,1998,50.53
zwe,1999,49.69
zwe,2000,48.84
zwe,2001,48
zwe,2002,47.15
zwe,2003,46.3
zwe,2004,45.46
zwe,2005,44.61
zwe,2006,43.77
zwe,2007,42.92
zwe,2008,42.08
zwe,2009,41.23
zwe,2010,40.39
zwe,2011,39.58
zwe,2012,38.77
zwe,2013,37.97
zwe,2014,37.16
zwe,2015,36.35
zwe,2016,36.35
zwe,2017,36.35
