geo,time,at_least_basic_water_source_overall_access_percent
abw,2000,94.48881
abw,2001,94.77049
abw,2002,95.05218
abw,2003,95.33386
abw,2004,95.61555
abw,2005,95.89723
abw,2006,96.17891
abw,2007,96.4606
abw,2008,96.74228
abw,2009,97.02397
abw,2010,97.30565
abw,2011,97.58734
abw,2012,97.86902
abw,2013,97.86902
abw,2014,97.86902
abw,2015,97.86902
afg,2000,27.06986
afg,2001,27.16059
afg,2002,29.68309
afg,2003,32.20952
afg,2004,34.73993
afg,2005,37.27591
afg,2006,39.81787
afg,2007,42.36563
afg,2008,44.91963
afg,2009,47.47967
afg,2010,50.04619
afg,2011,52.61932
afg,2012,55.1992
afg,2013,57.78595
afg,2014,60.37934
afg,2015,62.98021
ago,2000,37.76852
ago,2001,38.0713
ago,2002,38.37868
ago,2003,38.59191
ago,2004,38.80548
ago,2005,39.01677
ago,2006,39.22787
ago,2007,39.43784
ago,2008,39.64666
ago,2009,39.8526
ago,2010,40.05769
ago,2011,40.26065
ago,2012,40.4578
ago,2013,40.64754
ago,2014,40.83034
ago,2015,41.00587
alb,2000,87.58479
alb,2001,87.65395
alb,2002,87.72388
alb,2003,87.78879
alb,2004,87.84864
alb,2005,87.90288
alb,2006,87.95173
alb,2007,87.99504
alb,2008,88.03267
alb,2009,88.06392
alb,2010,88.08949
alb,2011,88.10882
alb,2012,88.23501
alb,2013,89.84175
alb,2014,91.36792
alb,2015,91.39433
and,2000,100
and,2001,100
and,2002,100
and,2003,100
and,2004,100
and,2005,100
and,2006,100
and,2007,100
and,2008,100
and,2009,100
and,2010,100
and,2011,100
and,2012,100
and,2013,100
and,2014,100
and,2015,100
are,2000,99.65304
are,2001,99.65128
are,2002,99.64955
are,2003,99.64785
are,2004,99.64618
are,2005,99.64453
are,2006,99.64291
are,2007,99.64136
are,2008,99.63985
are,2009,99.6384
are,2010,99.63701
are,2011,99.63566
are,2012,99.63436
are,2013,99.63312
are,2014,99.63192
are,2015,99.63076
arg,2000,99.01158
arg,2001,99.06082
arg,2002,99.10885
arg,2003,99.15554
arg,2004,99.20073
arg,2005,99.24435
arg,2006,99.2865
arg,2007,99.32719
arg,2008,99.36649
arg,2009,99.40437
arg,2010,99.44091
arg,2011,99.47609
arg,2012,99.50996
arg,2013,99.50794
arg,2014,99.632
arg,2015,99.6273
arm,2000,95.87336
arm,2001,96.02985
arm,2002,96.20385
arm,2003,96.38418
arm,2004,96.56484
arm,2005,96.74584
arm,2006,96.92711
arm,2007,97.10878
arm,2008,97.2863
arm,2009,97.46094
arm,2010,97.63765
arm,2011,97.76585
arm,2012,97.71744
arm,2013,97.67005
arm,2014,98.46097
arm,2015,98.92365
asm,2000,98.5
asm,2001,98.56097
asm,2002,98.62194
asm,2003,98.68291
asm,2004,98.74388
asm,2005,98.80485
asm,2006,98.86582
asm,2007,98.92679
asm,2008,98.98776
asm,2009,99.04873
asm,2010,99.1097
asm,2011,99.17067
asm,2012,99.23164
asm,2013,99.23164
asm,2014,99.23164
asm,2015,99.23164
atg,2000,98.25377
atg,2001,98.13726
atg,2002,98.02075
atg,2003,97.90425
atg,2004,97.78774
atg,2005,97.67123
atg,2006,97.55473
atg,2007,97.43822
atg,2008,97.32172
atg,2009,97.20521
atg,2010,97.0887
atg,2011,96.9722
atg,2012,96.85569
atg,2013,96.73919
atg,2014,96.73919
atg,2015,96.73919
aus,2000,99.7351
aus,2001,99.73676
aus,2002,99.73803
aus,2003,99.75804
aus,2004,99.77784
aus,2005,99.7974
aus,2006,99.81674
aus,2007,99.83585
aus,2008,99.85475
aus,2009,99.87343
aus,2010,99.8919
aus,2011,99.91017
aus,2012,99.92823
aus,2013,99.94608
aus,2014,99.95982
aus,2015,99.9687
aut,2000,100
aut,2001,100
aut,2002,100
aut,2003,100
aut,2004,100
aut,2005,100
aut,2006,100
aut,2007,100
aut,2008,100
aut,2009,100
aut,2010,100
aut,2011,100
aut,2012,100
aut,2013,100
aut,2014,100
aut,2015,100
aze,2000,76.43698
aze,2001,76.98463
aze,2002,77.52886
aze,2003,78.07034
aze,2004,78.60874
aze,2005,79.14375
aze,2006,79.67569
aze,2007,80.20486
aze,2008,80.73065
aze,2009,81.25338
aze,2010,81.77597
aze,2011,82.29818
aze,2012,82.81975
aze,2013,83.34043
aze,2014,83.85996
aze,2015,84.37787
bdi,2000,52.44398
bdi,2001,52.66431
bdi,2002,52.88787
bdi,2003,53.11437
bdi,2004,53.34385
bdi,2005,53.57635
bdi,2006,53.81226
bdi,2007,54.05129
bdi,2008,54.29418
bdi,2009,54.53993
bdi,2010,54.78964
bdi,2011,55.04301
bdi,2012,55.30009
bdi,2013,55.56094
bdi,2014,55.82561
bdi,2015,55.93412
bel,2000,100
bel,2001,100
bel,2002,100
bel,2003,100
bel,2004,100
bel,2005,100
bel,2006,100
bel,2007,100
bel,2008,100
bel,2009,100
bel,2010,100
bel,2011,100
bel,2012,100
bel,2013,100
bel,2014,100
bel,2015,100
ben,2000,60.06424
ben,2001,60.54256
ben,2002,61.01786
ben,2003,61.49176
ben,2004,61.96434
ben,2005,62.4352
ben,2006,62.90421
ben,2007,63.3712
ben,2008,63.83624
ben,2009,64.29875
ben,2010,64.759
ben,2011,65.21664
ben,2012,65.6715
ben,2013,66.12326
ben,2014,66.57196
ben,2015,67.01729
bfa,2000,46.70863
bfa,2001,46.94466
bfa,2002,47.39457
bfa,2003,47.85309
bfa,2004,48.32133
bfa,2005,48.79801
bfa,2006,49.28422
bfa,2007,49.78006
bfa,2008,50.28003
bfa,2009,50.78381
bfa,2010,51.29036
bfa,2011,51.80006
bfa,2012,52.3122
bfa,2013,52.82607
bfa,2014,53.34133
bfa,2015,53.8576
bgd,2000,94.64647
bgd,2001,94.8377
bgd,2002,95.03264
bgd,2003,95.2253
bgd,2004,95.41556
bgd,2005,95.60329
bgd,2006,95.78851
bgd,2007,95.97111
bgd,2008,96.151
bgd,2009,96.32808
bgd,2010,96.50233
bgd,2011,96.67364
bgd,2012,96.84181
bgd,2013,97.00677
bgd,2014,97.16855
bgd,2015,97.32714
bgr,2000,99.74089
bgr,2001,99.74177
bgr,2002,99.74301
bgr,2003,99.74424
bgr,2004,99.70953
bgr,2005,99.66277
bgr,2006,99.61626
bgr,2007,99.57001
bgr,2008,99.52402
bgr,2009,99.47827
bgr,2010,99.43277
bgr,2011,99.38751
bgr,2012,99.34249
bgr,2013,99.2977
bgr,2014,99.25313
bgr,2015,99.25564
bhr,2000,99.89794
bhr,2001,99.90804
bhr,2002,99.91813
bhr,2003,99.92822
bhr,2004,99.93832
bhr,2005,99.94841
bhr,2006,99.9585
bhr,2007,99.9686
bhr,2008,99.97869
bhr,2009,99.98879
bhr,2010,99.99888
bhr,2011,100
bhr,2012,100
bhr,2013,100
bhr,2014,100
bhr,2015,100
bhs,2000,98.38363
bhs,2001,98.3343
bhs,2002,98.28498
bhs,2003,98.23566
bhs,2004,98.18633
bhs,2005,98.13701
bhs,2006,98.08769
bhs,2007,98.03837
bhs,2008,97.98904
bhs,2009,97.93972
bhs,2010,97.8904
bhs,2011,97.84107
bhs,2012,97.79175
bhs,2013,97.79175
bhs,2014,97.79175
bhs,2015,97.79175
bih,2000,96.39817
bih,2001,96.28692
bih,2002,96.37836
bih,2003,96.49098
bih,2004,96.60366
bih,2005,96.71641
bih,2006,96.82922
bih,2007,96.9421
bih,2008,97.05502
bih,2009,97.16787
bih,2010,97.28055
bih,2011,97.39295
bih,2012,97.50496
bih,2013,97.56199
bih,2014,97.66173
bih,2015,97.66019
blr,2000,97.90323
blr,2001,97.89838
blr,2002,97.89358
blr,2003,97.88882
blr,2004,97.89738
blr,2005,97.90616
blr,2006,97.91514
blr,2007,97.92433
blr,2008,97.93371
blr,2009,97.94331
blr,2010,97.95309
blr,2011,97.96312
blr,2012,97.97339
blr,2013,97.98389
blr,2014,97.99461
blr,2015,98.00556
blz,2000,87.57212
blz,2001,88.20157
blz,2002,88.83224
blz,2003,89.46398
blz,2004,90.09687
blz,2005,90.73101
blz,2006,91.36625
blz,2007,92.00262
blz,2008,92.64013
blz,2009,93.27884
blz,2010,93.91868
blz,2011,94.5607
blz,2012,95.20472
blz,2013,95.85061
blz,2014,96.49823
blz,2015,97.1288
bmu,2000,99.99414
bmu,2001,99.98656
bmu,2002,99.97898
bmu,2003,99.97139
bmu,2004,99.96381
bmu,2005,99.95623
bmu,2006,99.94864
bmu,2007,99.94106
bmu,2008,99.93347
bmu,2009,99.92589
bmu,2010,99.91831
bmu,2011,99.91072
bmu,2012,99.90314
bmu,2013,99.90314
bmu,2014,99.90314
bmu,2015,99.90314
bol,2000,78.81529
bol,2001,79.85743
bol,2002,80.88526
bol,2003,81.8973
bol,2004,82.89376
bol,2005,83.87452
bol,2006,84.8405
bol,2007,85.79125
bol,2008,86.72702
bol,2009,87.64836
bol,2010,88.55522
bol,2011,89.44786
bol,2012,90.32679
bol,2013,91.19175
bol,2014,92.04328
bol,2015,92.88163
bra,2000,93.70658
bra,2001,93.99436
bra,2002,94.26893
bra,2003,94.53761
bra,2004,94.80026
bra,2005,95.05702
bra,2006,95.30818
bra,2007,95.55384
bra,2008,95.79409
bra,2009,96.02868
bra,2010,96.25808
bra,2011,96.48253
bra,2012,96.70107
bra,2013,96.91422
bra,2014,97.2331
bra,2015,97.49794
brb,2000,98.54368
brb,2001,98.51422
brb,2002,98.48475
brb,2003,98.45529
brb,2004,98.42582
brb,2005,98.39636
brb,2006,98.36689
brb,2007,98.33743
brb,2008,98.30796
brb,2009,98.27849
brb,2010,98.24903
brb,2011,98.21956
brb,2012,98.1901
brb,2013,98.16063
brb,2014,98.13117
brb,2015,98.13117
brn,2007,99.49607
brn,2008,99.49848
brn,2009,99.5008
brn,2010,99.50306
brn,2011,99.50523
brn,2012,99.50734
brn,2013,99.50937
brn,2014,99.51132
brn,2015,99.51321
btn,2000,80.96643
btn,2001,82.39172
btn,2002,83.78783
btn,2003,85.15339
btn,2004,86.48722
btn,2005,87.78187
btn,2006,88.99611
btn,2007,90.18727
btn,2008,91.35488
btn,2009,92.49826
btn,2010,93.61715
btn,2011,94.71114
btn,2012,95.77945
btn,2013,96.82251
btn,2014,97.55926
btn,2015,97.55866
bwa,2000,76.86523
bwa,2001,77.23927
bwa,2002,77.41364
bwa,2003,77.55813
bwa,2004,77.70271
bwa,2005,77.84627
bwa,2006,77.98992
bwa,2007,78.1333
bwa,2008,78.27639
bwa,2009,78.41883
bwa,2010,78.56063
bwa,2011,78.70251
bwa,2012,78.84412
bwa,2013,78.98802
bwa,2014,79.07953
bwa,2015,79.17399
caf,2000,52.09021
caf,2001,52.22334
caf,2002,52.35651
caf,2003,52.48938
caf,2004,52.62194
caf,2005,52.76044
caf,2006,52.90443
caf,2007,53.05417
caf,2008,53.2092
caf,2009,53.36977
caf,2010,53.53579
caf,2011,53.70714
caf,2012,53.88374
caf,2013,53.96455
caf,2014,54.05103
caf,2015,54.14386
can,2000,99.9
can,2001,99.9
can,2002,99.9
can,2003,99.9
can,2004,99.9
can,2005,99.9
can,2006,99.8
can,2007,99.7
can,2008,99.6
can,2009,99.5
can,2010,99.4
can,2011,99.3
can,2012,99.2
can,2013,99.1
can,2014,99
can,2015,98.9
chanisl,2009,94.15
chanisl,2010,94.15
chanisl,2011,94.15
chanisl,2012,94.15
chanisl,2013,94.15
chanisl,2014,94.15
chanisl,2015,94.15
che,2000,100
che,2001,100
che,2002,100
che,2003,100
che,2004,100
che,2005,100
che,2006,100
che,2007,100
che,2008,100
che,2009,100
che,2010,100
che,2011,100
che,2012,100
che,2013,100
che,2014,100
che,2015,100
chl,2000,95.26374
chl,2001,95.69419
chl,2002,96.11197
chl,2003,96.51614
chl,2004,96.90773
chl,2005,97.28729
chl,2006,97.6552
chl,2007,98.01218
chl,2008,98.35888
chl,2009,98.69569
chl,2010,99.02315
chl,2011,99.34189
chl,2012,99.65229
chl,2013,99.92838
chl,2014,100
chl,2015,100
chn,2000,77.5007
chn,2001,77.89526
chn,2002,79.58474
chn,2003,81.21651
chn,2004,82.78871
chn,2005,84.29854
chn,2006,85.73662
chn,2007,87.10832
chn,2008,88.41853
chn,2009,89.66551
chn,2010,90.84965
chn,2011,91.97025
chn,2012,93.02516
chn,2013,94.01634
chn,2014,94.94642
chn,2015,95.81803
civ,2000,71.86249
civ,2001,71.90968
civ,2002,71.96006
civ,2003,72.01298
civ,2004,72.06845
civ,2005,72.12545
civ,2006,72.18535
civ,2007,72.28195
civ,2008,72.38141
civ,2009,72.48235
civ,2010,72.58236
civ,2011,72.68138
civ,2012,72.77835
civ,2013,72.87355
civ,2014,72.96659
civ,2015,73.05742
cmr,2000,55.30392
cmr,2001,55.99684
cmr,2002,56.6871
cmr,2003,57.37426
cmr,2004,58.05875
cmr,2005,58.73924
cmr,2006,59.4166
cmr,2007,60.08869
cmr,2008,60.7564
cmr,2009,61.41847
cmr,2010,62.07579
cmr,2011,62.72756
cmr,2012,63.37382
cmr,2013,64.01461
cmr,2014,64.65038
cmr,2015,65.27997
cod,2000,34.37136
cod,2001,34.86762
cod,2002,35.36378
cod,2003,35.85984
cod,2004,36.35577
cod,2005,36.85206
cod,2006,37.34919
cod,2007,37.84664
cod,2008,38.34537
cod,2009,38.84388
cod,2010,39.34264
cod,2011,39.84212
cod,2012,40.34131
cod,2013,40.8402
cod,2014,41.33926
cod,2015,41.83799
cog,2000,56.84797
cog,2001,57.14335
cog,2002,57.50112
cog,2003,57.85856
cog,2004,58.80956
cog,2005,59.74653
cog,2006,60.66956
cog,2007,61.57931
cog,2008,62.47412
cog,2009,63.35471
cog,2010,64.2212
cog,2011,65.07319
cog,2012,65.91085
cog,2013,66.73484
cog,2014,67.54433
cog,2015,68.34046
col,2000,90.04349
col,2001,90.52485
col,2002,91.00016
col,2003,91.46947
col,2004,91.93309
col,2005,92.39056
col,2006,92.84221
col,2007,93.28808
col,2008,93.72823
col,2009,94.16271
col,2010,94.59158
col,2011,95.01489
col,2012,95.43252
col,2013,95.84473
col,2014,96.23099
col,2015,96.52203
com,2000,86.39735
com,2001,86.20263
com,2002,86.00706
com,2003,85.8106
com,2004,85.61331
com,2005,85.41574
com,2006,85.21821
com,2007,85.02119
com,2008,84.82502
com,2009,84.63007
com,2010,84.43683
com,2011,84.24549
com,2012,84.05673
com,2013,83.87065
com,2014,83.68783
com,2015,83.70119
cpv,2000,77.90355
cpv,2001,78.11246
cpv,2002,78.31818
cpv,2003,78.52028
cpv,2004,79.20139
cpv,2005,79.89295
cpv,2006,80.59532
cpv,2007,81.30794
cpv,2008,82.03121
cpv,2009,82.76397
cpv,2010,83.5068
cpv,2011,84.25545
cpv,2012,85.00941
cpv,2013,85.62082
cpv,2014,85.83202
cpv,2015,86.45935
cri,2000,93.86577
cri,2001,94.42264
cri,2002,94.95524
cri,2003,95.46351
cri,2004,95.9479
cri,2005,96.40837
cri,2006,96.84575
cri,2007,97.26043
cri,2008,97.65288
cri,2009,98.02352
cri,2010,98.37324
cri,2011,98.70255
cri,2012,99.01147
cri,2013,99.30144
cri,2014,99.56336
cri,2015,99.69782
cub,2000,93.03019
cub,2001,93.2022
cub,2002,93.37097
cub,2003,93.52668
cub,2004,93.67063
cub,2005,93.81326
cub,2006,93.9547
cub,2007,94.09497
cub,2008,94.23407
cub,2009,94.37187
cub,2010,94.50851
cub,2011,94.64399
cub,2012,94.7783
cub,2013,94.91137
cub,2014,95.04384
cub,2015,95.17551
cym,2001,96.125
cym,2002,96.125
cym,2003,96.125
cym,2004,96.125
cym,2005,96.125
cym,2006,96.125
cym,2007,96.125
cym,2008,96.125
cym,2009,96.125
cym,2010,96.125
cym,2011,96.125
cym,2012,96.125
cym,2013,96.125
cym,2014,96.125
cym,2015,96.125
cyp,2000,100
cyp,2001,100
cyp,2002,100
cyp,2003,100
cyp,2004,100
cyp,2005,100
cyp,2006,100
cyp,2007,100
cyp,2008,100
cyp,2009,100
cyp,2010,100
cyp,2011,100
cyp,2012,100
cyp,2013,100
cyp,2014,100
cyp,2015,100
cze,2000,99.80612
cze,2001,99.80583
cze,2002,99.81139
cze,2003,99.81698
cze,2004,99.82258
cze,2005,99.8282
cze,2006,99.83384
cze,2007,99.8395
cze,2008,99.84518
cze,2009,99.85088
cze,2010,99.8566
cze,2011,99.86234
cze,2012,99.86809
cze,2013,99.87388
cze,2014,99.8797
cze,2015,99.87968
deu,2000,100
deu,2001,100
deu,2002,100
deu,2003,100
deu,2004,100
deu,2005,100
deu,2006,100
deu,2007,100
deu,2008,100
deu,2009,100
deu,2010,100
deu,2011,100
deu,2012,100
deu,2013,100
deu,2014,100
deu,2015,100
dji,2000,74.84371
dji,2001,74.9898
dji,2002,75.13574
dji,2003,75.28153
dji,2004,75.42716
dji,2005,75.57235
dji,2006,75.71769
dji,2007,75.86287
dji,2008,76.00791
dji,2009,76.1525
dji,2010,76.29897
dji,2011,76.44671
dji,2012,76.59627
dji,2013,76.74704
dji,2014,76.89956
dji,2015,76.92248
dma,2000,93.475
dma,2001,93.75
dma,2002,94.025
dma,2003,94.3
dma,2004,94.575
dma,2005,94.85
dma,2006,95.125
dma,2007,95.4
dma,2008,95.675
dma,2009,95.95
dma,2010,96.225
dma,2011,96.5
dma,2012,96.5
dma,2013,96.5
dma,2014,96.5
dma,2015,96.5
dnk,2000,100
dnk,2001,100
dnk,2002,100
dnk,2003,100
dnk,2004,100
dnk,2005,100
dnk,2006,100
dnk,2007,100
dnk,2008,100
dnk,2009,100
dnk,2010,100
dnk,2011,100
dnk,2012,100
dnk,2013,100
dnk,2014,100
dnk,2015,100
dom,2000,91.09329
dom,2001,91.30968
dom,2002,91.52021
dom,2003,91.7902
dom,2004,92.07651
dom,2005,92.34972
dom,2006,92.61038
dom,2007,92.85848
dom,2008,93.09431
dom,2009,93.31723
dom,2010,93.52811
dom,2011,93.72712
dom,2012,93.91058
dom,2013,94.07911
dom,2014,94.2337
dom,2015,94.47707
dza,2000,89.83726
dza,2001,90.1146
dza,2002,90.38717
dza,2003,90.6548
dza,2004,90.91755
dza,2005,91.17526
dza,2006,91.42819
dza,2007,91.67622
dza,2008,91.91957
dza,2009,92.1568
dza,2010,92.38833
dza,2011,92.61435
dza,2012,92.83494
dza,2013,93.05037
dza,2014,93.26081
dza,2015,93.46643
ecu,2000,83.09871
ecu,2001,83.78253
ecu,2002,84.43318
ecu,2003,85.0616
ecu,2004,85.6902
ecu,2005,86.31879
ecu,2006,86.94737
ecu,2007,87.57631
ecu,2008,88.20524
ecu,2009,88.83416
ecu,2010,89.46325
ecu,2011,90.09251
ecu,2012,90.72348
ecu,2013,91.35596
ecu,2014,91.99015
ecu,2015,92.60993
egy,2000,98.23514
egy,2001,98.24381
egy,2002,98.25247
egy,2003,98.26111
egy,2004,98.26973
egy,2005,98.27833
egy,2006,98.28691
egy,2007,98.29473
egy,2008,98.3021
egy,2009,98.30949
egy,2010,98.31688
egy,2011,98.32429
egy,2012,98.33207
egy,2013,98.3402
egy,2014,98.34868
egy,2015,98.3575
eri,2000,16.82809
eri,2001,16.9223
eri,2002,17.02381
eri,2003,17.13325
eri,2004,17.25121
eri,2005,17.37769
eri,2006,17.51211
eri,2007,17.65566
eri,2008,17.80775
eri,2009,17.96959
eri,2010,18.13997
eri,2011,18.3201
eri,2012,18.51
eri,2013,18.7608
eri,2014,19.02071
eri,2015,19.29033
esp,2000,100
esp,2001,100
esp,2002,100
esp,2003,100
esp,2004,100
esp,2005,100
esp,2006,100
esp,2007,100
esp,2008,100
esp,2009,100
esp,2010,100
esp,2011,100
esp,2012,100
esp,2013,99.97187
esp,2014,99.94357
esp,2015,99.94341
est,2000,99.13609
est,2001,99.16842
est,2002,99.20105
est,2003,99.23395
est,2004,99.26713
est,2005,99.30061
est,2006,99.33436
est,2007,99.3684
est,2008,99.40274
est,2009,99.43737
est,2010,99.47228
est,2011,99.50749
est,2012,99.54298
est,2013,99.57895
est,2014,99.61532
est,2015,99.6145
eth,2000,16.73469
eth,2001,18.19649
eth,2002,19.6565
eth,2003,21.11275
eth,2004,22.56582
eth,2005,24.01563
eth,2006,25.46269
eth,2007,26.91536
eth,2008,28.46092
eth,2009,30.00073
eth,2010,31.53617
eth,2011,33.06589
eth,2012,34.59068
eth,2013,36.10823
eth,2014,37.61983
eth,2015,39.12426
fin,2000,100
fin,2001,100
fin,2002,100
fin,2003,100
fin,2004,100
fin,2005,100
fin,2006,100
fin,2007,100
fin,2008,100
fin,2009,100
fin,2010,100
fin,2011,100
fin,2012,100
fin,2013,100
fin,2014,100
fin,2015,100
fji,2000,94.60311
fji,2001,94.63543
fji,2002,94.66776
fji,2003,94.5918
fji,2004,94.51642
fji,2005,94.44138
fji,2006,94.36691
fji,2007,94.29294
fji,2008,94.21955
fji,2009,94.14623
fji,2010,94.07331
fji,2011,94.00071
fji,2012,93.92823
fji,2013,93.85607
fji,2014,93.7842
fji,2015,93.71245
fra,2000,99.89471
fra,2001,99.90451
fra,2002,99.91411
fra,2003,99.92352
fra,2004,99.93275
fra,2005,99.94179
fra,2006,99.95064
fra,2007,99.95931
fra,2008,99.9678
fra,2009,99.97612
fra,2010,99.98425
fra,2011,99.99221
fra,2012,100
fra,2013,100
fra,2014,100
fra,2015,100
fro,2000,100
fro,2001,100
fro,2002,100
fro,2003,100
fro,2004,100
fro,2005,100
fro,2006,100
fro,2007,100
fro,2008,100
fro,2009,100
fro,2010,100
fro,2011,100
fro,2012,100
fro,2013,100
fro,2014,100
fro,2015,100
fsm,2000,92.61359
fsm,2001,92.25767
fsm,2002,91.90174
fsm,2003,91.54582
fsm,2004,91.1899
fsm,2005,90.83397
fsm,2006,90.47767
fsm,2007,90.1212
fsm,2008,89.76472
fsm,2009,89.40816
fsm,2010,89.05142
fsm,2011,88.69577
fsm,2012,88.34114
fsm,2013,88.34378
fsm,2014,88.34759
fsm,2015,88.35246
gab,2000,78.7126
gab,2001,79.55074
gab,2002,80.33995
gab,2003,81.08401
gab,2004,81.78599
gab,2005,82.45028
gab,2006,83.07873
gab,2007,83.67447
gab,2008,84.24006
gab,2009,84.77794
gab,2010,85.29084
gab,2011,85.77979
gab,2012,86.2477
gab,2013,86.6962
gab,2014,87.12654
gab,2015,87.54092
gbm,2011,96.25997
gbm,2012,96.25997
gbm,2013,96.25997
gbm,2014,96.25997
gbm,2015,96.25997
gbr,2000,100
gbr,2001,100
gbr,2002,100
gbr,2003,100
gbr,2004,100
gbr,2005,100
gbr,2006,100
gbr,2007,100
gbr,2008,100
gbr,2009,100
gbr,2010,100
gbr,2011,100
gbr,2012,100
gbr,2013,100
gbr,2014,100
gbr,2015,100
geo,2000,88.55739
geo,2001,88.8197
geo,2002,89.10857
geo,2003,89.4269
geo,2004,89.74462
geo,2005,90.06172
geo,2006,90.37759
geo,2007,90.69212
geo,2008,91.00614
geo,2009,91.32645
geo,2010,91.6523
geo,2011,91.97678
geo,2012,92.2996
geo,2013,92.62103
geo,2014,92.94233
geo,2015,93.26353
gha,2000,64.36041
gha,2001,65.30566
gha,2002,66.24437
gha,2003,67.1765
gha,2004,68.10231
gha,2005,69.02066
gha,2006,69.93236
gha,2007,70.83713
gha,2008,71.73493
gha,2009,72.62502
gha,2010,73.5084
gha,2011,74.38432
gha,2012,75.25162
gha,2013,76.10972
gha,2014,76.95875
gha,2015,77.7993
gib,2000,99.61827
gib,2001,99.61827
gib,2002,99.61827
gib,2003,99.61827
gib,2004,99.61827
gib,2005,99.61827
gib,2006,99.61827
gib,2007,99.61827
gib,2008,99.61827
gib,2009,99.61827
gib,2010,99.61827
gib,2011,99.61827
gib,2012,99.61827
gib,2013,99.61827
gib,2014,99.61827
gib,2015,99.61827
gin,2000,54.49866
gin,2001,55.34061
gin,2002,56.18467
gin,2003,57.03149
gin,2004,57.88067
gin,2005,58.73252
gin,2006,59.58663
gin,2007,60.44331
gin,2008,61.30181
gin,2009,62.16312
gin,2010,63.02617
gin,2011,63.89158
gin,2012,64.75897
gin,2013,65.62829
gin,2014,66.4995
gin,2015,67.37255
gmb,2000,73.84812
gmb,2001,74.28118
gmb,2002,74.71523
gmb,2003,75.15026
gmb,2004,75.5818
gmb,2005,76.0094
gmb,2006,76.43325
gmb,2007,76.85291
gmb,2008,77.26874
gmb,2009,77.68013
gmb,2010,78.08744
gmb,2011,78.49043
gmb,2012,78.88908
gmb,2013,79.28334
gmb,2014,79.67319
gmb,2015,80.0586
gnb,2000,52.78843
gnb,2001,53.88835
gnb,2002,54.98924
gnb,2003,56.09107
gnb,2004,57.1935
gnb,2005,58.29522
gnb,2006,59.39782
gnb,2007,60.50033
gnb,2008,61.60273
gnb,2009,62.70404
gnb,2010,63.80522
gnb,2011,64.89867
gnb,2012,65.98508
gnb,2013,67.06355
gnb,2014,68.13414
gnb,2015,69.19661
gnq,2000,48.90514
gnq,2001,48.91536
gnq,2002,48.92536
gnq,2003,48.93917
gnq,2004,48.95698
gnq,2005,48.98012
gnq,2006,49.00901
gnq,2007,49.04441
gnq,2008,49.08741
gnq,2009,49.13802
gnq,2010,49.19774
gnq,2011,49.26735
gnq,2012,49.34675
gnq,2013,49.43755
gnq,2014,49.51048
gnq,2015,49.59008
grc,2000,99.38288
grc,2001,99.43763
grc,2002,99.49474
grc,2003,99.5506
grc,2004,99.60525
grc,2005,99.65867
grc,2006,99.71089
grc,2007,99.76193
grc,2008,99.81181
grc,2009,99.86053
grc,2010,99.90813
grc,2011,99.95461
grc,2012,100
grc,2013,100
grc,2014,100
grc,2015,100
grd,2000,93.30764
grd,2001,93.53995
grd,2002,93.77227
grd,2003,94.00458
grd,2004,94.2369
grd,2005,94.46921
grd,2006,94.70153
grd,2007,94.93384
grd,2008,95.16616
grd,2009,95.39847
grd,2010,95.63079
grd,2011,95.8631
grd,2012,95.97139
grd,2013,95.62865
grd,2014,95.62865
grd,2015,95.62865
grl,2000,100
grl,2001,100
grl,2002,100
grl,2003,100
grl,2004,100
grl,2005,100
grl,2006,100
grl,2007,100
grl,2008,100
grl,2009,100
grl,2010,100
grl,2011,100
grl,2012,100
grl,2013,100
grl,2014,100
grl,2015,100
gtm,2000,85.46691
gtm,2001,86.0399
gtm,2002,86.6082
gtm,2003,87.17208
gtm,2004,87.73197
gtm,2005,88.28762
gtm,2006,88.83911
gtm,2007,89.38634
gtm,2008,89.92911
gtm,2009,90.46746
gtm,2010,91.0012
gtm,2011,91.53016
gtm,2012,92.05446
gtm,2013,92.57377
gtm,2014,93.08829
gtm,2015,93.5977
gum,2000,99.4
gum,2001,99.4246
gum,2002,99.4492
gum,2003,99.4738
gum,2004,99.4984
gum,2005,99.523
gum,2006,99.5476
gum,2007,99.5722
gum,2008,99.5968
gum,2009,99.6214
gum,2010,99.646
gum,2011,99.6706
gum,2012,99.6952
gum,2013,99.6952
gum,2014,99.6952
gum,2015,99.6952
guy,2000,88.26871
guy,2001,88.69372
guy,2002,89.11894
guy,2003,89.54444
guy,2004,89.97113
guy,2005,90.39909
guy,2006,90.82814
guy,2007,91.25835
guy,2008,91.68954
guy,2009,92.1218
guy,2010,92.55499
guy,2011,92.989
guy,2012,93.42391
guy,2013,93.91822
guy,2014,94.67871
guy,2015,95.07132
hkg,2000,98.67125
hkg,2001,98.76964
hkg,2002,98.86804
hkg,2003,98.96643
hkg,2004,99.06482
hkg,2005,99.16321
hkg,2006,99.26161
hkg,2007,99.36
hkg,2008,99.45839
hkg,2009,99.55679
hkg,2010,99.65518
hkg,2011,99.75357
hkg,2012,99.85196
hkg,2013,99.95036
hkg,2014,100
hkg,2015,100
hnd,2000,82.20586
hnd,2001,82.90102
hnd,2002,83.61767
hnd,2003,84.32853
hnd,2004,85.03143
hnd,2005,85.72572
hnd,2006,86.41181
hnd,2007,87.08949
hnd,2008,87.75801
hnd,2009,88.41708
hnd,2010,89.06681
hnd,2011,89.70733
hnd,2012,90.33875
hnd,2013,90.96103
hnd,2014,91.5743
hnd,2015,92.17872
hrv,2000,98.5097
hrv,2001,98.51433
hrv,2002,98.6199
hrv,2003,98.72516
hrv,2004,98.80816
hrv,2005,98.8905
hrv,2006,98.9721
hrv,2007,99.05285
hrv,2008,99.13264
hrv,2009,99.2114
hrv,2010,99.28899
hrv,2011,99.36536
hrv,2012,99.44037
hrv,2013,99.51395
hrv,2014,99.586
hrv,2015,99.5859
hti,2000,56.42141
hti,2001,57.03184
hti,2002,57.64831
hti,2003,58.26753
hti,2004,58.88929
hti,2005,59.48801
hti,2006,60.0648
hti,2007,60.61693
hti,2008,61.14215
hti,2009,61.63952
hti,2010,62.10817
hti,2011,62.54723
hti,2012,62.95627
hti,2013,63.3345
hti,2014,63.68193
hti,2015,64.17432
hun,2000,99.9631
hun,2001,99.9632
hun,2002,99.96508
hun,2003,99.96549
hun,2004,99.9659
hun,2005,99.96636
hun,2006,99.96687
hun,2007,99.96738
hun,2008,99.96788
hun,2009,99.96838
hun,2010,99.96888
hun,2011,99.96937
hun,2012,99.96985
hun,2013,99.97033
hun,2014,99.9708
hun,2015,99.97125
idn,2000,74.56656
idn,2001,75.62743
idn,2002,76.68006
idn,2003,77.72415
idn,2004,78.7601
idn,2005,79.78675
idn,2006,80.80471
idn,2007,81.81354
idn,2008,82.81361
idn,2009,83.80392
idn,2010,84.78542
idn,2011,85.7554
idn,2012,86.71407
idn,2013,87.66164
idn,2014,88.59817
idn,2015,89.52403
ind,2000,80.4149
ind,2001,80.90473
ind,2002,81.40321
ind,2003,81.8982
ind,2004,82.38979
ind,2005,82.87767
ind,2006,83.36196
ind,2007,83.84273
ind,2008,84.31993
ind,2009,84.7933
ind,2010,85.26291
ind,2011,85.72884
ind,2012,86.19161
ind,2013,86.65097
ind,2014,87.10686
ind,2015,87.55914
irl,2000,96.08132
irl,2001,96.28272
irl,2002,96.48431
irl,2003,96.68599
irl,2004,96.88794
irl,2005,97.09016
irl,2006,97.29266
irl,2007,97.49543
irl,2008,97.69847
irl,2009,97.90179
irl,2010,98.10538
irl,2011,98.30922
irl,2012,98.51332
irl,2013,98.71768
irl,2014,98.92229
irl,2015,98.92164
irn,2000,94.99207
irn,2001,95.05558
irn,2002,95.11855
irn,2003,95.18098
irn,2004,95.2428
irn,2005,95.22492
irn,2006,95.20452
irn,2007,95.17757
irn,2008,95.14639
irn,2009,95.11305
irn,2010,95.07768
irn,2011,95.04022
irn,2012,95.00084
irn,2013,94.95858
irn,2014,94.91366
irn,2015,94.8662
irq,2000,81.35498
irq,2001,80.9841
irq,2002,80.37083
irq,2003,79.74598
irq,2004,79.10954
irq,2005,78.88638
irq,2006,79.61269
irq,2007,80.33765
irq,2008,81.061
irq,2009,81.78254
irq,2010,82.50269
irq,2011,83.22297
irq,2012,83.9434
irq,2013,84.66297
irq,2014,85.3815
irq,2015,86.09833
isl,2000,100
isl,2001,100
isl,2002,100
isl,2003,100
isl,2004,100
isl,2005,100
isl,2006,100
isl,2007,100
isl,2008,100
isl,2009,100
isl,2010,100
isl,2011,100
isl,2012,100
isl,2013,100
isl,2014,100
isl,2015,100
isr,2000,100
isr,2001,100
isr,2002,100
isr,2003,100
isr,2004,100
isr,2005,100
isr,2006,100
isr,2007,100
isr,2008,100
isr,2009,100
isr,2010,100
isr,2011,100
isr,2012,100
isr,2013,100
isr,2014,100
isr,2015,100
ita,2000,100
ita,2001,100
ita,2002,100
ita,2003,100
ita,2004,100
ita,2005,100
ita,2006,100
ita,2007,100
ita,2008,100
ita,2009,100
ita,2010,100
ita,2011,100
ita,2012,100
ita,2013,100
ita,2014,100
ita,2015,100
jam,2000,90.77145
jam,2001,90.93379
jam,2002,91.09041
jam,2003,91.24485
jam,2004,91.39871
jam,2005,91.55156
jam,2006,91.70372
jam,2007,91.85498
jam,2008,92.00555
jam,2009,92.15523
jam,2010,92.30412
jam,2011,92.4523
jam,2012,92.60063
jam,2013,92.74921
jam,2014,92.89788
jam,2015,92.91855
jor,2000,99.58849
jor,2001,99.51816
jor,2002,99.44819
jor,2003,99.37855
jor,2004,99.30924
jor,2005,99.24026
jor,2006,99.1716
jor,2007,99.10325
jor,2008,99.03521
jor,2009,98.96747
jor,2010,98.90002
jor,2011,98.83287
jor,2012,98.76597
jor,2013,98.69931
jor,2014,98.63288
jor,2015,98.56668
jpn,2000,98.47611
jpn,2001,98.47611
jpn,2002,98.47611
jpn,2003,98.47611
jpn,2004,98.47611
jpn,2005,98.51879
jpn,2006,98.56146
jpn,2007,98.60414
jpn,2008,98.64682
jpn,2009,98.68949
jpn,2010,98.73217
jpn,2011,98.77484
jpn,2012,98.81752
jpn,2013,98.86019
jpn,2014,98.90287
jpn,2015,98.94554
kaz,2000,86.17909
kaz,2001,86.51782
kaz,2002,86.85791
kaz,2003,87.19899
kaz,2004,87.54107
kaz,2005,87.88449
kaz,2006,88.22892
kaz,2007,88.57469
kaz,2008,88.92147
kaz,2009,89.26943
kaz,2010,89.62276
kaz,2011,89.98092
kaz,2012,90.34415
kaz,2013,90.66002
kaz,2014,90.90054
kaz,2015,91.14559
ken,2000,46.38813
ken,2001,47.24221
ken,2002,48.09003
ken,2003,48.93141
ken,2004,49.76616
ken,2005,50.59317
ken,2006,51.41322
ken,2007,52.22613
ken,2008,53.03169
ken,2009,53.82891
ken,2010,54.61847
ken,2011,55.40133
ken,2012,56.17683
ken,2013,56.94469
ken,2014,57.70465
ken,2015,58.45678
kgz,2000,80.32439
kgz,2001,80.32395
kgz,2002,80.82484
kgz,2003,81.32552
kgz,2004,81.82644
kgz,2005,82.32715
kgz,2006,82.82808
kgz,2007,83.32883
kgz,2008,83.82959
kgz,2009,84.33056
kgz,2010,84.83518
kgz,2011,85.34319
kgz,2012,85.85469
kgz,2013,86.36888
kgz,2014,86.87712
kgz,2015,87.26864
khm,2000,52.40166
khm,2001,53.90123
khm,2002,55.40056
khm,2003,56.89967
khm,2004,58.39882
khm,2005,59.898
khm,2006,61.39695
khm,2007,62.89593
khm,2008,64.39467
khm,2009,65.89666
khm,2010,67.40131
khm,2011,68.90913
khm,2012,70.42008
khm,2013,71.93386
khm,2014,73.45069
khm,2015,74.9708
kir,2000,60.79332
kir,2001,61.19661
kir,2002,61.4587
kir,2003,61.72166
kir,2004,61.98518
kir,2005,62.24892
kir,2006,62.51356
kir,2007,62.78338
kir,2008,63.05888
kir,2009,63.341
kir,2010,63.62986
kir,2011,63.9264
kir,2012,64.23026
kir,2013,64.27897
kir,2014,64.33269
kir,2015,64.39233
kna,2000,98.21339
kna,2001,98.29719
kna,2002,98.38099
kna,2003,98.4648
kna,2004,98.5486
kna,2005,98.6324
kna,2006,98.7162
kna,2007,98.8
kna,2008,98.8838
kna,2009,98.9676
kna,2010,98.9676
kna,2011,98.9676
kna,2012,98.9676
kna,2013,98.9676
kor,2002,98.52745
kor,2003,98.52745
kor,2004,98.52745
kor,2005,98.52745
kor,2006,98.52745
kor,2007,98.64606
kor,2008,98.76467
kor,2009,98.88328
kor,2010,99.00189
kor,2011,99.12049
kor,2012,99.2391
kor,2013,99.35771
kor,2014,99.47632
kor,2015,99.59492
kwt,2000,100
kwt,2001,100
kwt,2002,100
kwt,2003,100
kwt,2004,100
kwt,2005,100
kwt,2006,100
kwt,2007,100
kwt,2008,100
kwt,2009,100
kwt,2010,100
kwt,2011,100
kwt,2012,100
kwt,2013,100
kwt,2014,100
kwt,2015,100
lao,2000,45.82926
lao,2001,48.31637
lao,2002,50.78637
lao,2003,53.23627
lao,2004,55.66573
lao,2005,58.07127
lao,2006,60.44512
lao,2007,62.78488
lao,2008,65.09057
lao,2009,67.36085
lao,2010,69.59518
lao,2011,71.79368
lao,2012,73.95586
lao,2013,76.08188
lao,2014,78.3847
lao,2015,80.44736
lbn,2000,85.3944
lbn,2001,85.85199
lbn,2002,86.30957
lbn,2003,86.76716
lbn,2004,87.22474
lbn,2005,87.68233
lbn,2006,88.13992
lbn,2007,88.5975
lbn,2008,89.05509
lbn,2009,89.51268
lbn,2010,89.97026
lbn,2011,90.42785
lbn,2012,90.88543
lbn,2013,91.34302
lbn,2014,91.80061
lbn,2015,92.25819
lbr,2000,61.71052
lbr,2001,62.27852
lbr,2002,62.84346
lbr,2003,63.40477
lbr,2004,63.9627
lbr,2005,64.51698
lbr,2006,65.06762
lbr,2007,65.61487
lbr,2008,66.15845
lbr,2009,66.70005
lbr,2010,67.23953
lbr,2011,67.7768
lbr,2012,68.31153
lbr,2013,68.84382
lbr,2014,69.37358
lbr,2015,69.90048
lby,2010,96.75
lby,2011,96.75
lby,2012,96.75
lby,2013,96.75
lby,2014,96.75
lby,2015,96.75
lca,2000,88.48084
lca,2001,88.46254
lca,2002,88.39297
lca,2003,89.17725
lca,2004,89.97251
lca,2005,90.77862
lca,2006,91.59495
lca,2007,92.42121
lca,2008,93.25688
lca,2009,94.10171
lca,2010,94.95849
lca,2011,95.83907
lca,2012,96.64426
lca,2013,97.42607
lca,2014,98.16257
lca,2015,98.16245
lie,2000,100
lie,2001,100
lie,2002,100
lie,2003,100
lie,2004,100
lie,2005,100
lie,2006,100
lie,2007,100
lie,2008,100
lie,2009,100
lie,2010,100
lie,2011,100
lie,2012,100
lie,2013,100
lie,2014,100
lie,2015,100
lka,2000,77.46903
lka,2001,78.45635
lka,2002,79.44374
lka,2003,80.4316
lka,2004,81.41974
lka,2005,82.40815
lka,2006,83.39683
lka,2007,84.38564
lka,2008,85.37487
lka,2009,86.36437
lka,2010,87.35415
lka,2011,88.34419
lka,2012,89.3345
lka,2013,90.32618
lka,2014,91.31885
lka,2015,92.31186
lso,2000,66.36988
lso,2001,66.72033
lso,2002,67.07293
lso,2003,67.42745
lso,2004,67.78431
lso,2005,68.14264
lso,2006,68.50307
lso,2007,68.84174
lso,2008,69.1819
lso,2009,69.52268
lso,2010,69.86516
lso,2011,70.20868
lso,2012,70.55345
lso,2013,70.89883
lso,2014,71.24545
lso,2015,71.59287
ltu,2000,90.04549
ltu,2001,90.55959
ltu,2002,91.07065
ltu,2003,91.58327
ltu,2004,92.09745
ltu,2005,92.62514
ltu,2006,93.16456
ltu,2007,93.70275
ltu,2008,94.23972
ltu,2009,94.76662
ltu,2010,95.28524
ltu,2011,95.80532
ltu,2012,96.32838
ltu,2013,96.85405
ltu,2014,97.38188
ltu,2015,97.38087
lux,2000,99.92108
lux,2001,99.92422
lux,2002,99.9265
lux,2003,99.92871
lux,2004,99.93089
lux,2005,99.93299
lux,2006,99.93505
lux,2007,99.93704
lux,2008,99.939
lux,2009,99.94089
lux,2010,99.94273
lux,2011,99.94453
lux,2012,99.94624
lux,2013,99.94784
lux,2014,99.94936
lux,2015,99.9508
lva,2000,97.65262
lva,2001,97.64879
lva,2002,97.71358
lva,2003,97.78019
lva,2004,97.85105
lva,2005,97.92153
lva,2006,97.98854
lva,2007,98.05495
lva,2008,98.12164
lva,2009,98.18851
lva,2010,98.25561
lva,2011,98.32299
lva,2012,98.39065
lva,2013,98.45858
lva,2014,98.52691
lva,2015,98.59556
mac,2000,100
mac,2001,100
mac,2002,100
mac,2003,100
mac,2004,100
mac,2005,100
mac,2006,100
mac,2007,100
mac,2008,100
mac,2009,100
mac,2010,100
mac,2011,100
mac,2012,100
mac,2013,100
mac,2014,100
mac,2015,100
mar,2000,64.12549
mar,2001,65.43018
mar,2002,66.72256
mar,2003,68.00146
mar,2004,69.26747
mar,2005,70.60086
mar,2006,71.9312
mar,2007,73.24081
mar,2008,74.52974
mar,2009,75.79762
mar,2010,77.04498
mar,2011,78.27148
mar,2012,79.47762
mar,2013,80.66274
mar,2014,81.82668
mar,2015,82.97
mco,2000,100
mco,2001,100
mco,2002,100
mco,2003,100
mco,2004,100
mco,2005,100
mco,2006,100
mco,2007,100
mco,2008,100
mco,2009,100
mco,2010,100
mco,2011,100
mco,2012,100
mco,2013,100
mco,2014,100
mco,2015,100
mda,2000,84.05935
mda,2001,84.23651
mda,2002,84.41433
mda,2003,84.59281
mda,2004,84.77195
mda,2005,84.95175
mda,2006,85.13221
mda,2007,85.31332
mda,2008,85.4951
mda,2009,85.68182
mda,2010,85.87344
mda,2011,86.06934
mda,2012,86.26965
mda,2013,86.47395
mda,2014,86.68199
mda,2015,86.69334
mdg,2000,36.68814
mdg,2001,37.48023
mdg,2002,38.2746
mdg,2003,39.07083
mdg,2004,39.86937
mdg,2005,40.81985
mdg,2006,41.77712
mdg,2007,42.74077
mdg,2008,43.7118
mdg,2009,44.68651
mdg,2010,45.66586
mdg,2011,46.6494
mdg,2012,47.63667
mdg,2013,48.62815
mdg,2014,49.6229
mdg,2015,50.62139
mdv,2000,88.58494
mdv,2001,89.81383
mdv,2002,91.00355
mdv,2003,92.15223
mdv,2004,93.25845
mdv,2005,94.32044
mdv,2006,95.33704
mdv,2007,96.30676
mdv,2008,97.23049
mdv,2009,98.10934
mdv,2010,98.19164
mdv,2011,98.05673
mdv,2012,98.01106
mdv,2013,97.96662
mdv,2014,97.92358
mdv,2015,97.88198
mex,2000,89.31019
mex,2001,89.95484
mex,2002,90.59275
mex,2003,91.224
mex,2004,91.84884
mex,2005,92.46701
mex,2006,93.07893
mex,2007,93.68451
mex,2008,94.28397
mex,2009,94.87713
mex,2010,95.46432
mex,2011,96.04531
mex,2012,96.62033
mex,2013,97.18941
mex,2014,97.75277
mex,2015,98.31047
mhl,2001,79.31114
mhl,2002,79.22139
mhl,2003,79.13279
mhl,2004,79.04562
mhl,2005,78.95932
mhl,2006,78.87444
mhl,2007,78.79043
mhl,2008,78.70785
mhl,2009,78.62642
mhl,2010,78.54585
mhl,2011,78.46671
mhl,2012,78.38872
mhl,2013,78.31188
mhl,2014,78.23589
mhl,2015,78.16134
mkd,2000,97.8889
mkd,2001,97.88773
mkd,2002,97.88656
mkd,2003,97.88539
mkd,2004,97.88421
mkd,2005,97.3882
mkd,2006,96.89533
mkd,2007,96.62205
mkd,2008,96.63479
mkd,2009,96.64714
mkd,2010,96.65904
mkd,2011,96.67048
mkd,2012,96.6814
mkd,2013,96.77686
mkd,2014,96.77576
mkd,2015,96.77405
mli,2000,49.2241
mli,2001,50.92129
mli,2002,52.61652
mli,2003,54.30896
mli,2004,55.99915
mli,2005,57.68529
mli,2006,59.36892
mli,2007,61.0486
mli,2008,62.72519
mli,2009,64.39698
mli,2010,66.06177
mli,2011,67.71894
mli,2012,69.36855
mli,2013,71.00974
mli,2014,72.64318
mli,2015,74.26805
mlt,2000,100
mlt,2001,100
mlt,2002,100
mlt,2003,100
mlt,2004,100
mlt,2005,100
mlt,2006,100
mlt,2007,100
mlt,2008,100
mlt,2009,100
mlt,2010,100
mlt,2011,100
mlt,2012,100
mlt,2013,100
mlt,2014,100
mlt,2015,100
mmr,2000,54.83497
mmr,2001,55.67099
mmr,2002,56.51022
mmr,2003,57.35244
mmr,2004,58.19768
mmr,2005,59.04544
mmr,2006,59.89551
mmr,2007,60.74817
mmr,2008,61.60216
mmr,2009,62.45753
mmr,2010,63.31067
mmr,2011,64.16149
mmr,2012,65.00948
mmr,2013,65.85458
mmr,2014,66.69722
mmr,2015,67.53664
mne,2006,95.28767
mne,2007,95.471
mne,2008,95.65345
mne,2009,95.83506
mne,2010,96.01582
mne,2011,96.16576
mne,2012,96.35914
mne,2013,96.47959
mne,2014,96.7292
mne,2015,97.62757
mng,2000,65.00603
mng,2001,66.4612
mng,2002,67.8832
mng,2003,69.27175
mng,2004,70.62668
mng,2005,71.9458
mng,2006,73.23166
mng,2007,74.4837
mng,2008,75.70241
mng,2009,76.88554
mng,2010,78.03647
mng,2011,79.15397
mng,2012,80.23002
mng,2013,81.2649
mng,2014,82.26102
mng,2015,83.21989
mnp,2000,98.79229
mnp,2001,98.83088
mnp,2002,98.86946
mnp,2003,98.90805
mnp,2004,98.94663
mnp,2005,98.98522
mnp,2006,99.0238
mnp,2007,99.06239
mnp,2008,99.10097
mnp,2009,99.13956
mnp,2010,99.17814
mnp,2011,99.21673
mnp,2012,99.25531
mnp,2013,99.25531
mnp,2014,99.25531
mnp,2015,99.25531
moz,2000,22.2128
moz,2001,23.49469
moz,2002,25.18457
moz,2003,26.87345
moz,2004,28.56184
moz,2005,30.24923
moz,2006,31.93662
moz,2007,33.6225
moz,2008,35.30836
moz,2009,36.99953
moz,2010,38.69591
moz,2011,40.39787
moz,2012,42.1053
moz,2013,43.81808
moz,2014,45.53561
moz,2015,47.25875
mrt,2000,53.60733
mrt,2001,54.81202
mrt,2002,55.99707
mrt,2003,57.16223
mrt,2004,58.30679
mrt,2005,59.43109
mrt,2006,60.5355
mrt,2007,61.62035
mrt,2008,62.68505
mrt,2009,63.73049
mrt,2010,64.75657
mrt,2011,65.76327
mrt,2012,66.75188
mrt,2013,67.72193
mrt,2014,68.67344
mrt,2015,69.60768
mus,2000,99.27978
mus,2001,99.32342
mus,2002,99.36729
mus,2003,99.41141
mus,2004,99.45575
mus,2005,99.50034
mus,2006,99.54517
mus,2007,99.59022
mus,2008,99.63552
mus,2009,99.68105
mus,2010,99.72681
mus,2011,99.77281
mus,2012,99.81903
mus,2013,99.86552
mus,2014,99.86536
mus,2015,99.86522
mwi,2000,51.60496
mwi,2001,52.65153
mwi,2002,53.69631
mwi,2003,54.73966
mwi,2004,55.7812
mwi,2005,56.82126
mwi,2006,57.8595
mwi,2007,58.89622
mwi,2008,59.93109
mwi,2009,60.96705
mwi,2010,62.00434
mwi,2011,63.04206
mwi,2012,64.08043
mwi,2013,65.11883
mwi,2014,66.15717
mwi,2015,67.19508
mys,2000,98.15487
mys,2001,98.18962
mys,2002,98.01677
mys,2003,97.85221
mys,2004,97.69581
mys,2005,97.54719
mys,2006,97.40634
mys,2007,97.27304
mys,2008,97.14712
mys,2009,97.0282
mys,2010,96.91622
mys,2011,96.8109
mys,2012,96.71048
mys,2013,96.61439
mys,2014,96.52228
mys,2015,96.43381
nam,2000,77.40942
nam,2001,77.33979
nam,2002,77.37676
nam,2003,77.44095
nam,2004,77.51411
nam,2005,77.59479
nam,2006,77.684
nam,2007,77.78118
nam,2008,77.88674
nam,2009,77.99884
nam,2010,78.11944
nam,2011,78.24701
nam,2012,78.38224
nam,2013,78.51726
nam,2014,78.65262
nam,2015,78.78721
ncl,2000,94.51625
ncl,2001,94.51625
ncl,2002,94.51625
ncl,2003,94.85999
ncl,2004,95.20373
ncl,2005,95.54746
ncl,2006,95.8912
ncl,2007,96.23494
ncl,2008,96.57868
ncl,2009,96.92242
ncl,2010,97.26616
ncl,2011,97.6099
ncl,2012,97.95364
ncl,2013,98.29738
ncl,2014,98.64112
ncl,2015,98.98486
ner,2000,37.99811
ner,2001,38.48124
ner,2002,38.97002
ner,2003,39.4643
ner,2004,39.96509
ner,2005,40.47103
ner,2006,40.98312
ner,2007,41.50059
ner,2008,42.02327
ner,2009,42.5521
ner,2010,43.08577
ner,2011,43.6252
ner,2012,44.16964
ner,2013,44.71945
ner,2014,45.27494
ner,2015,45.83538
nga,2000,46.07741
nga,2001,47.60184
nga,2002,49.11379
nga,2003,50.61258
nga,2004,52.09754
nga,2005,53.56768
nga,2006,55.02318
nga,2007,56.46384
nga,2008,57.88944
nga,2009,59.29842
nga,2010,60.69168
nga,2011,62.06393
nga,2012,63.41548
nga,2013,64.74602
nga,2014,66.05592
nga,2015,67.34497
nic,2000,80.63499
nic,2001,80.72451
nic,2002,80.81543
nic,2003,80.90707
nic,2004,81.0001
nic,2005,81.0935
nic,2006,81.19141
nic,2007,81.29322
nic,2008,81.39897
nic,2009,81.50906
nic,2010,81.62321
nic,2011,81.74145
nic,2012,81.86386
nic,2013,81.99047
nic,2014,82.12135
nic,2015,82.25617
nld,2000,100
nld,2001,100
nld,2002,100
nld,2003,100
nld,2004,100
nld,2005,100
nld,2006,100
nld,2007,100
nld,2008,100
nld,2009,100
nld,2010,100
nld,2011,100
nld,2012,100
nld,2013,100
nld,2014,100
nld,2015,100
nld_curacao,2007,99.37275
nld_curacao,2008,99.37275
nld_curacao,2009,99.37275
nld_curacao,2010,99.37275
nld_curacao,2011,99.37275
nld_curacao,2012,99.37275
nld_curacao,2013,99.37275
nld_curacao,2014,99.37275
nld_curacao,2015,99.37275
nor,2000,100
nor,2001,100
nor,2002,100
nor,2003,100
nor,2004,100
nor,2005,100
nor,2006,100
nor,2007,100
nor,2008,100
nor,2009,100
nor,2010,100
nor,2011,100
nor,2012,100
nor,2013,100
nor,2014,100
nor,2015,100
npl,2000,79.50428
npl,2001,80.12382
npl,2002,80.7022
npl,2003,81.27589
npl,2004,81.84488
npl,2005,82.4089
npl,2006,82.96781
npl,2007,83.52148
npl,2008,84.06985
npl,2009,84.6127
npl,2010,85.14995
npl,2011,85.68139
npl,2012,86.207
npl,2013,86.72655
npl,2014,87.23984
npl,2015,87.74667
nru,2000,95.10731
nru,2001,95.50132
nru,2002,95.89534
nru,2003,96.28935
nru,2004,96.68336
nru,2005,97.07737
nru,2006,97.47138
nru,2007,97.8654
nru,2008,98.25941
nru,2009,98.65342
nru,2010,99.04743
nru,2011,99.44145
nru,2012,99.83546
nru,2013,100
nru,2014,100
nru,2015,100
nzl,2000,100
nzl,2001,100
nzl,2002,100
nzl,2003,100
nzl,2004,100
nzl,2005,100
nzl,2006,100
nzl,2007,100
nzl,2008,100
nzl,2009,100
nzl,2010,100
nzl,2011,100
nzl,2012,100
nzl,2013,100
nzl,2014,100
nzl,2015,100
omn,2001,76.3392
omn,2002,76.33356
omn,2003,76.32792
omn,2004,76.41753
omn,2005,76.579
omn,2006,78.13136
omn,2007,79.66862
omn,2008,81.19101
omn,2009,82.69832
omn,2010,84.19131
omn,2011,85.67023
omn,2012,87.13332
omn,2013,88.58099
omn,2014,90.01423
omn,2015,90.94369
pak,2000,88.937
pak,2001,88.92916
pak,2002,88.9197
pak,2003,88.90817
pak,2004,88.8945
pak,2005,88.8784
pak,2006,88.85977
pak,2007,88.83843
pak,2008,88.81417
pak,2009,88.78671
pak,2010,88.75596
pak,2011,88.72171
pak,2012,88.68376
pak,2013,88.64187
pak,2014,88.59584
pak,2015,88.54556
pan,2000,88.19571
pan,2001,88.67327
pan,2002,89.14726
pan,2003,89.61772
pan,2004,90.08484
pan,2005,90.54826
pan,2006,91.0082
pan,2007,91.46483
pan,2008,91.91784
pan,2009,92.36741
pan,2010,92.81357
pan,2011,93.25687
pan,2012,93.69728
pan,2013,94.13473
pan,2014,94.56906
pan,2015,95.00022
per,2000,80.52344
per,2001,81.22394
per,2002,81.91294
per,2003,82.59095
per,2004,83.25774
per,2005,83.9131
per,2006,84.55788
per,2007,85.19155
per,2008,85.81492
per,2009,86.42632
per,2010,87.02664
per,2011,87.6156
per,2012,88.19406
per,2013,88.76178
per,2014,89.31955
per,2015,89.86764
phl,2000,86.08739
phl,2001,86.37521
phl,2002,86.66359
phl,2003,86.95231
phl,2004,87.24148
phl,2005,87.53133
phl,2006,87.82151
phl,2007,88.11214
phl,2008,88.40322
phl,2009,88.69486
phl,2010,88.98695
phl,2011,89.28286
phl,2012,89.58252
phl,2013,89.88574
phl,2014,90.19265
phl,2015,90.50298
plw,2000,91.65308
plw,2001,92.40659
plw,2002,93.12395
plw,2003,93.80571
plw,2004,94.45365
plw,2005,95.06832
plw,2006,95.64717
plw,2007,96.19317
plw,2008,96.70955
plw,2009,97.19914
plw,2010,97.66468
plw,2011,98.10864
plw,2012,98.53341
plw,2013,98.94098
plw,2014,99.33338
plw,2015,99.57514
png,2000,36.70517
png,2001,36.69314
png,2002,36.68329
png,2003,36.67345
png,2004,36.66306
png,2005,36.65321
png,2006,36.64337
png,2007,36.63352
png,2008,36.62368
png,2009,36.61383
png,2010,36.60399
png,2011,36.5936
png,2012,36.58375
png,2013,36.58102
png,2014,36.58539
png,2015,36.59633
pol,2005,97.92009
pol,2006,97.91626
pol,2007,97.9124
pol,2008,97.9085
pol,2009,97.90464
pol,2010,97.90077
pol,2011,97.89691
pol,2012,97.89374
pol,2013,97.89129
pol,2014,97.8896
pol,2015,97.8886
pri,2000,97.06015
pri,2001,97.06395
pri,2002,97.06775
pri,2003,97.07155
pri,2004,97.07536
pri,2005,97.07916
pri,2006,97.08296
pri,2007,97.08676
pri,2008,97.09057
pri,2009,97.09437
pri,2010,97.09817
pri,2011,97.10197
pri,2012,97.10578
pri,2013,97.10958
pri,2014,97.11338
pri,2015,97.11719
prk,2000,99.97039
prk,2001,99.93839
prk,2002,99.90645
prk,2003,99.87458
prk,2004,99.84276
prk,2005,99.81101
prk,2006,99.77933
prk,2007,99.7477
prk,2008,99.71613
prk,2009,99.68463
prk,2010,99.65324
prk,2011,99.622
prk,2012,99.62255
prk,2013,99.62316
prk,2014,99.62383
prk,2015,99.62456
prt,2000,98.54304
prt,2001,98.64534
prt,2002,98.74792
prt,2003,98.85079
prt,2004,98.95395
prt,2005,99.0574
prt,2006,99.16114
prt,2007,99.26516
prt,2008,99.36946
prt,2009,99.47404
prt,2010,99.57889
prt,2011,99.68403
prt,2012,99.78941
prt,2013,99.8682
prt,2014,99.90311
prt,2015,99.90457
pry,2000,75.02806
pry,2001,76.86444
pry,2002,78.66573
pry,2003,80.3177
pry,2004,81.93389
pry,2005,83.53726
pry,2006,85.12817
pry,2007,86.7066
pry,2008,88.27256
pry,2009,89.8257
pry,2010,91.36663
pry,2011,92.89513
pry,2012,94.41114
pry,2013,95.91527
pry,2014,97.4069
pry,2015,98.88534
pse,2000,88.21387
pse,2001,88.20414
pse,2002,88.19037
pse,2003,88.17251
pse,2004,88.15066
pse,2005,88.12479
pse,2006,88.09496
pse,2007,88.06118
pse,2008,88.0235
pse,2009,87.98187
pse,2010,87.93622
pse,2011,87.88647
pse,2012,87.83264
pse,2013,87.77462
pse,2014,87.71231
pse,2015,87.64586
pyf,2000,100
pyf,2001,100
pyf,2002,100
pyf,2003,100
pyf,2004,100
pyf,2005,100
pyf,2006,100
pyf,2007,100
pyf,2008,100
pyf,2009,100
pyf,2010,100
pyf,2011,100
pyf,2012,100
pyf,2013,100
pyf,2014,100
pyf,2015,100
qat,2000,100
qat,2001,100
qat,2002,100
qat,2003,100
qat,2004,100
qat,2005,100
qat,2006,100
qat,2007,100
qat,2008,100
qat,2009,100
qat,2010,100
qat,2011,100
qat,2012,100
qat,2013,100
qat,2014,100
qat,2015,100
rou,2000,100
rou,2001,100
rou,2002,100
rou,2003,100
rou,2004,100
rou,2005,100
rou,2006,100
rou,2007,100
rou,2008,100
rou,2009,100
rou,2010,100
rou,2011,100
rou,2012,100
rou,2013,100
rou,2014,100
rou,2015,100
rus,2000,95.32288
rus,2001,95.32236
rus,2002,95.39299
rus,2003,95.46821
rus,2004,95.54478
rus,2005,95.62105
rus,2006,95.69702
rus,2007,95.77268
rus,2008,95.84805
rus,2009,95.92301
rus,2010,95.99777
rus,2011,96.07223
rus,2012,96.14723
rus,2013,96.22286
rus,2014,96.29875
rus,2015,96.37506
rwa,2000,46.98788
rwa,2001,47.64969
rwa,2002,48.32236
rwa,2003,48.95347
rwa,2004,49.58408
rwa,2005,50.22046
rwa,2006,50.86309
rwa,2007,51.5121
rwa,2008,52.16736
rwa,2009,52.82166
rwa,2010,53.47555
rwa,2011,54.12812
rwa,2012,54.77819
rwa,2013,55.42602
rwa,2014,56.06989
rwa,2015,56.71011
sau,2000,96.80862
sau,2001,96.80862
sau,2002,96.80862
sau,2003,97.12705
sau,2004,97.44547
sau,2005,97.7639
sau,2006,98.08233
sau,2007,98.40076
sau,2008,98.71918
sau,2009,99.03761
sau,2010,99.35604
sau,2011,99.67447
sau,2012,99.99289
sau,2013,99.99289
sau,2014,99.99289
sau,2015,99.99289
sdn,2000,43.42978
sdn,2001,43.44304
sdn,2002,43.4563
sdn,2003,43.46956
sdn,2004,43.48282
sdn,2005,44.87897
sdn,2006,46.27478
sdn,2007,47.67023
sdn,2008,49.06533
sdn,2009,50.46428
sdn,2010,51.86714
sdn,2011,53.27349
sdn,2012,54.68336
sdn,2013,56.09637
sdn,2014,57.51231
sdn,2015,58.93145
sen,2000,61.62394
sen,2001,62.5352
sen,2002,63.4428
sen,2003,64.34628
sen,2004,65.25203
sen,2005,66.15944
sen,2006,67.06826
sen,2007,67.97742
sen,2008,68.88629
sen,2009,69.79424
sen,2010,70.70096
sen,2011,71.60512
sen,2012,72.50707
sen,2013,73.40519
sen,2014,74.29945
sen,2015,75.18863
sgp,2000,100
sgp,2001,100
sgp,2002,100
sgp,2003,100
sgp,2004,100
sgp,2005,100
sgp,2006,100
sgp,2007,100
sgp,2008,100
sgp,2009,100
sgp,2010,100
sgp,2011,100
sgp,2012,100
sgp,2013,100
sgp,2014,100
sgp,2015,100
slb,2000,80.22806
slb,2001,80.27514
slb,2002,80.32319
slb,2003,80.3722
slb,2004,80.42219
slb,2005,78.83958
slb,2006,77.27491
slb,2007,75.72867
slb,2008,74.20153
slb,2009,72.69359
slb,2010,71.2055
slb,2011,69.73541
slb,2012,68.28352
slb,2013,66.84954
slb,2014,65.4331
slb,2015,64.03406
sle,2000,38.72314
sle,2001,39.03697
sle,2002,40.41824
sle,2003,41.79472
sle,2004,43.16638
sle,2005,44.53281
sle,2006,45.89846
sle,2007,47.26296
sle,2008,48.62626
sle,2009,49.98727
sle,2010,51.34596
sle,2011,52.70194
sle,2012,54.05484
sle,2013,55.40455
sle,2014,56.7501
sle,2015,58.0914
slv,2000,80.2359
slv,2001,80.42878
slv,2002,81.46077
slv,2003,82.47504
slv,2004,83.47235
slv,2005,84.4516
slv,2006,85.41382
slv,2007,86.35886
slv,2008,87.28587
slv,2009,88.19495
slv,2010,89.08647
slv,2011,89.96059
slv,2012,90.81808
slv,2013,91.65895
slv,2014,92.48374
slv,2015,93.01307
smr,2000,100
smr,2001,100
smr,2002,100
smr,2003,100
smr,2004,100
smr,2005,100
smr,2006,100
smr,2007,100
smr,2008,100
smr,2009,100
smr,2010,100
smr,2011,100
smr,2012,100
smr,2013,100
smr,2014,100
smr,2015,100
som,2000,20.6816
som,2001,21.91641
som,2002,23.15654
som,2003,24.40419
som,2004,25.65949
som,2005,26.92213
som,2006,28.19313
som,2007,29.47217
som,2008,30.75893
som,2009,32.05445
som,2010,33.35794
som,2011,34.66952
som,2012,35.98977
som,2013,37.31884
som,2014,38.65635
som,2015,40.00243
srb,2000,91.81795
srb,2001,91.79548
srb,2002,91.77302
srb,2003,91.75056
srb,2004,91.72813
srb,2005,91.29829
srb,2006,90.86463
srb,2007,90.42715
srb,2008,90.10531
srb,2009,90.0851
srb,2010,90.06489
srb,2011,90.04464
srb,2012,90.02443
srb,2013,90.0035
srb,2014,89.98189
srb,2015,91.18245
ssd,2011,42.74828
ssd,2012,44.66051
ssd,2013,46.57505
ssd,2014,48.49188
ssd,2015,50.41121
stp,2000,66.92284
stp,2001,67.81948
stp,2002,68.71169
stp,2003,69.5966
stp,2004,70.47415
stp,2005,71.34464
stp,2006,72.20814
stp,2007,73.06483
stp,2008,73.91489
stp,2009,74.75862
stp,2010,75.5961
stp,2011,76.4275
stp,2012,77.25312
stp,2013,78.07313
stp,2014,78.88772
stp,2015,79.69706
sur,2000,88.83825
sur,2001,89.34629
sur,2002,89.85272
sur,2003,90.35707
sur,2004,90.85958
sur,2005,91.3357
sur,2006,91.81105
sur,2007,92.28792
sur,2008,92.76651
sur,2009,93.24694
sur,2010,93.72894
sur,2011,94.21264
sur,2012,94.69806
sur,2013,94.691
sur,2014,94.6853
sur,2015,94.68094
svk,2000,97.98089
svk,2001,97.97942
svk,2002,97.97627
svk,2003,97.97312
svk,2004,97.96997
svk,2005,97.96682
svk,2006,97.96365
svk,2007,97.96048
svk,2008,97.95733
svk,2009,97.95416
svk,2010,97.94839
svk,2011,97.94261
svk,2012,97.93742
svk,2013,97.93285
svk,2014,97.9289
svk,2015,97.92556
svn,2000,99.61583
svn,2001,99.60953
svn,2002,99.60311
svn,2003,99.59634
svn,2004,99.58959
svn,2005,99.58286
svn,2006,99.57616
svn,2007,99.56948
svn,2008,99.56282
svn,2009,99.55618
svn,2010,99.54957
svn,2011,99.54298
svn,2012,99.53641
svn,2013,99.52986
svn,2014,99.52339
svn,2015,99.52328
swe,2000,100
swe,2001,100
swe,2002,100
swe,2003,100
swe,2004,100
swe,2005,100
swe,2006,100
swe,2007,100
swe,2008,100
swe,2009,100
swe,2010,100
swe,2011,100
swe,2012,100
swe,2013,100
swe,2014,100
swe,2015,100
swz,2000,52.15381
swz,2001,53.15908
swz,2002,54.16658
swz,2003,55.17629
swz,2004,56.18734
swz,2005,57.201
swz,2006,58.2164
swz,2007,59.23396
swz,2008,60.25882
swz,2009,61.29186
swz,2010,62.33159
swz,2011,63.3781
swz,2012,64.43144
swz,2013,65.49057
swz,2014,66.55556
swz,2015,67.62609
sxm,2007,95.5
sxm,2008,95.5
sxm,2009,95.5
sxm,2010,95.5
sxm,2011,95.5
sxm,2012,95.5
sxm,2013,95.5
sxm,2014,95.5
sxm,2015,95.5
syc,2000,93.2646
syc,2001,93.50375
syc,2002,93.74289
syc,2003,93.98203
syc,2004,94.22117
syc,2005,94.46032
syc,2006,94.69946
syc,2007,94.9386
syc,2008,95.17775
syc,2009,95.41689
syc,2010,95.65603
syc,2011,95.89518
syc,2012,96.13432
syc,2013,96.23299
syc,2014,96.24196
syc,2015,96.25089
syr,2000,94.85446
syr,2001,95.03779
syr,2002,95.20304
syr,2003,95.3651
syr,2004,95.52415
syr,2005,95.67994
syr,2006,95.83301
syr,2007,95.98321
syr,2008,96.13051
syr,2009,96.27478
syr,2010,96.41611
syr,2011,96.55428
syr,2012,96.68935
syr,2013,96.70771
syr,2014,96.72626
syr,2015,96.74485
tca,2000,86.49091
tca,2001,87.05
tca,2002,87.60909
tca,2003,88.16818
tca,2004,88.72727
tca,2005,89.28636
tca,2006,89.84545
tca,2007,90.40455
tca,2008,90.96364
tca,2009,91.52273
tca,2010,92.08182
tca,2011,92.64091
tca,2012,93.2
tca,2013,93.75909
tca,2014,94.31818
tca,2015,94.31818
tcd,2000,39.00337
tcd,2001,39.22703
tcd,2002,39.45048
tcd,2003,39.67457
tcd,2004,39.89887
tcd,2005,40.12339
tcd,2006,40.34813
tcd,2007,40.57352
tcd,2008,40.7987
tcd,2009,41.02409
tcd,2010,41.25683
tcd,2011,41.49707
tcd,2012,41.74497
tcd,2013,42.00114
tcd,2014,42.2653
tcd,2015,42.5376
tgo,2000,45.38619
tgo,2001,46.55204
tgo,2002,47.71789
tgo,2003,48.88323
tgo,2004,50.04804
tgo,2005,51.21183
tgo,2006,52.37507
tgo,2007,53.53773
tgo,2008,54.70025
tgo,2009,55.86077
tgo,2010,57.02112
tgo,2011,58.18036
tgo,2012,59.3403
tgo,2013,60.49954
tgo,2014,61.65851
tgo,2015,62.81764
tha,2000,94.25295
tha,2001,94.57128
tha,2002,94.88338
tha,2003,95.18864
tha,2004,95.48702
tha,2005,95.77786
tha,2006,96.06129
tha,2007,96.33694
tha,2008,96.60462
tha,2009,96.86398
tha,2010,97.11497
tha,2011,97.35647
tha,2012,97.58862
tha,2013,97.81163
tha,2014,98.02571
tha,2015,98.23114
tjk,2000,57.18496
tjk,2001,58.37752
tjk,2002,59.57147
tjk,2003,60.76593
tjk,2004,61.98021
tjk,2005,63.19354
tjk,2006,64.40671
tjk,2007,65.61895
tjk,2008,66.83102
tjk,2009,68.04251
tjk,2010,69.25314
tjk,2011,70.46353
tjk,2012,71.67835
tjk,2013,72.89672
tjk,2014,74.11773
tjk,2015,74.13973
tkm,2000,83.9881
tkm,2001,84.73041
tkm,2002,85.46724
tkm,2003,86.19846
tkm,2004,86.92407
tkm,2005,87.64477
tkm,2006,88.3602
tkm,2007,89.06986
tkm,2008,89.77338
tkm,2009,90.4703
tkm,2010,91.16017
tkm,2011,91.84261
tkm,2012,92.51717
tkm,2013,93.18346
tkm,2014,93.82763
tkm,2015,94.45458
tls,2002,52.02082
tls,2003,53.3428
tls,2004,54.66676
tls,2005,56.06016
tls,2006,57.46006
tls,2007,58.8648
tls,2008,60.27412
tls,2009,61.68778
tls,2010,63.10639
tls,2011,64.52912
tls,2012,65.95301
tls,2013,67.37655
tls,2014,68.79999
tls,2015,70.2233
ton,2000,98.492
ton,2001,98.49158
ton,2002,98.49117
ton,2003,98.49074
ton,2004,98.49032
ton,2005,98.6316
ton,2006,98.77295
ton,2007,98.91422
ton,2008,99.05549
ton,2009,99.19691
ton,2010,99.33846
ton,2011,99.48015
ton,2012,99.62198
ton,2013,99.76393
ton,2014,99.90602
ton,2015,99.90588
tto,2000,91.8859
tto,2001,92.34541
tto,2002,92.80493
tto,2003,93.26444
tto,2004,93.72396
tto,2005,94.18347
tto,2006,94.64299
tto,2007,95.1025
tto,2008,95.56202
tto,2009,96.02153
tto,2010,96.48104
tto,2011,96.94056
tto,2012,96.94056
tto,2013,96.94056
tto,2014,96.94056
tto,2015,96.94056
tun,2000,87.67075
tun,2001,88.18718
tun,2002,88.69768
tun,2003,89.20254
tun,2004,89.69245
tun,2005,90.13582
tun,2006,90.57658
tun,2007,91.01476
tun,2008,91.45082
tun,2009,91.8841
tun,2010,92.31525
tun,2011,92.74387
tun,2012,93.17167
tun,2013,93.59055
tun,2014,93.91134
tun,2015,94.23022
tur,2000,95.49076
tur,2001,95.53742
tur,2002,95.8397
tur,2003,96.13218
tur,2004,96.41494
tur,2005,96.68793
tur,2006,96.95155
tur,2007,97.20578
tur,2008,97.45077
tur,2009,97.68659
tur,2010,97.91349
tur,2011,98.13155
tur,2012,98.34084
tur,2013,98.54168
tur,2014,98.73445
tur,2015,98.89935
tuv,2001,97.89143
tuv,2002,97.89473
tuv,2003,97.90125
tuv,2004,97.90942
tuv,2005,97.91759
tuv,2006,98.06577
tuv,2007,98.21394
tuv,2008,98.36212
tuv,2009,98.51026
tuv,2010,98.65837
tuv,2011,98.80646
tuv,2012,98.95452
tuv,2013,99.10251
tuv,2014,99.25026
tuv,2015,99.25774
tza,2000,31.59367
tza,2001,32.74107
tza,2002,33.88802
tza,2003,35.12581
tza,2004,36.38042
tza,2005,37.63491
tza,2006,38.88965
tza,2007,40.14404
tza,2008,41.39888
tza,2009,42.65222
tza,2010,43.90575
tza,2011,45.158
tza,2012,46.40976
tza,2013,47.65957
tza,2014,48.90475
tza,2015,50.14528
uga,2000,30.00813
uga,2001,30.53428
uga,2002,31.06012
uga,2003,31.65072
uga,2004,32.25818
uga,2005,32.86499
uga,2006,33.47198
uga,2007,34.07862
uga,2008,34.68486
uga,2009,35.29062
uga,2010,35.89626
uga,2011,36.50128
uga,2012,37.10645
uga,2013,37.71166
uga,2014,38.31684
uga,2015,38.92147
ukr,2000,95.66029
ukr,2001,95.79038
ukr,2002,95.92178
ukr,2003,96.05342
ukr,2004,96.18449
ukr,2005,96.31468
ukr,2006,96.44331
ukr,2007,96.57065
ukr,2008,96.69671
ukr,2009,96.82148
ukr,2010,96.94495
ukr,2011,97.06705
ukr,2012,97.18772
ukr,2013,97.49938
ukr,2014,97.6164
ukr,2015,97.73178
ury,2000,96.75303
ury,2001,96.82581
ury,2002,96.89622
ury,2003,96.96477
ury,2004,97.03094
ury,2005,97.28001
ury,2006,97.51844
ury,2007,97.74644
ury,2008,97.96462
ury,2009,98.17323
ury,2010,98.37301
ury,2011,98.56417
ury,2012,98.7471
ury,2013,98.92181
ury,2014,99.08892
ury,2015,99.24911
usa,2005,99.14818
usa,2006,99.15347
usa,2007,99.15873
usa,2008,99.16396
usa,2009,99.16916
usa,2010,99.17429
usa,2011,99.17949
usa,2012,99.18469
usa,2013,99.18992
usa,2014,99.19518
usa,2015,99.20043
uzb,2000,85.36005
uzb,2001,86.16543
uzb,2002,86.97215
uzb,2003,87.78019
uzb,2004,88.5897
uzb,2005,89.40053
uzb,2006,90.21268
uzb,2007,90.85184
uzb,2008,91.47253
uzb,2009,91.46463
uzb,2010,91.45966
uzb,2011,91.45762
uzb,2012,91.45864
vct,2000,93.15183
vct,2001,93.29421
vct,2002,93.4366
vct,2003,93.57898
vct,2004,93.72137
vct,2005,93.86375
vct,2006,94.00614
vct,2007,94.14852
vct,2008,94.29091
vct,2009,94.43329
vct,2010,94.57568
vct,2011,94.71806
vct,2012,94.86045
vct,2013,95.00283
vct,2014,95.14522
vct,2015,95.14522
ven,2000,96.06151
ven,2001,96.207
ven,2002,96.32162
ven,2003,96.42138
ven,2004,96.52091
ven,2005,96.62005
ven,2006,96.71911
ven,2007,96.8178
ven,2008,96.91625
ven,2009,97.01448
ven,2010,97.11248
ven,2011,97.21024
ven,2012,97.30778
ven,2013,97.40534
ven,2014,97.41116
ven,2015,97.41722
vgb,2000,95.30274
vgb,2001,95.68288
vgb,2002,96.06301
vgb,2003,96.44315
vgb,2004,96.82329
vgb,2005,97.20342
vgb,2006,97.58356
vgb,2007,97.9637
vgb,2008,98.34384
vgb,2009,98.72397
vgb,2010,99.10411
vgb,2011,99.48425
vgb,2012,99.86438
vgb,2013,99.86438
vgb,2014,99.86438
vgb,2015,99.86438
vir,2000,100
vir,2001,99.9997
vir,2002,99.9994
vir,2003,99.9991
vir,2004,99.9988
vir,2005,99.9985
vir,2006,99.9982
vir,2007,99.9979
vir,2008,99.9976
vir,2009,99.9973
vir,2010,99.997
vir,2011,99.9967
vir,2012,99.9964
vir,2013,99.9964
vir,2014,99.9964
vir,2015,99.9964
vnm,2000,77.85511
vnm,2001,78.64026
vnm,2002,79.49261
vnm,2003,80.41282
vnm,2004,81.32387
vnm,2005,82.22517
vnm,2006,83.11672
vnm,2007,83.9983
vnm,2008,84.86958
vnm,2009,85.73019
vnm,2010,86.57985
vnm,2011,87.41839
vnm,2012,88.2457
vnm,2013,89.06171
vnm,2014,89.86634
vnm,2015,91.19177
vut,2000,81.6061
vut,2001,81.65599
vut,2002,81.70625
vut,2003,81.75721
vut,2004,81.80853
vut,2005,82.61674
vut,2006,83.42243
vut,2007,84.22539
vut,2008,85.02575
vut,2009,85.82347
vut,2010,86.61834
vut,2011,87.41034
vut,2012,88.19931
vut,2013,88.98534
vut,2014,89.7683
vut,2015,90.50426
wsm,2000,93.01256
wsm,2001,93.00802
wsm,2002,93.01435
wsm,2003,93.02645
wsm,2004,93.03846
wsm,2005,93.32727
wsm,2006,93.61077
wsm,2007,93.88895
wsm,2008,94.16202
wsm,2009,94.43013
wsm,2010,94.69334
wsm,2011,94.95169
wsm,2012,95.20529
wsm,2013,95.4251
wsm,2014,95.48712
wsm,2015,95.51434
yem,2000,42.70966
yem,2001,42.96533
yem,2002,43.22494
yem,2003,45.44084
yem,2004,47.63747
yem,2005,49.81352
yem,2006,51.96867
yem,2007,54.10224
yem,2008,56.21433
yem,2009,58.30394
yem,2010,60.37119
yem,2011,62.41555
yem,2012,64.43654
yem,2013,66.43454
yem,2014,68.4086
yem,2015,70.35886
zaf,2000,76.98
zaf,2001,77.52467
zaf,2002,78.08552
zaf,2003,78.64652
zaf,2004,79.19933
zaf,2005,79.74274
zaf,2006,80.27764
zaf,2007,80.80408
zaf,2008,81.32249
zaf,2009,81.83135
zaf,2010,82.33191
zaf,2011,82.82383
zaf,2012,83.30755
zaf,2013,83.78026
zaf,2014,84.24357
zaf,2015,84.69727
zmb,2000,48.58469
zmb,2001,49.34164
zmb,2002,50.22788
zmb,2003,51.10792
zmb,2004,51.98275
zmb,2005,52.8513
zmb,2006,53.71452
zmb,2007,54.57186
zmb,2008,55.42327
zmb,2009,56.26824
zmb,2010,57.10719
zmb,2011,57.94009
zmb,2012,58.76862
zmb,2013,59.59264
zmb,2014,60.41157
zmb,2015,61.22531
zwe,2000,70.38538
zwe,2001,70.53533
zwe,2002,70.45535
zwe,2003,70.18516
zwe,2004,69.88499
zwe,2005,69.58418
zwe,2006,69.28235
zwe,2007,68.9799
zwe,2008,68.67644
zwe,2009,68.37236
zwe,2010,68.06728
zwe,2011,67.76159
zwe,2012,67.45491
zwe,2013,67.14763
zwe,2014,66.85015
zwe,2015,66.5631
