geo,time,primary_forest_area_ha
abw,1990,0
abw,1991,0
abw,1992,0
abw,1993,0
abw,1994,0
abw,1995,0
abw,1996,0
abw,1997,0
abw,1998,0
abw,1999,0
abw,2000,0
abw,2001,0
abw,2002,0
abw,2003,0
abw,2004,0
abw,2005,0
abw,2006,0
abw,2007,0
abw,2008,0
abw,2009,0
abw,2010,0
abw,2011,0
abw,2012,0
abw,2013,0
abw,2014,0
abw,2015,0
afg,1990,0
afg,1991,0
afg,1992,0
afg,1993,0
afg,1994,0
afg,1995,0
afg,1996,0
afg,1997,0
afg,1998,0
afg,1999,0
afg,2000,0
afg,2001,0
afg,2002,0
afg,2003,0
afg,2004,0
afg,2005,0
afg,2006,0
afg,2007,0
afg,2008,0
afg,2009,0
afg,2010,0
afg,2011,0
afg,2012,0
afg,2013,0
afg,2014,0
afg,2015,0
ago,1990,0
ago,1991,0
ago,1992,0
ago,1993,0
ago,1994,0
ago,1995,0
ago,1996,0
ago,1997,0
ago,1998,0
ago,1999,0
ago,2000,0
ago,2001,0
ago,2002,0
ago,2003,0
ago,2004,0
ago,2005,0
ago,2006,0
ago,2007,0
ago,2008,0
ago,2009,0
ago,2010,0
ago,2011,0
ago,2012,0
ago,2013,0
ago,2014,0
ago,2015,0
aia,1990,0
aia,1991,0
aia,1992,0
aia,1993,0
aia,1994,0
aia,1995,0
aia,1996,0
aia,1997,0
aia,1998,0
aia,1999,0
aia,2000,0
aia,2001,0
aia,2002,0
aia,2003,0
aia,2004,0
aia,2005,0
aia,2006,0
aia,2007,0
aia,2008,0
aia,2009,0
aia,2010,0
aia,2011,0
aia,2012,0
aia,2013,0
aia,2014,0
aia,2015,0
alb,1990,84800
alb,1991,84800
alb,1992,84800
alb,1993,84800
alb,1994,84800
alb,1995,84800
alb,1996,84800
alb,1997,84800
alb,1998,84800
alb,1999,84800
alb,2000,84800
alb,2001,84800
alb,2002,84800
alb,2003,84800
alb,2004,84800
alb,2005,84800
alb,2006,84800
alb,2007,84800
alb,2008,84800
alb,2009,84800
alb,2010,84800
alb,2011,84800
alb,2012,84800
alb,2013,84800
alb,2014,84800
alb,2015,84800
and,1990,0
and,1991,0
and,1992,0
and,1993,0
and,1994,0
and,1995,0
and,1996,0
and,1997,0
and,1998,0
and,1999,0
and,2000,0
and,2001,0
and,2002,0
and,2003,0
and,2004,0
and,2005,0
and,2006,0
and,2007,0
and,2008,0
and,2009,0
and,2010,0
and,2011,0
and,2012,0
and,2013,0
and,2014,0
and,2015,0
ant,1990,0
ant,1991,0
ant,1992,0
ant,1993,0
ant,1994,0
ant,1995,0
ant,1996,0
ant,1997,0
ant,1998,0
ant,1999,0
ant,2000,0
ant,2001,0
ant,2002,0
ant,2003,0
ant,2004,0
ant,2005,0
ant,2006,0
ant,2007,0
ant,2008,0
ant,2009,0
ant,2010,0
ant,2011,0
ant,2012,0
ant,2013,0
ant,2014,0
ant,2015,0
are,1990,0
are,1991,0
are,1992,0
are,1993,0
are,1994,0
are,1995,0
are,1996,0
are,1997,0
are,1998,0
are,1999,0
are,2000,0
are,2001,0
are,2002,0
are,2003,0
are,2004,0
are,2005,0
are,2006,0
are,2007,0
are,2008,0
are,2009,0
are,2010,0
are,2011,0
are,2012,0
are,2013,0
are,2014,0
are,2015,0
arg,1990,1738000
arg,1991,1738000
arg,1992,1738000
arg,1993,1738000
arg,1994,1738000
arg,1995,1738000
arg,1996,1738000
arg,1997,1738000
arg,1998,1738000
arg,1999,1738000
arg,2000,1738000
arg,2001,1738000
arg,2002,1738000
arg,2003,1738000
arg,2004,1738000
arg,2005,1738000
arg,2006,1738000
arg,2007,1738000
arg,2008,1738000
arg,2009,1738000
arg,2010,1738000
arg,2011,1738000
arg,2012,1738000
arg,2013,1738000
arg,2014,1738000
arg,2015,1738000
arm,1992,17000
arm,1993,17000
arm,1994,17000
arm,1995,17000
arm,1996,17000
arm,1997,17000
arm,1998,17000
arm,1999,17000
arm,2000,17000
arm,2001,17000
arm,2002,17000
arm,2003,17000
arm,2004,17000
arm,2005,17000
arm,2006,17000
arm,2007,17000
arm,2008,17000
arm,2009,17000
arm,2010,17000
arm,2011,17000
arm,2012,17000
arm,2013,17000
arm,2014,17000
arm,2015,17000
asm,1990,0
asm,1991,0
asm,1992,0
asm,1993,0
asm,1994,0
asm,1995,0
asm,1996,0
asm,1997,0
asm,1998,0
asm,1999,0
asm,2000,0
asm,2001,0
asm,2002,0
asm,2003,0
asm,2004,0
asm,2005,0
asm,2006,0
asm,2007,0
asm,2008,0
asm,2009,0
asm,2010,0
asm,2011,0
asm,2012,0
asm,2013,0
asm,2014,0
asm,2015,0
atg,1990,0
atg,1991,0
atg,1992,0
atg,1993,0
atg,1994,0
atg,1995,0
atg,1996,0
atg,1997,0
atg,1998,0
atg,1999,0
atg,2000,0
atg,2001,0
atg,2002,0
atg,2003,0
atg,2004,0
atg,2005,0
atg,2006,0
atg,2007,0
atg,2008,0
atg,2009,0
atg,2010,0
atg,2011,0
atg,2012,0
atg,2013,0
atg,2014,0
atg,2015,0
aus,1990,5233000
aus,1991,5233000
aus,1992,5233000
aus,1993,5233000
aus,1994,5233000
aus,1995,5233000
aus,1996,5233000
aus,1997,5233000
aus,1998,5233000
aus,1999,5233000
aus,2000,5233000
aus,2001,5233000
aus,2002,5233000
aus,2003,5233000
aus,2004,5233000
aus,2005,5233000
aus,2006,5194200
aus,2007,5155400
aus,2008,5116600
aus,2009,5077800
aus,2010,5039000
aus,2011,5039000
aus,2012,5039000
aus,2013,5039000
aus,2014,5039000
aus,2015,5039000
aut,1990,114000
aut,1991,114000
aut,1992,114000
aut,1993,114000
aut,1994,114000
aut,1995,114000
aut,1996,114000
aut,1997,114000
aut,1998,114000
aut,1999,114000
aut,2000,114000
aut,2001,114000
aut,2002,114000
aut,2003,114000
aut,2004,114000
aut,2005,114000
aut,2006,114000
aut,2007,114000
aut,2008,114000
aut,2009,114000
aut,2010,114000
aut,2011,114000
aut,2012,114000
aut,2013,114000
aut,2014,114000
aut,2015,114000
aze,1992,0
aze,1993,0
aze,1994,0
aze,1995,0
aze,1996,0
aze,1997,0
aze,1998,0
aze,1999,0
aze,2000,0
aze,2001,0
aze,2002,0
aze,2003,0
aze,2004,0
aze,2005,0
aze,2006,0
aze,2007,0
aze,2008,0
aze,2009,0
aze,2010,0
aze,2011,0
aze,2012,0
aze,2013,0
aze,2014,0
aze,2015,0
bdi,1990,40000
bdi,1991,40000
bdi,1992,40000
bdi,1993,40000
bdi,1994,40000
bdi,1995,40000
bdi,1996,40000
bdi,1997,40000
bdi,1998,40000
bdi,1999,40000
bdi,2000,40000
bdi,2001,40000
bdi,2002,40000
bdi,2003,40000
bdi,2004,40000
bdi,2005,40000
bdi,2006,40000
bdi,2007,40000
bdi,2008,40000
bdi,2009,40000
bdi,2010,40000
bdi,2011,40000
bdi,2012,40000
bdi,2013,40000
bdi,2014,40000
bdi,2015,40000
bel,2000,0
bel,2001,0
bel,2002,0
bel,2003,0
bel,2004,0
bel,2005,0
bel,2006,0
bel,2007,0
bel,2008,0
bel,2009,0
bel,2010,0
bel,2011,0
bel,2012,0
bel,2013,0
bel,2014,0
bel,2015,0
ben,1990,0
ben,1991,0
ben,1992,0
ben,1993,0
ben,1994,0
ben,1995,0
ben,1996,0
ben,1997,0
ben,1998,0
ben,1999,0
ben,2000,0
ben,2001,0
ben,2002,0
ben,2003,0
ben,2004,0
ben,2005,0
ben,2006,0
ben,2007,0
ben,2008,0
ben,2009,0
ben,2010,0
ben,2011,0
ben,2012,0
ben,2013,0
ben,2014,0
ben,2015,0
bfa,1990,0
bfa,1991,0
bfa,1992,0
bfa,1993,0
bfa,1994,0
bfa,1995,0
bfa,1996,0
bfa,1997,0
bfa,1998,0
bfa,1999,0
bfa,2000,0
bfa,2001,0
bfa,2002,0
bfa,2003,0
bfa,2004,0
bfa,2005,0
bfa,2006,0
bfa,2007,0
bfa,2008,0
bfa,2009,0
bfa,2010,0
bfa,2011,0
bfa,2012,0
bfa,2013,0
bfa,2014,0
bfa,2015,0
bgd,1990,436000
bgd,1991,436000
bgd,1992,436000
bgd,1993,436000
bgd,1994,436000
bgd,1995,436000
bgd,1996,436000
bgd,1997,436000
bgd,1998,436000
bgd,1999,436000
bgd,2000,436000
bgd,2001,436000
bgd,2002,436000
bgd,2003,436000
bgd,2004,436000
bgd,2005,436000
bgd,2006,436000
bgd,2007,436000
bgd,2008,436000
bgd,2009,436000
bgd,2010,436000
bgd,2011,431000
bgd,2012,426000
bgd,2013,421000
bgd,2014,416000
bgd,2015,411000
bgr,1990,157000
bgr,1991,168300
bgr,1992,179600
bgr,1993,190900
bgr,1994,202200
bgr,1995,213500
bgr,1996,224800
bgr,1997,236100
bgr,1998,247400
bgr,1999,258700
bgr,2000,270000
bgr,2001,276800
bgr,2002,283600
bgr,2003,290400
bgr,2004,297200
bgr,2005,304000
bgr,2006,362600
bgr,2007,421200
bgr,2008,479800
bgr,2009,538400
bgr,2010,597000
bgr,2011,597000
bgr,2012,597000
bgr,2013,597000
bgr,2014,597000
bgr,2015,597000
bhr,1990,0
bhr,1991,0
bhr,1992,0
bhr,1993,0
bhr,1994,0
bhr,1995,0
bhr,1996,0
bhr,1997,0
bhr,1998,0
bhr,1999,0
bhr,2000,0
bhr,2001,0
bhr,2002,0
bhr,2003,0
bhr,2004,0
bhr,2005,0
bhr,2006,0
bhr,2007,0
bhr,2008,0
bhr,2009,0
bhr,2010,0
bhr,2011,0
bhr,2012,0
bhr,2013,0
bhr,2014,0
bhr,2015,0
bhs,1990,0
bhs,1991,0
bhs,1992,0
bhs,1993,0
bhs,1994,0
bhs,1995,0
bhs,1996,0
bhs,1997,0
bhs,1998,0
bhs,1999,0
bhs,2000,0
bhs,2001,0
bhs,2002,0
bhs,2003,0
bhs,2004,0
bhs,2005,0
bhs,2006,0
bhs,2007,0
bhs,2008,0
bhs,2009,0
bhs,2010,0
bhs,2011,0
bhs,2012,0
bhs,2013,0
bhs,2014,0
bhs,2015,0
bih,1992,2000
bih,1993,2000
bih,1994,2000
bih,1995,2000
bih,1996,2000
bih,1997,2000
bih,1998,2000
bih,1999,2000
bih,2000,2000
bih,2001,2000
bih,2002,2000
bih,2003,2000
bih,2004,2000
bih,2005,2000
bih,2006,2000
bih,2007,2000
bih,2008,2000
bih,2009,2000
bih,2010,2000
bih,2011,2000
bih,2012,2000
bih,2013,2000
bih,2014,2000
bih,2015,2000
blr,1992,400000
blr,1993,400000
blr,1994,400000
blr,1995,400000
blr,1996,400000
blr,1997,400000
blr,1998,400000
blr,1999,400000
blr,2000,400000
blr,2001,400000
blr,2002,400000
blr,2003,400000
blr,2004,400000
blr,2005,400000
blr,2006,400000
blr,2007,400000
blr,2008,400000
blr,2009,400000
blr,2010,400000
blr,2011,400000
blr,2012,400000
blr,2013,400000
blr,2014,400000
blr,2015,400000
blz,1990,599000
blz,1991,599000
blz,1992,599000
blz,1993,599000
blz,1994,599000
blz,1995,599000
blz,1996,599000
blz,1997,599000
blz,1998,599000
blz,1999,599000
blz,2000,599000
blz,2001,599000
blz,2002,599000
blz,2003,599000
blz,2004,599000
blz,2005,599000
blz,2006,599000
blz,2007,599000
blz,2008,599000
blz,2009,599000
blz,2010,599000
blz,2011,599000
blz,2012,599000
blz,2013,599000
blz,2014,599000
blz,2015,599000
bmu,1990,0
bmu,1991,0
bmu,1992,0
bmu,1993,0
bmu,1994,0
bmu,1995,0
bmu,1996,0
bmu,1997,0
bmu,1998,0
bmu,1999,0
bmu,2000,0
bmu,2001,0
bmu,2002,0
bmu,2003,0
bmu,2004,0
bmu,2005,0
bmu,2006,0
bmu,2007,0
bmu,2008,0
bmu,2009,0
bmu,2010,0
bmu,2011,0
bmu,2012,0
bmu,2013,0
bmu,2014,0
bmu,2015,0
bol,1990,40804000
bol,1991,40628200
bol,1992,40452400
bol,1993,40276600
bol,1994,40100800
bol,1995,39925000
bol,1996,39749200
bol,1997,39573400
bol,1998,39397600
bol,1999,39221800
bol,2000,39046000
bol,2001,38869600
bol,2002,38693200
bol,2003,38516800
bol,2004,38340400
bol,2005,38164000
bol,2006,37964000
bol,2007,37764000
bol,2008,37564000
bol,2009,37364000
bol,2010,37164000
bol,2011,36964000
bol,2012,36764000
bol,2013,36564000
bol,2014,36364000
bol,2015,36164000
bra,1990,218240000
bra,1991,217462600
bra,1992,216685200
bra,1993,215907800
bra,1994,215130400
bra,1995,214353000
bra,1996,213575600
bra,1997,212798200
bra,1998,212020800
bra,1999,211243400
bra,2000,210466000
bra,2001,209688400
bra,2002,208910800
bra,2003,208133200
bra,2004,207355600
bra,2005,206578000
bra,2006,205800600
bra,2007,205023200
bra,2008,204245800
bra,2009,203468400
bra,2010,202691000
bra,2011,202691000
bra,2012,202691000
bra,2013,202691000
bra,2014,202691000
bra,2015,202691000
brb,1990,0
brb,1991,0
brb,1992,0
brb,1993,0
brb,1994,0
brb,1995,0
brb,1996,0
brb,1997,0
brb,1998,0
brb,1999,0
brb,2000,0
brb,2001,0
brb,2002,0
brb,2003,0
brb,2004,0
brb,2005,0
brb,2006,0
brb,2007,0
brb,2008,0
brb,2009,0
brb,2010,0
brb,2011,0
brb,2012,0
brb,2013,0
brb,2014,0
brb,2015,0
brn,1990,313000
brn,1991,310500
brn,1992,308000
brn,1993,305500
brn,1994,303000
brn,1995,300500
brn,1996,298000
brn,1997,295500
brn,1998,293000
brn,1999,290500
brn,2000,288000
brn,2001,285400
brn,2002,282800
brn,2003,280200
brn,2004,277600
brn,2005,275000
brn,2006,272600
brn,2007,270200
brn,2008,267800
brn,2009,265400
brn,2010,263000
brn,2011,263000
brn,2012,263000
brn,2013,263000
brn,2014,263000
brn,2015,263000
btn,1990,413000
btn,1991,413000
btn,1992,413000
btn,1993,413000
btn,1994,413000
btn,1995,413000
btn,1996,413000
btn,1997,413000
btn,1998,413000
btn,1999,413000
btn,2000,413000
btn,2001,413000
btn,2002,413000
btn,2003,413000
btn,2004,413000
btn,2005,413000
btn,2006,413000
btn,2007,413000
btn,2008,413000
btn,2009,413000
btn,2010,413000
btn,2011,413000
btn,2012,413000
btn,2013,413000
btn,2014,413000
btn,2015,413000
bwa,1990,0
bwa,1991,0
bwa,1992,0
bwa,1993,0
bwa,1994,0
bwa,1995,0
bwa,1996,0
bwa,1997,0
bwa,1998,0
bwa,1999,0
bwa,2000,0
bwa,2001,0
bwa,2002,0
bwa,2003,0
bwa,2004,0
bwa,2005,0
bwa,2006,0
bwa,2007,0
bwa,2008,0
bwa,2009,0
bwa,2010,0
bwa,2011,0
bwa,2012,0
bwa,2013,0
bwa,2014,0
bwa,2015,0
caf,1990,3900000
caf,1991,3823500
caf,1992,3747000
caf,1993,3670500
caf,1994,3594000
caf,1995,3517500
caf,1996,3441000
caf,1997,3364500
caf,1998,3288000
caf,1999,3211500
caf,2000,3135000
caf,2001,3058400
caf,2002,2981800
caf,2003,2905200
caf,2004,2828600
caf,2005,2752000
caf,2006,2675600
caf,2007,2599200
caf,2008,2522800
caf,2009,2446400
caf,2010,2370000
caf,2011,2293600
caf,2012,2217200
caf,2013,2140800
caf,2014,2064400
caf,2015,1988000
can,1990,206638000
can,1991,206610100
can,1992,206582200
can,1993,206554300
can,1994,206526400
can,1995,206498500
can,1996,206470600
can,1997,206442700
can,1998,206414800
can,1999,206386900
can,2000,206359000
can,2001,206332200
can,2002,206305400
can,2003,206278600
can,2004,206251800
can,2005,206225000
can,2006,206192400
can,2007,206159800
can,2008,206127200
can,2009,206094600
can,2010,206062000
can,2011,206034400
can,2012,206006800
can,2013,205979200
can,2014,205951600
can,2015,205924000
che,1990,40000
che,1991,40000
che,1992,40000
che,1993,40000
che,1994,40000
che,1995,40000
che,1996,40000
che,1997,40000
che,1998,40000
che,1999,40000
che,2000,40000
che,2001,40000
che,2002,40000
che,2003,40000
che,2004,40000
che,2005,40000
che,2006,40000
che,2007,40000
che,2008,40000
che,2009,40000
che,2010,40000
che,2011,40000
che,2012,40000
che,2013,40000
che,2014,40000
che,2015,40000
cheslo,1990,33000
cheslo,1991,33000
cheslo,1992,33000
chl,1990,4631000
chl,1991,4621500
chl,1992,4612000
chl,1993,4602500
chl,1994,4593000
chl,1995,4583500
chl,1996,4574000
chl,1997,4564500
chl,1998,4555000
chl,1999,4545500
chl,2000,4536000
chl,2001,4526400
chl,2002,4516800
chl,2003,4507200
chl,2004,4497600
chl,2005,4488000
chl,2006,4478200
chl,2007,4468400
chl,2008,4458600
chl,2009,4448800
chl,2010,4439000
chl,2011,4622200
chl,2012,4805400
chl,2013,4988600
chl,2014,5171800
chl,2015,5355000
chn,1990,11646200
chn,1991,11644820
chn,1992,11643440
chn,1993,11642060
chn,1994,11640680
chn,1995,11639300
chn,1996,11637920
chn,1997,11636540
chn,1998,11635160
chn,1999,11633780
chn,2000,11632400
chn,2001,11632400
chn,2002,11632400
chn,2003,11632400
chn,2004,11632400
chn,2005,11632400
chn,2006,11632400
chn,2007,11632400
chn,2008,11632400
chn,2009,11632400
chn,2010,11632400
chn,2011,11632400
chn,2012,11632400
chn,2013,11632400
chn,2014,11632400
chn,2015,11632400
civ,1990,625000
civ,1991,625000
civ,1992,625000
civ,1993,625000
civ,1994,625000
civ,1995,625000
civ,1996,625000
civ,1997,625000
civ,1998,625000
civ,1999,625000
civ,2000,625000
civ,2001,625000
civ,2002,625000
civ,2003,625000
civ,2004,625000
civ,2005,625000
civ,2006,625000
civ,2007,625000
civ,2008,625000
civ,2009,625000
civ,2010,625000
civ,2011,625000
civ,2012,625000
civ,2013,625000
civ,2014,625000
civ,2015,625000
cmr,1990,0
cmr,1991,0
cmr,1992,0
cmr,1993,0
cmr,1994,0
cmr,1995,0
cmr,1996,0
cmr,1997,0
cmr,1998,0
cmr,1999,0
cmr,2000,0
cmr,2001,0
cmr,2002,0
cmr,2003,0
cmr,2004,0
cmr,2005,0
cmr,2006,0
cmr,2007,0
cmr,2008,0
cmr,2009,0
cmr,2010,0
cmr,2011,0
cmr,2012,0
cmr,2013,0
cmr,2014,0
cmr,2015,0
cod,1990,105189000
cod,1991,105115600
cod,1992,105042200
cod,1993,104968800
cod,1994,104895400
cod,1995,104822000
cod,1996,104748600
cod,1997,104675200
cod,1998,104601800
cod,1999,104528400
cod,2000,104455000
cod,2001,104381600
cod,2002,104308200
cod,2003,104234800
cod,2004,104161400
cod,2005,104088000
cod,2006,103947800
cod,2007,103807600
cod,2008,103667400
cod,2009,103527200
cod,2010,103387000
cod,2011,103246800
cod,2012,103106600
cod,2013,102966400
cod,2014,102826200
cod,2015,102686000
cog,1990,7548000
cog,1991,7542400
cog,1992,7536800
cog,1993,7531200
cog,1994,7525600
cog,1995,7520000
cog,1996,7514400
cog,1997,7508800
cog,1998,7503200
cog,1999,7497600
cog,2000,7492000
cog,2001,7486400
cog,2002,7480800
cog,2003,7475200
cog,2004,7469600
cog,2005,7464000
cog,2006,7458400
cog,2007,7452800
cog,2008,7447200
cog,2009,7441600
cog,2010,7436000
cog,2011,7430200
cog,2012,7424400
cog,2013,7418600
cog,2014,7412800
cog,2015,7407000
cok,1990,0
cok,1991,0
cok,1992,0
cok,1993,0
cok,1994,0
cok,1995,0
cok,1996,0
cok,1997,0
cok,1998,0
cok,1999,0
cok,2000,0
cok,2001,0
cok,2002,0
cok,2003,0
cok,2004,0
cok,2005,0
cok,2006,0
cok,2007,0
cok,2008,0
cok,2009,0
cok,2010,0
cok,2011,0
cok,2012,0
cok,2013,0
cok,2014,0
cok,2015,0
col,1990,0
col,1991,0
col,1992,0
col,1993,0
col,1994,0
col,1995,0
col,1996,0
col,1997,0
col,1998,0
col,1999,0
col,2000,0
col,2001,0
col,2002,0
col,2003,0
col,2004,0
col,2005,0
col,2006,0
col,2007,0
col,2008,0
col,2009,0
col,2010,0
col,2011,0
col,2012,0
col,2013,0
col,2014,0
col,2015,0
com,1990,8000
com,1991,8000
com,1992,8000
com,1993,8000
com,1994,8000
com,1995,8000
com,1996,8000
com,1997,8000
com,1998,8000
com,1999,8000
com,2000,8000
com,2001,8000
com,2002,8000
com,2003,8000
com,2004,8000
com,2005,8000
com,2006,8000
com,2007,8000
com,2008,8000
com,2009,8000
com,2010,8000
com,2011,8000
com,2012,8000
com,2013,8000
com,2014,8000
com,2015,8000
cpv,1990,0
cpv,1991,0
cpv,1992,0
cpv,1993,0
cpv,1994,0
cpv,1995,0
cpv,1996,0
cpv,1997,0
cpv,1998,0
cpv,1999,0
cpv,2000,0
cpv,2001,0
cpv,2002,0
cpv,2003,0
cpv,2004,0
cpv,2005,0
cpv,2006,0
cpv,2007,0
cpv,2008,0
cpv,2009,0
cpv,2010,0
cpv,2011,0
cpv,2012,0
cpv,2013,0
cpv,2014,0
cpv,2015,0
cri,1990,1313030
cri,1991,1243950
cri,1992,1174870
cri,1993,1105800
cri,1994,1036720
cri,1995,967640
cri,1996,898560
cri,1997,829480
cri,1998,760410
cri,1999,691330
cri,2000,622250
cri,2001,748800
cri,2002,875350
cri,2003,1001890
cri,2004,1128440
cri,2005,1254990
cri,2006,1267260
cri,2007,1279530
cri,2008,1291790
cri,2009,1304060
cri,2010,1316330
cri,2011,1415940
cri,2012,1515560
cri,2013,1615170
cri,2014,1714790
cri,2015,1814400
cub,1990,0
cub,1991,0
cub,1992,0
cub,1993,0
cub,1994,0
cub,1995,0
cub,1996,0
cub,1997,0
cub,1998,0
cub,1999,0
cub,2000,0
cub,2001,0
cub,2002,0
cub,2003,0
cub,2004,0
cub,2005,0
cub,2006,0
cub,2007,0
cub,2008,0
cub,2009,0
cub,2010,0
cub,2011,0
cub,2012,0
cub,2013,0
cub,2014,0
cub,2015,0
cym,1990,0
cym,1991,0
cym,1992,0
cym,1993,0
cym,1994,0
cym,1995,0
cym,1996,0
cym,1997,0
cym,1998,0
cym,1999,0
cym,2000,0
cym,2001,0
cym,2002,0
cym,2003,0
cym,2004,0
cym,2005,0
cym,2006,0
cym,2007,0
cym,2008,0
cym,2009,0
cym,2010,0
cym,2011,0
cym,2012,0
cym,2013,0
cym,2014,0
cym,2015,0
cyp,1990,13240
cyp,1991,13240
cyp,1992,13240
cyp,1993,13240
cyp,1994,13240
cyp,1995,13240
cyp,1996,13240
cyp,1997,13240
cyp,1998,13240
cyp,1999,13240
cyp,2000,13240
cyp,2001,13240
cyp,2002,13240
cyp,2003,13240
cyp,2004,13240
cyp,2005,13240
cyp,2006,13240
cyp,2007,13240
cyp,2008,13240
cyp,2009,13240
cyp,2010,13240
cyp,2011,13240
cyp,2012,13240
cyp,2013,13240
cyp,2014,13240
cyp,2015,13240
cze,1993,9000
cze,1994,9000
cze,1995,9000
cze,1996,9000
cze,1997,9000
cze,1998,9000
cze,1999,9000
cze,2000,9000
cze,2001,9000
cze,2002,9000
cze,2003,9000
cze,2004,9000
cze,2005,9000
cze,2006,9200
cze,2007,9400
cze,2008,9600
cze,2009,9800
cze,2010,10000
cze,2011,10000
cze,2012,10000
cze,2013,10000
cze,2014,10000
cze,2015,10000
deu,1990,0
deu,1991,0
deu,1992,0
deu,1993,0
deu,1994,0
deu,1995,0
deu,1996,0
deu,1997,0
deu,1998,0
deu,1999,0
deu,2000,0
deu,2001,0
deu,2002,0
deu,2003,0
deu,2004,0
deu,2005,0
deu,2006,0
deu,2007,0
deu,2008,0
deu,2009,0
deu,2010,0
deu,2011,0
deu,2012,0
deu,2013,0
deu,2014,0
deu,2015,0
dji,1990,0
dji,1991,0
dji,1992,0
dji,1993,0
dji,1994,0
dji,1995,0
dji,1996,0
dji,1997,0
dji,1998,0
dji,1999,0
dji,2000,0
dji,2001,0
dji,2002,0
dji,2003,0
dji,2004,0
dji,2005,0
dji,2006,0
dji,2007,0
dji,2008,0
dji,2009,0
dji,2010,0
dji,2011,0
dji,2012,0
dji,2013,0
dji,2014,0
dji,2015,0
dma,1990,28420
dma,1991,28340
dma,1992,28250
dma,1993,28160
dma,1994,28080
dma,1995,28000
dma,1996,27910
dma,1997,27820
dma,1998,27740
dma,1999,27660
dma,2000,27570
dma,2001,27480
dma,2002,27400
dma,2003,27310
dma,2004,27230
dma,2005,27140
dma,2006,27060
dma,2007,26970
dma,2008,26890
dma,2009,26800
dma,2010,26720
dma,2011,26640
dma,2012,26550
dma,2013,26470
dma,2014,26380
dma,2015,26300
dnk,1990,30000
dnk,1991,30200
dnk,1992,30400
dnk,1993,30600
dnk,1994,30800
dnk,1995,31000
dnk,1996,31200
dnk,1997,31400
dnk,1998,31600
dnk,1999,31800
dnk,2000,32000
dnk,2001,31800
dnk,2002,31600
dnk,2003,31400
dnk,2004,31200
dnk,2005,31000
dnk,2006,31200
dnk,2007,31400
dnk,2008,31600
dnk,2009,31800
dnk,2010,32000
dnk,2011,32400
dnk,2012,32800
dnk,2013,33200
dnk,2014,33600
dnk,2015,34000
dom,1990,0
dom,1991,0
dom,1992,0
dom,1993,0
dom,1994,0
dom,1995,0
dom,1996,0
dom,1997,0
dom,1998,0
dom,1999,0
dom,2000,0
dom,2001,0
dom,2002,0
dom,2003,0
dom,2004,0
dom,2005,0
dom,2006,0
dom,2007,0
dom,2008,0
dom,2009,0
dom,2010,0
dom,2011,0
dom,2012,0
dom,2013,0
dom,2014,0
dom,2015,0
dza,1990,0
dza,1991,0
dza,1992,0
dza,1993,0
dza,1994,0
dza,1995,0
dza,1996,0
dza,1997,0
dza,1998,0
dza,1999,0
dza,2000,0
dza,2001,0
dza,2002,0
dza,2003,0
dza,2004,0
dza,2005,0
dza,2006,0
dza,2007,0
dza,2008,0
dza,2009,0
dza,2010,0
dza,2011,0
dza,2012,0
dza,2013,0
dza,2014,0
dza,2015,0
ecu,1990,14586400
ecu,1991,14489930
ecu,1992,14393450
ecu,1993,14296970
ecu,1994,14200500
ecu,1995,14104020
ecu,1996,14007540
ecu,1997,13911070
ecu,1998,13814590
ecu,1999,13718110
ecu,2000,13621640
ecu,2001,13544680
ecu,2002,13467730
ecu,2003,13390770
ecu,2004,13313810
ecu,2005,13236860
ecu,2006,13159900
ecu,2007,13082950
ecu,2008,13005990
ecu,2009,12929040
ecu,2010,12852080
ecu,2011,12775120
ecu,2012,12698170
ecu,2013,12621210
ecu,2014,12544260
ecu,2015,12467300
egy,1990,0
egy,1991,0
egy,1992,0
egy,1993,0
egy,1994,0
egy,1995,0
egy,1996,0
egy,1997,0
egy,1998,0
egy,1999,0
egy,2000,0
egy,2001,0
egy,2002,0
egy,2003,0
egy,2004,0
egy,2005,0
egy,2006,0
egy,2007,0
egy,2008,0
egy,2009,0
egy,2010,0
egy,2011,0
egy,2012,0
egy,2013,0
egy,2014,0
egy,2015,0
eri,1993,0
eri,1994,0
eri,1995,0
eri,1996,0
eri,1997,0
eri,1998,0
eri,1999,0
eri,2000,0
eri,2001,0
eri,2002,0
eri,2003,0
eri,2004,0
eri,2005,0
eri,2006,0
eri,2007,0
eri,2008,0
eri,2009,0
eri,2010,0
eri,2011,0
eri,2012,0
eri,2013,0
eri,2014,0
eri,2015,0
esh,1990,0
esh,1991,0
esh,1992,0
esh,1993,0
esh,1994,0
esh,1995,0
esh,1996,0
esh,1997,0
esh,1998,0
esh,1999,0
esh,2000,0
esh,2001,0
esh,2002,0
esh,2003,0
esh,2004,0
esh,2005,0
esh,2006,0
esh,2007,0
esh,2008,0
esh,2009,0
esh,2010,0
esh,2011,0
esh,2012,0
esh,2013,0
esh,2014,0
esh,2015,0
esp,1990,0
esp,1991,0
esp,1992,0
esp,1993,0
esp,1994,0
esp,1995,0
esp,1996,0
esp,1997,0
esp,1998,0
esp,1999,0
esp,2000,0
esp,2001,0
esp,2002,0
esp,2003,0
esp,2004,0
esp,2005,0
esp,2006,0
esp,2007,0
esp,2008,0
esp,2009,0
esp,2010,0
esp,2011,0
esp,2012,0
esp,2013,0
esp,2014,0
esp,2015,0
est,1992,41600
est,1993,42400
est,1994,43200
est,1995,44000
est,1996,44800
est,1997,45600
est,1998,46400
est,1999,47200
est,2000,48000
est,2001,48800
est,2002,49600
est,2003,50400
est,2004,51200
est,2005,52000
est,2006,52600
est,2007,53200
est,2008,53800
est,2009,54400
est,2010,55000
est,2011,55600
est,2012,56200
est,2013,56800
est,2014,57400
est,2015,58000
eth,1993,0
eth,1994,0
eth,1995,0
eth,1996,0
eth,1997,0
eth,1998,0
eth,1999,0
eth,2000,0
eth,2001,0
eth,2002,0
eth,2003,0
eth,2004,0
eth,2005,0
eth,2006,0
eth,2007,0
eth,2008,0
eth,2009,0
eth,2010,0
eth,2011,0
eth,2012,0
eth,2013,0
eth,2014,0
eth,2015,0
fin,1990,230210
fin,1991,230210
fin,1992,230210
fin,1993,230210
fin,1994,230210
fin,1995,230210
fin,1996,230210
fin,1997,230210
fin,1998,230210
fin,1999,230210
fin,2000,230210
fin,2001,230210
fin,2002,230210
fin,2003,230210
fin,2004,230210
fin,2005,230210
fin,2006,230210
fin,2007,230210
fin,2008,230210
fin,2009,230210
fin,2010,230210
fin,2011,230210
fin,2012,230210
fin,2013,230210
fin,2014,230210
fin,2015,230210
fji,1990,489510
fji,1991,485100
fji,1992,480680
fji,1993,476270
fji,1994,471850
fji,1995,467440
fji,1996,463020
fji,1997,458610
fji,1998,454190
fji,1999,449780
fji,2000,445360
fji,2001,445970
fji,2002,446580
fji,2003,447190
fji,2004,447790
fji,2005,448400
fji,2006,442760
fji,2007,437110
fji,2008,431460
fji,2009,425820
fji,2010,420170
fji,2011,418420
fji,2012,416670
fji,2013,414910
fji,2014,413160
fji,2015,411410
flk,1990,0
flk,1991,0
flk,1992,0
flk,1993,0
flk,1994,0
flk,1995,0
flk,1996,0
flk,1997,0
flk,1998,0
flk,1999,0
flk,2000,0
flk,2001,0
flk,2002,0
flk,2003,0
flk,2004,0
flk,2005,0
flk,2006,0
flk,2007,0
flk,2008,0
flk,2009,0
flk,2010,0
flk,2011,0
flk,2012,0
flk,2013,0
flk,2014,0
flk,2015,0
fra,1990,0
fra,1991,0
fra,1992,0
fra,1993,0
fra,1994,0
fra,1995,0
fra,1996,0
fra,1997,0
fra,1998,0
fra,1999,0
fra,2000,0
fra,2001,0
fra,2002,0
fra,2003,0
fra,2004,0
fra,2005,0
fra,2006,0
fra,2007,0
fra,2008,0
fra,2009,0
fra,2010,0
fra,2011,0
fra,2012,0
fra,2013,0
fra,2014,0
fra,2015,0
fro,1990,0
fro,1991,0
fro,1992,0
fro,1993,0
fro,1994,0
fro,1995,0
fro,1996,0
fro,1997,0
fro,1998,0
fro,1999,0
fro,2000,0
fro,2001,0
fro,2002,0
fro,2003,0
fro,2004,0
fro,2005,0
fro,2006,0
fro,2007,0
fro,2008,0
fro,2009,0
fro,2010,0
fro,2011,0
fro,2012,0
fro,2013,0
fro,2014,0
fro,2015,0
fsm,1991,40010
fsm,1992,40450
fsm,1993,40890
fsm,1994,41330
fsm,1995,41770
fsm,1996,42210
fsm,1997,42650
fsm,1998,43090
fsm,1999,43530
fsm,2000,43970
fsm,2001,44410
fsm,2002,44850
fsm,2003,45290
fsm,2004,45730
fsm,2005,46170
fsm,2006,46610
fsm,2007,47050
fsm,2008,47490
fsm,2009,47930
fsm,2010,48370
fsm,2011,48370
fsm,2012,48370
fsm,2013,48370
fsm,2014,48370
fsm,2015,48370
gab,1990,20934000
gab,1991,20604000
gab,1992,20274000
gab,1993,19944000
gab,1994,19614000
gab,1995,19284000
gab,1996,18954000
gab,1997,18624000
gab,1998,18294000
gab,1999,17964000
gab,2000,17634000
gab,2001,17304000
gab,2002,16974000
gab,2003,16644000
gab,2004,16314000
gab,2005,15984000
gab,2006,15654000
gab,2007,15324000
gab,2008,14994000
gab,2009,14664000
gab,2010,14334000
gab,2011,14028000
gab,2012,13722000
gab,2013,13416000
gab,2014,13110000
gab,2015,12804000
gbm,1990,0
gbm,1991,0
gbm,1992,0
gbm,1993,0
gbm,1994,0
gbm,1995,0
gbm,1996,0
gbm,1997,0
gbm,1998,0
gbm,1999,0
gbm,2000,0
gbm,2001,0
gbm,2002,0
gbm,2003,0
gbm,2004,0
gbm,2005,0
gbm,2006,0
gbm,2007,0
gbm,2008,0
gbm,2009,0
gbm,2010,0
gbm,2011,0
gbm,2012,0
gbm,2013,0
gbm,2014,0
gbm,2015,0
gbr,1990,0
gbr,1991,0
gbr,1992,0
gbr,1993,0
gbr,1994,0
gbr,1995,0
gbr,1996,0
gbr,1997,0
gbr,1998,0
gbr,1999,0
gbr,2000,0
gbr,2001,0
gbr,2002,0
gbr,2003,0
gbr,2004,0
gbr,2005,0
gbr,2006,0
gbr,2007,0
gbr,2008,0
gbr,2009,0
gbr,2010,0
gbr,2011,0
gbr,2012,0
gbr,2013,0
gbr,2014,0
gbr,2015,0
geo,1992,500000
geo,1993,500000
geo,1994,500000
geo,1995,500000
geo,1996,500000
geo,1997,500000
geo,1998,500000
geo,1999,500000
geo,2000,500000
geo,2001,500000
geo,2002,500000
geo,2003,500000
geo,2004,500000
geo,2005,500000
geo,2006,500000
geo,2007,500000
geo,2008,500000
geo,2009,500000
geo,2010,500000
geo,2011,500000
geo,2012,500000
geo,2013,500000
geo,2014,500000
geo,2015,500000
gha,1990,395000
gha,1991,395000
gha,1992,395000
gha,1993,395000
gha,1994,395000
gha,1995,395000
gha,1996,395000
gha,1997,395000
gha,1998,395000
gha,1999,395000
gha,2000,395000
gha,2001,395000
gha,2002,395000
gha,2003,395000
gha,2004,395000
gha,2005,395000
gha,2006,395000
gha,2007,395000
gha,2008,395000
gha,2009,395000
gha,2010,395000
gha,2011,395000
gha,2012,395000
gha,2013,395000
gha,2014,395000
gha,2015,395000
gib,1990,0
gib,1991,0
gib,1992,0
gib,1993,0
gib,1994,0
gib,1995,0
gib,1996,0
gib,1997,0
gib,1998,0
gib,1999,0
gib,2000,0
gib,2001,0
gib,2002,0
gib,2003,0
gib,2004,0
gib,2005,0
gib,2006,0
gib,2007,0
gib,2008,0
gib,2009,0
gib,2010,0
gib,2011,0
gib,2012,0
gib,2013,0
gib,2014,0
gib,2015,0
gin,1990,63000
gin,1991,63000
gin,1992,63000
gin,1993,63000
gin,1994,63000
gin,1995,63000
gin,1996,63000
gin,1997,63000
gin,1998,63000
gin,1999,63000
gin,2000,63000
gin,2001,63000
gin,2002,63000
gin,2003,63000
gin,2004,63000
gin,2005,63000
gin,2006,63000
gin,2007,63000
gin,2008,63000
gin,2009,63000
gin,2010,63000
gin,2011,63000
gin,2012,63000
gin,2013,63000
gin,2014,63000
gin,2015,63000
glp,1990,35990
glp,1991,35990
glp,1992,35990
glp,1993,35990
glp,1994,35990
glp,1995,35990
glp,1996,35990
glp,1997,35990
glp,1998,35990
glp,1999,35990
glp,2000,35990
glp,2001,35990
glp,2002,35990
glp,2003,35990
glp,2004,35990
glp,2005,35990
glp,2006,35990
glp,2007,35990
glp,2008,35990
glp,2009,35990
glp,2010,35990
glp,2011,35990
glp,2012,35990
glp,2013,35990
glp,2014,35990
glp,2015,35990
gmb,1990,1200
gmb,1991,1200
gmb,1992,1200
gmb,1993,1200
gmb,1994,1200
gmb,1995,1200
gmb,1996,1200
gmb,1997,1200
gmb,1998,1200
gmb,1999,1200
gmb,2000,1200
gmb,2001,1160
gmb,2002,1120
gmb,2003,1080
gmb,2004,1040
gmb,2005,1000
gmb,2006,960
gmb,2007,920
gmb,2008,880
gmb,2009,840
gmb,2010,800
gmb,2011,800
gmb,2012,800
gmb,2013,800
gmb,2014,800
gmb,2015,800
gnb,1990,0
gnb,1991,0
gnb,1992,0
gnb,1993,0
gnb,1994,0
gnb,1995,0
gnb,1996,0
gnb,1997,0
gnb,1998,0
gnb,1999,0
gnb,2000,0
gnb,2001,0
gnb,2002,0
gnb,2003,0
gnb,2004,0
gnb,2005,0
gnb,2006,0
gnb,2007,0
gnb,2008,0
gnb,2009,0
gnb,2010,0
gnb,2011,0
gnb,2012,0
gnb,2013,0
gnb,2014,0
gnb,2015,0
gnq,1990,0
gnq,1991,0
gnq,1992,0
gnq,1993,0
gnq,1994,0
gnq,1995,0
gnq,1996,0
gnq,1997,0
gnq,1998,0
gnq,1999,0
gnq,2000,0
gnq,2001,0
gnq,2002,0
gnq,2003,0
gnq,2004,0
gnq,2005,0
gnq,2006,0
gnq,2007,0
gnq,2008,0
gnq,2009,0
gnq,2010,0
gnq,2011,0
gnq,2012,0
gnq,2013,0
gnq,2014,0
gnq,2015,0
grc,1990,0
grc,1991,0
grc,1992,0
grc,1993,0
grc,1994,0
grc,1995,0
grc,1996,0
grc,1997,0
grc,1998,0
grc,1999,0
grc,2000,0
grc,2001,0
grc,2002,0
grc,2003,0
grc,2004,0
grc,2005,0
grc,2006,0
grc,2007,0
grc,2008,0
grc,2009,0
grc,2010,0
grc,2011,0
grc,2012,0
grc,2013,0
grc,2014,0
grc,2015,0
grd,1990,2320
grd,1991,2320
grd,1992,2320
grd,1993,2320
grd,1994,2320
grd,1995,2320
grd,1996,2320
grd,1997,2320
grd,1998,2320
grd,1999,2320
grd,2000,2320
grd,2001,2320
grd,2002,2320
grd,2003,2320
grd,2004,2320
grd,2005,2320
grd,2006,2320
grd,2007,2320
grd,2008,2320
grd,2009,2320
grd,2010,2320
grd,2011,2320
grd,2012,2320
grd,2013,2320
grd,2014,2320
grd,2015,2320
grl,1990,0
grl,1991,0
grl,1992,0
grl,1993,0
grl,1994,0
grl,1995,0
grl,1996,0
grl,1997,0
grl,1998,0
grl,1999,0
grl,2000,0
grl,2001,0
grl,2002,0
grl,2003,0
grl,2004,0
grl,2005,0
grl,2006,0
grl,2007,0
grl,2008,0
grl,2009,0
grl,2010,0
grl,2011,0
grl,2012,0
grl,2013,0
grl,2014,0
grl,2015,0
gtm,1990,2951000
gtm,1991,2885100
gtm,1992,2819200
gtm,1993,2753300
gtm,1994,2687400
gtm,1995,2621500
gtm,1996,2555600
gtm,1997,2489700
gtm,1998,2423800
gtm,1999,2357900
gtm,2000,2292000
gtm,2001,2224200
gtm,2002,2156400
gtm,2003,2088600
gtm,2004,2020800
gtm,2005,1953000
gtm,2006,1887800
gtm,2007,1822600
gtm,2008,1757400
gtm,2009,1692200
gtm,2010,1627000
gtm,2011,1568400
gtm,2012,1509800
gtm,2013,1451200
gtm,2014,1392600
gtm,2015,1334000
guf,1990,8147300
guf,1991,8135100
guf,1992,8122900
guf,1993,8110700
guf,1994,8098500
guf,1995,8086300
guf,1996,8074100
guf,1997,8061900
guf,1998,8049700
guf,1999,8037500
guf,2000,8025300
guf,2001,8013100
guf,2002,8000900
guf,2003,7988700
guf,2004,7976500
guf,2005,7964300
guf,2006,7937700
guf,2007,7911100
guf,2008,7884500
guf,2009,7857900
guf,2010,7831300
guf,2011,7827600
guf,2012,7823900
guf,2013,7820200
guf,2014,7816500
guf,2015,7812800
gum,1990,0
gum,1991,0
gum,1992,0
gum,1993,0
gum,1994,0
gum,1995,0
gum,1996,0
gum,1997,0
gum,1998,0
gum,1999,0
gum,2000,0
gum,2001,0
gum,2002,0
gum,2003,0
gum,2004,0
gum,2005,0
gum,2006,0
gum,2007,0
gum,2008,0
gum,2009,0
gum,2010,0
gum,2011,0
gum,2012,0
gum,2013,0
gum,2014,0
gum,2015,0
guy,1990,9477000
guy,1991,9357000
guy,1992,9237000
guy,1993,9117000
guy,1994,8997000
guy,1995,8877000
guy,1996,8757000
guy,1997,8637000
guy,1998,8517000
guy,1999,8397000
guy,2000,8277000
guy,2001,8157000
guy,2002,8037000
guy,2003,7917000
guy,2004,7797000
guy,2005,7677000
guy,2006,7557000
guy,2007,7437000
guy,2008,7317000
guy,2009,7197000
guy,2010,7077000
guy,2011,6957000
guy,2012,6837000
guy,2013,6717000
guy,2014,6597000
guy,2015,6477000
hnd,1990,457000
hnd,1991,457000
hnd,1992,457000
hnd,1993,457000
hnd,1994,457000
hnd,1995,457000
hnd,1996,457000
hnd,1997,457000
hnd,1998,457000
hnd,1999,457000
hnd,2000,457000
hnd,2001,457000
hnd,2002,457000
hnd,2003,457000
hnd,2004,457000
hnd,2005,457000
hnd,2006,457000
hnd,2007,457000
hnd,2008,457000
hnd,2009,457000
hnd,2010,457000
hnd,2011,457000
hnd,2012,457000
hnd,2013,457000
hnd,2014,457000
hnd,2015,457000
hrv,1992,7000
hrv,1993,7000
hrv,1994,7000
hrv,1995,7000
hrv,1996,7000
hrv,1997,7000
hrv,1998,7000
hrv,1999,7000
hrv,2000,7000
hrv,2001,7000
hrv,2002,7000
hrv,2003,7000
hrv,2004,7000
hrv,2005,7000
hrv,2006,7000
hrv,2007,7000
hrv,2008,7000
hrv,2009,7000
hrv,2010,7000
hrv,2011,7000
hrv,2012,7000
hrv,2013,7000
hrv,2014,7000
hrv,2015,7000
hti,1990,0
hti,1991,0
hti,1992,0
hti,1993,0
hti,1994,0
hti,1995,0
hti,1996,0
hti,1997,0
hti,1998,0
hti,1999,0
hti,2000,0
hti,2001,0
hti,2002,0
hti,2003,0
hti,2004,0
hti,2005,0
hti,2006,0
hti,2007,0
hti,2008,0
hti,2009,0
hti,2010,0
hti,2011,0
hti,2012,0
hti,2013,0
hti,2014,0
hti,2015,0
hun,1990,0
hun,1991,0
hun,1992,0
hun,1993,0
hun,1994,0
hun,1995,0
hun,1996,0
hun,1997,0
hun,1998,0
hun,1999,0
hun,2000,0
hun,2001,0
hun,2002,0
hun,2003,0
hun,2004,0
hun,2005,0
hun,2006,0
hun,2007,0
hun,2008,0
hun,2009,0
hun,2010,0
hun,2011,0
hun,2012,0
hun,2013,0
hun,2014,0
hun,2015,0
idn,1990,49453000
idn,1991,49453000
idn,1992,49453000
idn,1993,49453000
idn,1994,49453000
idn,1995,49453000
idn,1996,49453000
idn,1997,49453000
idn,1998,49453000
idn,1999,49453000
idn,2000,49453000
idn,2001,49224400
idn,2002,48995800
idn,2003,48767200
idn,2004,48538600
idn,2005,48310000
idn,2006,48081400
idn,2007,47852800
idn,2008,47624200
idn,2009,47395600
idn,2010,47167000
idn,2011,46938400
idn,2012,46709800
idn,2013,46481200
idn,2014,46252600
idn,2015,46024000
ind,1990,15701000
ind,1991,15701000
ind,1992,15701000
ind,1993,15701000
ind,1994,15701000
ind,1995,15701000
ind,1996,15701000
ind,1997,15701000
ind,1998,15701000
ind,1999,15701000
ind,2000,15701000
ind,2001,15701000
ind,2002,15701000
ind,2003,15701000
ind,2004,15701000
ind,2005,15701000
ind,2006,15701000
ind,2007,15701000
ind,2008,15701000
ind,2009,15701000
ind,2010,15701000
ind,2011,15701000
ind,2012,15701000
ind,2013,15701000
ind,2014,15701000
ind,2015,15701000
irl,1990,0
irl,1991,0
irl,1992,0
irl,1993,0
irl,1994,0
irl,1995,0
irl,1996,0
irl,1997,0
irl,1998,0
irl,1999,0
irl,2000,0
irl,2001,0
irl,2002,0
irl,2003,0
irl,2004,0
irl,2005,0
irl,2006,0
irl,2007,0
irl,2008,0
irl,2009,0
irl,2010,0
irl,2011,0
irl,2012,0
irl,2013,0
irl,2014,0
irl,2015,0
irn,1990,200000
irn,1991,200000
irn,1992,200000
irn,1993,200000
irn,1994,200000
irn,1995,200000
irn,1996,200000
irn,1997,200000
irn,1998,200000
irn,1999,200000
irn,2000,200000
irn,2001,200000
irn,2002,200000
irn,2003,200000
irn,2004,200000
irn,2005,200000
irn,2006,200000
irn,2007,200000
irn,2008,200000
irn,2009,200000
irn,2010,200000
irn,2011,200000
irn,2012,200000
irn,2013,200000
irn,2014,200000
irn,2015,200000
irq,1990,0
irq,1991,0
irq,1992,0
irq,1993,0
irq,1994,0
irq,1995,0
irq,1996,0
irq,1997,0
irq,1998,0
irq,1999,0
irq,2000,0
irq,2001,0
irq,2002,0
irq,2003,0
irq,2004,0
irq,2005,0
irq,2006,0
irq,2007,0
irq,2008,0
irq,2009,0
irq,2010,0
irq,2011,0
irq,2012,0
irq,2013,0
irq,2014,0
irq,2015,0
isl,1990,0
isl,1991,0
isl,1992,0
isl,1993,0
isl,1994,0
isl,1995,0
isl,1996,0
isl,1997,0
isl,1998,0
isl,1999,0
isl,2000,0
isl,2001,0
isl,2002,0
isl,2003,0
isl,2004,0
isl,2005,0
isl,2006,0
isl,2007,0
isl,2008,0
isl,2009,0
isl,2010,0
isl,2011,0
isl,2012,0
isl,2013,0
isl,2014,0
isl,2015,0
isr,1990,0
isr,1991,0
isr,1992,0
isr,1993,0
isr,1994,0
isr,1995,0
isr,1996,0
isr,1997,0
isr,1998,0
isr,1999,0
isr,2000,0
isr,2001,0
isr,2002,0
isr,2003,0
isr,2004,0
isr,2005,0
isr,2006,0
isr,2007,0
isr,2008,0
isr,2009,0
isr,2010,0
isr,2011,0
isr,2012,0
isr,2013,0
isr,2014,0
isr,2015,0
ita,1990,93000
ita,1991,93000
ita,1992,93000
ita,1993,93000
ita,1994,93000
ita,1995,93000
ita,1996,93000
ita,1997,93000
ita,1998,93000
ita,1999,93000
ita,2000,93000
ita,2001,93000
ita,2002,93000
ita,2003,93000
ita,2004,93000
ita,2005,93000
ita,2006,93000
ita,2007,93000
ita,2008,93000
ita,2009,93000
ita,2010,93000
ita,2011,93000
ita,2012,93000
ita,2013,93000
ita,2014,93000
ita,2015,93000
jam,1990,88900
jam,1991,88840
jam,1992,88780
jam,1993,88720
jam,1994,88660
jam,1995,88600
jam,1996,88540
jam,1997,88480
jam,1998,88420
jam,1999,88360
jam,2000,88300
jam,2001,88240
jam,2002,88180
jam,2003,88120
jam,2004,88060
jam,2005,88000
jam,2006,87940
jam,2007,87880
jam,2008,87820
jam,2009,87760
jam,2010,87700
jam,2011,87660
jam,2012,87620
jam,2013,87580
jam,2014,87540
jam,2015,87500
jor,1990,0
jor,1991,0
jor,1992,0
jor,1993,0
jor,1994,0
jor,1995,0
jor,1996,0
jor,1997,0
jor,1998,0
jor,1999,0
jor,2000,0
jor,2001,0
jor,2002,0
jor,2003,0
jor,2004,0
jor,2005,0
jor,2006,0
jor,2007,0
jor,2008,0
jor,2009,0
jor,2010,0
jor,2011,0
jor,2012,0
jor,2013,0
jor,2014,0
jor,2015,0
jpn,1990,3764000
jpn,1991,3793000
jpn,1992,3822000
jpn,1993,3851000
jpn,1994,3880000
jpn,1995,3909000
jpn,1996,3938000
jpn,1997,3967000
jpn,1998,3996000
jpn,1999,4025000
jpn,2000,4054000
jpn,2001,4133000
jpn,2002,4212000
jpn,2003,4291000
jpn,2004,4370000
jpn,2005,4449000
jpn,2006,4513200
jpn,2007,4577400
jpn,2008,4641600
jpn,2009,4705800
jpn,2010,4770000
jpn,2011,4797000
jpn,2012,4824000
jpn,2013,4851000
jpn,2014,4878000
jpn,2015,4905000
kaz,1992,0
kaz,1993,0
kaz,1994,0
kaz,1995,0
kaz,1996,0
kaz,1997,0
kaz,1998,0
kaz,1999,0
kaz,2000,0
kaz,2001,0
kaz,2002,0
kaz,2003,0
kaz,2004,0
kaz,2005,0
kaz,2006,0
kaz,2007,0
kaz,2008,0
kaz,2009,0
kaz,2010,0
kaz,2011,0
kaz,2012,0
kaz,2013,0
kaz,2014,0
kaz,2015,0
ken,1990,0
ken,1991,0
ken,1992,0
ken,1993,0
ken,1994,0
ken,1995,0
ken,1996,0
ken,1997,0
ken,1998,0
ken,1999,0
ken,2000,0
ken,2001,0
ken,2002,0
ken,2003,0
ken,2004,0
ken,2005,0
ken,2006,0
ken,2007,0
ken,2008,0
ken,2009,0
ken,2010,0
ken,2011,0
ken,2012,0
ken,2013,0
ken,2014,0
ken,2015,0
kgz,1992,793540
kgz,1993,793610
kgz,1994,793680
kgz,1995,793750
kgz,1996,793820
kgz,1997,793890
kgz,1998,793960
kgz,1999,794030
kgz,2000,794100
kgz,2001,795580
kgz,2002,797060
kgz,2003,798540
kgz,2004,800020
kgz,2005,801500
kgz,2006,767200
kgz,2007,732900
kgz,2008,698600
kgz,2009,664300
kgz,2010,630000
kgz,2011,622000
kgz,2012,614000
kgz,2013,606000
kgz,2014,598000
kgz,2015,590000
khm,1990,766000
khm,1991,735000
khm,1992,704000
khm,1993,673000
khm,1994,642000
khm,1995,611000
khm,1996,580000
khm,1997,549000
khm,1998,518000
khm,1999,487000
khm,2000,456000
khm,2001,429200
khm,2002,402400
khm,2003,375600
khm,2004,348800
khm,2005,322000
khm,2006,322000
khm,2007,322000
khm,2008,322000
khm,2009,322000
khm,2010,322000
khm,2011,322000
khm,2012,322000
khm,2013,322000
khm,2014,322000
khm,2015,322000
kir,1990,0
kir,1991,0
kir,1992,0
kir,1993,0
kir,1994,0
kir,1995,0
kir,1996,0
kir,1997,0
kir,1998,0
kir,1999,0
kir,2000,0
kir,2001,0
kir,2002,0
kir,2003,0
kir,2004,0
kir,2005,0
kir,2006,0
kir,2007,0
kir,2008,0
kir,2009,0
kir,2010,0
kir,2011,0
kir,2012,0
kir,2013,0
kir,2014,0
kir,2015,0
kna,1990,0
kna,1991,0
kna,1992,0
kna,1993,0
kna,1994,0
kna,1995,0
kna,1996,0
kna,1997,0
kna,1998,0
kna,1999,0
kna,2000,0
kna,2001,0
kna,2002,0
kna,2003,0
kna,2004,0
kna,2005,0
kna,2006,0
kna,2007,0
kna,2008,0
kna,2009,0
kna,2010,0
kna,2011,0
kna,2012,0
kna,2013,0
kna,2014,0
kna,2015,0
kor,1990,4277000
kor,1991,4277000
kor,1992,4277000
kor,1993,4277000
kor,1994,4277000
kor,1995,4277000
kor,1996,4277000
kor,1997,4277000
kor,1998,4277000
kor,1999,4277000
kor,2000,4277000
kor,2001,4145000
kor,2002,4013000
kor,2003,3881000
kor,2004,3749000
kor,2005,3617000
kor,2006,3601600
kor,2007,3586200
kor,2008,3570800
kor,2009,3555400
kor,2010,3540000
kor,2011,3524000
kor,2012,3508000
kor,2013,3492000
kor,2014,3476000
kor,2015,3460000
kwt,1990,0
kwt,1991,0
kwt,1992,0
kwt,1993,0
kwt,1994,0
kwt,1995,0
kwt,1996,0
kwt,1997,0
kwt,1998,0
kwt,1999,0
kwt,2000,0
kwt,2001,0
kwt,2002,0
kwt,2003,0
kwt,2004,0
kwt,2005,0
kwt,2006,0
kwt,2007,0
kwt,2008,0
kwt,2009,0
kwt,2010,0
kwt,2011,0
kwt,2012,0
kwt,2013,0
kwt,2014,0
kwt,2015,0
lao,1990,1592900
lao,1991,1577490
lao,1992,1562080
lao,1993,1546660
lao,1994,1531250
lao,1995,1515840
lao,1996,1500430
lao,1997,1485020
lao,1998,1469600
lao,1999,1454190
lao,2000,1438780
lao,2001,1422730
lao,2002,1406680
lao,2003,1390620
lao,2004,1374570
lao,2005,1358520
lao,2006,1342040
lao,2007,1325560
lao,2008,1309090
lao,2009,1292610
lao,2010,1276130
lao,2011,1259650
lao,2012,1243170
lao,2013,1226690
lao,2014,1210210
lao,2015,1193730
lbn,1990,0
lbn,1991,0
lbn,1992,0
lbn,1993,0
lbn,1994,0
lbn,1995,0
lbn,1996,0
lbn,1997,0
lbn,1998,0
lbn,1999,0
lbn,2000,0
lbn,2001,0
lbn,2002,0
lbn,2003,0
lbn,2004,0
lbn,2005,0
lbn,2006,0
lbn,2007,0
lbn,2008,0
lbn,2009,0
lbn,2010,0
lbn,2011,0
lbn,2012,0
lbn,2013,0
lbn,2014,0
lbn,2015,0
lbr,1990,175000
lbr,1991,175000
lbr,1992,175000
lbr,1993,175000
lbr,1994,175000
lbr,1995,175000
lbr,1996,175000
lbr,1997,175000
lbr,1998,175000
lbr,1999,175000
lbr,2000,175000
lbr,2001,175000
lbr,2002,175000
lbr,2003,175000
lbr,2004,175000
lbr,2005,175000
lbr,2006,175000
lbr,2007,175000
lbr,2008,175000
lbr,2009,175000
lbr,2010,175000
lbr,2011,175000
lbr,2012,175000
lbr,2013,175000
lbr,2014,175000
lbr,2015,175000
lby,1990,0
lby,1991,0
lby,1992,0
lby,1993,0
lby,1994,0
lby,1995,0
lby,1996,0
lby,1997,0
lby,1998,0
lby,1999,0
lby,2000,0
lby,2001,0
lby,2002,0
lby,2003,0
lby,2004,0
lby,2005,0
lby,2006,0
lby,2007,0
lby,2008,0
lby,2009,0
lby,2010,0
lby,2011,0
lby,2012,0
lby,2013,0
lby,2014,0
lby,2015,0
lca,1990,18650
lca,1991,18590
lca,1992,18530
lca,1993,18470
lca,1994,18410
lca,1995,18350
lca,1996,18290
lca,1997,18230
lca,1998,18170
lca,1999,18110
lca,2000,18050
lca,2001,17990
lca,2002,17930
lca,2003,17870
lca,2004,17810
lca,2005,17750
lca,2006,17690
lca,2007,17630
lca,2008,17570
lca,2009,17510
lca,2010,17450
lca,2011,17390
lca,2012,17330
lca,2013,17270
lca,2014,17210
lca,2015,17150
lie,1990,1500
lie,1991,1500
lie,1992,1500
lie,1993,1500
lie,1994,1500
lie,1995,1500
lie,1996,1500
lie,1997,1500
lie,1998,1500
lie,1999,1500
lie,2000,1500
lie,2001,1500
lie,2002,1500
lie,2003,1500
lie,2004,1500
lie,2005,1500
lie,2006,1500
lie,2007,1500
lie,2008,1500
lie,2009,1500
lie,2010,1500
lie,2011,1500
lie,2012,1500
lie,2013,1500
lie,2014,1500
lie,2015,1500
lka,1990,257000
lka,1991,251000
lka,1992,245000
lka,1993,239000
lka,1994,233000
lka,1995,227000
lka,1996,221000
lka,1997,215000
lka,1998,209000
lka,1999,203000
lka,2000,197000
lka,2001,191000
lka,2002,185000
lka,2003,179000
lka,2004,173000
lka,2005,167000
lka,2006,167000
lka,2007,167000
lka,2008,167000
lka,2009,167000
lka,2010,167000
lka,2011,167000
lka,2012,167000
lka,2013,167000
lka,2014,167000
lka,2015,167000
lso,1990,0
lso,1991,0
lso,1992,0
lso,1993,0
lso,1994,0
lso,1995,0
lso,1996,0
lso,1997,0
lso,1998,0
lso,1999,0
lso,2000,0
lso,2001,0
lso,2002,0
lso,2003,0
lso,2004,0
lso,2005,0
lso,2006,0
lso,2007,0
lso,2008,0
lso,2009,0
lso,2010,0
lso,2011,0
lso,2012,0
lso,2013,0
lso,2014,0
lso,2015,0
ltu,1992,20200
ltu,1993,20300
ltu,1994,20400
ltu,1995,20500
ltu,1996,20600
ltu,1997,20700
ltu,1998,20800
ltu,1999,20900
ltu,2000,21000
ltu,2001,22000
ltu,2002,23000
ltu,2003,24000
ltu,2004,25000
ltu,2005,26000
ltu,2006,26000
ltu,2007,26000
ltu,2008,26000
ltu,2009,26000
ltu,2010,26000
ltu,2011,26000
ltu,2012,26000
ltu,2013,26000
ltu,2014,26000
ltu,2015,26000
lux,2000,0
lux,2001,0
lux,2002,0
lux,2003,0
lux,2004,0
lux,2005,0
lux,2006,0
lux,2007,0
lux,2008,0
lux,2009,0
lux,2010,0
lux,2011,0
lux,2012,0
lux,2013,0
lux,2014,0
lux,2015,0
lva,1992,17000
lva,1993,17000
lva,1994,17000
lva,1995,17000
lva,1996,17000
lva,1997,17000
lva,1998,17000
lva,1999,17000
lva,2000,17000
lva,2001,16800
lva,2002,16600
lva,2003,16400
lva,2004,16200
lva,2005,16000
lva,2006,15800
lva,2007,15600
lva,2008,15400
lva,2009,15200
lva,2010,15000
lva,2011,15200
lva,2012,15400
lva,2013,15600
lva,2014,15800
lva,2015,16000
mar,1990,0
mar,1991,0
mar,1992,0
mar,1993,0
mar,1994,0
mar,1995,0
mar,1996,0
mar,1997,0
mar,1998,0
mar,1999,0
mar,2000,0
mar,2001,0
mar,2002,0
mar,2003,0
mar,2004,0
mar,2005,0
mar,2006,0
mar,2007,0
mar,2008,0
mar,2009,0
mar,2010,0
mar,2011,0
mar,2012,0
mar,2013,0
mar,2014,0
mar,2015,0
mda,1992,0
mda,1993,0
mda,1994,0
mda,1995,0
mda,1996,0
mda,1997,0
mda,1998,0
mda,1999,0
mda,2000,0
mda,2001,0
mda,2002,0
mda,2003,0
mda,2004,0
mda,2005,0
mda,2006,0
mda,2007,0
mda,2008,0
mda,2009,0
mda,2010,0
mda,2011,0
mda,2012,0
mda,2013,0
mda,2014,0
mda,2015,0
mdg,1990,3367000
mdg,1991,3348200
mdg,1992,3329400
mdg,1993,3310600
mdg,1994,3291800
mdg,1995,3273000
mdg,1996,3254200
mdg,1997,3235400
mdg,1998,3216600
mdg,1999,3197800
mdg,2000,3179000
mdg,2001,3170600
mdg,2002,3162200
mdg,2003,3153800
mdg,2004,3145400
mdg,2005,3137000
mdg,2006,3116800
mdg,2007,3096600
mdg,2008,3076400
mdg,2009,3056200
mdg,2010,3036000
mdg,2011,3027400
mdg,2012,3018800
mdg,2013,3010200
mdg,2014,3001600
mdg,2015,2993000
mdv,1990,0
mdv,1991,0
mdv,1992,0
mdv,1993,0
mdv,1994,0
mdv,1995,0
mdv,1996,0
mdv,1997,0
mdv,1998,0
mdv,1999,0
mdv,2000,0
mdv,2001,0
mdv,2002,0
mdv,2003,0
mdv,2004,0
mdv,2005,0
mdv,2006,0
mdv,2007,0
mdv,2008,0
mdv,2009,0
mdv,2010,0
mdv,2011,0
mdv,2012,0
mdv,2013,0
mdv,2014,0
mdv,2015,0
mex,1990,39443000
mex,1991,39029000
mex,1992,38615000
mex,1993,38201000
mex,1994,37787000
mex,1995,37373000
mex,1996,36959000
mex,1997,36545000
mex,1998,36131000
mex,1999,35717000
mex,2000,35303000
mex,2001,35007600
mex,2002,34712200
mex,2003,34416800
mex,2004,34121400
mex,2005,33826000
mex,2006,33694400
mex,2007,33562800
mex,2008,33431200
mex,2009,33299600
mex,2010,33168000
mex,2011,33145600
mex,2012,33123200
mex,2013,33100800
mex,2014,33078400
mex,2015,33056000
mhl,1991,8190
mhl,1992,8190
mhl,1993,8190
mhl,1994,8190
mhl,1995,8190
mhl,1996,8190
mhl,1997,8190
mhl,1998,8190
mhl,1999,8190
mhl,2000,8190
mhl,2001,8190
mhl,2002,8190
mhl,2003,8190
mhl,2004,8190
mhl,2005,8190
mhl,2006,8190
mhl,2007,8190
mhl,2008,8190
mhl,2009,8190
mhl,2010,8190
mhl,2011,8190
mhl,2012,8190
mhl,2013,8190
mhl,2014,8190
mhl,2015,8190
mkd,1992,0
mkd,1993,0
mkd,1994,0
mkd,1995,0
mkd,1996,0
mkd,1997,0
mkd,1998,0
mkd,1999,0
mkd,2000,0
mkd,2001,0
mkd,2002,0
mkd,2003,0
mkd,2004,0
mkd,2005,0
mkd,2006,0
mkd,2007,0
mkd,2008,0
mkd,2009,0
mkd,2010,0
mkd,2011,0
mkd,2012,0
mkd,2013,0
mkd,2014,0
mkd,2015,0
mli,1990,0
mli,1991,0
mli,1992,0
mli,1993,0
mli,1994,0
mli,1995,0
mli,1996,0
mli,1997,0
mli,1998,0
mli,1999,0
mli,2000,0
mli,2001,0
mli,2002,0
mli,2003,0
mli,2004,0
mli,2005,0
mli,2006,0
mli,2007,0
mli,2008,0
mli,2009,0
mli,2010,0
mli,2011,0
mli,2012,0
mli,2013,0
mli,2014,0
mli,2015,0
mlt,1990,0
mlt,1991,0
mlt,1992,0
mlt,1993,0
mlt,1994,0
mlt,1995,0
mlt,1996,0
mlt,1997,0
mlt,1998,0
mlt,1999,0
mlt,2000,0
mlt,2001,0
mlt,2002,0
mlt,2003,0
mlt,2004,0
mlt,2005,0
mlt,2006,0
mlt,2007,0
mlt,2008,0
mlt,2009,0
mlt,2010,0
mlt,2011,0
mlt,2012,0
mlt,2013,0
mlt,2014,0
mlt,2015,0
mmr,1990,3192000
mmr,1991,3192000
mmr,1992,3192000
mmr,1993,3192000
mmr,1994,3192000
mmr,1995,3192000
mmr,1996,3192000
mmr,1997,3192000
mmr,1998,3192000
mmr,1999,3192000
mmr,2000,3192000
mmr,2001,3192000
mmr,2002,3192000
mmr,2003,3192000
mmr,2004,3192000
mmr,2005,3192000
mmr,2006,3192000
mmr,2007,3192000
mmr,2008,3192000
mmr,2009,3192000
mmr,2010,3192000
mmr,2011,3192000
mmr,2012,3192000
mmr,2013,3192000
mmr,2014,3192000
mmr,2015,3192000
mne,2006,109000
mne,2007,109000
mne,2008,109000
mne,2009,109000
mne,2010,109000
mne,2011,109000
mne,2012,109000
mne,2013,109000
mne,2014,109000
mne,2015,109000
mng,1990,12534000
mng,1991,12452010
mng,1992,12370020
mng,1993,12288030
mng,1994,12206040
mng,1995,12124050
mng,1996,12042060
mng,1997,11960070
mng,1998,11878080
mng,1999,11796090
mng,2000,11714100
mng,2001,11632340
mng,2002,11550580
mng,2003,11468820
mng,2004,11387060
mng,2005,11305300
mng,2006,11651920
mng,2007,11998540
mng,2008,12345160
mng,2009,12691780
mng,2010,13038400
mng,2011,12941040
mng,2012,12843680
mng,2013,12746320
mng,2014,12648960
mng,2015,12551600
mnp,1991,9980
mnp,1992,9890
mnp,1993,9790
mnp,1994,9700
mnp,1995,9610
mnp,1996,9510
mnp,1997,9420
mnp,1998,9330
mnp,1999,9230
mnp,2000,9140
mnp,2001,9050
mnp,2002,8950
mnp,2003,8860
mnp,2004,8770
mnp,2005,8670
mnp,2006,8580
mnp,2007,8490
mnp,2008,8390
mnp,2009,8300
mnp,2010,8210
mnp,2011,8110
mnp,2012,8020
mnp,2013,7930
mnp,2014,7830
mnp,2015,7740
moz,1990,0
moz,1991,0
moz,1992,0
moz,1993,0
moz,1994,0
moz,1995,0
moz,1996,0
moz,1997,0
moz,1998,0
moz,1999,0
moz,2000,0
moz,2001,0
moz,2002,0
moz,2003,0
moz,2004,0
moz,2005,0
moz,2006,0
moz,2007,0
moz,2008,0
moz,2009,0
moz,2010,0
moz,2011,0
moz,2012,0
moz,2013,0
moz,2014,0
moz,2015,0
mrt,1990,0
mrt,1991,0
mrt,1992,0
mrt,1993,0
mrt,1994,0
mrt,1995,0
mrt,1996,0
mrt,1997,0
mrt,1998,0
mrt,1999,0
mrt,2000,0
mrt,2001,0
mrt,2002,0
mrt,2003,0
mrt,2004,0
mrt,2005,0
mrt,2006,0
mrt,2007,0
mrt,2008,0
mrt,2009,0
mrt,2010,0
mrt,2011,0
mrt,2012,0
mrt,2013,0
mrt,2014,0
mrt,2015,0
msr,1990,0
msr,1991,0
msr,1992,0
msr,1993,0
msr,1994,0
msr,1995,0
msr,1996,0
msr,1997,0
msr,1998,0
msr,1999,0
msr,2000,0
msr,2001,0
msr,2002,0
msr,2003,0
msr,2004,0
msr,2005,0
msr,2006,0
msr,2007,0
msr,2008,0
msr,2009,0
msr,2010,0
msr,2011,0
msr,2012,0
msr,2013,0
msr,2014,0
msr,2015,0
mtq,1990,0
mtq,1991,0
mtq,1992,0
mtq,1993,0
mtq,1994,0
mtq,1995,0
mtq,1996,0
mtq,1997,0
mtq,1998,0
mtq,1999,0
mtq,2000,0
mtq,2001,0
mtq,2002,0
mtq,2003,0
mtq,2004,0
mtq,2005,0
mtq,2006,0
mtq,2007,0
mtq,2008,0
mtq,2009,0
mtq,2010,0
mtq,2011,0
mtq,2012,0
mtq,2013,0
mtq,2014,0
mtq,2015,0
mus,1990,0
mus,1991,0
mus,1992,0
mus,1993,0
mus,1994,0
mus,1995,0
mus,1996,0
mus,1997,0
mus,1998,0
mus,1999,0
mus,2000,0
mus,2001,0
mus,2002,0
mus,2003,0
mus,2004,0
mus,2005,0
mus,2006,0
mus,2007,0
mus,2008,0
mus,2009,0
mus,2010,0
mus,2011,0
mus,2012,0
mus,2013,0
mus,2014,0
mus,2015,0
mwi,1990,1727000
mwi,1991,1687300
mwi,1992,1647600
mwi,1993,1607900
mwi,1994,1568200
mwi,1995,1528500
mwi,1996,1488800
mwi,1997,1449100
mwi,1998,1409400
mwi,1999,1369700
mwi,2000,1330000
mwi,2001,1290400
mwi,2002,1250800
mwi,2003,1211200
mwi,2004,1171600
mwi,2005,1132000
mwi,2006,1092400
mwi,2007,1052800
mwi,2008,1013200
mwi,2009,973600
mwi,2010,934000
mwi,2011,916200
mwi,2012,898400
mwi,2013,880600
mwi,2014,862800
mwi,2015,845000
mys,1990,3820000
mys,1991,3841000
mys,1992,3862000
mys,1993,3883000
mys,1994,3904000
mys,1995,3925000
mys,1996,3946000
mys,1997,3967000
mys,1998,3988000
mys,1999,4009000
mys,2000,4030000
mys,2001,4210000
mys,2002,4390000
mys,2003,4570000
mys,2004,4750000
mys,2005,4930000
mys,2006,4917400
mys,2007,4904800
mys,2008,4892200
mys,2009,4879600
mys,2010,4867000
mys,2011,4901800
mys,2012,4936600
mys,2013,4971400
mys,2014,5006200
mys,2015,5041000
myt,1990,1450
myt,1991,1450
myt,1992,1450
myt,1993,1450
myt,1994,1450
myt,1995,1450
myt,1996,1450
myt,1997,1450
myt,1998,1450
myt,1999,1450
myt,2000,1450
myt,2001,1450
myt,2002,1450
myt,2003,1450
myt,2004,1450
myt,2005,1450
myt,2006,1450
myt,2007,1450
myt,2008,1450
myt,2009,1450
myt,2010,1450
myt,2011,1450
myt,2012,1450
myt,2013,1450
myt,2014,1450
myt,2015,1450
nam,1990,0
nam,1991,0
nam,1992,0
nam,1993,0
nam,1994,0
nam,1995,0
nam,1996,0
nam,1997,0
nam,1998,0
nam,1999,0
nam,2000,0
nam,2001,0
nam,2002,0
nam,2003,0
nam,2004,0
nam,2005,0
nam,2006,0
nam,2007,0
nam,2008,0
nam,2009,0
nam,2010,0
nam,2011,0
nam,2012,0
nam,2013,0
nam,2014,0
nam,2015,0
ncl,1990,431000
ncl,1991,431000
ncl,1992,431000
ncl,1993,431000
ncl,1994,431000
ncl,1995,431000
ncl,1996,431000
ncl,1997,431000
ncl,1998,431000
ncl,1999,431000
ncl,2000,431000
ncl,2001,431000
ncl,2002,431000
ncl,2003,431000
ncl,2004,431000
ncl,2005,431000
ncl,2006,431000
ncl,2007,431000
ncl,2008,431000
ncl,2009,431000
ncl,2010,431000
ncl,2011,431000
ncl,2012,431000
ncl,2013,431000
ncl,2014,431000
ncl,2015,431000
ner,1990,220000
ner,1991,220000
ner,1992,220000
ner,1993,220000
ner,1994,220000
ner,1995,220000
ner,1996,220000
ner,1997,220000
ner,1998,220000
ner,1999,220000
ner,2000,220000
ner,2001,220000
ner,2002,220000
ner,2003,220000
ner,2004,220000
ner,2005,220000
ner,2006,220000
ner,2007,220000
ner,2008,220000
ner,2009,220000
ner,2010,220000
ner,2011,220000
ner,2012,220000
ner,2013,220000
ner,2014,220000
ner,2015,220000
nfk,1990,0
nfk,1991,0
nfk,1992,0
nfk,1993,0
nfk,1994,0
nfk,1995,0
nfk,1996,0
nfk,1997,0
nfk,1998,0
nfk,1999,0
nfk,2000,0
nfk,2001,0
nfk,2002,0
nfk,2003,0
nfk,2004,0
nfk,2005,0
nfk,2006,0
nfk,2007,0
nfk,2008,0
nfk,2009,0
nfk,2010,0
nfk,2011,0
nfk,2012,0
nfk,2013,0
nfk,2014,0
nfk,2015,0
nga,1990,1556000
nga,1991,1474000
nga,1992,1392000
nga,1993,1310000
nga,1994,1228000
nga,1995,1146000
nga,1996,1064000
nga,1997,982000
nga,1998,900000
nga,1999,818000
nga,2000,736000
nga,2001,654000
nga,2002,572000
nga,2003,490000
nga,2004,408000
nga,2005,326000
nga,2006,271600
nga,2007,217200
nga,2008,162800
nga,2009,108400
nga,2010,54000
nga,2011,47200
nga,2012,40400
nga,2013,33600
nga,2014,26800
nga,2015,20000
nic,1990,1233990
nic,1991,1233990
nic,1992,1233990
nic,1993,1233990
nic,1994,1233990
nic,1995,1233990
nic,1996,1233990
nic,1997,1233990
nic,1998,1233990
nic,1999,1233990
nic,2000,1233990
nic,2001,1233990
nic,2002,1233990
nic,2003,1233990
nic,2004,1233990
nic,2005,1233990
nic,2006,1233990
nic,2007,1233990
nic,2008,1233990
nic,2009,1233990
nic,2010,1233990
nic,2011,1233990
nic,2012,1233990
nic,2013,1234000
nic,2014,1234000
nic,2015,1234000
niu,1990,5600
niu,1991,5600
niu,1992,5600
niu,1993,5600
niu,1994,5600
niu,1995,5600
niu,1996,5600
niu,1997,5600
niu,1998,5600
niu,1999,5600
niu,2000,5600
niu,2001,5600
niu,2002,5600
niu,2003,5600
niu,2004,5600
niu,2005,5600
niu,2006,5600
niu,2007,5600
niu,2008,5600
niu,2009,5600
niu,2010,5600
niu,2011,5600
niu,2012,5600
niu,2013,5600
niu,2014,5600
niu,2015,5600
nld,1990,0
nld,1991,0
nld,1992,0
nld,1993,0
nld,1994,0
nld,1995,0
nld,1996,0
nld,1997,0
nld,1998,0
nld,1999,0
nld,2000,0
nld,2001,0
nld,2002,0
nld,2003,0
nld,2004,0
nld,2005,0
nld,2006,0
nld,2007,0
nld,2008,0
nld,2009,0
nld,2010,0
nld,2011,0
nld,2012,0
nld,2013,0
nld,2014,0
nld,2015,0
nor,1990,160000
nor,1991,160000
nor,1992,160000
nor,1993,160000
nor,1994,160000
nor,1995,160000
nor,1996,160000
nor,1997,160000
nor,1998,160000
nor,1999,160000
nor,2000,160000
nor,2001,160000
nor,2002,160000
nor,2003,160000
nor,2004,160000
nor,2005,160000
nor,2006,160000
nor,2007,160000
nor,2008,160000
nor,2009,160000
nor,2010,160000
nor,2011,160000
nor,2012,160000
nor,2013,160000
nor,2014,160000
nor,2015,160000
npl,1990,548000
npl,1991,548000
npl,1992,548000
npl,1993,548000
npl,1994,548000
npl,1995,548000
npl,1996,548000
npl,1997,548000
npl,1998,548000
npl,1999,548000
npl,2000,548000
npl,2001,543600
npl,2002,539200
npl,2003,534800
npl,2004,530400
npl,2005,526000
npl,2006,526000
npl,2007,526000
npl,2008,526000
npl,2009,526000
npl,2010,526000
npl,2011,526000
npl,2012,526000
npl,2013,526000
npl,2014,526000
npl,2015,526000
nru,1990,0
nru,1991,0
nru,1992,0
nru,1993,0
nru,1994,0
nru,1995,0
nru,1996,0
nru,1997,0
nru,1998,0
nru,1999,0
nru,2000,0
nru,2001,0
nru,2002,0
nru,2003,0
nru,2004,0
nru,2005,0
nru,2006,0
nru,2007,0
nru,2008,0
nru,2009,0
nru,2010,0
nru,2011,0
nru,2012,0
nru,2013,0
nru,2014,0
nru,2015,0
nzl,1990,2144000
nzl,1991,2144000
nzl,1992,2144000
nzl,1993,2144000
nzl,1994,2144000
nzl,1995,2144000
nzl,1996,2144000
nzl,1997,2144000
nzl,1998,2144000
nzl,1999,2144000
nzl,2000,2144000
nzl,2001,2144000
nzl,2002,2144000
nzl,2003,2144000
nzl,2004,2144000
nzl,2005,2144000
nzl,2006,2144000
nzl,2007,2144000
nzl,2008,2144000
nzl,2009,2144000
nzl,2010,2144000
nzl,2011,2147200
nzl,2012,2150400
nzl,2013,2153600
nzl,2014,2156800
nzl,2015,2160000
omn,1990,0
omn,1991,0
omn,1992,0
omn,1993,0
omn,1994,0
omn,1995,0
omn,1996,0
omn,1997,0
omn,1998,0
omn,1999,0
omn,2000,0
omn,2001,0
omn,2002,0
omn,2003,0
omn,2004,0
omn,2005,0
omn,2006,0
omn,2007,0
omn,2008,0
omn,2009,0
omn,2010,0
omn,2011,0
omn,2012,0
omn,2013,0
omn,2014,0
omn,2015,0
pak,1990,0
pak,1991,0
pak,1992,0
pak,1993,0
pak,1994,0
pak,1995,0
pak,1996,0
pak,1997,0
pak,1998,0
pak,1999,0
pak,2000,0
pak,2001,0
pak,2002,0
pak,2003,0
pak,2004,0
pak,2005,0
pak,2006,0
pak,2007,0
pak,2008,0
pak,2009,0
pak,2010,0
pak,2011,0
pak,2012,0
pak,2013,0
pak,2014,0
pak,2015,0
pan,1990,0
pan,1991,0
pan,1992,0
pan,1993,0
pan,1994,0
pan,1995,0
pan,1996,0
pan,1997,0
pan,1998,0
pan,1999,0
pan,2000,0
pan,2001,0
pan,2002,0
pan,2003,0
pan,2004,0
pan,2005,0
pan,2006,0
pan,2007,0
pan,2008,0
pan,2009,0
pan,2010,0
pan,2011,0
pan,2012,0
pan,2013,0
pan,2014,0
pan,2015,0
pcn,1990,0
pcn,1991,0
pcn,1992,0
pcn,1993,0
pcn,1994,0
pcn,1995,0
pcn,1996,0
pcn,1997,0
pcn,1998,0
pcn,1999,0
pcn,2000,0
pcn,2001,0
pcn,2002,0
pcn,2003,0
pcn,2004,0
pcn,2005,0
pcn,2006,0
pcn,2007,0
pcn,2008,0
pcn,2009,0
pcn,2010,0
pcn,2011,0
pcn,2012,0
pcn,2013,0
pcn,2014,0
pcn,2015,0
per,1990,69632000
per,1991,69437200
per,1992,69242400
per,1993,69047600
per,1994,68852800
per,1995,68658000
per,1996,68463200
per,1997,68268400
per,1998,68073600
per,1999,67878800
per,2000,67684000
per,2001,67576800
per,2002,67469600
per,2003,67362400
per,2004,67255200
per,2005,67148000
per,2006,67023200
per,2007,66898400
per,2008,66773600
per,2009,66648800
per,2010,66524000
per,2011,66377200
per,2012,66230400
per,2013,66083600
per,2014,65936800
per,2015,65790000
phl,1990,861000
phl,1991,861000
phl,1992,861000
phl,1993,861000
phl,1994,861000
phl,1995,861000
phl,1996,861000
phl,1997,861000
phl,1998,861000
phl,1999,861000
phl,2000,861000
phl,2001,861000
phl,2002,861000
phl,2003,861000
phl,2004,861000
phl,2005,861000
phl,2006,861000
phl,2007,861000
phl,2008,861000
phl,2009,861000
phl,2010,861000
phl,2011,861000
phl,2012,861000
phl,2013,861000
phl,2014,861000
phl,2015,861000
plw,1991,0
plw,1992,0
plw,1993,0
plw,1994,0
plw,1995,0
plw,1996,0
plw,1997,0
plw,1998,0
plw,1999,0
plw,2000,0
plw,2001,0
plw,2002,0
plw,2003,0
plw,2004,0
plw,2005,0
plw,2006,0
plw,2007,0
plw,2008,0
plw,2009,0
plw,2010,0
plw,2011,0
plw,2012,0
plw,2013,0
plw,2014,0
plw,2015,0
png,1990,31329000
png,1991,30779800
png,1992,30230600
png,1993,29681400
png,1994,29132200
png,1995,28583000
png,1996,28033800
png,1997,27484600
png,1998,26935400
png,1999,26386200
png,2000,25837000
png,2001,25287800
png,2002,24738600
png,2003,24189400
png,2004,23640200
png,2005,23091000
png,2006,22541800
png,2007,21992600
png,2008,21443400
png,2009,20894200
png,2010,20345000
png,2011,19795800
png,2012,19246600
png,2013,18697400
png,2014,18148200
png,2015,17599000
pol,1990,30000
pol,1991,32100
pol,1992,34200
pol,1993,36300
pol,1994,38400
pol,1995,40500
pol,1996,42600
pol,1997,44700
pol,1998,46800
pol,1999,48900
pol,2000,51000
pol,2001,51600
pol,2002,52200
pol,2003,52800
pol,2004,53400
pol,2005,54000
pol,2006,54400
pol,2007,54800
pol,2008,55200
pol,2009,55600
pol,2010,56000
pol,2011,56600
pol,2012,57200
pol,2013,57800
pol,2014,58400
pol,2015,59000
pri,1990,0
pri,1991,0
pri,1992,0
pri,1993,0
pri,1994,0
pri,1995,0
pri,1996,0
pri,1997,0
pri,1998,0
pri,1999,0
pri,2000,0
pri,2001,0
pri,2002,0
pri,2003,0
pri,2004,0
pri,2005,0
pri,2006,0
pri,2007,0
pri,2008,0
pri,2009,0
pri,2010,0
pri,2011,0
pri,2012,0
pri,2013,0
pri,2014,0
pri,2015,0
prk,1990,1129000
prk,1991,1111500
prk,1992,1094000
prk,1993,1076500
prk,1994,1059000
prk,1995,1041500
prk,1996,1024000
prk,1997,1006500
prk,1998,989000
prk,1999,971500
prk,2000,954000
prk,2001,936600
prk,2002,919200
prk,2003,901800
prk,2004,884400
prk,2005,867000
prk,2006,849600
prk,2007,832200
prk,2008,814800
prk,2009,797400
prk,2010,780000
prk,2011,764200
prk,2012,748400
prk,2013,732600
prk,2014,716800
prk,2015,701000
prt,1990,24100
prt,1991,24100
prt,1992,24100
prt,1993,24100
prt,1994,24100
prt,1995,24100
prt,1996,24100
prt,1997,24100
prt,1998,24100
prt,1999,24100
prt,2000,24100
prt,2001,24100
prt,2002,24100
prt,2003,24100
prt,2004,24100
prt,2005,24100
prt,2006,24100
prt,2007,24100
prt,2008,24100
prt,2009,24100
prt,2010,24100
prt,2011,24100
prt,2012,24100
prt,2013,24100
prt,2014,24100
prt,2015,24100
pry,1990,1850000
pry,1991,1850000
pry,1992,1850000
pry,1993,1850000
pry,1994,1850000
pry,1995,1850000
pry,1996,1850000
pry,1997,1850000
pry,1998,1850000
pry,1999,1850000
pry,2000,1850000
pry,2001,1850000
pry,2002,1850000
pry,2003,1850000
pry,2004,1850000
pry,2005,1850000
pry,2006,1856800
pry,2007,1863600
pry,2008,1870400
pry,2009,1877200
pry,2010,1884000
pry,2011,1884000
pry,2012,1884000
pry,2013,1884000
pry,2014,1884000
pry,2015,1884000
pse,1990,0
pse,1991,0
pse,1992,0
pse,1993,0
pse,1994,0
pse,1995,0
pse,1996,0
pse,1997,0
pse,1998,0
pse,1999,0
pse,2000,0
pse,2001,0
pse,2002,0
pse,2003,0
pse,2004,0
pse,2005,0
pse,2006,0
pse,2007,0
pse,2008,0
pse,2009,0
pse,2010,0
pse,2011,0
pse,2012,0
pse,2013,0
pse,2014,0
pse,2015,0
pyf,1990,40000
pyf,1991,40000
pyf,1992,40000
pyf,1993,40000
pyf,1994,40000
pyf,1995,40000
pyf,1996,40000
pyf,1997,40000
pyf,1998,40000
pyf,1999,40000
pyf,2000,40000
pyf,2001,40000
pyf,2002,40000
pyf,2003,40000
pyf,2004,40000
pyf,2005,40000
pyf,2006,40000
pyf,2007,40000
pyf,2008,40000
pyf,2009,40000
pyf,2010,40000
pyf,2011,40000
pyf,2012,40000
pyf,2013,40000
pyf,2014,40000
pyf,2015,40000
qat,1990,0
qat,1991,0
qat,1992,0
qat,1993,0
qat,1994,0
qat,1995,0
qat,1996,0
qat,1997,0
qat,1998,0
qat,1999,0
qat,2000,0
qat,2001,0
qat,2002,0
qat,2003,0
qat,2004,0
qat,2005,0
qat,2006,0
qat,2007,0
qat,2008,0
qat,2009,0
qat,2010,0
qat,2011,0
qat,2012,0
qat,2013,0
qat,2014,0
qat,2015,0
reu,1990,55000
reu,1991,55000
reu,1992,55000
reu,1993,55000
reu,1994,55000
reu,1995,55000
reu,1996,55000
reu,1997,55000
reu,1998,55000
reu,1999,55000
reu,2000,55000
reu,2001,55000
reu,2002,55000
reu,2003,55000
reu,2004,55000
reu,2005,55000
reu,2006,55000
reu,2007,55000
reu,2008,55000
reu,2009,55000
reu,2010,55000
reu,2011,55000
reu,2012,55000
reu,2013,55000
reu,2014,55000
reu,2015,55000
rou,1990,263000
rou,1991,263000
rou,1992,263000
rou,1993,263000
rou,1994,263000
rou,1995,263000
rou,1996,263000
rou,1997,263000
rou,1998,263000
rou,1999,263000
rou,2000,263000
rou,2001,263200
rou,2002,263400
rou,2003,263600
rou,2004,263800
rou,2005,264000
rou,2006,265000
rou,2007,266000
rou,2008,267000
rou,2009,268000
rou,2010,269000
rou,2011,271800
rou,2012,274600
rou,2013,277400
rou,2014,280200
rou,2015,283000
rus,1992,245006720
rus,1993,246647230
rus,1994,248287740
rus,1995,249928250
rus,1996,251568760
rus,1997,253209270
rus,1998,254849780
rus,1999,256490290
rus,2000,258130800
rus,2001,257598600
rus,2002,257066400
rus,2003,256534200
rus,2004,256002000
rus,2005,255469800
rus,2006,259044440
rus,2007,262619080
rus,2008,266193720
rus,2009,269768360
rus,2010,273343000
rus,2011,273217920
rus,2012,273092840
rus,2013,272967760
rus,2014,272842680
rus,2015,272717600
rwa,1990,7000
rwa,1991,7000
rwa,1992,7000
rwa,1993,7000
rwa,1994,7000
rwa,1995,7000
rwa,1996,7000
rwa,1997,7000
rwa,1998,7000
rwa,1999,7000
rwa,2000,7000
rwa,2001,7000
rwa,2002,7000
rwa,2003,7000
rwa,2004,7000
rwa,2005,7000
rwa,2006,7000
rwa,2007,7000
rwa,2008,7000
rwa,2009,7000
rwa,2010,7000
rwa,2011,7000
rwa,2012,7000
rwa,2013,7000
rwa,2014,7000
rwa,2015,7000
sau,1990,360000
sau,1991,360000
sau,1992,360000
sau,1993,360000
sau,1994,360000
sau,1995,360000
sau,1996,360000
sau,1997,360000
sau,1998,360000
sau,1999,360000
sau,2000,360000
sau,2001,360000
sau,2002,360000
sau,2003,360000
sau,2004,360000
sau,2005,360000
sau,2006,360000
sau,2007,360000
sau,2008,360000
sau,2009,360000
sau,2010,360000
sau,2011,360000
sau,2012,360000
sau,2013,360000
sau,2014,360000
sau,2015,360000
scg,1992,110000
scg,1993,110000
scg,1994,110000
scg,1995,110000
scg,1996,110000
scg,1997,110000
scg,1998,110000
scg,1999,110000
scg,2000,110000
scg,2001,110000
scg,2002,110000
scg,2003,110000
scg,2004,110000
scg,2005,110000
sdn,1990,1649920
sdn,1991,1637710
sdn,1992,1625500
sdn,1993,1613290
sdn,1994,1601090
sdn,1995,1588880
sdn,1996,1576670
sdn,1997,1564460
sdn,1998,1552250
sdn,1999,1540040
sdn,2000,1527830
sdn,2001,1515620
sdn,2002,1503410
sdn,2003,1491200
sdn,2004,1478990
sdn,2005,1466790
sdn,2006,1454580
sdn,2007,1442370
sdn,2008,1430160
sdn,2009,1417950
sdn,2010,1405740
sdn,2011,1393530
sdn,2012,1381320
sdn,2013,1369110
sdn,2014,1356910
sdn,2015,1344700
sen,1990,1759000
sen,1991,1748400
sen,1992,1737800
sen,1993,1727200
sen,1994,1716600
sen,1995,1706000
sen,1996,1695400
sen,1997,1684800
sen,1998,1674200
sen,1999,1663600
sen,2000,1653000
sen,2001,1642000
sen,2002,1631000
sen,2003,1620000
sen,2004,1609000
sen,2005,1598000
sen,2006,1589000
sen,2007,1580000
sen,2008,1571000
sen,2009,1562000
sen,2010,1553000
sen,2011,1544000
sen,2012,1535000
sen,2013,1526000
sen,2014,1517000
sen,2015,1508000
sgp,1990,210
sgp,1991,210
sgp,1992,210
sgp,1993,210
sgp,1994,210
sgp,1995,210
sgp,1996,210
sgp,1997,210
sgp,1998,210
sgp,1999,210
sgp,2000,210
sgp,2001,210
sgp,2002,210
sgp,2003,210
sgp,2004,210
sgp,2005,210
sgp,2006,210
sgp,2007,210
sgp,2008,210
sgp,2009,210
sgp,2010,210
sgp,2011,210
sgp,2012,210
sgp,2013,210
sgp,2014,210
sgp,2015,210
shn,1990,0
shn,1991,0
shn,1992,0
shn,1993,0
shn,1994,0
shn,1995,0
shn,1996,0
shn,1997,0
shn,1998,0
shn,1999,0
shn,2000,0
shn,2001,0
shn,2002,0
shn,2003,0
shn,2004,0
shn,2005,0
shn,2006,0
shn,2007,0
shn,2008,0
shn,2009,0
shn,2010,0
shn,2011,0
shn,2012,0
shn,2013,0
shn,2014,0
shn,2015,0
slb,1990,1105400
slb,1991,1105400
slb,1992,1105400
slb,1993,1105400
slb,1994,1105400
slb,1995,1105400
slb,1996,1105400
slb,1997,1105400
slb,1998,1105400
slb,1999,1105400
slb,2000,1105400
slb,2001,1105400
slb,2002,1105400
slb,2003,1105400
slb,2004,1105400
slb,2005,1105400
slb,2006,1105400
slb,2007,1105400
slb,2008,1105400
slb,2009,1105400
slb,2010,1105400
slb,2011,1105400
slb,2012,1105400
slb,2013,1105400
slb,2014,1105400
slb,2015,1105400
sle,1990,224000
sle,1991,217300
sle,1992,210600
sle,1993,203900
sle,1994,197200
sle,1995,190500
sle,1996,183800
sle,1997,177100
sle,1998,170400
sle,1999,163700
sle,2000,157000
sle,2001,152200
sle,2002,147400
sle,2003,142600
sle,2004,137800
sle,2005,133000
sle,2006,129000
sle,2007,125000
sle,2008,121000
sle,2009,117000
sle,2010,113000
sle,2011,107440
sle,2012,101880
sle,2013,96320
sle,2014,90760
sle,2015,85200
slv,1990,4800
slv,1991,4800
slv,1992,4800
slv,1993,4800
slv,1994,4800
slv,1995,4800
slv,1996,4800
slv,1997,4800
slv,1998,4800
slv,1999,4800
slv,2000,4800
slv,2001,4800
slv,2002,4800
slv,2003,4800
slv,2004,4800
slv,2005,4800
slv,2006,4800
slv,2007,4800
slv,2008,4800
slv,2009,4800
slv,2010,4800
slv,2011,4800
slv,2012,4800
slv,2013,4800
slv,2014,4800
slv,2015,4800
smr,1990,0
smr,1991,0
smr,1992,0
smr,1993,0
smr,1994,0
smr,1995,0
smr,1996,0
smr,1997,0
smr,1998,0
smr,1999,0
smr,2000,0
smr,2001,0
smr,2002,0
smr,2003,0
smr,2004,0
smr,2005,0
smr,2006,0
smr,2007,0
smr,2008,0
smr,2009,0
smr,2010,0
smr,2011,0
smr,2012,0
smr,2013,0
smr,2014,0
smr,2015,0
som,1990,0
som,1991,0
som,1992,0
som,1993,0
som,1994,0
som,1995,0
som,1996,0
som,1997,0
som,1998,0
som,1999,0
som,2000,0
som,2001,0
som,2002,0
som,2003,0
som,2004,0
som,2005,0
som,2006,0
som,2007,0
som,2008,0
som,2009,0
som,2010,0
som,2011,0
som,2012,0
som,2013,0
som,2014,0
som,2015,0
spm,1990,0
spm,1991,0
spm,1992,0
spm,1993,0
spm,1994,0
spm,1995,0
spm,1996,0
spm,1997,0
spm,1998,0
spm,1999,0
spm,2000,0
spm,2001,0
spm,2002,0
spm,2003,0
spm,2004,0
spm,2005,0
spm,2006,0
spm,2007,0
spm,2008,0
spm,2009,0
spm,2010,0
spm,2011,0
spm,2012,0
spm,2013,0
spm,2014,0
spm,2015,0
srb,2006,1000
srb,2007,1000
srb,2008,1000
srb,2009,1000
srb,2010,1000
srb,2011,1000
srb,2012,1000
srb,2013,1000
srb,2014,1000
srb,2015,1000
ssd,2011,0
ssd,2012,0
ssd,2013,0
ssd,2014,0
ssd,2015,0
stp,1990,27000
stp,1991,27000
stp,1992,27000
stp,1993,27000
stp,1994,27000
stp,1995,27000
stp,1996,27000
stp,1997,27000
stp,1998,27000
stp,1999,27000
stp,2000,27000
stp,2001,27000
stp,2002,27000
stp,2003,27000
stp,2004,27000
stp,2005,27000
stp,2006,27000
stp,2007,27000
stp,2008,27000
stp,2009,27000
stp,2010,27000
stp,2011,27000
stp,2012,27000
stp,2013,27000
stp,2014,27000
stp,2015,27000
sur,1990,14986000
sur,1991,14961600
sur,1992,14937200
sur,1993,14912800
sur,1994,14888400
sur,1995,14864000
sur,1996,14839600
sur,1997,14815200
sur,1998,14790800
sur,1999,14766400
sur,2000,14742000
sur,2001,14711600
sur,2002,14681200
sur,2003,14650800
sur,2004,14620400
sur,2005,14590000
sur,2006,14556400
sur,2007,14522800
sur,2008,14489200
sur,2009,14455600
sur,2010,14422000
sur,2011,14341400
sur,2012,14260800
sur,2013,14180200
sur,2014,14099600
sur,2015,14019000
svk,1993,24000
svk,1994,24000
svk,1995,24000
svk,1996,24000
svk,1997,24000
svk,1998,24000
svk,1999,24000
svk,2000,24000
svk,2001,24000
svk,2002,24000
svk,2003,24000
svk,2004,24000
svk,2005,24000
svk,2006,24000
svk,2007,24000
svk,2008,24000
svk,2009,24000
svk,2010,24000
svk,2011,24000
svk,2012,24000
svk,2013,24000
svk,2014,24000
svk,2015,24000
svn,1992,49800
svn,1993,50200
svn,1994,50600
svn,1995,51000
svn,1996,51400
svn,1997,51800
svn,1998,52200
svn,1999,52600
svn,2000,53000
svn,2001,52200
svn,2002,51400
svn,2003,50600
svn,2004,49800
svn,2005,49000
svn,2006,49000
svn,2007,49000
svn,2008,49000
svn,2009,49000
svn,2010,49000
svn,2011,49000
svn,2012,49000
svn,2013,49000
svn,2014,49000
svn,2015,49000
swe,1990,2417000
swe,1991,2417000
swe,1992,2417000
swe,1993,2417000
swe,1994,2417000
swe,1995,2417000
swe,1996,2417000
swe,1997,2417000
swe,1998,2417000
swe,1999,2417000
swe,2000,2417000
swe,2001,2417000
swe,2002,2417000
swe,2003,2417000
swe,2004,2417000
swe,2005,2417000
swe,2006,2417000
swe,2007,2417000
swe,2008,2417000
swe,2009,2417000
swe,2010,2417000
swe,2011,2417000
swe,2012,2417000
swe,2013,2417000
swe,2014,2417000
swe,2015,2417000
swz,1990,0
swz,1991,0
swz,1992,0
swz,1993,0
swz,1994,0
swz,1995,0
swz,1996,0
swz,1997,0
swz,1998,0
swz,1999,0
swz,2000,0
swz,2001,0
swz,2002,0
swz,2003,0
swz,2004,0
swz,2005,0
swz,2006,0
swz,2007,0
swz,2008,0
swz,2009,0
swz,2010,0
swz,2011,0
swz,2012,0
swz,2013,0
swz,2014,0
swz,2015,0
syc,1990,2000
syc,1991,2000
syc,1992,2000
syc,1993,2000
syc,1994,2000
syc,1995,2000
syc,1996,2000
syc,1997,2000
syc,1998,2000
syc,1999,2000
syc,2000,2000
syc,2001,2000
syc,2002,2000
syc,2003,2000
syc,2004,2000
syc,2005,2000
syc,2006,2000
syc,2007,2000
syc,2008,2000
syc,2009,2000
syc,2010,2000
syc,2011,2000
syc,2012,2000
syc,2013,2000
syc,2014,2000
syc,2015,2000
syr,1990,0
syr,1991,0
syr,1992,0
syr,1993,0
syr,1994,0
syr,1995,0
syr,1996,0
syr,1997,0
syr,1998,0
syr,1999,0
syr,2000,0
syr,2001,0
syr,2002,0
syr,2003,0
syr,2004,0
syr,2005,0
syr,2006,0
syr,2007,0
syr,2008,0
syr,2009,0
syr,2010,0
syr,2011,0
syr,2012,0
syr,2013,0
syr,2014,0
syr,2015,0
tca,1990,0
tca,1991,0
tca,1992,0
tca,1993,0
tca,1994,0
tca,1995,0
tca,1996,0
tca,1997,0
tca,1998,0
tca,1999,0
tca,2000,0
tca,2001,0
tca,2002,0
tca,2003,0
tca,2004,0
tca,2005,0
tca,2006,0
tca,2007,0
tca,2008,0
tca,2009,0
tca,2010,0
tca,2011,0
tca,2012,0
tca,2013,0
tca,2014,0
tca,2015,0
tcd,1990,0
tcd,1991,0
tcd,1992,0
tcd,1993,0
tcd,1994,0
tcd,1995,0
tcd,1996,0
tcd,1997,0
tcd,1998,0
tcd,1999,0
tcd,2000,0
tcd,2001,0
tcd,2002,0
tcd,2003,0
tcd,2004,0
tcd,2005,0
tcd,2006,0
tcd,2007,0
tcd,2008,0
tcd,2009,0
tcd,2010,0
tcd,2011,0
tcd,2012,0
tcd,2013,0
tcd,2014,0
tcd,2015,0
tgo,1990,0
tgo,1991,0
tgo,1992,0
tgo,1993,0
tgo,1994,0
tgo,1995,0
tgo,1996,0
tgo,1997,0
tgo,1998,0
tgo,1999,0
tgo,2000,0
tgo,2001,0
tgo,2002,0
tgo,2003,0
tgo,2004,0
tgo,2005,0
tgo,2006,0
tgo,2007,0
tgo,2008,0
tgo,2009,0
tgo,2010,0
tgo,2011,0
tgo,2012,0
tgo,2013,0
tgo,2014,0
tgo,2015,0
tha,1990,6726000
tha,1991,6726000
tha,1992,6726000
tha,1993,6726000
tha,1994,6726000
tha,1995,6726000
tha,1996,6726000
tha,1997,6726000
tha,1998,6726000
tha,1999,6726000
tha,2000,6726000
tha,2001,6726000
tha,2002,6726000
tha,2003,6726000
tha,2004,6726000
tha,2005,6726000
tha,2006,6726000
tha,2007,6726000
tha,2008,6726000
tha,2009,6726000
tha,2010,6726000
tha,2011,6726000
tha,2012,6726000
tha,2013,6726000
tha,2014,6726000
tha,2015,6726000
tjk,1992,297000
tjk,1993,297000
tjk,1994,297000
tjk,1995,297000
tjk,1996,297000
tjk,1997,297000
tjk,1998,297000
tjk,1999,297000
tjk,2000,297000
tjk,2001,297000
tjk,2002,297000
tjk,2003,297000
tjk,2004,297000
tjk,2005,297000
tjk,2006,297000
tjk,2007,297000
tjk,2008,297000
tjk,2009,297000
tjk,2010,297000
tjk,2011,297000
tjk,2012,297000
tjk,2013,297000
tjk,2014,297000
tjk,2015,297000
tkl,1990,0
tkl,1991,0
tkl,1992,0
tkl,1993,0
tkl,1994,0
tkl,1995,0
tkl,1996,0
tkl,1997,0
tkl,1998,0
tkl,1999,0
tkl,2000,0
tkl,2001,0
tkl,2002,0
tkl,2003,0
tkl,2004,0
tkl,2005,0
tkl,2006,0
tkl,2007,0
tkl,2008,0
tkl,2009,0
tkl,2010,0
tkl,2011,0
tkl,2012,0
tkl,2013,0
tkl,2014,0
tkl,2015,0
tkm,1992,104000
tkm,1993,104000
tkm,1994,104000
tkm,1995,104000
tkm,1996,104000
tkm,1997,104000
tkm,1998,104000
tkm,1999,104000
tkm,2000,104000
tkm,2001,104000
tkm,2002,104000
tkm,2003,104000
tkm,2004,104000
tkm,2005,104000
tkm,2006,104000
tkm,2007,104000
tkm,2008,104000
tkm,2009,104000
tkm,2010,104000
tkm,2011,104000
tkm,2012,104000
tkm,2013,104000
tkm,2014,104000
tkm,2015,104000
tls,1990,0
tls,1991,0
tls,1992,0
tls,1993,0
tls,1994,0
tls,1995,0
tls,1996,0
tls,1997,0
tls,1998,0
tls,1999,0
tls,2000,0
tls,2001,0
tls,2002,0
tls,2003,0
tls,2004,0
tls,2005,0
tls,2006,0
tls,2007,0
tls,2008,0
tls,2009,0
tls,2010,0
tls,2011,0
tls,2012,0
tls,2013,0
tls,2014,0
tls,2015,0
ton,1990,4000
ton,1991,4000
ton,1992,4000
ton,1993,4000
ton,1994,4000
ton,1995,4000
ton,1996,4000
ton,1997,4000
ton,1998,4000
ton,1999,4000
ton,2000,4000
ton,2001,4000
ton,2002,4000
ton,2003,4000
ton,2004,4000
ton,2005,4000
ton,2006,4000
ton,2007,4000
ton,2008,4000
ton,2009,4000
ton,2010,4000
ton,2011,4000
ton,2012,4000
ton,2013,4000
ton,2014,4000
ton,2015,4000
tto,1990,62400
tto,1991,62400
tto,1992,62400
tto,1993,62400
tto,1994,62400
tto,1995,62400
tto,1996,62400
tto,1997,62400
tto,1998,62400
tto,1999,62400
tto,2000,62400
tto,2001,62400
tto,2002,62400
tto,2003,62400
tto,2004,62400
tto,2005,62400
tto,2006,62400
tto,2007,62400
tto,2008,62400
tto,2009,62400
tto,2010,62400
tto,2011,62400
tto,2012,62400
tto,2013,62400
tto,2014,62400
tto,2015,62400
tun,1990,0
tun,1991,0
tun,1992,0
tun,1993,0
tun,1994,0
tun,1995,0
tun,1996,0
tun,1997,0
tun,1998,0
tun,1999,0
tun,2000,0
tun,2001,0
tun,2002,0
tun,2003,0
tun,2004,0
tun,2005,0
tun,2006,0
tun,2007,0
tun,2008,0
tun,2009,0
tun,2010,0
tun,2011,0
tun,2012,0
tun,2013,0
tun,2014,0
tun,2015,0
tur,1990,826000
tur,1991,827100
tur,1992,828200
tur,1993,829300
tur,1994,830400
tur,1995,831500
tur,1996,832600
tur,1997,833700
tur,1998,834800
tur,1999,835900
tur,2000,837000
tur,2001,841400
tur,2002,845800
tur,2003,850200
tur,2004,854600
tur,2005,859000
tur,2006,863400
tur,2007,867800
tur,2008,872200
tur,2009,876600
tur,2010,881000
tur,2011,887400
tur,2012,893800
tur,2013,900200
tur,2014,906600
tur,2015,913000
tuv,1990,0
tuv,1991,0
tuv,1992,0
tuv,1993,0
tuv,1994,0
tuv,1995,0
tuv,1996,0
tuv,1997,0
tuv,1998,0
tuv,1999,0
tuv,2000,0
tuv,2001,0
tuv,2002,0
tuv,2003,0
tuv,2004,0
tuv,2005,0
tuv,2006,0
tuv,2007,0
tuv,2008,0
tuv,2009,0
tuv,2010,0
tuv,2011,0
tuv,2012,0
tuv,2013,0
tuv,2014,0
tuv,2015,0
tza,1990,0
tza,1991,0
tza,1992,0
tza,1993,0
tza,1994,0
tza,1995,0
tza,1996,0
tza,1997,0
tza,1998,0
tza,1999,0
tza,2000,0
tza,2001,0
tza,2002,0
tza,2003,0
tza,2004,0
tza,2005,0
tza,2006,0
tza,2007,0
tza,2008,0
tza,2009,0
tza,2010,0
tza,2011,0
tza,2012,0
tza,2013,0
tza,2014,0
tza,2015,0
uga,1990,0
uga,1991,0
uga,1992,0
uga,1993,0
uga,1994,0
uga,1995,0
uga,1996,0
uga,1997,0
uga,1998,0
uga,1999,0
uga,2000,0
uga,2001,0
uga,2002,0
uga,2003,0
uga,2004,0
uga,2005,0
uga,2006,0
uga,2007,0
uga,2008,0
uga,2009,0
uga,2010,0
uga,2011,0
uga,2012,0
uga,2013,0
uga,2014,0
uga,2015,0
ukr,1992,59000
ukr,1993,59000
ukr,1994,59000
ukr,1995,59000
ukr,1996,59000
ukr,1997,59000
ukr,1998,59000
ukr,1999,59000
ukr,2000,59000
ukr,2001,59000
ukr,2002,59000
ukr,2003,59000
ukr,2004,59000
ukr,2005,59000
ukr,2006,59000
ukr,2007,59000
ukr,2008,59000
ukr,2009,59000
ukr,2010,59000
ukr,2011,59000
ukr,2012,59000
ukr,2013,59000
ukr,2014,59000
ukr,2015,59000
ury,1990,239000
ury,1991,244700
ury,1992,250400
ury,1993,256100
ury,1994,261800
ury,1995,267500
ury,1996,273200
ury,1997,278900
ury,1998,284600
ury,1999,290300
ury,2000,296000
ury,2001,296000
ury,2002,296000
ury,2003,296000
ury,2004,296000
ury,2005,296000
ury,2006,297000
ury,2007,298000
ury,2008,299000
ury,2009,300000
ury,2010,301000
ury,2011,303400
ury,2012,305800
ury,2013,308200
ury,2014,310600
ury,2015,313000
usa,1990,70012000
usa,1991,70241300
usa,1992,70470600
usa,1993,70699900
usa,1994,70929200
usa,1995,71158500
usa,1996,71387800
usa,1997,71617100
usa,1998,71846400
usa,1999,72075700
usa,2000,72305000
usa,2001,72985800
usa,2002,73666600
usa,2003,74347400
usa,2004,75028200
usa,2005,75709000
usa,2006,75626000
usa,2007,75543000
usa,2008,75460000
usa,2009,75377000
usa,2010,75294000
usa,2011,75295200
usa,2012,75296400
usa,2013,75297600
usa,2014,75298800
usa,2015,75300000
ussr,1990,244030100
ussr,1991,245671580
uzb,1992,57000
uzb,1993,57000
uzb,1994,57000
uzb,1995,57000
uzb,1996,57000
uzb,1997,57000
uzb,1998,57000
uzb,1999,57000
uzb,2000,57000
uzb,2001,57000
uzb,2002,57000
uzb,2003,57000
uzb,2004,57000
uzb,2005,57000
uzb,2006,60000
uzb,2007,63000
uzb,2008,66000
uzb,2009,69000
uzb,2010,72000
uzb,2011,72200
uzb,2012,72400
uzb,2013,72600
uzb,2014,72800
uzb,2015,73000
vct,1990,0
vct,1991,0
vct,1992,0
vct,1993,0
vct,1994,0
vct,1995,0
vct,1996,0
vct,1997,0
vct,1998,0
vct,1999,0
vct,2000,0
vct,2001,0
vct,2002,0
vct,2003,0
vct,2004,0
vct,2005,0
vct,2006,0
vct,2007,0
vct,2008,0
vct,2009,0
vct,2010,0
vct,2011,0
vct,2012,0
vct,2013,0
vct,2014,0
vct,2015,0
ven,1990,46568000
ven,1991,46568000
ven,1992,46568000
ven,1993,46568000
ven,1994,46568000
ven,1995,46568000
ven,1996,46568000
ven,1997,46568000
ven,1998,46568000
ven,1999,46568000
ven,2000,46568000
ven,2001,46568000
ven,2002,46568000
ven,2003,46568000
ven,2004,46568000
ven,2005,46568000
ven,2006,46568000
ven,2007,46568000
ven,2008,46568000
ven,2009,46568000
ven,2010,46568000
ven,2011,46403600
ven,2012,46239200
ven,2013,46074800
ven,2014,45910400
ven,2015,45746000
vgb,1990,0
vgb,1991,0
vgb,1992,0
vgb,1993,0
vgb,1994,0
vgb,1995,0
vgb,1996,0
vgb,1997,0
vgb,1998,0
vgb,1999,0
vgb,2000,0
vgb,2001,0
vgb,2002,0
vgb,2003,0
vgb,2004,0
vgb,2005,0
vgb,2006,0
vgb,2007,0
vgb,2008,0
vgb,2009,0
vgb,2010,0
vgb,2011,0
vgb,2012,0
vgb,2013,0
vgb,2014,0
vgb,2015,0
vir,1990,0
vir,1991,0
vir,1992,0
vir,1993,0
vir,1994,0
vir,1995,0
vir,1996,0
vir,1997,0
vir,1998,0
vir,1999,0
vir,2000,0
vir,2001,0
vir,2002,0
vir,2003,0
vir,2004,0
vir,2005,0
vir,2006,0
vir,2007,0
vir,2008,0
vir,2009,0
vir,2010,0
vir,2011,0
vir,2012,0
vir,2013,0
vir,2014,0
vir,2015,0
vnm,1990,384000
vnm,1991,364300
vnm,1992,344600
vnm,1993,324900
vnm,1994,305200
vnm,1995,285500
vnm,1996,265800
vnm,1997,246100
vnm,1998,226400
vnm,1999,206700
vnm,2000,187000
vnm,2001,166600
vnm,2002,146200
vnm,2003,125800
vnm,2004,105400
vnm,2005,85000
vnm,2006,84600
vnm,2007,84200
vnm,2008,83800
vnm,2009,83400
vnm,2010,83000
vnm,2011,83000
vnm,2012,83000
vnm,2013,83000
vnm,2014,83000
vnm,2015,83000
vut,1990,0
vut,1991,0
vut,1992,0
vut,1993,0
vut,1994,0
vut,1995,0
vut,1996,0
vut,1997,0
vut,1998,0
vut,1999,0
vut,2000,0
vut,2001,0
vut,2002,0
vut,2003,0
vut,2004,0
vut,2005,0
vut,2006,0
vut,2007,0
vut,2008,0
vut,2009,0
vut,2010,0
vut,2011,0
vut,2012,0
vut,2013,0
vut,2014,0
vut,2015,0
wlf,1990,0
wlf,1991,0
wlf,1992,0
wlf,1993,0
wlf,1994,0
wlf,1995,0
wlf,1996,0
wlf,1997,0
wlf,1998,0
wlf,1999,0
wlf,2000,0
wlf,2001,0
wlf,2002,0
wlf,2003,0
wlf,2004,0
wlf,2005,0
wlf,2006,0
wlf,2007,0
wlf,2008,0
wlf,2009,0
wlf,2010,0
wlf,2011,0
wlf,2012,0
wlf,2013,0
wlf,2014,0
wlf,2015,0
wsm,1990,20
wsm,1991,20
wsm,1992,20
wsm,1993,20
wsm,1994,20
wsm,1995,20
wsm,1996,20
wsm,1997,20
wsm,1998,20
wsm,1999,20
wsm,2000,20
wsm,2001,20
wsm,2002,20
wsm,2003,20
wsm,2004,20
wsm,2005,20
wsm,2006,20
wsm,2007,20
wsm,2008,20
wsm,2009,20
wsm,2010,20
wsm,2011,20
wsm,2012,20
wsm,2013,20
wsm,2014,20
wsm,2015,20
yem,1990,0
yem,1991,0
yem,1992,0
yem,1993,0
yem,1994,0
yem,1995,0
yem,1996,0
yem,1997,0
yem,1998,0
yem,1999,0
yem,2000,0
yem,2001,0
yem,2002,0
yem,2003,0
yem,2004,0
yem,2005,0
yem,2006,0
yem,2007,0
yem,2008,0
yem,2009,0
yem,2010,0
yem,2011,0
yem,2012,0
yem,2013,0
yem,2014,0
yem,2015,0
yug,1990,168000
yug,1991,168400
zaf,1990,947000
zaf,1991,947000
zaf,1992,947000
zaf,1993,947000
zaf,1994,947000
zaf,1995,947000
zaf,1996,947000
zaf,1997,947000
zaf,1998,947000
zaf,1999,947000
zaf,2000,947000
zaf,2001,947000
zaf,2002,947000
zaf,2003,947000
zaf,2004,947000
zaf,2005,947000
zaf,2006,947000
zaf,2007,947000
zaf,2008,947000
zaf,2009,947000
zaf,2010,947000
zaf,2011,947000
zaf,2012,947000
zaf,2013,947000
zaf,2014,947000
zaf,2015,947000
zmb,1990,0
zmb,1991,0
zmb,1992,0
zmb,1993,0
zmb,1994,0
zmb,1995,0
zmb,1996,0
zmb,1997,0
zmb,1998,0
zmb,1999,0
zmb,2000,0
zmb,2001,0
zmb,2002,0
zmb,2003,0
zmb,2004,0
zmb,2005,0
zmb,2006,0
zmb,2007,0
zmb,2008,0
zmb,2009,0
zmb,2010,0
zmb,2011,0
zmb,2012,0
zmb,2013,0
zmb,2014,0
zmb,2015,0
zwe,1990,801000
zwe,1991,801000
zwe,1992,801000
zwe,1993,801000
zwe,1994,801000
zwe,1995,801000
zwe,1996,801000
zwe,1997,801000
zwe,1998,801000
zwe,1999,801000
zwe,2000,801000
zwe,2001,801000
zwe,2002,801000
zwe,2003,801000
zwe,2004,801000
zwe,2005,801000
zwe,2006,801000
zwe,2007,801000
zwe,2008,801000
zwe,2009,801000
zwe,2010,801000
zwe,2011,801000
zwe,2012,801000
zwe,2013,801000
zwe,2014,801000
zwe,2015,801000
