geo,time,meningitis_deaths_in_children_1_59_months_total_deaths
afg,1990,4171.83626
afg,1991,4181.43586
afg,1992,4267.10454
afg,1993,4436.41853
afg,1994,4650.48194
afg,1995,4869.90077
afg,1996,4949.18288
afg,1997,5046.89441
afg,1998,5039.79189
afg,1999,4976.98294
afg,2000,4975.57458
afg,2001,5110.51076
afg,2002,4788.01176
afg,2003,6135.96414
afg,2004,6684.10956
afg,2005,6668.75296
afg,2006,6453.79206
afg,2007,6210.8559
afg,2008,5749.53325
afg,2009,5302.88989
afg,2010,3885.1568
afg,2011,3286.51666
afg,2012,3222.43275
afg,2013,4649.68487
afg,2014,5017.573
afg,2015,5109.78187
afg,2016,5220.72036
ago,1990,1760.69573
ago,1991,1895.94019
ago,1992,1936.79419
ago,1993,2049.48734
ago,1994,1958.0258
ago,1995,1646.18863
ago,1996,1652.78569
ago,1997,1705.29846
ago,1998,1886.50388
ago,1999,1868.18354
ago,2000,2028.40372
ago,2001,2222.10835
ago,2002,2188.6016
ago,2003,2147.6915
ago,2004,2400.16272
ago,2005,2463.33899
ago,2006,2532.00376
ago,2007,2652.75842
ago,2008,2708.92739
ago,2009,2708.83367
ago,2010,2744.42099
ago,2011,2612.55408
ago,2012,2485.40163
ago,2013,2297.42345
ago,2014,2171.16248
ago,2015,2081.74996
ago,2016,1954.20957
alb,1990,79.30927
alb,1991,87.25821
alb,1992,84.67453
alb,1993,79.51052
alb,1994,71.84373
alb,1995,62.22891
alb,1996,52.52893
alb,1997,43.76567
alb,1998,36.6968
alb,1999,30.96854
alb,2000,26.79076
alb,2001,23.6978
alb,2002,20.66359
alb,2003,17.78291
alb,2004,15.52184
alb,2005,13.62838
alb,2006,12.35355
alb,2007,10.87027
alb,2008,9.64049
alb,2009,8.86544
alb,2010,8.37612
alb,2011,8.11265
alb,2012,7.98767
alb,2013,7.936
alb,2014,7.90061
alb,2015,7.87836
alb,2016,7.83778
and,1990,0.11239
and,1991,0.11753
and,1992,0.12226
and,1993,0.11429
and,1994,0.1039
and,1995,0.10077
and,1996,0.09364
and,1997,0.08637
and,1998,0.0822
and,1999,0.07687
and,2000,0.07148
and,2001,0.06658
and,2002,0.06067
and,2003,0.06341
and,2004,0.06512
and,2005,0.06641
and,2006,0.06515
and,2007,0.06428
and,2008,0.06369
and,2009,0.06295
and,2010,0.0625
and,2011,0.06378
and,2012,0.06493
and,2013,0.06357
and,2014,0.06349
and,2015,0.06303
and,2016,0.06173
are,1990,18.48072
are,1991,14.80271
are,1992,16.0977
are,1993,13.79995
are,1994,13.43963
are,1995,13.17179
are,1996,12.60772
are,1997,11.8205
are,1998,13.13026
are,1999,11.2645
are,2000,10.7619
are,2001,10.28073
are,2002,9.85277
are,2003,9.32604
are,2004,8.81646
are,2005,8.08875
are,2006,7.48387
are,2007,8.94632
are,2008,10.30614
are,2009,11.79005
are,2010,13.13862
are,2011,13.73472
are,2012,13.98415
are,2013,13.84998
are,2014,13.49816
are,2015,12.78252
are,2016,11.83329
arg,1990,431.64834
arg,1991,413.08092
arg,1992,420.53777
arg,1993,410.47691
arg,1994,346.13469
arg,1995,323.54442
arg,1996,296.07701
arg,1997,275.24211
arg,1998,294.0525
arg,1999,235.4481
arg,2000,218.76014
arg,2001,209.32781
arg,2002,205.62956
arg,2003,201.17632
arg,2004,188.67701
arg,2005,175.68044
arg,2006,165.47073
arg,2007,155.67711
arg,2008,149.15056
arg,2009,144.80727
arg,2010,139.33304
arg,2011,130.78482
arg,2012,199.41806
arg,2013,208.3552
arg,2014,113.70476
arg,2015,109.93309
arg,2016,105.57643
arm,1990,10.24658
arm,1991,9.58773
arm,1992,9.21212
arm,1993,8.57009
arm,1994,7.17233
arm,1995,6.77532
arm,1996,6.34933
arm,1997,5.59215
arm,1998,5.78632
arm,1999,5.42282
arm,2000,5.20143
arm,2001,4.74643
arm,2002,4.31657
arm,2003,3.8908
arm,2004,3.50055
arm,2005,3.11812
arm,2006,2.72573
arm,2007,2.44211
arm,2008,2.23157
arm,2009,2.02796
arm,2010,1.86722
arm,2011,1.71541
arm,2012,1.59931
arm,2013,1.51049
arm,2014,1.46094
arm,2015,1.49873
arm,2016,1.39536
asm,1990,0.46379
asm,1991,0.4687
asm,1992,0.46387
asm,1993,0.48293
asm,1994,0.47912
asm,1995,0.45435
asm,1996,0.45521
asm,1997,0.46264
asm,1998,0.42647
asm,1999,0.37755
asm,2000,0.36179
asm,2001,0.34212
asm,2002,0.34988
asm,2003,0.34351
asm,2004,0.33799
asm,2005,0.32353
asm,2006,0.30852
asm,2007,0.29025
asm,2008,0.26978
asm,2009,0.25085
asm,2010,0.2359
asm,2011,0.21762
asm,2012,0.20312
asm,2013,0.19924
asm,2014,0.19331
asm,2015,0.18102
asm,2016,0.17099
atg,1990,0.32012
atg,1991,0.30312
atg,1992,0.31756
atg,1993,0.33323
atg,1994,0.33696
atg,1995,0.34317
atg,1996,0.35214
atg,1997,0.361
atg,1998,0.367
atg,1999,0.36885
atg,2000,0.37314
atg,2001,0.35501
atg,2002,0.33468
atg,2003,0.30915
atg,2004,0.30594
atg,2005,0.27754
atg,2006,0.26498
atg,2007,0.25066
atg,2008,0.23309
atg,2009,0.2225
atg,2010,0.21719
atg,2011,0.21011
atg,2012,0.20155
atg,2013,0.20072
atg,2014,0.19641
atg,2015,0.19248
atg,2016,0.18776
aus,1990,42.34897
aus,1991,39.20764
aus,1992,37.96011
aus,1993,35.70075
aus,1994,32.93457
aus,1995,31.52056
aus,1996,29.77144
aus,1997,27.66717
aus,1998,26.78383
aus,1999,26.44915
aus,2000,24.16247
aus,2001,23.56381
aus,2002,21.46293
aus,2003,20.75555
aus,2004,19.65313
aus,2005,18.80034
aus,2006,17.50537
aus,2007,15.89073
aus,2008,15.04356
aus,2009,14.40058
aus,2010,14.06792
aus,2011,12.81998
aus,2012,12.29798
aus,2013,11.23214
aus,2014,10.78444
aus,2015,10.65163
aus,2016,10.4406
aut,1990,14.71673
aut,1991,14.22711
aut,1992,13.84831
aut,1993,11.92141
aut,1994,11.17996
aut,1995,9.69947
aut,1996,8.73061
aut,1997,7.83847
aut,1998,7.32284
aut,1999,7.02262
aut,2000,6.79275
aut,2001,6.73233
aut,2002,6.40406
aut,2003,6.48127
aut,2004,5.83508
aut,2005,5.59476
aut,2006,5.27814
aut,2007,4.8845
aut,2008,5.02329
aut,2009,4.9631
aut,2010,4.96755
aut,2011,4.3491
aut,2012,3.88048
aut,2013,3.76986
aut,2014,3.36256
aut,2015,3.30866
aut,2016,3.18192
aze,1990,92.09411
aze,1991,90.67515
aze,1992,90.38035
aze,1993,90.14058
aze,1994,101.75821
aze,1995,95.06036
aze,1996,88.28505
aze,1997,85.21721
aze,1998,82.79737
aze,1999,76.45129
aze,2000,68.45043
aze,2001,61.78665
aze,2002,58.4197
aze,2003,59.18691
aze,2004,58.52001
aze,2005,61.39525
aze,2006,63.09862
aze,2007,63.87255
aze,2008,62.65819
aze,2009,60.85377
aze,2010,59.18814
aze,2011,57.74918
aze,2012,55.02864
aze,2013,52.43349
aze,2014,49.51578
aze,2015,46.63555
aze,2016,43.67345
bdi,1990,1080.72898
bdi,1991,1079.53874
bdi,1992,1280.32079
bdi,1993,1038.73127
bdi,1994,1016.50858
bdi,1995,986.6127
bdi,1996,992.10969
bdi,1997,941.10311
bdi,1998,925.32845
bdi,1999,898.12611
bdi,2000,892.09468
bdi,2001,888.44011
bdi,2002,950.98522
bdi,2003,932.27157
bdi,2004,923.57975
bdi,2005,953.64688
bdi,2006,952.78229
bdi,2007,956.99957
bdi,2008,970.58178
bdi,2009,962.68328
bdi,2010,981.67379
bdi,2011,1041.50002
bdi,2012,1099.76463
bdi,2013,1193.2872
bdi,2014,1238.19702
bdi,2015,1261.73044
bdi,2016,1272.93855
bel,1990,19.32072
bel,1991,19.94131
bel,1992,19.75081
bel,1993,19.59476
bel,1994,18.57514
bel,1995,17.62141
bel,1996,15.91979
bel,1997,16.15931
bel,1998,15.77912
bel,1999,16.07742
bel,2000,15.79907
bel,2001,15.34611
bel,2002,14.21349
bel,2003,13.57117
bel,2004,12.4294
bel,2005,12.22182
bel,2006,11.573
bel,2007,11.26221
bel,2008,10.24854
bel,2009,9.86871
bel,2010,9.58034
bel,2011,9.14971
bel,2012,9.18299
bel,2013,8.85769
bel,2014,8.09335
bel,2015,8.05615
bel,2016,7.88161
ben,1990,1600.72938
ben,1991,1640.23451
ben,1992,1589.26767
ben,1993,1602.6674
ben,1994,1734.99489
ben,1995,1624.63815
ben,1996,1621.42835
ben,1997,1654.68737
ben,1998,1668.12505
ben,1999,1578.8286
ben,2000,1570.23258
ben,2001,1738.00123
ben,2002,1469.20395
ben,2003,1389.16932
ben,2004,1333.69567
ben,2005,1257.09057
ben,2006,1200.06205
ben,2007,1192.90577
ben,2008,1133.83327
ben,2009,1142.79136
ben,2010,1120.70985
ben,2011,1101.55833
ben,2012,1154.42781
ben,2013,1115.89785
ben,2014,1114.46476
ben,2015,1060.64198
ben,2016,1048.02873
bfa,1990,3724.25994
bfa,1991,3697.90223
bfa,1992,3745.33869
bfa,1993,3347.4676
bfa,1994,3305.72279
bfa,1995,3488.79674
bfa,1996,6552.80487
bfa,1997,4964.4815
bfa,1998,3687.8898
bfa,1999,3535.7022
bfa,2000,3692.61082
bfa,2001,4606.76618
bfa,2002,4516.60043
bfa,2003,4113.66036
bfa,2004,3941.47063
bfa,2005,3710.69447
bfa,2006,4418.45724
bfa,2007,4604.51357
bfa,2008,4000.10304
bfa,2009,3724.06894
bfa,2010,4000.28902
bfa,2011,3762.74329
bfa,2012,3946.84609
bfa,2013,3797.79242
bfa,2014,3817.55139
bfa,2015,3479.76468
bfa,2016,3427.32836
bgd,1990,918.95736
bgd,1991,901.63343
bgd,1992,901.69533
bgd,1993,869.63259
bgd,1994,850.57698
bgd,1995,843.71988
bgd,1996,898.24266
bgd,1997,942.06182
bgd,1998,957.23456
bgd,1999,1137.86051
bgd,2000,1333.89869
bgd,2001,1249.90487
bgd,2002,1256.16927
bgd,2003,1470.83166
bgd,2004,1608.03851
bgd,2005,1756.01552
bgd,2006,1769.53282
bgd,2007,1776.85381
bgd,2008,1778.44403
bgd,2009,1576.39433
bgd,2010,1408.46323
bgd,2011,1217.38245
bgd,2012,1021.91719
bgd,2013,900.32923
bgd,2014,805.50627
bgd,2015,716.92205
bgd,2016,643.19972
bgr,1990,41.19375
bgr,1991,42.25272
bgr,1992,38.85654
bgr,1993,33.65273
bgr,1994,45.48684
bgr,1995,28.05496
bgr,1996,27.94294
bgr,1997,29.59233
bgr,1998,24.75132
bgr,1999,25.06805
bgr,2000,22.65893
bgr,2001,22.67231
bgr,2002,20.12232
bgr,2003,20.22358
bgr,2004,19.97049
bgr,2005,17.4218
bgr,2006,16.55366
bgr,2007,15.4173
bgr,2008,14.74556
bgr,2009,15.11932
bgr,2010,14.6124
bgr,2011,12.79093
bgr,2012,11.33227
bgr,2013,10.2396
bgr,2014,9.70572
bgr,2015,9.23714
bgr,2016,8.81844
bhr,1990,2.84152
bhr,1991,2.85217
bhr,1992,2.84478
bhr,1993,2.73794
bhr,1994,2.47421
bhr,1995,2.19959
bhr,1996,1.72113
bhr,1997,1.49528
bhr,1998,1.44039
bhr,1999,1.5068
bhr,2000,1.56988
bhr,2001,1.63115
bhr,2002,1.43562
bhr,2003,1.37347
bhr,2004,1.42701
bhr,2005,1.44776
bhr,2006,1.44982
bhr,2007,1.45371
bhr,2008,1.40597
bhr,2009,1.32443
bhr,2010,1.24998
bhr,2011,1.21336
bhr,2012,1.25076
bhr,2013,1.24564
bhr,2014,1.21456
bhr,2015,1.16712
bhr,2016,1.09503
bhs,1990,2.55947
bhs,1991,2.4374
bhs,1992,2.30739
bhs,1993,2.29723
bhs,1994,2.26201
bhs,1995,2.08559
bhs,1996,1.84208
bhs,1997,1.75622
bhs,1998,1.60724
bhs,1999,1.44322
bhs,2000,1.34629
bhs,2001,1.19123
bhs,2002,1.18746
bhs,2003,1.05829
bhs,2004,1.01235
bhs,2005,0.98618
bhs,2006,0.94021
bhs,2007,0.87764
bhs,2008,0.87108
bhs,2009,0.84401
bhs,2010,0.81153
bhs,2011,0.74223
bhs,2012,0.77305
bhs,2013,0.76664
bhs,2014,0.77871
bhs,2015,0.78142
bhs,2016,0.77899
bih,1990,18.26488
bih,1991,16.85629
bih,1992,16.47173
bih,1993,15.89599
bih,1994,15.28169
bih,1995,14.58121
bih,1996,13.55383
bih,1997,12.09548
bih,1998,10.62574
bih,1999,8.96152
bih,2000,7.30259
bih,2001,6.18908
bih,2002,5.71102
bih,2003,5.27795
bih,2004,4.8545
bih,2005,4.53887
bih,2006,4.32636
bih,2007,4.13869
bih,2008,3.9684
bih,2009,3.75547
bih,2010,3.50593
bih,2011,3.25746
bih,2012,3.30473
bih,2013,3.25837
bih,2014,3.14573
bih,2015,2.96677
bih,2016,2.80682
blr,1990,81.88826
blr,1991,72.03143
blr,1992,63.23291
blr,1993,57.15289
blr,1994,53.28721
blr,1995,49.65324
blr,1996,47.73782
blr,1997,46.21086
blr,1998,43.71272
blr,1999,41.43443
blr,2000,39.23097
blr,2001,37.47686
blr,2002,34.55096
blr,2003,30.98229
blr,2004,28.34907
blr,2005,25.95388
blr,2006,23.61883
blr,2007,21.7962
blr,2008,19.03068
blr,2009,18.19766
blr,2010,16.46262
blr,2011,15.31816
blr,2012,14.00202
blr,2013,12.9505
blr,2014,12.17213
blr,2015,11.57041
blr,2016,10.87686
blz,1990,4.88684
blz,1991,4.64788
blz,1992,4.24993
blz,1993,3.7566
blz,1994,3.15464
blz,1995,2.74548
blz,1996,2.48042
blz,1997,2.49549
blz,1998,2.64939
blz,1999,2.66984
blz,2000,2.74886
blz,2001,2.54654
blz,2002,2.33844
blz,2003,2.10386
blz,2004,1.94029
blz,2005,1.73968
blz,2006,1.62962
blz,2007,1.46857
blz,2008,1.39045
blz,2009,1.32018
blz,2010,1.26072
blz,2011,1.23377
blz,2012,1.2268
blz,2013,1.20939
blz,2014,1.19374
blz,2015,1.19566
blz,2016,1.20648
bmu,1990,0.14168
bmu,1991,0.14569
bmu,1992,0.16104
bmu,1993,0.15718
bmu,1994,0.14087
bmu,1995,0.11266
bmu,1996,0.08281
bmu,1997,0.06459
bmu,1998,0.04915
bmu,1999,0.04594
bmu,2000,0.04492
bmu,2001,0.04209
bmu,2002,0.04107
bmu,2003,0.04485
bmu,2004,0.04737
bmu,2005,0.05364
bmu,2006,0.0586
bmu,2007,0.05381
bmu,2008,0.05058
bmu,2009,0.04335
bmu,2010,0.03733
bmu,2011,0.03327
bmu,2012,0.03151
bmu,2013,0.03127
bmu,2014,0.03143
bmu,2015,0.03051
bmu,2016,0.02994
bol,1990,403.66411
bol,1991,390.74812
bol,1992,377.71291
bol,1993,366.1444
bol,1994,353.43312
bol,1995,340.14316
bol,1996,326.90692
bol,1997,313.92737
bol,1998,299.11257
bol,1999,284.87925
bol,2000,272.70377
bol,2001,259.3077
bol,2002,245.99282
bol,2003,235.12358
bol,2004,225.10617
bol,2005,215.54771
bol,2006,206.3878
bol,2007,196.93737
bol,2008,188.26737
bol,2009,178.69767
bol,2010,170.20013
bol,2011,162.2409
bol,2012,154.38279
bol,2013,146.95454
bol,2014,140.2046
bol,2015,133.69856
bol,2016,128.28527
bra,1990,6137.86033
bra,1991,5923.81974
bra,1992,5755.50357
bra,1993,5702.50168
bra,1994,5458.11807
bra,1995,5263.16367
bra,1996,4920.32417
bra,1997,4578.17053
bra,1998,4156.66095
bra,1999,3700.42433
bra,2000,3189.22129
bra,2001,2900.67103
bra,2002,2583.36295
bra,2003,2331.73528
bra,2004,2226.22983
bra,2005,2061.8239
bra,2006,1576.78672
bra,2007,1582.45276
bra,2008,1459.44783
bra,2009,1397.75439
bra,2010,1291.66917
bra,2011,1153.45061
bra,2012,1087.86469
bra,2013,886.26884
bra,2014,837.3942
bra,2015,798.52989
bra,2016,765.03892
brb,1990,1.20164
brb,1991,1.1431
brb,1992,1.1311
brb,1993,1.06481
brb,1994,1.00534
brb,1995,0.96367
brb,1996,0.91847
brb,1997,0.87694
brb,1998,0.85564
brb,1999,0.82896
brb,2000,0.82827
brb,2001,0.73784
brb,2002,0.69828
brb,2003,0.66748
brb,2004,0.63085
brb,2005,0.57937
brb,2006,0.56534
brb,2007,0.51606
brb,2008,0.48572
brb,2009,0.46331
brb,2010,0.4408
brb,2011,0.4226
brb,2012,0.41167
brb,2013,0.39944
brb,2014,0.3952
brb,2015,0.38817
brb,2016,0.38139
brn,1990,1.55345
brn,1991,1.59711
brn,1992,1.57073
brn,1993,1.53208
brn,1994,1.47994
brn,1995,1.42942
brn,1996,1.38627
brn,1997,1.35021
brn,1998,1.29133
brn,1999,1.24321
brn,2000,1.23016
brn,2001,1.16325
brn,2002,1.11715
brn,2003,1.08598
brn,2004,1.03171
brn,2005,0.98464
brn,2006,0.9371
brn,2007,0.89773
brn,2008,0.87036
brn,2009,0.84902
brn,2010,0.81855
brn,2011,0.85483
brn,2012,0.86174
brn,2013,0.81781
brn,2014,0.80712
brn,2015,0.81807
brn,2016,0.81195
btn,1990,70.22702
btn,1991,66.45618
btn,1992,62.95346
btn,1993,59.1463
btn,1994,55.75745
btn,1995,51.99525
btn,1996,53.71226
btn,1997,54.02587
btn,1998,51.40167
btn,1999,48.57849
btn,2000,45.87079
btn,2001,44.27677
btn,2002,41.86766
btn,2003,39.47651
btn,2004,36.82015
btn,2005,33.83029
btn,2006,31.49334
btn,2007,30.32675
btn,2008,28.02271
btn,2009,25.54521
btn,2010,23.01263
btn,2011,20.60008
btn,2012,18.1908
btn,2013,16.24987
btn,2014,14.45348
btn,2015,12.84469
btn,2016,11.57061
bwa,1990,21.65186
bwa,1991,19.89981
bwa,1992,16.86273
bwa,1993,16.07078
bwa,1994,15.52483
bwa,1995,15.21047
bwa,1996,14.75328
bwa,1997,14.01661
bwa,1998,14.59546
bwa,1999,14.66593
bwa,2000,14.75174
bwa,2001,14.77014
bwa,2002,14.5913
bwa,2003,14.08594
bwa,2004,14.21383
bwa,2005,15.17001
bwa,2006,15.94517
bwa,2007,15.75856
bwa,2008,15.31002
bwa,2009,14.75305
bwa,2010,14.72605
bwa,2011,14.07364
bwa,2012,13.01397
bwa,2013,12.18524
bwa,2014,11.9315
bwa,2015,11.67132
bwa,2016,11.44624
caf,1990,658.70698
caf,1991,644.47981
caf,1992,645.84369
caf,1993,628.66068
caf,1994,553.81647
caf,1995,566.89477
caf,1996,590.34832
caf,1997,573.5709
caf,1998,610.2376
caf,1999,741.67723
caf,2000,976.98629
caf,2001,833.08892
caf,2002,619.48203
caf,2003,562.17372
caf,2004,538.5233
caf,2005,557.94366
caf,2006,632.15771
caf,2007,740.19535
caf,2008,710.24704
caf,2009,706.04458
caf,2010,755.72592
caf,2011,689.39997
caf,2012,678.02764
caf,2013,675.41565
caf,2014,695.03409
caf,2015,660.78099
caf,2016,637.78574
can,1990,48.86443
can,1991,46.4869
can,1992,43.28891
can,1993,59.65044
can,1994,52.98101
can,1995,35.85783
can,1996,32.5833
can,1997,31.01615
can,1998,28.67043
can,1999,28.77395
can,2000,26.72796
can,2001,38.96633
can,2002,25.20958
can,2003,24.51595
can,2004,23.81325
can,2005,23.64384
can,2006,23.66247
can,2007,23.51445
can,2008,23.02705
can,2009,23.29772
can,2010,23.18593
can,2011,21.2074
can,2012,20.30516
can,2013,20.76873
can,2014,20.84262
can,2015,20.94993
can,2016,20.87956
che,1990,16.5735
che,1991,14.60165
che,1992,12.39096
che,1993,11.04815
che,1994,9.18319
che,1995,7.16102
che,1996,5.95064
che,1997,5.5265
che,1998,9.25904
che,1999,10.16865
che,2000,4.43388
che,2001,4.06176
che,2002,3.47091
che,2003,7.2486
che,2004,2.7042
che,2005,2.41695
che,2006,2.21699
che,2007,1.95974
che,2008,1.8977
che,2009,1.87552
che,2010,1.73494
che,2011,1.63251
che,2012,1.50335
che,2013,1.48767
che,2014,1.57363
che,2015,1.51524
che,2016,1.47898
chl,1990,178.62971
chl,1991,167.23789
chl,1992,157.02563
chl,1993,145.18087
chl,1994,131.64088
chl,1995,97.42905
chl,1996,85.48524
chl,1997,75.91702
chl,1998,72.26168
chl,1999,66.60611
chl,2000,59.80908
chl,2001,55.92296
chl,2002,66.15681
chl,2003,44.74813
chl,2004,39.84049
chl,2005,36.78637
chl,2006,32.66353
chl,2007,30.35135
chl,2008,29.01073
chl,2009,27.548
chl,2010,26.77759
chl,2011,25.20777
chl,2012,40.75173
chl,2013,34.8954
chl,2014,36.75774
chl,2015,21.48984
chl,2016,20.79634
chn,1990,13490.40295
chn,1991,12989.09839
chn,1992,11846.61202
chn,1993,10627.20944
chn,1994,9353.23882
chn,1995,8061.60449
chn,1996,6808.39051
chn,1997,5767.23637
chn,1998,4915.33276
chn,1999,4277.37809
chn,2000,3746.92804
chn,2001,3259.55396
chn,2002,2846.38908
chn,2003,2493.32378
chn,2004,2259.53871
chn,2005,2073.70935
chn,2006,1931.10953
chn,2007,1834.68239
chn,2008,1810.46818
chn,2009,1782.90736
chn,2010,1762.97817
chn,2011,1704.23156
chn,2012,1635.23498
chn,2013,1581.06327
chn,2014,1511.01984
chn,2015,1398.12136
chn,2016,1252.29438
civ,1990,1637.63333
civ,1991,1631.79981
civ,1992,1628.75675
civ,1993,1618.33154
civ,1994,1614.65334
civ,1995,1610.2834
civ,1996,1606.47572
civ,1997,1766.0956
civ,1998,1840.22116
civ,1999,2009.46679
civ,2000,1631.73745
civ,2001,1547.21005
civ,2002,1553.45939
civ,2003,1472.04656
civ,2004,1467.61219
civ,2005,1466.50349
civ,2006,1485.52015
civ,2007,1531.13056
civ,2008,1500.44078
civ,2009,1412.37945
civ,2010,1414.46942
civ,2011,1456.43476
civ,2012,1664.86401
civ,2013,1736.73113
civ,2014,1739.87253
civ,2015,1720.21147
civ,2016,1734.52247
cmr,1990,1974.67642
cmr,1991,2040.75956
cmr,1992,2094.46264
cmr,1993,2305.83298
cmr,1994,1991.93459
cmr,1995,1977.07061
cmr,1996,2040.89447
cmr,1997,2126.29317
cmr,1998,2290.0894
cmr,1999,2219.15221
cmr,2000,2170.40629
cmr,2001,2140.31623
cmr,2002,2173.57134
cmr,2003,2105.35413
cmr,2004,1969.3385
cmr,2005,1978.71506
cmr,2006,2066.73897
cmr,2007,2124.97174
cmr,2008,2261.58087
cmr,2009,2539.05595
cmr,2010,2629.74437
cmr,2011,2768.63621
cmr,2012,2726.29584
cmr,2013,2689.52248
cmr,2014,2683.36084
cmr,2015,2596.01412
cmr,2016,2609.77578
cod,1990,5513.84133
cod,1991,5682.35655
cod,1992,5758.91361
cod,1993,5855.83397
cod,1994,6024.61478
cod,1995,6150.3458
cod,1996,6256.31456
cod,1997,6564.94911
cod,1998,6704.49926
cod,1999,6836.69057
cod,2000,7190.12692
cod,2001,6706.27628
cod,2002,7224.27444
cod,2003,8223.27156
cod,2004,7689.6295
cod,2005,7091.17863
cod,2006,7040.51597
cod,2007,7309.37388
cod,2008,7039.48997
cod,2009,7112.30168
cod,2010,7592.78824
cod,2011,7430.02665
cod,2012,8209.60955
cod,2013,8219.89294
cod,2014,8404.31934
cod,2015,7810.07309
cod,2016,7685.3675
cog,1990,245.7096
cog,1991,247.82364
cog,1992,250.52565
cog,1993,254.00215
cog,1994,261.18243
cog,1995,269.82943
cog,1996,276.82021
cog,1997,283.64242
cog,1998,290.66503
cog,1999,293.94936
cog,2000,297.46966
cog,2001,296.41125
cog,2002,292.74935
cog,2003,290.14586
cog,2004,278.49278
cog,2005,293.21338
cog,2006,299.45068
cog,2007,304.08971
cog,2008,311.21787
cog,2009,311.59984
cog,2010,300.99767
cog,2011,293.49398
cog,2012,281.1227
cog,2013,265.9951
cog,2014,263.51763
cog,2015,252.20317
cog,2016,241.1775
col,1990,815.48724
col,1991,806.67636
col,1992,827.16138
col,1993,780.49827
col,1994,747.44952
col,1995,708.61762
col,1996,660.27293
col,1997,576.21289
col,1998,518.71106
col,1999,468.40325
col,2000,432.28327
col,2001,405.65582
col,2002,379.18488
col,2003,357.16473
col,2004,334.00416
col,2005,309.24989
col,2006,285.44392
col,2007,257.75008
col,2008,235.5507
col,2009,217.61518
col,2010,197.03599
col,2011,178.04122
col,2012,163.03672
col,2013,148.26254
col,2014,139.40742
col,2015,129.40419
col,2016,119.98971
com,1990,54.6868
com,1991,53.60661
com,1992,52.37759
com,1993,50.93086
com,1994,49.90083
com,1995,49.07814
com,1996,47.67831
com,1997,46.31695
com,1998,44.64913
com,1999,43.16132
com,2000,42.16883
com,2001,42.15979
com,2002,43.20706
com,2003,44.5514
com,2004,46.06217
com,2005,47.27722
com,2006,50.42806
com,2007,52.65799
com,2008,53.15835
com,2009,52.50914
com,2010,51.30942
com,2011,49.32768
com,2012,46.36699
com,2013,42.3936
com,2014,40.91561
com,2015,37.85871
com,2016,35.34446
cpv,1990,25.07276
cpv,1991,51.66242
cpv,1992,50.30172
cpv,1993,41.39259
cpv,1994,20.21535
cpv,1995,18.73194
cpv,1996,16.298
cpv,1997,14.0791
cpv,1998,12.80875
cpv,1999,12.05859
cpv,2000,11.32796
cpv,2001,10.73803
cpv,2002,10.11934
cpv,2003,10.76956
cpv,2004,8.7977
cpv,2005,8.18095
cpv,2006,8.08018
cpv,2007,7.49155
cpv,2008,6.82641
cpv,2009,6.14212
cpv,2010,6.07486
cpv,2011,5.56749
cpv,2012,5.41928
cpv,2013,5.09621
cpv,2014,4.89646
cpv,2015,4.61635
cpv,2016,4.37029
cri,1990,26.7767
cri,1991,25.70959
cri,1992,24.67756
cri,1993,23.57352
cri,1994,23.57205
cri,1995,23.19156
cri,1996,23.23772
cri,1997,22.14225
cri,1998,21.95249
cri,1999,19.70148
cri,2000,18.62621
cri,2001,17.75143
cri,2002,16.88987
cri,2003,15.63062
cri,2004,14.9753
cri,2005,14.34451
cri,2006,12.89038
cri,2007,12.44324
cri,2008,11.95943
cri,2009,11.01116
cri,2010,10.42498
cri,2011,9.77751
cri,2012,9.11719
cri,2013,8.42874
cri,2014,8.01817
cri,2015,7.54188
cri,2016,7.13351
cub,1990,227.06669
cub,1991,181.36908
cub,1992,146.05713
cub,1993,126.32308
cub,1994,110.9286
cub,1995,98.77875
cub,1996,85.92939
cub,1997,75.06556
cub,1998,63.39076
cub,1999,65.89503
cub,2000,51.75377
cub,2001,43.97978
cub,2002,37.81187
cub,2003,33.45806
cub,2004,29.72221
cub,2005,26.55399
cub,2006,22.95958
cub,2007,20.56829
cub,2008,19.68115
cub,2009,19.31087
cub,2010,19.12922
cub,2011,18.83221
cub,2012,18.32215
cub,2013,17.12638
cub,2014,16.51856
cub,2015,15.55029
cub,2016,14.50472
cyp,1990,2.28772
cyp,1991,2.21102
cyp,1992,2.11121
cyp,1993,1.94015
cyp,1994,1.74765
cyp,1995,1.59479
cyp,1996,1.44333
cyp,1997,1.30953
cyp,1998,1.18302
cyp,1999,1.07148
cyp,2000,0.98023
cyp,2001,0.89409
cyp,2002,0.83104
cyp,2003,0.7565
cyp,2004,0.70252
cyp,2005,0.66687
cyp,2006,0.59776
cyp,2007,0.54931
cyp,2008,0.52997
cyp,2009,0.52863
cyp,2010,0.50104
cyp,2011,0.4823
cyp,2012,0.47188
cyp,2013,0.38749
cyp,2014,0.38769
cyp,2015,0.39513
cyp,2016,0.39318
cze,1990,26.75113
cze,1991,27.53038
cze,1992,23.6774
cze,1993,30.39686
cze,1994,25.24334
cze,1995,16.99889
cze,1996,14.01611
cze,1997,12.45927
cze,1998,10.65131
cze,1999,8.95248
cze,2000,8.6466
cze,2001,8.53027
cze,2002,8.64898
cze,2003,8.16348
cze,2004,7.84602
cze,2005,7.17184
cze,2006,7.02587
cze,2007,6.92651
cze,2008,6.36651
cze,2009,6.20081
cze,2010,5.6995
cze,2011,5.1459
cze,2012,4.64743
cze,2013,4.19954
cze,2014,4.06101
cze,2015,3.92673
cze,2016,3.68517
deu,1990,139.2002
deu,1991,120.28593
deu,1992,96.30649
deu,1993,88.38499
deu,1994,108.1729
deu,1995,70.95968
deu,1996,67.25592
deu,1997,68.09465
deu,1998,62.36406
deu,1999,59.43219
deu,2000,57.76772
deu,2001,54.39745
deu,2002,52.76131
deu,2003,51.60795
deu,2004,49.3762
deu,2005,44.70569
deu,2006,40.84884
deu,2007,39.20614
deu,2008,34.10541
deu,2009,31.31825
deu,2010,29.87325
deu,2011,29.04678
deu,2012,26.41487
deu,2013,26.14443
deu,2014,26.45523
deu,2015,25.3392
deu,2016,24.3473
dji,1990,126.12464
dji,1991,132.40972
dji,1992,134.57223
dji,1993,135.32945
dji,1994,136.64672
dji,1995,137.39454
dji,1996,137.72941
dji,1997,136.27116
dji,1998,134.73001
dji,1999,132.78553
dji,2000,129.46602
dji,2001,125.15737
dji,2002,120.7957
dji,2003,120.86666
dji,2004,118.50911
dji,2005,113.07861
dji,2006,111.2621
dji,2007,109.81032
dji,2008,106.54117
dji,2009,105.18741
dji,2010,101.35554
dji,2011,97.94981
dji,2012,92.96471
dji,2013,88.49511
dji,2014,82.95567
dji,2015,77.94492
dji,2016,76.33411
dma,1990,0.50556
dma,1991,0.48451
dma,1992,0.4888
dma,1993,0.47232
dma,1994,0.45018
dma,1995,0.42797
dma,1996,0.3955
dma,1997,0.37643
dma,1998,0.36116
dma,1999,0.33086
dma,2000,0.30834
dma,2001,0.27825
dma,2002,0.25573
dma,2003,0.24192
dma,2004,0.23011
dma,2005,0.21528
dma,2006,0.21034
dma,2007,0.19488
dma,2008,0.19923
dma,2009,0.19309
dma,2010,0.20651
dma,2011,0.20337
dma,2012,0.20988
dma,2013,0.20967
dma,2014,0.21663
dma,2015,0.21339
dma,2016,0.20643
dnk,1990,19.02887
dnk,1991,18.3154
dnk,1992,16.66019
dnk,1993,14.68951
dnk,1994,12.57226
dnk,1995,18.54217
dnk,1996,10.15652
dnk,1997,8.88083
dnk,1998,11.81054
dnk,1999,13.56799
dnk,2000,12.55145
dnk,2001,11.31873
dnk,2002,8.57903
dnk,2003,9.06838
dnk,2004,7.37499
dnk,2005,4.67082
dnk,2006,6.40667
dnk,2007,6.68515
dnk,2008,3.77385
dnk,2009,3.56333
dnk,2010,6.12061
dnk,2011,6.59183
dnk,2012,2.90486
dnk,2013,2.90657
dnk,2014,2.93631
dnk,2015,2.88241
dnk,2016,2.83643
dom,1990,400.33896
dom,1991,381.79465
dom,1992,361.35724
dom,1993,342.80998
dom,1994,324.3646
dom,1995,305.06253
dom,1996,283.79595
dom,1997,262.25343
dom,1998,241.46841
dom,1999,220.9099
dom,2000,203.38761
dom,2001,190.04452
dom,2002,180.61755
dom,2003,175.52444
dom,2004,193.08288
dom,2005,195.00247
dom,2006,194.33143
dom,2007,179.89611
dom,2008,177.20062
dom,2009,158.97969
dom,2010,167.35801
dom,2011,156.54606
dom,2012,168.49885
dom,2013,151.29284
dom,2014,142.87624
dom,2015,133.02069
dom,2016,124.81807
dza,1990,510.12351
dza,1991,482.51502
dza,1992,459.27848
dza,1993,439.9894
dza,1994,421.92033
dza,1995,404.76514
dza,1996,385.66405
dza,1997,392.97914
dza,1998,376.01147
dza,1999,356.93498
dza,2000,337.74484
dza,2001,319.54468
dza,2002,302.93135
dza,2003,288.12244
dza,2004,276.32674
dza,2005,261.7218
dza,2006,246.854
dza,2007,232.85793
dza,2008,219.79447
dza,2009,207.03287
dza,2010,194.844
dza,2011,182.24996
dza,2012,169.33141
dza,2013,158.95391
dza,2014,150.3879
dza,2015,135.64008
dza,2016,123.44802
ecu,1990,197.50494
ecu,1991,192.86075
ecu,1992,187.33231
ecu,1993,185.29105
ecu,1994,177.9142
ecu,1995,178.41019
ecu,1996,181.98227
ecu,1997,179.97452
ecu,1998,182.38222
ecu,1999,176.85497
ecu,2000,170.2072
ecu,2001,160.12245
ecu,2002,149.37804
ecu,2003,136.79024
ecu,2004,122.29327
ecu,2005,107.5907
ecu,2006,99.77458
ecu,2007,92.60222
ecu,2008,84.54779
ecu,2009,77.81874
ecu,2010,73.22333
ecu,2011,64.36191
ecu,2012,60.08244
ecu,2013,59.03912
ecu,2014,56.40418
ecu,2015,55.0355
ecu,2016,53.20644
egy,1990,1255.69788
egy,1991,1394.0688
egy,1992,1332.85215
egy,1993,1106.70448
egy,1994,1031.49619
egy,1995,951.082
egy,1996,871.4974
egy,1997,818.54951
egy,1998,795.12414
egy,1999,795.71324
egy,2000,773.03379
egy,2001,746.00079
egy,2002,715.92509
egy,2003,690.34533
egy,2004,662.79861
egy,2005,633.79222
egy,2006,606.25359
egy,2007,584.33442
egy,2008,562.59247
egy,2009,548.71054
egy,2010,532.41089
egy,2011,511.33201
egy,2012,487.48435
egy,2013,461.47887
egy,2014,435.75499
egy,2015,406.88036
egy,2016,380.29194
eri,1990,451.43389
eri,1991,439.2549
eri,1992,425.4808
eri,1993,411.72512
eri,1994,402.60271
eri,1995,399.04764
eri,1996,393.52897
eri,1997,393.41164
eri,1998,395.32641
eri,1999,398.73475
eri,2000,403.89104
eri,2001,420.39267
eri,2002,439.05246
eri,2003,447.06412
eri,2004,474.71431
eri,2005,486.09497
eri,2006,492.44223
eri,2007,496.50356
eri,2008,493.41094
eri,2009,473.55446
eri,2010,467.06557
eri,2011,447.89278
eri,2012,436.89952
eri,2013,419.43641
eri,2014,409.60213
eri,2015,383.40355
eri,2016,365.25737
esp,1990,112.39227
esp,1991,102.56537
esp,1992,123.63634
esp,1993,114.36944
esp,1994,76.5058
esp,1995,69.15413
esp,1996,71.67203
esp,1997,65.93403
esp,1998,59.80414
esp,1999,53.76639
esp,2000,50.70638
esp,2001,45.05967
esp,2002,44.84361
esp,2003,45.18949
esp,2004,44.03831
esp,2005,42.29996
esp,2006,39.80387
esp,2007,39.29887
esp,2008,37.78656
esp,2009,35.58314
esp,2010,32.17544
esp,2011,30.54928
esp,2012,28.08831
esp,2013,23.83509
esp,2014,22.46543
esp,2015,22.36155
esp,2016,21.68124
est,1990,9.1974
est,1991,7.80444
est,1992,8.88289
est,1993,7.19946
est,1994,6.88651
est,1995,7.8972
est,1996,3.47786
est,1997,3.44823
est,1998,3.26706
est,1999,3.60047
est,2000,3.29245
est,2001,3.16687
est,2002,2.30533
est,2003,2.62135
est,2004,2.26729
est,2005,2.18923
est,2006,1.72507
est,2007,1.80067
est,2008,1.79
est,2009,1.23912
est,2010,1.32642
est,2011,0.75435
est,2012,0.90509
est,2013,0.67627
est,2014,0.7259
est,2015,0.67579
est,2016,0.63975
eth,1990,11633.19069
eth,1991,11568.05739
eth,1992,11622.91827
eth,1993,11723.0792
eth,1994,11750.74185
eth,1995,11576.42689
eth,1996,11428.83732
eth,1997,11233.53799
eth,1998,11042.25213
eth,1999,10773.52442
eth,2000,10892.72633
eth,2001,11447.19204
eth,2002,10949.09977
eth,2003,10576.55268
eth,2004,10316.60359
eth,2005,9911.84947
eth,2006,9631.36201
eth,2007,9466.88364
eth,2008,9061.75567
eth,2009,8670.68174
eth,2010,8161.59998
eth,2011,7530.70117
eth,2012,6904.16076
eth,2013,6316.53094
eth,2014,5752.79395
eth,2015,5548.84735
eth,2016,5283.99818
fin,1990,5.5978
fin,1991,5.40892
fin,1992,4.74943
fin,1993,4.17364
fin,1994,3.9638
fin,1995,3.34773
fin,1996,2.87029
fin,1997,2.7964
fin,1998,2.7686
fin,1999,2.76969
fin,2000,2.60695
fin,2001,2.40082
fin,2002,2.25802
fin,2003,2.38424
fin,2004,2.43138
fin,2005,2.24191
fin,2006,1.9581
fin,2007,1.88127
fin,2008,1.77133
fin,2009,1.59005
fin,2010,1.49962
fin,2011,1.48549
fin,2012,1.36002
fin,2013,1.16978
fin,2014,1.12876
fin,2015,0.96547
fin,2016,0.9618
fji,1990,11.12796
fji,1991,10.91079
fji,1992,10.51062
fji,1993,10.62275
fji,1994,10.53861
fji,1995,10.47139
fji,1996,10.44205
fji,1997,10.28353
fji,1998,10.96419
fji,1999,11.58316
fji,2000,11.43334
fji,2001,11.22978
fji,2002,10.77712
fji,2003,10.9558
fji,2004,11.27825
fji,2005,11.05709
fji,2006,10.8551
fji,2007,11.03963
fji,2008,10.50467
fji,2009,10.05303
fji,2010,9.68423
fji,2011,9.15965
fji,2012,8.63845
fji,2013,8.62833
fji,2014,8.60613
fji,2015,8.56164
fji,2016,8.50731
fra,1990,149.31233
fra,1991,145.63006
fra,1992,135.81278
fra,1993,122.47825
fra,1994,111.95923
fra,1995,97.74554
fra,1996,93.92167
fra,1997,94.31291
fra,1998,90.77175
fra,1999,83.16229
fra,2000,76.50051
fra,2001,104.04038
fra,2002,103.00212
fra,2003,95.54544
fra,2004,88.51137
fra,2005,81.74642
fra,2006,75.99487
fra,2007,44.59168
fra,2008,74.37906
fra,2009,41.72679
fra,2010,41.09845
fra,2011,37.48967
fra,2012,35.81945
fra,2013,37.41644
fra,2014,36.14107
fra,2015,35.46164
fra,2016,34.92032
fsm,1990,3.69396
fsm,1991,3.53847
fsm,1992,3.37031
fsm,1993,3.16441
fsm,1994,2.98838
fsm,1995,2.78109
fsm,1996,2.53588
fsm,1997,2.28183
fsm,1998,2.02589
fsm,1999,1.809
fsm,2000,1.58479
fsm,2001,1.40066
fsm,2002,1.2174
fsm,2003,1.07893
fsm,2004,0.99952
fsm,2005,0.94959
fsm,2006,0.88037
fsm,2007,0.81879
fsm,2008,0.77361
fsm,2009,0.73335
fsm,2010,0.68876
fsm,2011,0.67356
fsm,2012,0.66752
fsm,2013,0.65651
fsm,2014,0.64313
fsm,2015,0.62192
fsm,2016,0.58826
gab,1990,101.74851
gab,1991,78.67898
gab,1992,76.66948
gab,1993,75.46322
gab,1994,74.44265
gab,1995,72.47989
gab,1996,70.86506
gab,1997,68.56885
gab,1998,67.08868
gab,1999,65.11798
gab,2000,66.54134
gab,2001,68.37043
gab,2002,70.98433
gab,2003,75.35369
gab,2004,77.60613
gab,2005,90.22041
gab,2006,98.31785
gab,2007,93.91913
gab,2008,92.73996
gab,2009,89.62207
gab,2010,85.23987
gab,2011,79.99895
gab,2012,74.05432
gab,2013,71.69891
gab,2014,72.14468
gab,2015,72.57452
gab,2016,70.91698
gbr,1990,248.12114
gbr,1991,233.48771
gbr,1992,212.25165
gbr,1993,204.48746
gbr,1994,187.32048
gbr,1995,192.70487
gbr,1996,193.30012
gbr,1997,171.10107
gbr,1998,174.27067
gbr,1999,166.90497
gbr,2000,144.63568
gbr,2001,129.61452
gbr,2002,117.14179
gbr,2003,113.58317
gbr,2004,105.30231
gbr,2005,100.15385
gbr,2006,94.58811
gbr,2007,92.12663
gbr,2008,89.31218
gbr,2009,81.75068
gbr,2010,76.76723
gbr,2011,72.65577
gbr,2012,65.98596
gbr,2013,62.89843
gbr,2014,58.86186
gbr,2015,62.16893
gbr,2016,59.49702
geo,1990,35.94888
geo,1991,31.78417
geo,1992,30.15875
geo,1993,29.15562
geo,1994,26.45735
geo,1995,27.01756
geo,1996,27.34859
geo,1997,26.17426
geo,1998,25.52836
geo,1999,23.62261
geo,2000,20.13777
geo,2001,17.68359
geo,2002,17.73788
geo,2003,17.12473
geo,2004,16.84309
geo,2005,14.0884
geo,2006,12.64106
geo,2007,12.08305
geo,2008,11.62797
geo,2009,11.3038
geo,2010,10.77134
geo,2011,10.32814
geo,2012,9.75263
geo,2013,9.60403
geo,2014,9.43131
geo,2015,8.77322
geo,2016,8.16577
gha,1990,1589.36091
gha,1991,1565.78241
gha,1992,1748.99972
gha,1993,1664.78866
gha,1994,1604.45647
gha,1995,1465.5372
gha,1996,1444.44151
gha,1997,2444.09344
gha,1998,1484.25758
gha,1999,1377.18247
gha,2000,1439.09803
gha,2001,1493.92355
gha,2002,1520.44258
gha,2003,1537.91587
gha,2004,1488.51508
gha,2005,1469.35638
gha,2006,1498.88719
gha,2007,1523.24518
gha,2008,1458.4637
gha,2009,1469.63955
gha,2010,1533.71306
gha,2011,1501.88486
gha,2012,1542.37756
gha,2013,1499.93687
gha,2014,1445.02568
gha,2015,1395.93299
gha,2016,1314.25112
gin,1990,2164.55958
gin,1991,2171.22787
gin,1992,2287.34046
gin,1993,2441.26248
gin,1994,2474.91545
gin,1995,2427.93483
gin,1996,2395.29698
gin,1997,2318.42638
gin,1998,2203.41756
gin,1999,2206.58032
gin,2000,2144.71671
gin,2001,2067.9499
gin,2002,2009.28637
gin,2003,1963.09038
gin,2004,1983.60932
gin,2005,1943.71065
gin,2006,1915.29259
gin,2007,1897.95683
gin,2008,1899.1493
gin,2009,1834.29893
gin,2010,1870.1173
gin,2011,1822.83678
gin,2012,1777.18687
gin,2013,1819.79506
gin,2014,1782.41288
gin,2015,1716.67233
gin,2016,1703.95829
gmb,1990,156.73362
gmb,1991,159.91383
gmb,1992,159.83842
gmb,1993,156.49042
gmb,1994,155.36635
gmb,1995,153.77399
gmb,1996,152.24927
gmb,1997,248.03755
gmb,1998,152.62183
gmb,1999,152.95844
gmb,2000,179.02024
gmb,2001,178.78927
gmb,2002,170.43991
gmb,2003,168.11983
gmb,2004,182.89665
gmb,2005,185.88999
gmb,2006,184.79553
gmb,2007,179.85554
gmb,2008,176.76438
gmb,2009,171.19184
gmb,2010,165.65001
gmb,2011,159.00374
gmb,2012,169.34241
gmb,2013,190.49975
gmb,2014,193.92558
gmb,2015,162.67584
gmb,2016,158.02959
gnb,1990,357.69569
gnb,1991,352.22878
gnb,1992,347.00447
gnb,1993,339.28899
gnb,1994,330.4821
gnb,1995,327.1301
gnb,1996,316.76157
gnb,1997,308.983
gnb,1998,321.47579
gnb,1999,596.46444
gnb,2000,315.35002
gnb,2001,322.82573
gnb,2002,322.87178
gnb,2003,319.53993
gnb,2004,310.68316
gnb,2005,296.86444
gnb,2006,294.32461
gnb,2007,337.62873
gnb,2008,333.99196
gnb,2009,323.78135
gnb,2010,314.59802
gnb,2011,293.5667
gnb,2012,268.54604
gnb,2013,268.675
gnb,2014,259.99737
gnb,2015,253.79027
gnb,2016,252.28235
gnq,1990,80.22165
gnq,1991,82.368
gnq,1992,83.4739
gnq,1993,84.06946
gnq,1994,84.49415
gnq,1995,82.06218
gnq,1996,79.15967
gnq,1997,69.40466
gnq,1998,62.74566
gnq,1999,56.11613
gnq,2000,50.64538
gnq,2001,44.17128
gnq,2002,39.70028
gnq,2003,37.7465
gnq,2004,31.04019
gnq,2005,32.2362
gnq,2006,35.96439
gnq,2007,34.76253
gnq,2008,34.26982
gnq,2009,40.08753
gnq,2010,36.94407
gnq,2011,29.45668
gnq,2012,27.68542
gnq,2013,22.93908
gnq,2014,23.29565
gnq,2015,22.00483
gnq,2016,21.33686
grc,1990,12.47125
grc,1991,12.08573
grc,1992,12.10739
grc,1993,12.71058
grc,1994,13.682
grc,1995,13.93457
grc,1996,13.66669
grc,1997,13.62432
grc,1998,13.1726
grc,1999,11.35045
grc,2000,10.74857
grc,2001,9.7019
grc,2002,9.24312
grc,2003,8.40874
grc,2004,7.73486
grc,2005,7.32622
grc,2006,6.92581
grc,2007,6.53645
grc,2008,6.21496
grc,2009,6.08728
grc,2010,5.91599
grc,2011,5.42816
grc,2012,4.94513
grc,2013,4.85648
grc,2014,4.68106
grc,2015,4.41971
grc,2016,4.24827
grd,1990,0.84835
grd,1991,0.73279
grd,1992,0.6918
grd,1993,0.63209
grd,1994,0.5846
grd,1995,0.55131
grd,1996,0.5071
grd,1997,0.48278
grd,1998,0.45491
grd,1999,0.4198
grd,2000,0.38777
grd,2001,0.36563
grd,2002,0.34091
grd,2003,0.31834
grd,2004,0.29788
grd,2005,0.26871
grd,2006,0.25279
grd,2007,0.22723
grd,2008,0.22472
grd,2009,0.21134
grd,2010,0.21651
grd,2011,0.20934
grd,2012,0.21082
grd,2013,0.20752
grd,2014,0.20749
grd,2015,0.18847
grd,2016,0.17976
grl,1990,1.03177
grl,1991,0.96157
grl,1992,0.9345
grl,1993,0.8343
grl,1994,0.72549
grl,1995,0.65085
grl,1996,0.5744
grl,1997,0.49035
grl,1998,0.45429
grl,1999,0.41022
grl,2000,0.37133
grl,2001,0.35089
grl,2002,0.33843
grl,2003,0.31329
grl,2004,0.28461
grl,2005,0.27593
grl,2006,0.26292
grl,2007,0.24732
grl,2008,0.23783
grl,2009,0.21693
grl,2010,0.21181
grl,2011,0.21325
grl,2012,0.20459
grl,2013,0.18812
grl,2014,0.16702
grl,2015,0.17378
grl,2016,0.17076
gtm,1990,191.04123
gtm,1991,202.88054
gtm,1992,206.64682
gtm,1993,218.73929
gtm,1994,222.08135
gtm,1995,229.14159
gtm,1996,229.80054
gtm,1997,237.67278
gtm,1998,236.54054
gtm,1999,245.70843
gtm,2000,228.11817
gtm,2001,199.84556
gtm,2002,209.06327
gtm,2003,210.53144
gtm,2004,206.11108
gtm,2005,209.15882
gtm,2006,204.20169
gtm,2007,197.19848
gtm,2008,185.04087
gtm,2009,177.12793
gtm,2010,168.02267
gtm,2011,160.4777
gtm,2012,149.24933
gtm,2013,142.49144
gtm,2014,139.74718
gtm,2015,129.94929
gtm,2016,123.18623
gum,1990,0.8295
gum,1991,0.84418
gum,1992,0.85257
gum,1993,0.86798
gum,1994,0.85773
gum,1995,0.86167
gum,1996,0.84193
gum,1997,0.76848
gum,1998,0.67708
gum,1999,0.57566
gum,2000,0.53519
gum,2001,0.50429
gum,2002,0.50675
gum,2003,0.50927
gum,2004,0.51189
gum,2005,0.5082
gum,2006,0.50527
gum,2007,0.49897
gum,2008,0.48176
gum,2009,0.48604
gum,2010,0.4999
gum,2011,0.50613
gum,2012,0.51268
gum,2013,0.52653
gum,2014,0.54171
gum,2015,0.53766
gum,2016,0.51949
guy,1990,10.00122
guy,1991,9.7456
guy,1992,9.80542
guy,1993,9.2176
guy,1994,8.79963
guy,1995,8.28118
guy,1996,7.78856
guy,1997,7.72084
guy,1998,7.62014
guy,1999,7.21566
guy,2000,7.01082
guy,2001,6.15241
guy,2002,5.55829
guy,2003,5.09508
guy,2004,4.7111
guy,2005,4.26414
guy,2006,4.03851
guy,2007,3.6469
guy,2008,3.37668
guy,2009,3.10605
guy,2010,2.85083
guy,2011,2.59867
guy,2012,2.49529
guy,2013,2.30785
guy,2014,2.20515
guy,2015,2.08389
guy,2016,1.80877
hnd,1990,146.79409
hnd,1991,142.70076
hnd,1992,136.06217
hnd,1993,129.88799
hnd,1994,125.44983
hnd,1995,121.67335
hnd,1996,117.73423
hnd,1997,114.06385
hnd,1998,111.18972
hnd,1999,108.3254
hnd,2000,104.6496
hnd,2001,101.19645
hnd,2002,97.2755
hnd,2003,93.96594
hnd,2004,90.57555
hnd,2005,87.70964
hnd,2006,85.42537
hnd,2007,83.05325
hnd,2008,81.0081
hnd,2009,80.95704
hnd,2010,79.50754
hnd,2011,78.02136
hnd,2012,76.28221
hnd,2013,75.0697
hnd,2014,71.86473
hnd,2015,69.01293
hnd,2016,66.88461
hrv,1990,13.18527
hrv,1991,11.59185
hrv,1992,11.07018
hrv,1993,8.14962
hrv,1994,7.62258
hrv,1995,7.00606
hrv,1996,6.79761
hrv,1997,6.5692
hrv,1998,5.99036
hrv,1999,5.24289
hrv,2000,4.80548
hrv,2001,4.31482
hrv,2002,3.75796
hrv,2003,3.26158
hrv,2004,3.12405
hrv,2005,3.11404
hrv,2006,2.70135
hrv,2007,2.65119
hrv,2008,2.6648
hrv,2009,2.65198
hrv,2010,2.33651
hrv,2011,2.10157
hrv,2012,1.93402
hrv,2013,1.70686
hrv,2014,1.55392
hrv,2015,1.52791
hrv,2016,1.45214
hti,1990,2078.02784
hti,1991,2021.01014
hti,1992,1945.53352
hti,1993,1855.66205
hti,1994,1757.92199
hti,1995,1727.10168
hti,1996,1645.56506
hti,1997,1610.99757
hti,1998,1560.21388
hti,1999,1472.69328
hti,2000,1372.30164
hti,2001,1311.32231
hti,2002,1282.58427
hti,2003,1274.0639
hti,2004,1275.18928
hti,2005,1287.82988
hti,2006,1299.04979
hti,2007,1303.98486
hti,2008,1309.19413
hti,2009,1298.97753
hti,2010,1269.58883
hti,2011,1211.20839
hti,2012,1143.50374
hti,2013,1070.90402
hti,2014,1022.20048
hti,2015,967.52519
hti,2016,927.15868
hun,1990,41.19265
hun,1991,43.05464
hun,1992,38.01407
hun,1993,33.24747
hun,1994,29.80411
hun,1995,27.07441
hun,1996,25.08968
hun,1997,22.74111
hun,1998,20.64685
hun,1999,17.94718
hun,2000,17.24639
hun,2001,15.61409
hun,2002,13.69987
hun,2003,13.10313
hun,2004,12.63591
hun,2005,12.00414
hun,2006,11.02101
hun,2007,10.21462
hun,2008,8.95051
hun,2009,7.68105
hun,2010,7.13034
hun,2011,10.87047
hun,2012,6.64602
hun,2013,6.91014
hun,2014,6.67882
hun,2015,7.03902
hun,2016,6.76152
idn,1990,6190.61958
idn,1991,5997.15164
idn,1992,5859.31672
idn,1993,5712.22489
idn,1994,5526.66266
idn,1995,5363.52268
idn,1996,5058.86487
idn,1997,4666.39988
idn,1998,4785.08702
idn,1999,4758.6584
idn,2000,4629.69497
idn,2001,4592.06852
idn,2002,4458.74009
idn,2003,4330.27371
idn,2004,4133.70836
idn,2005,4165.8111
idn,2006,3990.4295
idn,2007,3826.31113
idn,2008,3724.09033
idn,2009,3541.99125
idn,2010,3291.03897
idn,2011,3107.25855
idn,2012,2883.3485
idn,2013,2627.17687
idn,2014,2477.17414
idn,2015,2247.02218
idn,2016,2052.2352
ind,1990,52296.71361
ind,1991,50787.96042
ind,1992,49273.06885
ind,1993,47722.7415
ind,1994,46354.29282
ind,1995,45154.46131
ind,1996,43829.08176
ind,1997,42621.23014
ind,1998,41148.74518
ind,1999,40355.29459
ind,2000,40246.54151
ind,2001,39472.55388
ind,2002,38574.26965
ind,2003,37711.23928
ind,2004,36971.3415
ind,2005,35727.80445
ind,2006,34256.47146
ind,2007,32729.85106
ind,2008,31183.5715
ind,2009,29672.32744
ind,2010,27962.80054
ind,2011,26942.37112
ind,2012,25286.37574
ind,2013,24078.49567
ind,2014,22343.34628
ind,2015,20286.6425
ind,2016,18558.0053
irl,1990,11.81287
irl,1991,11.12919
irl,1992,10.38986
irl,1993,9.48737
irl,1994,9.02551
irl,1995,9.26647
irl,1996,9.46493
irl,1997,21.30303
irl,1998,17.30536
irl,1999,17.2677
irl,2000,21.41426
irl,2001,10.95737
irl,2002,10.89269
irl,2003,10.35172
irl,2004,12.04132
irl,2005,9.42876
irl,2006,8.11688
irl,2007,8.5652
irl,2008,9.10456
irl,2009,8.32127
irl,2010,7.71666
irl,2011,4.6728
irl,2012,4.43503
irl,2013,4.14778
irl,2014,4.16583
irl,2015,3.9382
irl,2016,3.74754
irn,1990,1445.77402
irn,1991,1301.60599
irn,1992,1164.30229
irn,1993,1038.6093
irn,1994,935.04741
irn,1995,851.52725
irn,1996,773.04537
irn,1997,710.5841
irn,1998,658.48897
irn,1999,611.46354
irn,2000,568.85175
irn,2001,537.33804
irn,2002,506.11641
irn,2003,478.25127
irn,2004,447.3076
irn,2005,408.99275
irn,2006,383.85742
irn,2007,352.44055
irn,2008,328.29493
irn,2009,308.71118
irn,2010,290.28664
irn,2011,273.70467
irn,2012,263.14548
irn,2013,253.97266
irn,2014,243.35771
irn,2015,230.60642
irn,2016,214.21609
irq,1990,981.62518
irq,1991,990.1799
irq,1992,993.20973
irq,1993,989.91416
irq,1994,992.3281
irq,1995,999.15802
irq,1996,1023.16753
irq,1997,1014.00429
irq,1998,983.85843
irq,1999,946.5594
irq,2000,903.82191
irq,2001,850.80237
irq,2002,826.5766
irq,2003,843.47506
irq,2004,838.18907
irq,2005,877.66579
irq,2006,926.30301
irq,2007,964.75754
irq,2008,1005.20233
irq,2009,1035.28434
irq,2010,1069.16305
irq,2011,1080.61707
irq,2012,1057.70958
irq,2013,1037.0696
irq,2014,1023.17245
irq,2015,997.73195
irq,2016,971.39946
isl,1990,0.83199
isl,1991,1.85585
isl,1992,1.31563
isl,1993,0.74566
isl,1994,1.71679
isl,1995,0.68167
isl,1996,0.6392
isl,1997,0.60727
isl,1998,0.55309
isl,1999,0.50042
isl,2000,0.47258
isl,2001,0.43475
isl,2002,0.40488
isl,2003,0.37605
isl,2004,0.3528
isl,2005,0.33045
isl,2006,0.31044
isl,2007,0.30459
isl,2008,0.29669
isl,2009,0.2817
isl,2010,0.27139
isl,2011,0.23959
isl,2012,0.2201
isl,2013,0.21213
isl,2014,0.19715
isl,2015,0.19153
isl,2016,0.1657
isr,1990,23.97426
isr,1991,21.96044
isr,1992,23.14584
isr,1993,23.88447
isr,1994,22.3232
isr,1995,19.16842
isr,1996,15.30582
isr,1997,23.31568
isr,1998,15.49951
isr,1999,14.75661
isr,2000,13.22033
isr,2001,12.4312
isr,2002,12.37989
isr,2003,12.58476
isr,2004,11.09221
isr,2005,10.38085
isr,2006,9.80734
isr,2007,8.97185
isr,2008,8.85377
isr,2009,8.3175
isr,2010,8.03046
isr,2011,8.00096
isr,2012,7.42702
isr,2013,7.31006
isr,2014,7.60249
isr,2015,7.12326
isr,2016,6.79395
ita,1990,63.61436
ita,1991,61.91815
ita,1992,61.06849
ita,1993,54.23138
ita,1994,49.68297
ita,1995,46.74927
ita,1996,47.24425
ita,1997,43.18186
ita,1998,38.23353
ita,1999,36.33654
ita,2000,32.87304
ita,2001,33.2909
ita,2002,30.99677
ita,2003,27.95734
ita,2004,26.02726
ita,2005,24.58743
ita,2006,24.30824
ita,2007,22.75232
ita,2008,21.93281
ita,2009,21.74753
ita,2010,20.27084
ita,2011,18.87881
ita,2012,18.2513
ita,2013,16.2275
ita,2014,15.27377
ita,2015,14.48304
ita,2016,13.77604
jam,1990,45.05971
jam,1991,43.64054
jam,1992,42.57248
jam,1993,41.05372
jam,1994,39.23502
jam,1995,37.40051
jam,1996,35.53528
jam,1997,33.56319
jam,1998,31.88849
jam,1999,30.28181
jam,2000,28.89987
jam,2001,26.73458
jam,2002,25.24995
jam,2003,23.59007
jam,2004,22.43657
jam,2005,20.92132
jam,2006,20.6161
jam,2007,19.62416
jam,2008,19.05459
jam,2009,18.66776
jam,2010,18.65738
jam,2011,18.32787
jam,2012,17.95366
jam,2013,17.62961
jam,2014,17.38401
jam,2015,17.11877
jam,2016,16.78489
jor,1990,36.97837
jor,1991,37.01461
jor,1992,37.55145
jor,1993,38.25338
jor,1994,38.95708
jor,1995,40.19091
jor,1996,40.15593
jor,1997,39.41176
jor,1998,38.54099
jor,1999,37.14952
jor,2000,35.72356
jor,2001,34.59514
jor,2002,33.32618
jor,2003,32.1556
jor,2004,30.94519
jor,2005,30.46431
jor,2006,29.96827
jor,2007,29.23628
jor,2008,28.73173
jor,2009,28.24436
jor,2010,27.77386
jor,2011,28.63951
jor,2012,28.60695
jor,2013,28.09345
jor,2014,27.64148
jor,2015,27.12705
jor,2016,26.46632
jpn,1990,99.8536
jpn,1991,94.32167
jpn,1992,92.1033
jpn,1993,88.05982
jpn,1994,82.66352
jpn,1995,73.99779
jpn,1996,64.48135
jpn,1997,60.49919
jpn,1998,56.78846
jpn,1999,52.23282
jpn,2000,48.05412
jpn,2001,44.80555
jpn,2002,42.46939
jpn,2003,40.70708
jpn,2004,38.23345
jpn,2005,36.75918
jpn,2006,35.05118
jpn,2007,33.38825
jpn,2008,32.05901
jpn,2009,30.1782
jpn,2010,28.78296
jpn,2011,27.55474
jpn,2012,25.89346
jpn,2013,24.34196
jpn,2014,22.87331
jpn,2015,21.44738
jpn,2016,19.97019
kaz,1990,274.11635
kaz,1991,267.37506
kaz,1992,257.24724
kaz,1993,260.8914
kaz,1994,321.57907
kaz,1995,306.26163
kaz,1996,227.26237
kaz,1997,209.65758
kaz,1998,199.8389
kaz,1999,184.61811
kaz,2000,175.12697
kaz,2001,163.45336
kaz,2002,156.72657
kaz,2003,154.04807
kaz,2004,148.13503
kaz,2005,140.58395
kaz,2006,132.31398
kaz,2007,121.84083
kaz,2008,111.30891
kaz,2009,102.87407
kaz,2010,97.331
kaz,2011,93.93964
kaz,2012,88.7258
kaz,2013,89.20385
kaz,2014,88.0137
kaz,2015,83.33369
kaz,2016,77.66733
ken,1990,2819.77141
ken,1991,2739.31806
ken,1992,2672.6826
ken,1993,2622.00995
ken,1994,2577.04264
ken,1995,2562.21824
ken,1996,2488.58778
ken,1997,2409.80266
ken,1998,2327.11407
ken,1999,2250.21085
ken,2000,2308.25105
ken,2001,2210.43224
ken,2002,2186.7987
ken,2003,2229.02756
ken,2004,2183.5678
ken,2005,2196.39944
ken,2006,2206.37074
ken,2007,2258.2103
ken,2008,2197.1492
ken,2009,2231.45384
ken,2010,2372.38118
ken,2011,2411.27
ken,2012,2336.77531
ken,2013,2282.29698
ken,2014,2166.00607
ken,2015,2031.00064
ken,2016,1985.10674
kgz,1990,177.54555
kgz,1991,215.01412
kgz,1992,201.78763
kgz,1993,201.30296
kgz,1994,179.59537
kgz,1995,179.24384
kgz,1996,118.0132
kgz,1997,109.39994
kgz,1998,94.44098
kgz,1999,84.70871
kgz,2000,75.05433
kgz,2001,64.44263
kgz,2002,60.08604
kgz,2003,56.6105
kgz,2004,53.69223
kgz,2005,51.77498
kgz,2006,51.49849
kgz,2007,49.18496
kgz,2008,45.40521
kgz,2009,44.27843
kgz,2010,42.20102
kgz,2011,41.023
kgz,2012,39.84975
kgz,2013,39.878
kgz,2014,40.45895
kgz,2015,39.47822
kgz,2016,37.34026
khm,1990,569.17709
khm,1991,576.01684
khm,1992,587.16842
khm,1993,599.35566
khm,1994,646.1504
khm,1995,709.80668
khm,1996,729.83922
khm,1997,698.67189
khm,1998,610.81079
khm,1999,588.02599
khm,2000,560.5122
khm,2001,537.39359
khm,2002,529.18029
khm,2003,502.78452
khm,2004,473.41977
khm,2005,443.07161
khm,2006,413.42377
khm,2007,382.64844
khm,2008,354.2592
khm,2009,325.01788
khm,2010,300.05309
khm,2011,274.11993
khm,2012,256.17454
khm,2013,236.77385
khm,2014,221.55822
khm,2015,207.31399
khm,2016,196.12307
kir,1990,10.7632
kir,1991,10.56048
kir,1992,10.25939
kir,1993,9.8029
kir,1994,9.24929
kir,1995,8.77529
kir,1996,8.42268
kir,1997,8.10283
kir,1998,7.71545
kir,1999,8.55981
kir,2000,8.40529
kir,2001,8.25191
kir,2002,8.096
kir,2003,7.82022
kir,2004,7.43814
kir,2005,7.41506
kir,2006,7.46057
kir,2007,8.40088
kir,2008,8.46151
kir,2009,8.39125
kir,2010,8.4041
kir,2011,8.23188
kir,2012,7.77466
kir,2013,7.50048
kir,2014,7.18967
kir,2015,6.89443
kir,2016,6.62202
kor,1990,121.12273
kor,1991,113.40977
kor,1992,104.39569
kor,1993,92.84808
kor,1994,82.97493
kor,1995,74.01302
kor,1996,63.93677
kor,1997,54.61372
kor,1998,46.98484
kor,1999,43.4726
kor,2000,40.11273
kor,2001,37.42427
kor,2002,32.8523
kor,2003,28.49177
kor,2004,23.85476
kor,2005,19.33518
kor,2006,17.29495
kor,2007,16.34945
kor,2008,14.90317
kor,2009,13.50653
kor,2010,13.27101
kor,2011,13.02041
kor,2012,12.44193
kor,2013,11.66815
kor,2014,11.01913
kor,2015,10.54677
kor,2016,10.16079
kwt,1990,5.37375
kwt,1991,3.53874
kwt,1992,4.10549
kwt,1993,4.84854
kwt,1994,4.67313
kwt,1995,3.79741
kwt,1996,3.98405
kwt,1997,3.86175
kwt,1998,4.63213
kwt,1999,4.14538
kwt,2000,4.05626
kwt,2001,4.98215
kwt,2002,4.01204
kwt,2003,3.66259
kwt,2004,3.52899
kwt,2005,3.75063
kwt,2006,3.82215
kwt,2007,3.90708
kwt,2008,4.09366
kwt,2009,4.47708
kwt,2010,4.38328
kwt,2011,4.21549
kwt,2012,4.15576
kwt,2013,4.31597
kwt,2014,4.05212
kwt,2015,3.6306
kwt,2016,3.25666
lao,1990,668.3824
lao,1991,678.28392
lao,1992,712.0629
lao,1993,737.01196
lao,1994,741.55712
lao,1995,763.71182
lao,1996,757.13836
lao,1997,697.34378
lao,1998,681.12638
lao,1999,649.22728
lao,2000,630.40036
lao,2001,599.72386
lao,2002,608.48125
lao,2003,587.3399
lao,2004,560.62253
lao,2005,533.69037
lao,2006,504.96462
lao,2007,479.54873
lao,2008,501.63792
lao,2009,487.5417
lao,2010,467.45852
lao,2011,448.44344
lao,2012,437.51853
lao,2013,420.41328
lao,2014,406.3423
lao,2015,394.69059
lao,2016,380.89019
lbn,1990,20.37713
lbn,1991,18.88112
lbn,1992,17.69526
lbn,1993,16.74381
lbn,1994,15.70059
lbn,1995,15.03281
lbn,1996,13.5961
lbn,1997,12.21294
lbn,1998,10.99592
lbn,1999,9.87108
lbn,2000,8.94069
lbn,2001,8.23145
lbn,2002,7.45691
lbn,2003,6.81844
lbn,2004,6.29172
lbn,2005,5.89273
lbn,2006,5.51378
lbn,2007,5.28357
lbn,2008,5.07477
lbn,2009,5.01173
lbn,2010,4.91312
lbn,2011,4.89895
lbn,2012,4.90066
lbn,2013,4.94197
lbn,2014,5.01549
lbn,2015,4.98928
lbn,2016,4.84901
lbr,1990,746.69011
lbr,1991,716.04745
lbr,1992,684.86369
lbr,1993,657.49828
lbr,1994,635.43442
lbr,1995,605.34476
lbr,1996,599.35562
lbr,1997,596.2432
lbr,1998,597.96997
lbr,1999,576.92546
lbr,2000,556.82733
lbr,2001,522.69058
lbr,2002,482.10389
lbr,2003,445.13543
lbr,2004,414.58385
lbr,2005,402.99638
lbr,2006,385.83955
lbr,2007,372.86011
lbr,2008,369.1342
lbr,2009,372.87486
lbr,2010,373.73933
lbr,2011,372.96457
lbr,2012,386.47634
lbr,2013,375.29138
lbr,2014,352.70581
lbr,2015,339.89022
lbr,2016,337.16344
lby,1990,41.89543
lby,1991,39.92417
lby,1992,37.99914
lby,1993,36.57114
lby,1994,35.31641
lby,1995,34.71384
lby,1996,33.40843
lby,1997,32.44285
lby,1998,31.6671
lby,1999,30.68407
lby,2000,29.62583
lby,2001,28.585
lby,2002,27.60809
lby,2003,26.24329
lby,2004,24.66966
lby,2005,22.97418
lby,2006,21.44933
lby,2007,20.08913
lby,2008,18.67589
lby,2009,16.92358
lby,2010,15.25388
lby,2011,14.19343
lby,2012,12.68538
lby,2013,11.45661
lby,2014,10.31025
lby,2015,9.14227
lby,2016,7.98517
lca,1990,1.41189
lca,1991,1.32695
lca,1992,1.29901
lca,1993,1.20331
lca,1994,1.10243
lca,1995,1.01789
lca,1996,0.92294
lca,1997,0.86099
lca,1998,0.7988
lca,1999,0.71787
lca,2000,0.67089
lca,2001,0.59275
lca,2002,0.54188
lca,2003,0.50461
lca,2004,0.4736
lca,2005,0.43398
lca,2006,0.42023
lca,2007,0.38693
lca,2008,0.35439
lca,2009,0.31724
lca,2010,0.28572
lca,2011,0.26077
lca,2012,0.25174
lca,2013,0.24078
lca,2014,0.23781
lca,2015,0.2277
lca,2016,0.21938
lka,1990,284.30658
lka,1991,263.50732
lka,1992,230.84319
lka,1993,153.51597
lka,1994,142.86174
lka,1995,143.87898
lka,1996,153.55327
lka,1997,145.04444
lka,1998,117.36127
lka,1999,106.95603
lka,2000,106.33117
lka,2001,103.07452
lka,2002,95.36499
lka,2003,89.36957
lka,2004,92.03954
lka,2005,116.49057
lka,2006,89.66172
lka,2007,71.24248
lka,2008,72.7552
lka,2009,75.25077
lka,2010,74.59747
lka,2011,68.05664
lka,2012,59.68373
lka,2013,51.85906
lka,2014,44.74175
lka,2015,38.80446
lka,2016,33.99146
lso,1990,40.01751
lso,1991,39.21705
lso,1992,38.67626
lso,1993,38.19334
lso,1994,37.69328
lso,1995,37.43891
lso,1996,37.24134
lso,1997,37.0491
lso,1998,37.24179
lso,1999,37.61091
lso,2000,38.63804
lso,2001,39.70628
lso,2002,40.32065
lso,2003,41.44378
lso,2004,42.68949
lso,2005,43.21041
lso,2006,43.936
lso,2007,48.48371
lso,2008,46.62851
lso,2009,46.44315
lso,2010,45.76347
lso,2011,43.69119
lso,2012,42.54908
lso,2013,43.79486
lso,2014,44.51093
lso,2015,43.17536
lso,2016,41.81461
ltu,1990,19.36087
ltu,1991,24.55874
ltu,1992,28.57914
ltu,1993,23.69846
ltu,1994,29.06822
ltu,1995,21.29013
ltu,1996,12.90778
ltu,1997,12.05452
ltu,1998,9.84232
ltu,1999,9.08987
ltu,2000,8.44075
ltu,2001,6.98327
ltu,2002,6.38741
ltu,2003,5.24566
ltu,2004,5.50785
ltu,2005,4.82535
ltu,2006,4.75629
ltu,2007,3.9836
ltu,2008,3.56296
ltu,2009,3.27958
ltu,2010,2.84326
ltu,2011,2.69033
ltu,2012,5.26106
ltu,2013,2.12779
ltu,2014,4.07237
ltu,2015,2.46892
ltu,2016,2.09999
lux,1990,0.66681
lux,1991,0.66405
lux,1992,0.61061
lux,1993,0.56126
lux,1994,0.51691
lux,1995,0.45878
lux,1996,0.4594
lux,1997,0.42087
lux,1998,0.41827
lux,1999,0.38453
lux,2000,0.3343
lux,2001,0.3456
lux,2002,0.30944
lux,2003,0.28209
lux,2004,0.24084
lux,2005,0.20667
lux,2006,0.18283
lux,2007,0.17612
lux,2008,0.15245
lux,2009,0.149
lux,2010,0.16408
lux,2011,0.15349
lux,2012,0.11613
lux,2013,0.1379
lux,2014,0.13243
lux,2015,0.1209
lux,2016,0.11594
lva,1990,22.32948
lva,1991,23.45428
lva,1992,21.82086
lva,1993,19.0798
lva,1994,18.43227
lva,1995,19.43832
lva,1996,12.21042
lva,1997,9.11749
lva,1998,7.1706
lva,1999,5.52673
lva,2000,4.6921
lva,2001,4.55367
lva,2002,4.47475
lva,2003,4.20013
lva,2004,3.60724
lva,2005,3.27647
lva,2006,3.24171
lva,2007,3.24518
lva,2008,2.88431
lva,2009,2.47607
lva,2010,1.91465
lva,2011,1.67134
lva,2012,1.51403
lva,2013,1.38467
lva,2014,1.1846
lva,2015,1.16004
lva,2016,1.15498
mar,1990,2076.71829
mar,1991,1967.97001
mar,1992,1856.48092
mar,1993,1746.82264
mar,1994,1640.05468
mar,1995,1546.46112
mar,1996,1448.61674
mar,1997,1354.4173
mar,1998,1283.08193
mar,1999,1170.26705
mar,2000,1090.47665
mar,2001,1018.28099
mar,2002,952.32577
mar,2003,886.38275
mar,2004,825.07633
mar,2005,768.31643
mar,2006,715.56476
mar,2007,668.40214
mar,2008,621.22401
mar,2009,593.79694
mar,2010,559.33079
mar,2011,521.82272
mar,2012,481.81467
mar,2013,440.67943
mar,2014,412.68311
mar,2015,378.46984
mar,2016,349.84375
mda,1990,86.29048
mda,1991,69.49463
mda,1992,64.52627
mda,1993,58.81633
mda,1994,58.18318
mda,1995,50.16538
mda,1996,36.72881
mda,1997,31.58131
mda,1998,27.05648
mda,1999,21.89012
mda,2000,19.80142
mda,2001,14.44042
mda,2002,11.61379
mda,2003,9.45926
mda,2004,8.36414
mda,2005,7.57686
mda,2006,7.11823
mda,2007,7.87603
mda,2008,8.55864
mda,2009,8.88042
mda,2010,8.6241
mda,2011,8.12107
mda,2012,7.28295
mda,2013,6.67192
mda,2014,6.60531
mda,2015,6.24318
mda,2016,5.76082
mdg,1990,1845.43685
mdg,1991,1828.2046
mdg,1992,1828.55312
mdg,1993,1908.1679
mdg,1994,1937.95031
mdg,1995,1894.7867
mdg,1996,1832.37929
mdg,1997,1772.05417
mdg,1998,1719.67231
mdg,1999,1702.83839
mdg,2000,1693.25643
mdg,2001,1668.14267
mdg,2002,1642.84453
mdg,2003,1599.07039
mdg,2004,1558.14865
mdg,2005,1595.42186
mdg,2006,1601.77572
mdg,2007,1625.6695
mdg,2008,1691.96937
mdg,2009,1772.47981
mdg,2010,1807.44686
mdg,2011,1862.23549
mdg,2012,1853.61048
mdg,2013,1822.96415
mdg,2014,1907.65865
mdg,2015,1915.19624
mdg,2016,1897.81015
mdv,1990,5.6545
mdv,1991,5.04227
mdv,1992,4.47938
mdv,1993,3.94833
mdv,1994,3.45213
mdv,1995,2.98094
mdv,1996,2.59108
mdv,1997,2.265
mdv,1998,2.4796
mdv,1999,1.53952
mdv,2000,1.35109
mdv,2001,1.17172
mdv,2002,1.02138
mdv,2003,0.90804
mdv,2004,0.80823
mdv,2005,0.75868
mdv,2006,0.71989
mdv,2007,0.6966
mdv,2008,0.67123
mdv,2009,0.65137
mdv,2010,0.61471
mdv,2011,0.55275
mdv,2012,0.51887
mdv,2013,0.46095
mdv,2014,0.41739
mdv,2015,0.37356
mdv,2016,0.33109
mex,1990,1580.19885
mex,1991,1520.83415
mex,1992,1447.96023
mex,1993,1384.89557
mex,1994,1305.99386
mex,1995,1245.34786
mex,1996,1163.34784
mex,1997,1052.77314
mex,1998,918.55903
mex,1999,829.63366
mex,2000,757.16644
mex,2001,690.49212
mex,2002,631.24972
mex,2003,583.93874
mex,2004,532.678
mex,2005,485.72867
mex,2006,449.057
mex,2007,416.00154
mex,2008,387.63433
mex,2009,363.59897
mex,2010,341.22179
mex,2011,319.06022
mex,2012,300.21481
mex,2013,285.30144
mex,2014,268.05358
mex,2015,257.42318
mex,2016,243.04373
mhl,1990,1.66434
mhl,1991,1.6314
mhl,1992,1.58387
mhl,1993,1.52387
mhl,1994,1.48657
mhl,1995,1.47273
mhl,1996,1.5155
mhl,1997,1.55946
mhl,1998,1.59948
mhl,1999,1.61134
mhl,2000,1.6166
mhl,2001,1.56992
mhl,2002,1.52989
mhl,2003,1.51512
mhl,2004,1.47304
mhl,2005,1.42722
mhl,2006,1.35595
mhl,2007,1.30225
mhl,2008,1.24259
mhl,2009,1.18754
mhl,2010,1.13667
mhl,2011,1.08629
mhl,2012,1.03656
mhl,2013,0.99353
mhl,2014,0.95697
mhl,2015,0.90887
mhl,2016,0.86408
mkd,1990,25.68217
mkd,1991,23.68456
mkd,1992,20.16376
mkd,1993,18.12054
mkd,1994,15.3903
mkd,1995,13.53229
mkd,1996,10.28467
mkd,1997,8.88127
mkd,1998,9.03365
mkd,1999,8.07482
mkd,2000,6.81904
mkd,2001,5.88902
mkd,2002,5.50988
mkd,2003,5.36072
mkd,2004,5.41404
mkd,2005,5.05142
mkd,2006,4.6707
mkd,2007,4.39331
mkd,2008,4.4186
mkd,2009,4.47214
mkd,2010,3.75182
mkd,2011,3.42278
mkd,2012,3.88988
mkd,2013,4.31948
mkd,2014,4.26261
mkd,2015,3.99093
mkd,2016,3.62905
mli,1990,3667.28931
mli,1991,3538.39946
mli,1992,3476.51559
mli,1993,3410.45265
mli,1994,3355.0254
mli,1995,3433.2758
mli,1996,3892.87286
mli,1997,4052.96057
mli,1998,3323.7882
mli,1999,3179.63443
mli,2000,3174.76128
mli,2001,3177.26842
mli,2002,3196.09931
mli,2003,3143.40468
mli,2004,3069.72144
mli,2005,3003.29316
mli,2006,3043.60575
mli,2007,3032.92756
mli,2008,3137.9877
mli,2009,3153.06456
mli,2010,3132.68538
mli,2011,3026.0944
mli,2012,2921.95616
mli,2013,2891.1826
mli,2014,2933.75332
mli,2015,2909.92799
mli,2016,2898.44039
mlt,1990,1.04808
mlt,1991,1.00348
mlt,1992,0.98212
mlt,1993,0.87577
mlt,1994,1.31166
mlt,1995,1.71964
mlt,1996,0.7663
mlt,1997,2.46808
mlt,1998,2.32785
mlt,1999,2.67406
mlt,2000,1.7085
mlt,2001,0.81866
mlt,2002,1.54407
mlt,2003,0.34996
mlt,2004,1.42842
mlt,2005,0.67496
mlt,2006,0.27727
mlt,2007,0.28901
mlt,2008,0.64885
mlt,2009,0.60676
mlt,2010,1.23197
mlt,2011,0.90688
mlt,2012,0.23792
mlt,2013,0.23721
mlt,2014,0.53966
mlt,2015,0.21044
mlt,2016,0.20218
mmr,1990,1790.95345
mmr,1991,1792.85811
mmr,1992,1789.67002
mmr,1993,1777.27484
mmr,1994,1767.52054
mmr,1995,1763.0677
mmr,1996,1771.22488
mmr,1997,1783.42929
mmr,1998,1813.39885
mmr,1999,1822.04439
mmr,2000,1816.5641
mmr,2001,1782.51938
mmr,2002,1724.91844
mmr,2003,1680.01037
mmr,2004,1636.66662
mmr,2005,1568.38162
mmr,2006,1446.1286
mmr,2007,1313.38935
mmr,2008,1217.83426
mmr,2009,1092.31414
mmr,2010,972.20243
mmr,2011,876.61716
mmr,2012,804.19476
mmr,2013,728.71966
mmr,2014,652.22853
mmr,2015,582.29939
mmr,2016,528.0609
mne,1990,1.5193
mne,1991,1.4523
mne,1992,1.39972
mne,1993,1.38471
mne,1994,1.38406
mne,1995,1.39703
mne,1996,1.40856
mne,1997,1.42869
mne,1998,1.43728
mne,1999,1.41633
mne,2000,1.34362
mne,2001,1.23135
mne,2002,1.0905
mne,2003,0.96272
mne,2004,0.85301
mne,2005,0.76807
mne,2006,0.69416
mne,2007,0.61745
mne,2008,0.55042
mne,2009,0.49306
mne,2010,0.436
mne,2011,0.38575
mne,2012,0.35218
mne,2013,0.3279
mne,2014,0.31438
mne,2015,0.30326
mne,2016,0.29385
mng,1990,235.75992
mng,1991,219.78558
mng,1992,203.10307
mng,1993,186.66351
mng,1994,170.45149
mng,1995,153.17348
mng,1996,137.69381
mng,1997,122.9576
mng,1998,108.6034
mng,1999,88.97999
mng,2000,69.73529
mng,2001,52.21237
mng,2002,41.78046
mng,2003,33.41831
mng,2004,27.49556
mng,2005,23.63636
mng,2006,20.79503
mng,2007,18.95004
mng,2008,17.63887
mng,2009,16.76201
mng,2010,15.93651
mng,2011,15.52158
mng,2012,15.17331
mng,2013,14.92418
mng,2014,14.63857
mng,2015,13.62406
mng,2016,13.17015
mnp,1990,0.07833
mnp,1991,0.08229
mnp,1992,0.08406
mnp,1993,0.08679
mnp,1994,0.08907
mnp,1995,0.0921
mnp,1996,0.09396
mnp,1997,0.09409
mnp,1998,0.09327
mnp,1999,0.08053
mnp,2000,0.07509
mnp,2001,0.07219
mnp,2002,0.07075
mnp,2003,0.06841
mnp,2004,0.06728
mnp,2005,0.06231
mnp,2006,0.05511
mnp,2007,0.04637
mnp,2008,0.04134
mnp,2009,0.03788
mnp,2010,0.03589
mnp,2011,0.03661
mnp,2012,0.03963
mnp,2013,0.04261
mnp,2014,0.04493
mnp,2015,0.04554
mnp,2016,0.04524
moz,1990,2967.04298
moz,1991,2961.82024
moz,1992,2982.79563
moz,1993,3058.02754
moz,1994,3133.73449
moz,1995,3292.94902
moz,1996,3249.05788
moz,1997,3351.92737
moz,1998,3325.97612
moz,1999,3261.47094
moz,2000,3313.00078
moz,2001,3249.11243
moz,2002,3145.87964
moz,2003,3062.27323
moz,2004,2962.40371
moz,2005,2999.83965
moz,2006,3284.67198
moz,2007,3142.03842
moz,2008,3187.46714
moz,2009,3068.54818
moz,2010,2906.2068
moz,2011,2738.3976
moz,2012,2675.36012
moz,2013,2608.55928
moz,2014,2604.29401
moz,2015,2615.09829
moz,2016,2494.88949
mrt,1990,125.30338
mrt,1991,126.91629
mrt,1992,129.68476
mrt,1993,132.37356
mrt,1994,135.6594
mrt,1995,139.23913
mrt,1996,149.30655
mrt,1997,158.08807
mrt,1998,174.64607
mrt,1999,225.07467
mrt,2000,230.83201
mrt,2001,217.73045
mrt,2002,229.31276
mrt,2003,235.71412
mrt,2004,242.87008
mrt,2005,261.42038
mrt,2006,265.63226
mrt,2007,266.6153
mrt,2008,264.08876
mrt,2009,259.69853
mrt,2010,255.79977
mrt,2011,248.27526
mrt,2012,249.12021
mrt,2013,238.74721
mrt,2014,225.78403
mrt,2015,217.87803
mrt,2016,209.62156
mus,1990,9.06679
mus,1991,9.41659
mus,1992,9.29316
mus,1993,9.36306
mus,1994,8.75431
mus,1995,8.62774
mus,1996,8.03732
mus,1997,7.43725
mus,1998,7.12497
mus,1999,6.82333
mus,2000,6.6254
mus,2001,6.10473
mus,2002,5.9869
mus,2003,6.04685
mus,2004,5.64798
mus,2005,5.16688
mus,2006,4.58273
mus,2007,4.08955
mus,2008,4.04671
mus,2009,3.67364
mus,2010,3.52208
mus,2011,3.24522
mus,2012,2.95194
mus,2013,2.87804
mus,2014,2.791
mus,2015,2.73626
mus,2016,2.6494
mwi,1990,3741.62687
mwi,1991,3672.31648
mwi,1992,3535.14519
mwi,1993,3326.55073
mwi,1994,3149.41386
mwi,1995,2972.83196
mwi,1996,2862.63038
mwi,1997,2742.04102
mwi,1998,2668.1128
mwi,1999,2671.01039
mwi,2000,2728.36907
mwi,2001,2581.41809
mwi,2002,2355.62827
mwi,2003,2323.19324
mwi,2004,2261.1249
mwi,2005,2182.68621
mwi,2006,2119.58755
mwi,2007,2069.22174
mwi,2008,2018.44475
mwi,2009,2063.47201
mwi,2010,2218.07727
mwi,2011,2286.56316
mwi,2012,2338.97156
mwi,2013,2286.91413
mwi,2014,2162.20595
mwi,2015,2083.2466
mwi,2016,1980.3385
mys,1990,253.53662
mys,1991,248.76209
mys,1992,252.00841
mys,1993,253.34204
mys,1994,247.60563
mys,1995,237.87714
mys,1996,219.66747
mys,1997,220.79656
mys,1998,208.22016
mys,1999,205.04941
mys,2000,171.0797
mys,2001,149.16132
mys,2002,148.04573
mys,2003,142.29705
mys,2004,135.9817
mys,2005,133.31295
mys,2006,122.7363
mys,2007,119.16805
mys,2008,122.346
mys,2009,127.99292
mys,2010,125.21927
mys,2011,121.0242
mys,2012,116.04257
mys,2013,108.73295
mys,2014,102.12083
mys,2015,95.61951
mys,2016,88.84231
nam,1990,41.50617
nam,1991,40.7398
nam,1992,39.28347
nam,1993,37.29451
nam,1994,198.48479
nam,1995,36.26315
nam,1996,31.65051
nam,1997,30.43021
nam,1998,32.86158
nam,1999,33.351
nam,2000,42.99262
nam,2001,45.1185
nam,2002,33.17582
nam,2003,32.62185
nam,2004,33.46448
nam,2005,34.91535
nam,2006,36.45281
nam,2007,38.15669
nam,2008,39.31728
nam,2009,41.31948
nam,2010,41.83964
nam,2011,40.69197
nam,2012,39.37364
nam,2013,39.07774
nam,2014,37.86605
nam,2015,35.41879
nam,2016,34.72516
ner,1990,8078.51909
ner,1991,8240.43763
ner,1992,8458.47579
ner,1993,8668.96092
ner,1994,8576.71623
ner,1995,9681.44706
ner,1996,8776.30223
ner,1997,7946.14353
ner,1998,7615.94974
ner,1999,7645.31537
ner,2000,7957.96028
ner,2001,7667.72875
ner,2002,7276.90204
ner,2003,7285.16286
ner,2004,6777.06071
ner,2005,6860.3937
ner,2006,7084.45357
ner,2007,6583.57799
ner,2008,6253.10295
ner,2009,6206.9937
ner,2010,5687.41238
ner,2011,5394.88344
ner,2012,5461.85822
ner,2013,5553.52439
ner,2014,5680.75299
ner,2015,5626.4461
ner,2016,5595.10285
nga,1990,25220.2675
nga,1991,25630.78656
nga,1992,26032.51506
nga,1993,26164.0867
nga,1994,26373.69965
nga,1995,26385.39941
nga,1996,35309.17594
nga,1997,26489.88065
nga,1998,26955.38267
nga,1999,26397.04593
nga,2000,26313.80155
nga,2001,25647.84968
nga,2002,24790.21131
nga,2003,24217.3851
nga,2004,23412.4608
nga,2005,23154.01919
nga,2006,24036.45402
nga,2007,24297.59532
nga,2008,24344.63827
nga,2009,27448.81234
nga,2010,26944.2763
nga,2011,27070.28274
nga,2012,27921.69527
nga,2013,27878.69994
nga,2014,28105.98935
nga,2015,26805.03944
nga,2016,25837.34574
nic,1990,169.45475
nic,1991,173.22061
nic,1992,176.54349
nic,1993,186.42292
nic,1994,186.41313
nic,1995,183.48477
nic,1996,182.1559
nic,1997,176.55841
nic,1998,187.69714
nic,1999,160.67258
nic,2000,161.49823
nic,2001,137.28191
nic,2002,126.04954
nic,2003,110.60694
nic,2004,96.05548
nic,2005,81.50598
nic,2006,74.06827
nic,2007,67.14025
nic,2008,61.15627
nic,2009,56.28427
nic,2010,52.6442
nic,2011,49.04887
nic,2012,45.89058
nic,2013,42.97582
nic,2014,40.53871
nic,2015,38.10577
nic,2016,35.87991
nld,1990,67.41024
nld,1991,71.65332
nld,1992,48.32108
nld,1993,69.01359
nld,1994,63.04379
nld,1995,68.36686
nld,1996,42.57952
nld,1997,39.30034
nld,1998,39.49231
nld,1999,39.5247
nld,2000,38.40159
nld,2001,37.32685
nld,2002,34.66545
nld,2003,30.24935
nld,2004,25.45222
nld,2005,24.27437
nld,2006,21.03576
nld,2007,18.17677
nld,2008,16.58328
nld,2009,15.73816
nld,2010,14.73366
nld,2011,13.3916
nld,2012,12.31763
nld,2013,11.56381
nld,2014,11.18292
nld,2015,10.20688
nld,2016,10.28499
nor,1990,14.42503
nor,1991,12.77508
nor,1992,11.41348
nor,1993,14.25095
nor,1994,16.62694
nor,1995,8.07264
nor,1996,7.18372
nor,1997,6.40387
nor,1998,6.55879
nor,1999,6.66041
nor,2000,6.11209
nor,2001,5.53328
nor,2002,5.01713
nor,2003,4.86925
nor,2004,4.3515
nor,2005,5.98639
nor,2006,6.5965
nor,2007,3.41296
nor,2008,3.08524
nor,2009,5.54819
nor,2010,2.68249
nor,2011,2.43907
nor,2012,2.2967
nor,2013,2.14553
nor,2014,1.96904
nor,2015,1.94043
nor,2016,1.8988
npl,1990,1695.93677
npl,1991,1612.35285
npl,1992,1528.69598
npl,1993,1449.22341
npl,1994,1366.91869
npl,1995,1301.87816
npl,1996,1247.16879
npl,1997,1211.17415
npl,1998,1181.72928
npl,1999,1142.03801
npl,2000,1102.63651
npl,2001,1056.47357
npl,2002,1002.30172
npl,2003,941.54418
npl,2004,878.09189
npl,2005,856.92158
npl,2006,810.59345
npl,2007,760.04374
npl,2008,718.47873
npl,2009,680.71082
npl,2010,639.1428
npl,2011,603.61014
npl,2012,571.51139
npl,2013,554.37378
npl,2014,518.59629
npl,2015,479.89373
npl,2016,443.99994
nzl,1990,12.40052
nzl,1991,12.39161
nzl,1992,12.01153
nzl,1993,16.91676
nzl,1994,13.2447
nzl,1995,13.65318
nzl,1996,22.78988
nzl,1997,26.00373
nzl,1998,24.39986
nzl,1999,23.38266
nzl,2000,19.58751
nzl,2001,23.63005
nzl,2002,18.56318
nzl,2003,15.60028
nzl,2004,13.15455
nzl,2005,15.28186
nzl,2006,11.43361
nzl,2007,11.18749
nzl,2008,11.30847
nzl,2009,9.25644
nzl,2010,9.23285
nzl,2011,12.07942
nzl,2012,8.00101
nzl,2013,4.55963
nzl,2014,4.45139
nzl,2015,4.39256
nzl,2016,4.33859
omn,1990,23.14576
omn,1991,20.77161
omn,1992,18.43625
omn,1993,19.69247
omn,1994,14.49547
omn,1995,12.85475
omn,1996,11.35346
omn,1997,10.04799
omn,1998,8.99048
omn,1999,8.07105
omn,2000,12.30551
omn,2001,6.95952
omn,2002,6.29092
omn,2003,5.59539
omn,2004,4.77942
omn,2005,3.78494
omn,2006,3.50322
omn,2007,3.61978
omn,2008,3.83182
omn,2009,4.21833
omn,2010,4.27747
omn,2011,4.44725
omn,2012,4.74595
omn,2013,4.9902
omn,2014,4.77266
omn,2015,4.53749
omn,2016,4.22018
pak,1990,18108.61561
pak,1991,18388.05475
pak,1992,18461.24294
pak,1993,18307.50184
pak,1994,18014.23496
pak,1995,17735.47913
pak,1996,17307.12843
pak,1997,16885.97547
pak,1998,16415.37702
pak,1999,16008.75222
pak,2000,15508.99149
pak,2001,14997.03714
pak,2002,14469.808
pak,2003,13885.75061
pak,2004,13318.19197
pak,2005,12868.41497
pak,2006,12771.81776
pak,2007,12561.54453
pak,2008,13475.24567
pak,2009,13829.55683
pak,2010,13552.94673
pak,2011,13266.28006
pak,2012,12856.68231
pak,2013,12253.83406
pak,2014,11745.59767
pak,2015,11059.91905
pak,2016,10456.33648
pan,1990,48.31452
pan,1991,46.98312
pan,1992,45.42843
pan,1993,43.72615
pan,1994,41.96357
pan,1995,40.53784
pan,1996,39.38032
pan,1997,36.36199
pan,1998,38.9231
pan,1999,36.452
pan,2000,34.79655
pan,2001,32.58534
pan,2002,29.92077
pan,2003,27.96382
pan,2004,28.07271
pan,2005,27.3577
pan,2006,27.13593
pan,2007,26.61894
pan,2008,25.45816
pan,2009,24.95839
pan,2010,24.04061
pan,2011,23.86201
pan,2012,23.22013
pan,2013,22.36053
pan,2014,21.62572
pan,2015,20.53672
pan,2016,19.41758
per,1990,439.27356
per,1991,409.32056
per,1992,373.96846
per,1993,353.49958
per,1994,325.1599
per,1995,295.96612
per,1996,286.61729
per,1997,271.17237
per,1998,267.32336
per,1999,264.45429
per,2000,259.07163
per,2001,252.89484
per,2002,243.30508
per,2003,234.73215
per,2004,225.94536
per,2005,217.70867
per,2006,210.59102
per,2007,204.15214
per,2008,196.03327
per,2009,190.01215
per,2010,184.29352
per,2011,179.70136
per,2012,175.13915
per,2013,173.38931
per,2014,170.91868
per,2015,165.33461
per,2016,159.38086
phl,1990,2352.57688
phl,1991,2390.93087
phl,1992,2558.61455
phl,1993,2656.10957
phl,1994,2557.98129
phl,1995,2565.08304
phl,1996,2528.25327
phl,1997,2508.33659
phl,1998,2473.01162
phl,1999,2460.30082
phl,2000,2391.07125
phl,2001,2385.02361
phl,2002,2417.66941
phl,2003,2425.78418
phl,2004,2475.16534
phl,2005,2405.68817
phl,2006,2258.36382
phl,2007,2157.87323
phl,2008,2126.27718
phl,2009,2022.46079
phl,2010,1902.81483
phl,2011,1838.01986
phl,2012,1772.98902
phl,2013,1678.16494
phl,2014,1600.62079
phl,2015,1512.75718
phl,2016,1435.96497
png,1990,306.00823
png,1991,534.65449
png,1992,539.67737
png,1993,513.6551
png,1994,522.61446
png,1995,498.24266
png,1996,307.02213
png,1997,298.82084
png,1998,314.44551
png,1999,273.06302
png,2000,214.49199
png,2001,213.37899
png,2002,217.83602
png,2003,204.37486
png,2004,208.43828
png,2005,234.95544
png,2006,255.15601
png,2007,291.20846
png,2008,309.16018
png,2009,304.96843
png,2010,308.13918
png,2011,305.82659
png,2012,299.75523
png,2013,294.31728
png,2014,287.42202
png,2015,272.89147
png,2016,280.84937
pol,1990,204.48476
pol,1991,178.92252
pol,1992,151.53242
pol,1993,128.3081
pol,1994,130.91707
pol,1995,101.28078
pol,1996,82.96118
pol,1997,66.79556
pol,1998,57.01839
pol,1999,50.62038
pol,2000,42.89132
pol,2001,38.45506
pol,2002,35.43913
pol,2003,31.70994
pol,2004,30.17472
pol,2005,28.60798
pol,2006,27.25977
pol,2007,27.04353
pol,2008,27.21577
pol,2009,25.89478
pol,2010,22.74604
pol,2011,20.44898
pol,2012,18.97073
pol,2013,17.83957
pol,2014,15.58282
pol,2015,14.85305
pol,2016,14.08611
pri,1990,14.54744
pri,1991,13.69063
pri,1992,13.0289
pri,1993,12.23431
pri,1994,11.91187
pri,1995,11.7751
pri,1996,11.27261
pri,1997,10.30819
pri,1998,9.48726
pri,1999,8.28038
pri,2000,7.27593
pri,2001,6.79074
pri,2002,6.17672
pri,2003,5.81245
pri,2004,5.4999
pri,2005,5.21011
pri,2006,4.77615
pri,2007,4.29338
pri,2008,3.91991
pri,2009,3.60501
pri,2010,3.36434
pri,2011,3.05557
pri,2012,2.75878
pri,2013,2.60876
pri,2014,2.44016
pri,2015,2.2952
pri,2016,2.15248
prk,1990,108.50745
prk,1991,111.9283
prk,1992,115.85868
prk,1993,119.49442
prk,1994,124.85108
prk,1995,131.24866
prk,1996,139.00913
prk,1997,144.54508
prk,1998,149.25343
prk,1999,153.43517
prk,2000,156.41563
prk,2001,159.365
prk,2002,159.70157
prk,2003,159.80251
prk,2004,155.96776
prk,2005,150.51602
prk,2006,144.61294
prk,2007,139.44101
prk,2008,136.53698
prk,2009,132.28756
prk,2010,127.4409
prk,2011,123.86336
prk,2012,119.99127
prk,2013,116.05851
prk,2014,112.62157
prk,2015,108.15144
prk,2016,103.43475
prt,1990,45.79516
prt,1991,42.93693
prt,1992,38.78452
prt,1993,34.55115
prt,1994,35.9924
prt,1995,27.4602
prt,1996,25.74165
prt,1997,24.15607
prt,1998,22.18574
prt,1999,21.37798
prt,2000,20.46576
prt,2001,16.53002
prt,2002,15.2082
prt,2003,12.22405
prt,2004,10.05754
prt,2005,7.79665
prt,2006,6.75816
prt,2007,6.75174
prt,2008,6.1552
prt,2009,5.99574
prt,2010,5.48572
prt,2011,5.38137
prt,2012,5.09688
prt,2013,4.72258
prt,2014,4.3199
prt,2015,3.87757
prt,2016,3.55506
pry,1990,121.90085
pry,1991,119.73141
pry,1992,117.88334
pry,1993,116.30972
pry,1994,116.97818
pry,1995,118.96912
pry,1996,119.24596
pry,1997,118.37891
pry,1998,116.56087
pry,1999,115.45922
pry,2000,114.15428
pry,2001,111.5677
pry,2002,107.951
pry,2003,103.09107
pry,2004,97.79573
pry,2005,91.91522
pry,2006,85.20869
pry,2007,78.85669
pry,2008,72.55808
pry,2009,67.80305
pry,2010,63.91406
pry,2011,59.88502
pry,2012,56.65709
pry,2013,53.34361
pry,2014,51.07464
pry,2015,49.17648
pry,2016,47.60789
pse,1990,64.34338
pse,1991,64.49498
pse,1992,62.72589
pse,1993,59.81585
pse,1994,55.90129
pse,1995,53.09405
pse,1996,51.89433
pse,1997,52.43388
pse,1998,49.69483
pse,1999,46.15997
pse,2000,43.9279
pse,2001,41.98609
pse,2002,41.38587
pse,2003,40.39781
pse,2004,38.75692
pse,2005,36.99354
pse,2006,34.17077
pse,2007,32.05634
pse,2008,30.85643
pse,2009,30.04306
pse,2010,30.63706
pse,2011,30.84795
pse,2012,31.32121
pse,2013,30.55391
pse,2014,29.57873
pse,2015,29.04535
pse,2016,27.82774
qat,1990,1.45602
qat,1991,1.40998
qat,1992,1.35415
qat,1993,1.31006
qat,1994,1.24743
qat,1995,1.18127
qat,1996,1.23302
qat,1997,1.25297
qat,1998,1.27323
qat,1999,1.30396
qat,2000,1.30567
qat,2001,1.33772
qat,2002,1.41211
qat,2003,1.48403
qat,2004,1.53178
qat,2005,1.50027
qat,2006,1.53565
qat,2007,1.5499
qat,2008,1.63742
qat,2009,1.71682
qat,2010,1.78545
qat,2011,1.82604
qat,2012,1.84808
qat,2013,1.84059
qat,2014,1.81822
qat,2015,1.78489
qat,2016,1.72488
rou,1990,282.64324
rou,1991,197.77816
rou,1992,171.43277
rou,1993,157.24278
rou,1994,140.44892
rou,1995,110.16422
rou,1996,105.46469
rou,1997,102.00585
rou,1998,94.20211
rou,1999,89.56955
rou,2000,85.03411
rou,2001,79.20999
rou,2002,69.37104
rou,2003,60.22989
rou,2004,56.67738
rou,2005,50.38271
rou,2006,44.88086
rou,2007,37.2788
rou,2008,32.39703
rou,2009,29.33429
rou,2010,26.13714
rou,2011,23.21271
rou,2012,21.17556
rou,2013,18.71353
rou,2014,17.76972
rou,2015,16.82171
rou,2016,15.77898
rus,1990,1233.731
rus,1991,1133.46491
rus,1992,1019.70412
rus,1993,970.59378
rus,1994,1199.22042
rus,1995,1126.09581
rus,1996,724.0527
rus,1997,663.18166
rus,1998,621.46341
rus,1999,587.78452
rus,2000,536.5168
rus,2001,510.15052
rus,2002,475.56462
rus,2003,455.01368
rus,2004,433.72161
rus,2005,404.90326
rus,2006,374.68513
rus,2007,357.97089
rus,2008,330.73368
rus,2009,312.15349
rus,2010,286.68125
rus,2011,295.30819
rus,2012,324.87209
rus,2013,310.88501
rus,2014,287.04002
rus,2015,271.48645
rus,2016,254.31036
rwa,1990,1760.58635
rwa,1991,1793.98888
rwa,1992,1810.57903
rwa,1993,1675.36743
rwa,1994,1635.58667
rwa,1995,1572.8895
rwa,1996,1555.1562
rwa,1997,1564.67957
rwa,1998,1615.54919
rwa,1999,1635.65369
rwa,2000,1626.97591
rwa,2001,1576.29025
rwa,2002,1665.90113
rwa,2003,1552.8051
rwa,2004,1654.30235
rwa,2005,1604.29449
rwa,2006,1520.6605
rwa,2007,1427.62052
rwa,2008,1321.39693
rwa,2009,1215.08842
rwa,2010,1137.45115
rwa,2011,1082.90903
rwa,2012,1055.29404
rwa,2013,1013.53976
rwa,2014,1007.19932
rwa,2015,975.29235
rwa,2016,950.31259
sau,1990,132.96257
sau,1991,127.30723
sau,1992,117.43017
sau,1993,107.32181
sau,1994,97.53881
sau,1995,89.56283
sau,1996,81.96423
sau,1997,74.79883
sau,1998,69.14743
sau,1999,63.08466
sau,2000,58.29875
sau,2001,53.74455
sau,2002,48.77117
sau,2003,43.8354
sau,2004,39.48399
sau,2005,35.44371
sau,2006,31.79872
sau,2007,28.579
sau,2008,25.59235
sau,2009,22.81967
sau,2010,20.33924
sau,2011,17.53818
sau,2012,15.16229
sau,2013,13.1648
sau,2014,11.47177
sau,2015,9.98972
sau,2016,8.70731
sdn,1990,1539.83044
sdn,1991,1030.56611
sdn,1992,1042.02315
sdn,1993,1045.67888
sdn,1994,1046.58205
sdn,1995,1032.50957
sdn,1996,1019.30132
sdn,1997,990.04665
sdn,1998,1019.22844
sdn,1999,2769.32368
sdn,2000,1260.11075
sdn,2001,1141.5519
sdn,2002,1206.4692
sdn,2003,964.12959
sdn,2004,976.13153
sdn,2005,1006.82463
sdn,2006,1283.79423
sdn,2007,1376.46168
sdn,2008,950.12225
sdn,2009,960.49042
sdn,2010,1012.59542
sdn,2011,945.74532
sdn,2012,926.80257
sdn,2013,907.33587
sdn,2014,820.26126
sdn,2015,763.78639
sdn,2016,713.49438
sen,1990,1482.75702
sen,1991,1432.06859
sen,1992,1405.99761
sen,1993,1379.89428
sen,1994,1381.41692
sen,1995,1379.60257
sen,1996,1406.06136
sen,1997,1412.23172
sen,1998,1688.13945
sen,1999,1773.73472
sen,2000,1401.5787
sen,2001,1551.79656
sen,2002,1421.63044
sen,2003,1444.12368
sen,2004,1606.52782
sen,2005,1692.1132
sen,2006,1706.73611
sen,2007,1696.60785
sen,2008,1632.48222
sen,2009,1546.54256
sen,2010,1484.102
sen,2011,1438.72713
sen,2012,1410.33312
sen,2013,1352.12838
sen,2014,1416.63811
sen,2015,1386.77046
sen,2016,1344.95043
sgp,1990,5.73728
sgp,1991,5.35134
sgp,1992,5.18031
sgp,1993,4.83516
sgp,1994,4.64482
sgp,1995,4.31739
sgp,1996,3.86153
sgp,1997,3.74827
sgp,1998,3.73063
sgp,1999,3.38574
sgp,2000,3.06875
sgp,2001,2.62194
sgp,2002,2.15632
sgp,2003,1.76692
sgp,2004,1.55231
sgp,2005,1.39955
sgp,2006,1.22874
sgp,2007,1.08632
sgp,2008,1.0154
sgp,2009,0.93776
sgp,2010,0.80973
sgp,2011,0.74248
sgp,2012,0.65358
sgp,2013,0.60189
sgp,2014,0.55913
sgp,2015,0.557
sgp,2016,0.53856
slb,1990,5.33778
slb,1991,5.32219
slb,1992,5.28766
slb,1993,5.27632
slb,1994,5.26601
slb,1995,5.24845
slb,1996,5.25264
slb,1997,5.25983
slb,1998,5.87811
slb,1999,6.00867
slb,2000,6.06161
slb,2001,6.12858
slb,2002,6.18935
slb,2003,5.93278
slb,2004,5.58974
slb,2005,5.58679
slb,2006,5.55779
slb,2007,6.12895
slb,2008,8.0058
slb,2009,8.09579
slb,2010,8.28879
slb,2011,7.94645
slb,2012,7.42069
slb,2013,7.39909
slb,2014,9.80316
slb,2015,7.04888
slb,2016,6.78042
sle,1990,1627.48563
sle,1991,1593.99623
sle,1992,1553.58592
sle,1993,1492.77632
sle,1994,1417.49383
sle,1995,1430.69965
sle,1996,1288.7747
sle,1997,1236.68915
sle,1998,1180.49398
sle,1999,1142.04729
sle,2000,1122.00948
sle,2001,1097.56603
sle,2002,1070.34816
sle,2003,1060.83512
sle,2004,1073.7445
sle,2005,1081.76329
sle,2006,1095.43057
sle,2007,1094.60335
sle,2008,1067.52369
sle,2009,1074.81863
sle,2010,1093.81586
sle,2011,1089.63326
sle,2012,1093.63824
sle,2013,1083.97121
sle,2014,1116.11848
sle,2015,1125.14548
sle,2016,1114.83687
slv,1990,135.87756
slv,1991,126.35912
slv,1992,114.69337
slv,1993,105.57945
slv,1994,96.88002
slv,1995,88.94153
slv,1996,83.06264
slv,1997,76.96167
slv,1998,70.78684
slv,1999,65.71555
slv,2000,60.85549
slv,2001,55.92705
slv,2002,51.65425
slv,2003,47.66578
slv,2004,43.12627
slv,2005,38.66775
slv,2006,35.56562
slv,2007,32.57905
slv,2008,30.18669
slv,2009,28.48286
slv,2010,27.0743
slv,2011,25.64203
slv,2012,24.20323
slv,2013,23.00439
slv,2014,21.53537
slv,2015,20.27311
slv,2016,18.93143
som,1990,1393.32208
som,1991,1376.54687
som,1992,1346.19261
som,1993,1312.16512
som,1994,1280.35041
som,1995,1255.13732
som,1996,1226.64872
som,1997,1206.18982
som,1998,1195.93646
som,1999,1158.19447
som,2000,1104.08025
som,2001,1101.47711
som,2002,1106.93094
som,2003,1092.85565
som,2004,1069.41825
som,2005,1035.69262
som,2006,1014.90602
som,2007,1090.77019
som,2008,1144.08439
som,2009,1103.71817
som,2010,1035.54319
som,2011,1027.81645
som,2012,1064.80554
som,2013,1062.73988
som,2014,1057.65285
som,2015,1043.50052
som,2016,1039.17264
srb,1990,46.39003
srb,1991,42.74507
srb,1992,42.60464
srb,1993,42.00477
srb,1994,41.43083
srb,1995,40.08957
srb,1996,35.19548
srb,1997,30.72127
srb,1998,27.45658
srb,1999,24.10728
srb,2000,21.83415
srb,2001,20.19183
srb,2002,18.9182
srb,2003,17.76953
srb,2004,16.40218
srb,2005,15.08562
srb,2006,13.76284
srb,2007,12.2675
srb,2008,11.30638
srb,2009,10.93458
srb,2010,10.63914
srb,2011,10.3993
srb,2012,9.7142
srb,2013,9.22506
srb,2014,8.38307
srb,2015,8.05768
srb,2016,7.74239
ssd,1990,2510.1752
ssd,1991,2404.93349
ssd,1992,2280.27238
ssd,1993,2142.53525
ssd,1994,2006.88375
ssd,1995,1882.09679
ssd,1996,1801.85281
ssd,1997,1744.70466
ssd,1998,1724.34182
ssd,1999,1738.89843
ssd,2000,1781.34715
ssd,2001,1793.49134
ssd,2002,1803.74361
ssd,2003,1830.47736
ssd,2004,1895.72578
ssd,2005,2073.87411
ssd,2006,2213.95741
ssd,2007,2481.51099
ssd,2008,2487.57066
ssd,2009,2585.69359
ssd,2010,2628.16007
ssd,2011,2622.28787
ssd,2012,2652.98359
ssd,2013,2709.44196
ssd,2014,2718.0087
ssd,2015,2823.07455
ssd,2016,2876.56199
stp,1990,7.32548
stp,1991,7.21381
stp,1992,7.10017
stp,1993,6.99732
stp,1994,6.93265
stp,1995,6.69103
stp,1996,6.02414
stp,1997,6.24801
stp,1998,5.90776
stp,1999,8.20446
stp,2000,6.26057
stp,2001,5.8192
stp,2002,5.63971
stp,2003,5.70247
stp,2004,4.95956
stp,2005,5.61903
stp,2006,5.48559
stp,2007,5.27356
stp,2008,5.45903
stp,2009,5.30671
stp,2010,5.15052
stp,2011,5.02028
stp,2012,4.83474
stp,2013,4.77916
stp,2014,4.61913
stp,2015,4.43745
stp,2016,4.31598
sur,1990,10.74575
sur,1991,10.58704
sur,1992,10.57504
sur,1993,10.4878
sur,1994,10.4173
sur,1995,10.28662
sur,1996,10.09043
sur,1997,9.87552
sur,1998,9.68718
sur,1999,9.38294
sur,2000,9.17766
sur,2001,8.779
sur,2002,8.33422
sur,2003,7.82907
sur,2004,7.35477
sur,2005,6.86062
sur,2006,6.53404
sur,2007,6.15364
sur,2008,5.83043
sur,2009,5.53798
sur,2010,5.23697
sur,2011,4.93244
sur,2012,4.7381
sur,2013,4.58443
sur,2014,4.46423
sur,2015,4.31753
sur,2016,4.20664
svk,1990,18.94776
svk,1991,19.66093
svk,1992,18.00626
svk,1993,15.83402
svk,1994,15.32483
svk,1995,14.76371
svk,1996,14.49913
svk,1997,14.20334
svk,1998,14.83307
svk,1999,13.67217
svk,2000,12.67562
svk,2001,10.47598
svk,2002,10.41984
svk,2003,10.95431
svk,2004,10.2845
svk,2005,10.00099
svk,2006,9.316
svk,2007,8.71837
svk,2008,8.39078
svk,2009,8.5541
svk,2010,8.03646
svk,2011,7.31511
svk,2012,7.18101
svk,2013,6.81258
svk,2014,6.91694
svk,2015,6.64356
svk,2016,6.241
svn,1990,2.84628
svn,1991,2.57002
svn,1992,2.36199
svn,1993,2.03367
svn,1994,1.80742
svn,1995,1.44692
svn,1996,1.36746
svn,1997,1.17319
svn,1998,1.04968
svn,1999,0.94443
svn,2000,0.96476
svn,2001,0.90124
svn,2002,0.85512
svn,2003,0.78796
svn,2004,0.73664
svn,2005,0.72515
svn,2006,0.67567
svn,2007,0.63673
svn,2008,0.60318
svn,2009,0.57246
svn,2010,0.5343
svn,2011,0.50575
svn,2012,0.4491
svn,2013,0.40529
svn,2014,0.35908
svn,2015,0.33981
svn,2016,0.31478
swe,1990,9.95352
swe,1991,10.11816
swe,1992,9.37805
swe,1993,13.33841
swe,1994,13.11323
swe,1995,10.61711
swe,1996,5.75481
swe,1997,4.85031
swe,1998,4.47774
swe,1999,4.16331
swe,2000,4.13082
swe,2001,4.15069
swe,2002,4.03686
swe,2003,3.92886
swe,2004,3.84225
swe,2005,3.52844
swe,2006,3.34099
swe,2007,3.06032
swe,2008,2.98806
swe,2009,2.98039
swe,2010,3.01741
swe,2011,2.91063
swe,2012,6.8014
swe,2013,2.77169
swe,2014,2.47321
swe,2015,2.51485
swe,2016,2.46445
swz,1990,25.71975
swz,1991,24.80068
swz,1992,23.8891
swz,1993,23.1046
swz,1994,22.54206
swz,1995,22.69697
swz,1996,22.9101
swz,1997,23.45235
swz,1998,24.62645
swz,1999,27.16006
swz,2000,30.11454
swz,2001,33.02569
swz,2002,35.61886
swz,2003,37.95367
swz,2004,39.47899
swz,2005,41.35852
swz,2006,41.19613
swz,2007,41.74508
swz,2008,43.689
swz,2009,44.24603
swz,2010,42.55675
swz,2011,40.43774
swz,2012,38.82142
swz,2013,37.83124
swz,2014,36.52983
swz,2015,35.78473
swz,2016,35.89209
syc,1990,3.35387
syc,1991,3.9189
syc,1992,3.8757
syc,1993,6.23729
syc,1994,3.78347
syc,1995,0.78856
syc,1996,0.75626
syc,1997,0.72062
syc,1998,0.68448
syc,1999,0.67295
syc,2000,0.66184
syc,2001,0.66091
syc,2002,0.67751
syc,2003,0.70373
syc,2004,0.73308
syc,2005,0.74482
syc,2006,0.74677
syc,2007,0.74507
syc,2008,0.74989
syc,2009,0.74334
syc,2010,0.72676
syc,2011,0.71126
syc,2012,0.69848
syc,2013,0.67872
syc,2014,0.65254
syc,2015,0.61027
syc,2016,0.555
syr,1990,534.39057
syr,1991,513.01044
syr,1992,484.3626
syr,1993,462.0707
syr,1994,429.65332
syr,1995,400.15915
syr,1996,350.88811
syr,1997,311.99037
syr,1998,279.16702
syr,1999,255.43347
syr,2000,235.12353
syr,2001,218.34671
syr,2002,200.67412
syr,2003,186.81406
syr,2004,182.6048
syr,2005,175.88175
syr,2006,171.51666
syr,2007,175.75679
syr,2008,178.32471
syr,2009,175.1898
syr,2010,169.31554
syr,2011,155.55108
syr,2012,139.87234
syr,2013,123.18861
syr,2014,106.55874
syr,2015,90.55573
syr,2016,77.83241
tcd,1990,1635.30262
tcd,1991,1673.45462
tcd,1992,1862.98919
tcd,1993,1954.91176
tcd,1994,1832.21514
tcd,1995,1902.2253
tcd,1996,2061.44601
tcd,1997,2142.89533
tcd,1998,2727.93291
tcd,1999,2368.0071
tcd,2000,2925.81905
tcd,2001,2863.91089
tcd,2002,2483.59032
tcd,2003,2547.95193
tcd,2004,2578.62678
tcd,2005,2586.4023
tcd,2006,2753.20392
tcd,2007,2915.2537
tcd,2008,3006.91513
tcd,2009,3082.16541
tcd,2010,3220.28206
tcd,2011,3239.26033
tcd,2012,3148.2022
tcd,2013,3085.5752
tcd,2014,3056.7958
tcd,2015,3121.37928
tcd,2016,3154.83185
tgo,1990,544.43669
tgo,1991,544.15581
tgo,1992,542.71371
tgo,1993,544.31341
tgo,1994,544.18532
tgo,1995,538.62161
tgo,1996,607.54095
tgo,1997,894.56442
tgo,1998,575.19351
tgo,1999,562.56356
tgo,2000,621.87567
tgo,2001,680.95798
tgo,2002,630.72799
tgo,2003,571.19392
tgo,2004,527.5077
tgo,2005,513.89659
tgo,2006,494.18552
tgo,2007,497.4024
tgo,2008,493.39869
tgo,2009,485.46969
tgo,2010,517.12877
tgo,2011,474.88951
tgo,2012,460.90365
tgo,2013,435.56375
tgo,2014,429.82068
tgo,2015,403.98418
tgo,2016,481.17078
tha,1990,510.98381
tha,1991,474.95335
tha,1992,437.39266
tha,1993,402.05127
tha,1994,368.88914
tha,1995,340.80408
tha,1996,312.61396
tha,1997,287.25335
tha,1998,268.85101
tha,1999,267.25451
tha,2000,254.60245
tha,2001,244.13536
tha,2002,231.7518
tha,2003,219.6917
tha,2004,201.02965
tha,2005,183.15877
tha,2006,159.13435
tha,2007,137.58393
tha,2008,118.51565
tha,2009,102.71432
tha,2010,89.06836
tha,2011,78.00048
tha,2012,69.85054
tha,2013,62.6967
tha,2014,56.73279
tha,2015,51.06477
tha,2016,46.30401
tjk,1990,437.52427
tjk,1991,354.7748
tjk,1992,411.19829
tjk,1993,326.60244
tjk,1994,320.10327
tjk,1995,315.60301
tjk,1996,306.56884
tjk,1997,289.34939
tjk,1998,274.61749
tjk,1999,259.86822
tjk,2000,246.48416
tjk,2001,238.5367
tjk,2002,234.91573
tjk,2003,232.76111
tjk,2004,229.52248
tjk,2005,226.73896
tjk,2006,208.53071
tjk,2007,198.43974
tjk,2008,194.78391
tjk,2009,194.55279
tjk,2010,197.71881
tjk,2011,202.57168
tjk,2012,206.88399
tjk,2013,210.87849
tjk,2014,212.83124
tjk,2015,219.26357
tjk,2016,218.88195
tkm,1990,194.91101
tkm,1991,191.28723
tkm,1992,173.10071
tkm,1993,189.90282
tkm,1994,173.91466
tkm,1995,141.06344
tkm,1996,129.79774
tkm,1997,124.84464
tkm,1998,122.40204
tkm,1999,139.82899
tkm,2000,159.23929
tkm,2001,141.99475
tkm,2002,131.30677
tkm,2003,124.00069
tkm,2004,113.12971
tkm,2005,102.00066
tkm,2006,96.31929
tkm,2007,90.65588
tkm,2008,82.04366
tkm,2009,78.72193
tkm,2010,74.45473
tkm,2011,69.14899
tkm,2012,61.10566
tkm,2013,57.87354
tkm,2014,53.83469
tkm,2015,51.97441
tkm,2016,48.89844
tls,1990,79.39417
tls,1991,76.5412
tls,1992,73.27457
tls,1993,69.71809
tls,1994,66.46017
tls,1995,64.19535
tls,1996,61.90687
tls,1997,58.37816
tls,1998,53.23493
tls,1999,47.14326
tls,2000,39.92937
tls,2001,33.93792
tls,2002,30.37456
tls,2003,28.85566
tls,2004,29.46084
tls,2005,30.41254
tls,2006,31.11205
tls,2007,32.26221
tls,2008,32.11365
tls,2009,31.49166
tls,2010,30.46899
tls,2011,28.87548
tls,2012,27.43315
tls,2013,25.9789
tls,2014,24.62651
tls,2015,23.12
tls,2016,22.08185
ton,1990,4.98557
ton,1991,5.18238
ton,1992,5.17765
ton,1993,5.19544
ton,1994,5.17686
ton,1995,5.06585
ton,1996,5.05158
ton,1997,4.93385
ton,1998,4.63275
ton,1999,4.84517
ton,2000,4.74179
ton,2001,4.7076
ton,2002,4.72127
ton,2003,4.66982
ton,2004,4.6342
ton,2005,4.47116
ton,2006,4.39025
ton,2007,4.3206
ton,2008,4.17962
ton,2009,4.03465
ton,2010,3.97712
ton,2011,3.78372
ton,2012,3.5878
ton,2013,3.41225
ton,2014,3.24436
ton,2015,3.083
ton,2016,2.94408
tto,1990,8.39488
tto,1991,7.7421
tto,1992,8.53285
tto,1993,7.08108
tto,1994,7.66995
tto,1995,6.49554
tto,1996,6.25392
tto,1997,5.69463
tto,1998,5.52745
tto,1999,5.09547
tto,2000,4.50265
tto,2001,3.94216
tto,2002,3.50618
tto,2003,3.35653
tto,2004,2.8667
tto,2005,2.67
tto,2006,2.50432
tto,2007,2.3646
tto,2008,2.26699
tto,2009,2.34513
tto,2010,2.16471
tto,2011,2.07874
tto,2012,1.94177
tto,2013,1.83664
tto,2014,1.73125
tto,2015,1.63931
tto,2016,1.56233
tun,1990,133.37976
tun,1991,121.87458
tun,1992,110.79048
tun,1993,100.33374
tun,1994,90.32841
tun,1995,81.29098
tun,1996,72.33318
tun,1997,64.34168
tun,1998,57.04837
tun,1999,50.91728
tun,2000,45.79793
tun,2001,41.71454
tun,2002,38.27442
tun,2003,35.4754
tun,2004,32.93036
tun,2005,31.03528
tun,2006,29.50032
tun,2007,28.25306
tun,2008,27.22803
tun,2009,26.34284
tun,2010,25.57108
tun,2011,24.64139
tun,2012,23.14036
tun,2013,21.81137
tun,2014,19.99807
tun,2015,18.20779
tun,2016,16.47467
tur,1990,4152.03916
tur,1991,3819.53519
tur,1992,3538.48608
tur,1993,3348.32275
tur,1994,3271.14584
tur,1995,3230.81436
tur,1996,3134.8431
tur,1997,3015.38792
tur,1998,2790.36096
tur,1999,2412.11178
tur,2000,2101.00589
tur,2001,1895.6058
tur,2002,1734.23921
tur,2003,1449.07908
tur,2004,1045.18307
tur,2005,745.37331
tur,2006,544.67726
tur,2007,415.25824
tur,2008,336.39638
tur,2009,288.19327
tur,2010,251.57574
tur,2011,227.9561
tur,2012,208.13884
tur,2013,191.56187
tur,2014,177.58792
tur,2015,162.95477
tur,2016,148.77689
twn,1990,31.3111
twn,1991,29.75118
twn,1992,29.05534
twn,1993,27.70316
twn,1994,27.94363
twn,1995,31.57459
twn,1996,32.69885
twn,1997,31.58401
twn,1998,29.14768
twn,1999,27.38473
twn,2000,25.81264
twn,2001,24.0277
twn,2002,20.49697
twn,2003,17.58624
twn,2004,16.27917
twn,2005,14.45788
twn,2006,12.92587
twn,2007,12.07731
twn,2008,11.41356
twn,2009,10.14693
twn,2010,9.30641
twn,2011,9.68367
twn,2012,9.66289
twn,2013,8.92787
twn,2014,8.57542
twn,2015,8.62661
twn,2016,8.41808
tza,1990,4251.4151
tza,1991,4182.98161
tza,1992,4172.21974
tza,1993,4352.23189
tza,1994,4111.76993
tza,1995,4036.76488
tza,1996,4127.36921
tza,1997,3867.19074
tza,1998,3755.0501
tza,1999,3660.33253
tza,2000,3542.63875
tza,2001,3683.95905
tza,2002,3787.57681
tza,2003,4000.47107
tza,2004,4185.9866
tza,2005,4263.67578
tza,2006,4550.32656
tza,2007,4777.02079
tza,2008,4702.82936
tza,2009,4639.1712
tza,2010,4464.77741
tza,2011,4452.6292
tza,2012,4450.05609
tza,2013,4324.31172
tza,2014,4084.90788
tza,2015,3981.81975
tza,2016,3871.61155
uga,1990,5604.39011
uga,1991,5475.3603
uga,1992,5478.28374
uga,1993,5625.18856
uga,1994,5151.86363
uga,1995,5038.93573
uga,1996,4937.95177
uga,1997,4867.28064
uga,1998,4735.54259
uga,1999,4593.52183
uga,2000,4589.23748
uga,2001,4709.96372
uga,2002,4772.59689
uga,2003,4809.64906
uga,2004,4897.29385
uga,2005,5005.22463
uga,2006,5171.5044
uga,2007,5254.61774
uga,2008,5041.97972
uga,2009,4981.73626
uga,2010,5001.04795
uga,2011,5101.26769
uga,2012,5380.03452
uga,2013,5749.44488
uga,2014,5697.81981
uga,2015,5363.00199
uga,2016,5257.18935
ukr,1990,340.35247
ukr,1991,309.40337
ukr,1992,281.26551
ukr,1993,268.23544
ukr,1994,261.94442
ukr,1995,255.36622
ukr,1996,241.03032
ukr,1997,223.74848
ukr,1998,210.70213
ukr,1999,197.98836
ukr,2000,189.18088
ukr,2001,181.483
ukr,2002,171.68001
ukr,2003,163.20493
ukr,2004,152.11533
ukr,2005,145.00568
ukr,2006,136.49138
ukr,2007,126.68601
ukr,2008,120.35941
ukr,2009,114.93159
ukr,2010,108.40781
ukr,2011,105.913
ukr,2012,101.02398
ukr,2013,96.69263
ukr,2014,94.15848
ukr,2015,95.60299
ukr,2016,96.10819
ury,1990,21.73413
ury,1991,20.93124
ury,1992,19.22873
ury,1993,19.34631
ury,1994,18.19143
ury,1995,16.48848
ury,1996,15.22699
ury,1997,12.39414
ury,1998,10.72824
ury,1999,9.11004
ury,2000,7.55524
ury,2001,6.89543
ury,2002,6.19554
ury,2003,6.3355
ury,2004,5.63296
ury,2005,4.47175
ury,2006,4.05261
ury,2007,3.93941
ury,2008,3.21192
ury,2009,2.68238
ury,2010,2.46313
ury,2011,2.43622
ury,2012,2.33916
ury,2013,1.9398
ury,2014,1.80321
ury,2015,1.74579
ury,2016,1.73756
usa,1990,796.78091
usa,1991,722.40237
usa,1992,654.98267
usa,1993,651.0853
usa,1994,620.38228
usa,1995,573.33891
usa,1996,547.24522
usa,1997,536.87503
usa,1998,489.67346
usa,1999,461.882
usa,2000,425.27852
usa,2001,400.56231
usa,2002,373.50562
usa,2003,365.51622
usa,2004,278.08631
usa,2005,273.54799
usa,2006,263.24381
usa,2007,258.45402
usa,2008,244.15676
usa,2009,223.01977
usa,2010,202.54138
usa,2011,189.44721
usa,2012,182.5421
usa,2013,182.05989
usa,2014,177.94249
usa,2015,182.05745
usa,2016,182.08766
uzb,1990,613.79417
uzb,1991,514.01484
uzb,1992,489.11258
uzb,1993,511.9694
uzb,1994,433.56555
uzb,1995,409.81915
uzb,1996,381.76942
uzb,1997,343.52153
uzb,1998,307.65513
uzb,1999,278.27613
uzb,2000,260.27597
uzb,2001,250.27309
uzb,2002,243.68366
uzb,2003,238.77486
uzb,2004,228.70162
uzb,2005,216.95662
uzb,2006,205.71463
uzb,2007,192.6727
uzb,2008,180.16563
uzb,2009,168.26236
uzb,2010,158.4697
uzb,2011,145.66477
uzb,2012,129.7019
uzb,2013,119.92361
uzb,2014,111.14425
uzb,2015,109.8544
uzb,2016,106.12281
vct,1990,1.78506
vct,1991,1.63335
vct,1992,1.51526
vct,1993,1.42472
vct,1994,1.34892
vct,1995,1.27495
vct,1996,1.19638
vct,1997,1.15159
vct,1998,1.09444
vct,1999,1.00403
vct,2000,0.94655
vct,2001,0.83415
vct,2002,0.7383
vct,2003,0.65961
vct,2004,0.59901
vct,2005,0.52905
vct,2006,0.49932
vct,2007,0.46081
vct,2008,0.42733
vct,2009,0.39745
vct,2010,0.37199
vct,2011,0.35028
vct,2012,0.33934
vct,2013,0.324
vct,2014,0.30861
vct,2015,0.26718
vct,2016,0.27138
ven,1990,410.66222
ven,1991,404.26586
ven,1992,382.68449
ven,1993,366.32705
ven,1994,352.21172
ven,1995,348.35357
ven,1996,330.01846
ven,1997,298.39735
ven,1998,269.51091
ven,1999,250.73512
ven,2000,226.65606
ven,2001,203.05493
ven,2002,184.55088
ven,2003,172.1731
ven,2004,165.77854
ven,2005,153.43063
ven,2006,145.78331
ven,2007,139.60272
ven,2008,138.30208
ven,2009,136.50821
ven,2010,136.58558
ven,2011,140.139
ven,2012,140.59927
ven,2013,141.46205
ven,2014,136.35596
ven,2015,133.1585
ven,2016,130.81786
vnm,1990,1148.59258
vnm,1991,1158.74548
vnm,1992,1016.86454
vnm,1993,949.336
vnm,1994,884.7102
vnm,1995,823.41287
vnm,1996,767.73943
vnm,1997,712.23821
vnm,1998,742.52257
vnm,1999,612.76478
vnm,2000,567.24722
vnm,2001,527.81371
vnm,2002,491.79858
vnm,2003,468.39469
vnm,2004,442.699
vnm,2005,421.44422
vnm,2006,404.40785
vnm,2007,389.24189
vnm,2008,377.49959
vnm,2009,366.84582
vnm,2010,354.74185
vnm,2011,341.84884
vnm,2012,327.55399
vnm,2013,312.97912
vnm,2014,298.26085
vnm,2015,285.11102
vnm,2016,269.96112
vut,1990,3.09133
vut,1991,3.10305
vut,1992,3.51746
vut,1993,3.98073
vut,1994,4.19666
vut,1995,4.23037
vut,1996,4.21898
vut,1997,4.07357
vut,1998,4.37164
vut,1999,5.29457
vut,2000,5.46701
vut,2001,5.52946
vut,2002,5.56072
vut,2003,5.36778
vut,2004,5.02532
vut,2005,5.13535
vut,2006,5.14095
vut,2007,5.97468
vut,2008,5.97026
vut,2009,5.87296
vut,2010,5.82169
vut,2011,5.57051
vut,2012,5.17498
vut,2013,5.01229
vut,2014,5.04325
vut,2015,4.86937
vut,2016,5.06973
wsm,1990,2.40259
wsm,1991,2.26076
wsm,1992,2.14651
wsm,1993,2.02752
wsm,1994,1.95025
wsm,1995,1.83878
wsm,1996,1.75522
wsm,1997,1.65192
wsm,1998,1.53921
wsm,1999,1.65436
wsm,2000,1.58876
wsm,2001,1.523
wsm,2002,1.47213
wsm,2003,1.41451
wsm,2004,1.43903
wsm,2005,1.43853
wsm,2006,1.40507
wsm,2007,1.39749
wsm,2008,1.30518
wsm,2009,1.27431
wsm,2010,1.2741
wsm,2011,1.22478
wsm,2012,1.18726
wsm,2013,1.13993
wsm,2014,1.06915
wsm,2015,0.99988
wsm,2016,0.94327
yem,1990,638.12776
yem,1991,641.09132
yem,1992,640.41916
yem,1993,632.8353
yem,1994,616.7897
yem,1995,595.88367
yem,1996,574.17937
yem,1997,550.00146
yem,1998,526.53777
yem,1999,499.31933
yem,2000,473.69054
yem,2001,451.16314
yem,2002,443.73468
yem,2003,423.50643
yem,2004,403.14763
yem,2005,379.81581
yem,2006,359.82113
yem,2007,367.96429
yem,2008,366.77009
yem,2009,363.89758
yem,2010,360.78144
yem,2011,357.65543
yem,2012,348.80098
yem,2013,340.65105
yem,2014,319.4821
yem,2015,303.93731
yem,2016,286.74726
zaf,1990,966.02773
zaf,1991,930.17744
zaf,1992,951.6921
zaf,1993,904.3051
zaf,1994,856.18658
zaf,1995,818.79613
zaf,1996,760.2087
zaf,1997,758.88363
zaf,1998,730.49414
zaf,1999,680.17825
zaf,2000,658.18136
zaf,2001,660.759
zaf,2002,620.9775
zaf,2003,571.29449
zaf,2004,576.05902
zaf,2005,564.40729
zaf,2006,565.14789
zaf,2007,562.51631
zaf,2008,556.95266
zaf,2009,507.42936
zaf,2010,440.35545
zaf,2011,391.58468
zaf,2012,360.23735
zaf,2013,339.87373
zaf,2014,324.45477
zaf,2015,306.22346
zaf,2016,293.53284
zmb,1990,3525.63991
zmb,1991,3526.68395
zmb,1992,3691.80381
zmb,1993,2873.05214
zmb,1994,2720.78257
zmb,1995,2562.58829
zmb,1996,2413.97721
zmb,1997,2304.7072
zmb,1998,2186.81611
zmb,1999,2115.05002
zmb,2000,2074.00393
zmb,2001,1984.89085
zmb,2002,1874.58776
zmb,2003,1833.87968
zmb,2004,1906.45311
zmb,2005,1964.66258
zmb,2006,1989.0533
zmb,2007,1965.9567
zmb,2008,1988.38814
zmb,2009,1904.01164
zmb,2010,1830.96892
zmb,2011,1863.7187
zmb,2012,1852.1512
zmb,2013,1812.50185
zmb,2014,1771.19674
zmb,2015,1748.12846
zmb,2016,1716.0377
zwe,1990,495.46616
zwe,1991,533.6666
zwe,1992,451.52922
zwe,1993,428.32397
zwe,1994,406.55894
zwe,1995,386.01438
zwe,1996,361.30606
zwe,1997,341.139
zwe,1998,332.18711
zwe,1999,400.77425
zwe,2000,422.47801
zwe,2001,438.63866
zwe,2002,447.22088
zwe,2003,481.7747
zwe,2004,497.10976
zwe,2005,540.648
zwe,2006,589.00316
zwe,2007,671.26681
zwe,2008,715.58735
zwe,2009,749.96005
zwe,2010,802.00709
zwe,2011,847.92581
zwe,2012,826.48586
zwe,2013,822.69255
zwe,2014,849.87172
zwe,2015,830.00056
zwe,2016,844.03206
