geo,time,cervical_cancer_new_cases_per_100000_women
afg,1990,16.98
afg,1991,16.93
afg,1992,16.92
afg,1993,16.98
afg,1994,17.08
afg,1995,17.07
afg,1996,17.02
afg,1997,16.97
afg,1998,16.87
afg,1999,16.77
afg,2000,16.68
afg,2001,16.6
afg,2002,16.33
afg,2003,16.06
afg,2004,15.84
afg,2005,15.61
afg,2006,15.39
afg,2007,15.12
afg,2008,14.89
afg,2009,14.62
afg,2010,14.35
afg,2011,14.09
afg,2012,13.81
afg,2013,13.56
afg,2014,13.34
afg,2015,13.14
afg,2016,12.98
ago,1990,54.74
ago,1991,54.48
ago,1992,53.99
ago,1993,54.45
ago,1994,55.04
ago,1995,55.36
ago,1996,55.91
ago,1997,54.71
ago,1998,53.99
ago,1999,53.28
ago,2000,52.61
ago,2001,51.68
ago,2002,50.6
ago,2003,49.97
ago,2004,49.16
ago,2005,48.15
ago,2006,47.17
ago,2007,46.11
ago,2008,44.98
ago,2009,43.83
ago,2010,42.78
ago,2011,41.75
ago,2012,40.84
ago,2013,39.94
ago,2014,39.05
ago,2015,38.19
ago,2016,37.4
alb,1990,7.49
alb,1991,7.34
alb,1992,7.19
alb,1993,7.02
alb,1994,7.13
alb,1995,7.24
alb,1996,7.48
alb,1997,7.71
alb,1998,7.73
alb,1999,7.92
alb,2000,7.99
alb,2001,8.04
alb,2002,8.18
alb,2003,8.18
alb,2004,8.33
alb,2005,8.52
alb,2006,8.6
alb,2007,8.52
alb,2008,8.45
alb,2009,8.4
alb,2010,8.16
alb,2011,7.96
alb,2012,7.8
alb,2013,7.67
alb,2014,7.55
alb,2015,7.45
alb,2016,7.37
and,1990,11.1
and,1991,10.93
and,1992,10.72
and,1993,10.67
and,1994,10.65
and,1995,10.21
and,1996,9.83
and,1997,9.49
and,1998,9.18
and,1999,8.98
and,2000,8.79
and,2001,8.6
and,2002,8.42
and,2003,8.28
and,2004,8.31
and,2005,8.14
and,2006,8.04
and,2007,7.91
and,2008,7.92
and,2009,8
and,2010,7.98
and,2011,7.95
and,2012,7.93
and,2013,7.92
and,2014,7.93
and,2015,7.93
and,2016,7.93
are,1990,12.44
are,1991,12.27
are,1992,12.1
are,1993,11.94
are,1994,11.77
are,1995,11.56
are,1996,11.42
are,1997,11.13
are,1998,10.86
are,1999,10.66
are,2000,10.41
are,2001,10.15
are,2002,9.9
are,2003,9.61
are,2004,9.3
are,2005,9.03
are,2006,8.76
are,2007,9.19
are,2008,9.03
are,2009,8.94
are,2010,8.91
are,2011,8.87
are,2012,8.83
are,2013,8.77
are,2014,8.71
are,2015,8.64
are,2016,8.55
arg,1990,31.64
arg,1991,31.87
arg,1992,31.96
arg,1993,31.81
arg,1994,31.64
arg,1995,31.64
arg,1996,32.07
arg,1997,32.5
arg,1998,32.47
arg,1999,32.36
arg,2000,31.98
arg,2001,31.73
arg,2002,31.5
arg,2003,31.18
arg,2004,30.87
arg,2005,30.48
arg,2006,30.73
arg,2007,30.89
arg,2008,30.91
arg,2009,31.17
arg,2010,31.25
arg,2011,31.1
arg,2012,30.97
arg,2013,31.16
arg,2014,30.91
arg,2015,30.22
arg,2016,29.69
arm,1990,20.41
arm,1991,20.35
arm,1992,21.1
arm,1993,20.83
arm,1994,19.67
arm,1995,20.21
arm,1996,21.23
arm,1997,21.13
arm,1998,21.42
arm,1999,20.53
arm,2000,19.51
arm,2001,19.99
arm,2002,19.61
arm,2003,20.23
arm,2004,20.45
arm,2005,21.27
arm,2006,22
arm,2007,21.77
arm,2008,22.71
arm,2009,22.42
arm,2010,22.2
arm,2011,21.15
arm,2012,19.99
arm,2013,18.11
arm,2014,16.64
arm,2015,16.59
arm,2016,16.41
asm,1990,9.17
asm,1991,9.33
asm,1992,9.6
asm,1993,9.8
asm,1994,10
asm,1995,10.2
asm,1996,10.4
asm,1997,10.55
asm,1998,10.53
asm,1999,10.5
asm,2000,10.51
asm,2001,10.62
asm,2002,10.72
asm,2003,10.68
asm,2004,10.7
asm,2005,10.57
asm,2006,10.63
asm,2007,10.63
asm,2008,10.57
asm,2009,10.58
asm,2010,10.51
asm,2011,10.86
asm,2012,10.96
asm,2013,10.95
asm,2014,10.93
asm,2015,10.89
asm,2016,10.78
atg,1990,18.64
atg,1991,18.39
atg,1992,18.06
atg,1993,17.96
atg,1994,18.24
atg,1995,18.08
atg,1996,18.07
atg,1997,18
atg,1998,17.38
atg,1999,17.12
atg,2000,16.74
atg,2001,16.58
atg,2002,16.59
atg,2003,16.31
atg,2004,16.3
atg,2005,16.32
atg,2006,15.89
atg,2007,15.68
atg,2008,15.44
atg,2009,15.22
atg,2010,15.22
atg,2011,15.25
atg,2012,15.35
atg,2013,15.23
atg,2014,15.4
atg,2015,15.25
atg,2016,15.11
aus,1990,10.62
aus,1991,10.3
aus,1992,9.94
aus,1993,9.62
aus,1994,9.38
aus,1995,8.94
aus,1996,8.5
aus,1997,8.04
aus,1998,7.66
aus,1999,7.25
aus,2000,7
aus,2001,6.69
aus,2002,6.42
aus,2003,6.37
aus,2004,6.19
aus,2005,6.07
aus,2006,6.01
aus,2007,5.97
aus,2008,5.92
aus,2009,5.84
aus,2010,5.79
aus,2011,5.79
aus,2012,5.72
aus,2013,5.68
aus,2014,5.69
aus,2015,5.62
aus,2016,5.57
aut,1990,17.62
aut,1991,16.93
aut,1992,16.31
aut,1993,15.69
aut,1994,15
aut,1995,14.38
aut,1996,13.48
aut,1997,12.87
aut,1998,12.32
aut,1999,12.04
aut,2000,11.52
aut,2001,11.1
aut,2002,10.98
aut,2003,10.66
aut,2004,10.25
aut,2005,10.22
aut,2006,9.91
aut,2007,9.63
aut,2008,9.38
aut,2009,9.33
aut,2010,9.12
aut,2011,9.2
aut,2012,9.14
aut,2013,8.98
aut,2014,8.99
aut,2015,8.82
aut,2016,8.69
aze,1990,11.89
aze,1991,11.92
aze,1992,12.41
aze,1993,12.55
aze,1994,12.86
aze,1995,12.51
aze,1996,12.3
aze,1997,12.35
aze,1998,12.48
aze,1999,12.58
aze,2000,12.87
aze,2001,13.15
aze,2002,13.48
aze,2003,14.08
aze,2004,14.25
aze,2005,14.44
aze,2006,14.5
aze,2007,14.53
aze,2008,14.38
aze,2009,14.15
aze,2010,13.95
aze,2011,13.44
aze,2012,13.42
aze,2013,12.56
aze,2014,12.28
aze,2015,12.08
aze,2016,11.9
bdi,1990,74.7
bdi,1991,74.45
bdi,1992,74.35
bdi,1993,74.36
bdi,1994,74.52
bdi,1995,74.75
bdi,1996,75.24
bdi,1997,74.13
bdi,1998,72.97
bdi,1999,71.91
bdi,2000,70.78
bdi,2001,67.51
bdi,2002,64.68
bdi,2003,62.34
bdi,2004,60.35
bdi,2005,58.39
bdi,2006,56.08
bdi,2007,53.91
bdi,2008,52.4
bdi,2009,51.44
bdi,2010,50.7
bdi,2011,50.22
bdi,2012,49.82
bdi,2013,49.51
bdi,2014,49.2
bdi,2015,49.03
bdi,2016,48.98
bel,1990,12.01
bel,1991,11.78
bel,1992,11.67
bel,1993,11.68
bel,1994,11.44
bel,1995,11.28
bel,1996,11
bel,1997,10.83
bel,1998,10.56
bel,1999,10.49
bel,2000,10.06
bel,2001,10.04
bel,2002,9.88
bel,2003,9.65
bel,2004,9.58
bel,2005,9.42
bel,2006,9.3
bel,2007,9.34
bel,2008,9.25
bel,2009,9.15
bel,2010,8.95
bel,2011,8.78
bel,2012,8.52
bel,2013,8.36
bel,2014,8.08
bel,2015,7.99
bel,2016,7.92
ben,1990,27.07
ben,1991,26.72
ben,1992,26.64
ben,1993,26.33
ben,1994,26.47
ben,1995,26.85
ben,1996,27.18
ben,1997,27.02
ben,1998,27.07
ben,1999,27.18
ben,2000,27.43
ben,2001,27.5
ben,2002,27.5
ben,2003,27.43
ben,2004,27.52
ben,2005,27.44
ben,2006,27.48
ben,2007,27.47
ben,2008,27.57
ben,2009,27.82
ben,2010,27.88
ben,2011,27.88
ben,2012,27.85
ben,2013,27.75
ben,2014,27.52
ben,2015,27.29
ben,2016,27.07
bfa,1990,32.52
bfa,1991,32.19
bfa,1992,32.33
bfa,1993,32.15
bfa,1994,32.03
bfa,1995,32.02
bfa,1996,31.75
bfa,1997,31.92
bfa,1998,32.04
bfa,1999,32.1
bfa,2000,32.11
bfa,2001,31.84
bfa,2002,31.97
bfa,2003,31.89
bfa,2004,32.09
bfa,2005,32.04
bfa,2006,32.12
bfa,2007,32
bfa,2008,31.87
bfa,2009,32.04
bfa,2010,32.04
bfa,2011,32.02
bfa,2012,31.99
bfa,2013,31.85
bfa,2014,31.71
bfa,2015,31.58
bfa,2016,31.48
bgd,1990,28.87
bgd,1991,26.79
bgd,1992,26.03
bgd,1993,24.67
bgd,1994,23.38
bgd,1995,22.46
bgd,1996,20.74
bgd,1997,19.39
bgd,1998,17.99
bgd,1999,16.59
bgd,2000,15.86
bgd,2001,15.03
bgd,2002,14.43
bgd,2003,13.78
bgd,2004,13.21
bgd,2005,12.86
bgd,2006,12.41
bgd,2007,12.05
bgd,2008,11.8
bgd,2009,11.5
bgd,2010,11.39
bgd,2011,10.98
bgd,2012,10.8
bgd,2013,10.59
bgd,2014,10.4
bgd,2015,10.22
bgd,2016,10.06
bgr,1990,18.32
bgr,1991,18.73
bgr,1992,19.35
bgr,1993,19.77
bgr,1994,20.53
bgr,1995,21.01
bgr,1996,21.45
bgr,1997,22.27
bgr,1998,22.31
bgr,1999,22.82
bgr,2000,22.62
bgr,2001,22.57
bgr,2002,22.4
bgr,2003,22.32
bgr,2004,22.5
bgr,2005,22.17
bgr,2006,22.36
bgr,2007,22.24
bgr,2008,21.75
bgr,2009,21.77
bgr,2010,21.84
bgr,2011,21.31
bgr,2012,20.63
bgr,2013,20.18
bgr,2014,19.83
bgr,2015,19.55
bgr,2016,19.29
bhr,1990,8.87
bhr,1991,9.13
bhr,1992,9.09
bhr,1993,8.97
bhr,1994,8.81
bhr,1995,8.75
bhr,1996,8.5
bhr,1997,8.23
bhr,1998,7.98
bhr,1999,8.1
bhr,2000,8.04
bhr,2001,7.75
bhr,2002,7.22
bhr,2003,6.9
bhr,2004,6.71
bhr,2005,6.37
bhr,2006,6.02
bhr,2007,5.73
bhr,2008,5.58
bhr,2009,5.43
bhr,2010,5.3
bhr,2011,5.13
bhr,2012,4.92
bhr,2013,4.76
bhr,2014,4.86
bhr,2015,4.82
bhr,2016,4.8
bhs,1990,33.61
bhs,1991,32.71
bhs,1992,32.07
bhs,1993,31.82
bhs,1994,30.19
bhs,1995,30.1
bhs,1996,27.01
bhs,1997,28.93
bhs,1998,28.02
bhs,1999,27.7
bhs,2000,28.82
bhs,2001,28.85
bhs,2002,29.55
bhs,2003,28.37
bhs,2004,25.5
bhs,2005,25.01
bhs,2006,23.75
bhs,2007,24.01
bhs,2008,23.8
bhs,2009,24.81
bhs,2010,24.82
bhs,2011,24.61
bhs,2012,25.92
bhs,2013,26.64
bhs,2014,26.09
bhs,2015,25.82
bhs,2016,25.91
bih,1990,13.65
bih,1991,13.43
bih,1992,13.42
bih,1993,13.37
bih,1994,13.29
bih,1995,13.24
bih,1996,12.79
bih,1997,12.42
bih,1998,12.07
bih,1999,11.74
bih,2000,11.67
bih,2001,11.75
bih,2002,11.96
bih,2003,12.18
bih,2004,12.33
bih,2005,12.45
bih,2006,12.51
bih,2007,12.52
bih,2008,12.45
bih,2009,12.37
bih,2010,12.3
bih,2011,12.23
bih,2012,12.15
bih,2013,12.08
bih,2014,12.04
bih,2015,11.87
bih,2016,11.72
blr,1990,16.42
blr,1991,16.92
blr,1992,17.5
blr,1993,18.34
blr,1994,18.56
blr,1995,19.05
blr,1996,18.71
blr,1997,18.61
blr,1998,18.15
blr,1999,18.12
blr,2000,17.66
blr,2001,17.85
blr,2002,18.58
blr,2003,18.42
blr,2004,18.62
blr,2005,18.77
blr,2006,18.49
blr,2007,18.08
blr,2008,17.96
blr,2009,17.96
blr,2010,17.81
blr,2011,17.92
blr,2012,16.58
blr,2013,16.21
blr,2014,15.55
blr,2015,15.04
blr,2016,14.74
blz,1990,29.46
blz,1991,28.8
blz,1992,28.11
blz,1993,25.32
blz,1994,29.25
blz,1995,29.95
blz,1996,34.82
blz,1997,43.25
blz,1998,48.49
blz,1999,49.95
blz,2000,48.05
blz,2001,49.78
blz,2002,46.98
blz,2003,47.15
blz,2004,46.3
blz,2005,43.68
blz,2006,42.18
blz,2007,42.55
blz,2008,42.23
blz,2009,41.75
blz,2010,43.09
blz,2011,41.27
blz,2012,41.17
blz,2013,41.52
blz,2014,42.39
blz,2015,41.26
blz,2016,40.46
bmu,1990,28.18
bmu,1991,23.63
bmu,1992,24.5
bmu,1993,26.06
bmu,1994,25.52
bmu,1995,20.59
bmu,1996,22.9
bmu,1997,24.17
bmu,1998,21.75
bmu,1999,19.88
bmu,2000,18.73
bmu,2001,17.47
bmu,2002,14.38
bmu,2003,12.93
bmu,2004,12.62
bmu,2005,11.14
bmu,2006,9.85
bmu,2007,11.42
bmu,2008,10.68
bmu,2009,10.82
bmu,2010,11.54
bmu,2011,11.43
bmu,2012,11.28
bmu,2013,11.94
bmu,2014,11.5
bmu,2015,11.83
bmu,2016,11.12
bol,1990,56.68
bol,1991,55.72
bol,1992,54.96
bol,1993,54
bol,1994,52.48
bol,1995,50.86
bol,1996,48.85
bol,1997,47.22
bol,1998,44.97
bol,1999,42.98
bol,2000,41.04
bol,2001,39.35
bol,2002,38.49
bol,2003,37.37
bol,2004,36.69
bol,2005,36.16
bol,2006,35.51
bol,2007,35.37
bol,2008,34.94
bol,2009,34.56
bol,2010,34.25
bol,2011,33.93
bol,2012,33.55
bol,2013,33.2
bol,2014,32.89
bol,2015,32.59
bol,2016,32.33
bra,1990,24.64
bra,1991,24.3
bra,1992,24.35
bra,1993,24.01
bra,1994,23.81
bra,1995,23.74
bra,1996,23.45
bra,1997,23.34
bra,1998,23.19
bra,1999,23.07
bra,2000,22.59
bra,2001,22.05
bra,2002,21.5
bra,2003,21.07
bra,2004,20.66
bra,2005,20.19
bra,2006,19.81
bra,2007,19.49
bra,2008,19.16
bra,2009,18.92
bra,2010,18.64
bra,2011,18.36
bra,2012,18.12
bra,2013,17.85
bra,2014,17.7
bra,2015,17.55
bra,2016,17.29
brb,1990,38.67
brb,1991,38.53
brb,1992,38.04
brb,1993,36.57
brb,1994,36.26
brb,1995,35
brb,1996,32.88
brb,1997,30.66
brb,1998,28.45
brb,1999,26.47
brb,2000,25.05
brb,2001,24.85
brb,2002,22.63
brb,2003,21.59
brb,2004,20.98
brb,2005,20.24
brb,2006,19.59
brb,2007,19.35
brb,2008,20.46
brb,2009,20.46
brb,2010,20.04
brb,2011,19.61
brb,2012,19.52
brb,2013,21.49
brb,2014,20.83
brb,2015,20.75
brb,2016,20.65
brn,1990,31.72
brn,1991,31.79
brn,1992,31.58
brn,1993,30.98
brn,1994,30.22
brn,1995,29.36
brn,1996,28.51
brn,1997,26.59
brn,1998,24.87
brn,1999,24.76
brn,2000,24.44
brn,2001,23.82
brn,2002,23.45
brn,2003,23.3
brn,2004,23.82
brn,2005,23.92
brn,2006,24.33
brn,2007,24.43
brn,2008,24.24
brn,2009,23.98
brn,2010,23.48
brn,2011,23.16
brn,2012,23.2
brn,2013,23.18
brn,2014,22.72
brn,2015,22.43
brn,2016,22.2
btn,1990,26.55
btn,1991,25.76
btn,1992,24.95
btn,1993,24.1
btn,1994,23.21
btn,1995,22.38
btn,1996,20.86
btn,1997,19.95
btn,1998,18.78
btn,1999,17.23
btn,2000,16.32
btn,2001,15.37
btn,2002,14.47
btn,2003,13.88
btn,2004,13.42
btn,2005,13.01
btn,2006,12.51
btn,2007,12.04
btn,2008,11.62
btn,2009,11.27
btn,2010,11.03
btn,2011,10.8
btn,2012,10.63
btn,2013,10.45
btn,2014,10.28
btn,2015,10.12
btn,2016,9.97
bwa,1990,45
bwa,1991,44.35
bwa,1992,43.98
bwa,1993,43.74
bwa,1994,44.01
bwa,1995,45.18
bwa,1996,46.59
bwa,1997,48.52
bwa,1998,51.28
bwa,1999,54
bwa,2000,56.92
bwa,2001,58.4
bwa,2002,59.44
bwa,2003,59.24
bwa,2004,57.21
bwa,2005,53.46
bwa,2006,50.59
bwa,2007,48.33
bwa,2008,46.18
bwa,2009,43.61
bwa,2010,42.12
bwa,2011,41.12
bwa,2012,41.43
bwa,2013,40.75
bwa,2014,40.85
bwa,2015,41.13
bwa,2016,41.61
caf,1990,55.52
caf,1991,54.93
caf,1992,54.07
caf,1993,56.63
caf,1994,56.98
caf,1995,57.2
caf,1996,57.53
caf,1997,57.59
caf,1998,57.46
caf,1999,57.3
caf,2000,57.11
caf,2001,56.94
caf,2002,56.66
caf,2003,56.46
caf,2004,56.12
caf,2005,55.7
caf,2006,55.21
caf,2007,54.62
caf,2008,53.91
caf,2009,53.59
caf,2010,53.05
caf,2011,52.53
caf,2012,51.9
caf,2013,51.86
caf,2014,51.64
caf,2015,51.34
caf,2016,51.21
can,1983,10.65625
can,1984,10.2425
can,1985,10.74875
can,1986,10.165
can,1987,9.99125
can,1988,10.0975
can,1989,10.50375
can,1990,10.91
can,1991,10.88
can,1992,10.74
can,1993,10.69
can,1994,10.57
can,1995,10.3
can,1996,10.38
can,1997,10.23
can,1998,10.06
can,1999,9.94
can,2000,9.73
can,2001,9.64
can,2002,9.47
can,2003,9.27
can,2004,9.15
can,2005,9
can,2006,8.91
can,2007,8.88
can,2008,8.81
can,2009,8.72
can,2010,8.69
can,2011,8.6
can,2012,8.65
can,2013,8.57
can,2014,8.49
can,2015,8.45
can,2016,8.34
che,1990,9.94
che,1991,9.66
che,1992,9.32
che,1993,9.19
che,1994,8.74
che,1995,8.17
che,1996,7.73
che,1997,7.24
che,1998,7
che,1999,6.61
che,2000,6.36
che,2001,6.11
che,2002,5.89
che,2003,5.6
che,2004,5.36
che,2005,5.16
che,2006,5.12
che,2007,5.02
che,2008,4.88
che,2009,4.76
che,2010,4.72
che,2011,4.6
che,2012,4.43
che,2013,4.31
che,2014,4.17
che,2015,4.15
che,2016,4.16
chl,1990,39.76
chl,1991,37.8
chl,1992,36.08
chl,1993,35.69
chl,1994,35.1
chl,1995,34.29
chl,1996,32.82
chl,1997,31.16
chl,1998,29.87
chl,1999,28.45
chl,2000,27.26
chl,2001,26.3
chl,2002,25.09
chl,2003,24.31
chl,2004,23.73
chl,2005,23.03
chl,2006,22.32
chl,2007,21.53
chl,2008,20.76
chl,2009,20.54
chl,2010,20.07
chl,2011,19.55
chl,2012,19.32
chl,2013,18.89
chl,2014,18.33
chl,2015,18.09
chl,2016,17.93
chn,1990,11.47
chn,1991,11.29
chn,1992,11.18
chn,1993,11.13
chn,1994,11.02
chn,1995,11.02
chn,1996,10.85
chn,1997,10.82
chn,1998,10.7
chn,1999,10.9
chn,2000,11.18
chn,2001,11.52
chn,2002,11.88
chn,2003,11.94
chn,2004,11.95
chn,2005,11.88
chn,2006,11.72
chn,2007,11.57
chn,2008,11.38
chn,2009,11.26
chn,2010,11.18
chn,2011,11.05
chn,2012,10.95
chn,2013,10.98
chn,2014,11.07
chn,2015,10.91
chn,2016,10.6
civ,1990,26.71
civ,1991,26.57
civ,1992,26.44
civ,1993,27.07
civ,1994,27.08
civ,1995,27.51
civ,1996,27.46
civ,1997,27.12
civ,1998,27.04
civ,1999,27.21
civ,2000,27.34
civ,2001,27.55
civ,2002,27.08
civ,2003,26.92
civ,2004,26.33
civ,2005,26.27
civ,2006,26.15
civ,2007,25.68
civ,2008,25.25
civ,2009,24.8
civ,2010,24.59
civ,2011,24.5
civ,2012,24.37
civ,2013,24.15
civ,2014,23.88
civ,2015,23.57
civ,2016,23.35
cmr,1990,28.66
cmr,1991,28.56
cmr,1992,28.57
cmr,1993,28.63
cmr,1994,28.93
cmr,1995,29.22
cmr,1996,29.32
cmr,1997,30.16
cmr,1998,30.85
cmr,1999,31.31
cmr,2000,32.01
cmr,2001,31.9
cmr,2002,31.94
cmr,2003,31.82
cmr,2004,31.83
cmr,2005,31.9
cmr,2006,31.44
cmr,2007,31.18
cmr,2008,30.74
cmr,2009,30.34
cmr,2010,30.22
cmr,2011,29.99
cmr,2012,29.78
cmr,2013,29.55
cmr,2014,29.24
cmr,2015,28.89
cmr,2016,28.51
cod,1990,41.53
cod,1991,41.37
cod,1992,41.17
cod,1993,40.83
cod,1994,41.1
cod,1995,41.11
cod,1996,43.05
cod,1997,40.65
cod,1998,40.61
cod,1999,39.62
cod,2000,39.93
cod,2001,40.33
cod,2002,39.68
cod,2003,39.87
cod,2004,39.06
cod,2005,38.32
cod,2006,38.28
cod,2007,38.49
cod,2008,38.27
cod,2009,37.76
cod,2010,37.37
cod,2011,37
cod,2012,36.66
cod,2013,36.01
cod,2014,35.39
cod,2015,34.8
cod,2016,34.26
cog,1990,58.71
cog,1991,57.18
cog,1992,55.48
cog,1993,56.61
cog,1994,58.48
cog,1995,59.87
cog,1996,61.87
cog,1997,60.51
cog,1998,59.8
cog,1999,58.88
cog,2000,57.2
cog,2001,54.71
cog,2002,52.23
cog,2003,51.33
cog,2004,50.81
cog,2005,50.32
cog,2006,49.38
cog,2007,48.81
cog,2008,48.44
cog,2009,47
cog,2010,46.33
cog,2011,45.29
cog,2012,44.04
cog,2013,43.37
cog,2014,42.69
cog,2015,42.13
cog,2016,41.39
col,1990,26.35
col,1991,26.45
col,1992,26.62
col,1993,26.65
col,1994,27.02
col,1995,27.12
col,1996,27.45
col,1997,27.54
col,1998,27.74
col,1999,27.63
col,2000,27.17
col,2001,26.51
col,2002,25.83
col,2003,25
col,2004,23.82
col,2005,22.8
col,2006,22.06
col,2007,21.04
col,2008,20.43
col,2009,19.98
col,2010,19.49
col,2011,18.38
col,2012,17.91
col,2013,17.35
col,2014,17.09
col,2015,16.81
col,2016,16.53
com,1990,49.75
com,1991,49.5
com,1992,49.25
com,1993,48.97
com,1994,48.81
com,1995,48.35
com,1996,48.05
com,1997,47.66
com,1998,46.99
com,1999,46.44
com,2000,45.92
com,2001,45.2
com,2002,43.8
com,2003,42.95
com,2004,41.7
com,2005,40.91
com,2006,40.26
com,2007,39.29
com,2008,39.25
com,2009,38.87
com,2010,38.54
com,2011,38.45
com,2012,38.21
com,2013,38
com,2014,37.76
com,2015,37.55
com,2016,37.36
cpv,1990,30.78
cpv,1991,30.41
cpv,1992,29.85
cpv,1993,29.39
cpv,1994,28.87
cpv,1995,28.41
cpv,1996,27.83
cpv,1997,27.35
cpv,1998,26.79
cpv,1999,26.42
cpv,2000,26.04
cpv,2001,25.58
cpv,2002,25.15
cpv,2003,24.7
cpv,2004,24.32
cpv,2005,23.95
cpv,2006,23.63
cpv,2007,23.3
cpv,2008,22.96
cpv,2009,22.66
cpv,2010,22.29
cpv,2011,21.81
cpv,2012,22.55
cpv,2013,22.19
cpv,2014,21.95
cpv,2015,21.77
cpv,2016,21.59
cri,1980,40.98364
cri,1981,33.97727
cri,1982,26.93091
cri,1983,27.03455
cri,1984,26.25818
cri,1985,27.43182
cri,1986,26.25545
cri,1987,27.91909
cri,1988,28.47273
cri,1989,26.32636
cri,1990,26.24
cri,1991,26.21
cri,1992,26.26
cri,1993,26.13
cri,1994,25.94
cri,1995,25.4
cri,1996,24.73
cri,1997,23.74
cri,1998,22.5
cri,1999,21.24
cri,2000,19.74
cri,2001,18.77
cri,2002,17.32
cri,2003,16.51
cri,2004,15.78
cri,2005,15.16
cri,2006,14.39
cri,2007,13.8
cri,2008,13.71
cri,2009,13.55
cri,2010,13.54
cri,2011,13.31
cri,2012,13.42
cri,2013,13.4
cri,2014,13.28
cri,2015,13.13
cri,2016,12.97
cub,1990,26.15
cub,1991,26.22
cub,1992,26.23
cub,1993,26.26
cub,1994,26.39
cub,1995,26.36
cub,1996,26.09
cub,1997,24.79
cub,1998,23.95
cub,1999,23.64
cub,2000,23.4
cub,2001,22.9
cub,2002,22.86
cub,2003,22.82
cub,2004,22.28
cub,2005,21.85
cub,2006,21.53
cub,2007,20.79
cub,2008,20.11
cub,2009,19.55
cub,2010,19.05
cub,2011,18.76
cub,2012,18.4
cub,2013,17.98
cub,2014,17.66
cub,2015,17.54
cub,2016,17.36
cyp,1990,6.53
cyp,1991,6.47
cyp,1992,6.45
cyp,1993,6.3
cyp,1994,6.49
cyp,1995,6.5
cyp,1996,6.26
cyp,1997,6.28
cyp,1998,6.24
cyp,1999,6.08
cyp,2000,6.03
cyp,2001,5.84
cyp,2002,5.99
cyp,2003,6.17
cyp,2004,6.4
cyp,2005,6.52
cyp,2006,6.48
cyp,2007,6.41
cyp,2008,6.44
cyp,2009,6.22
cyp,2010,6.07
cyp,2011,5.9
cyp,2012,5.63
cyp,2013,5.51
cyp,2014,5.65
cyp,2015,5.61
cyp,2016,5.57
cze,1983,17.305
cze,1984,18.34
cze,1985,18.915
cze,1986,20.21
cze,1987,20.725
cze,1988,21.11
cze,1989,21.165
cze,1990,21.76
cze,1991,21.63
cze,1992,21.48
cze,1993,21.14
cze,1994,20.39
cze,1995,19.89
cze,1996,19.39
cze,1997,18.94
cze,1998,18.43
cze,1999,18.19
cze,2000,17.81
cze,2001,17.72
cze,2002,17.53
cze,2003,17.05
cze,2004,16.7
cze,2005,16.34
cze,2006,16.03
cze,2007,15.54
cze,2008,15.22
cze,2009,14.93
cze,2010,14.65
cze,2011,14.1
cze,2012,13.76
cze,2013,13.39
cze,2014,12.94
cze,2015,12.54
cze,2016,12.29
deu,1990,16.01
deu,1991,15.54
deu,1992,15
deu,1993,14.45
deu,1994,13.96
deu,1995,13.32
deu,1996,12.68
deu,1997,12.15
deu,1998,11.84
deu,1999,11.39
deu,2000,10.78
deu,2001,10.32
deu,2002,9.97
deu,2003,9.71
deu,2004,9.46
deu,2005,9.33
deu,2006,9.19
deu,2007,9.12
deu,2008,9.08
deu,2009,9.09
deu,2010,9.04
deu,2011,8.98
deu,2012,8.9
deu,2013,8.86
deu,2014,8.73
deu,2015,8.64
deu,2016,8.56
dji,1990,39.76
dji,1991,39.66
dji,1992,39.72
dji,1993,39.81
dji,1994,39.96
dji,1995,40.1
dji,1996,40.22
dji,1997,40.2
dji,1998,40.14
dji,1999,40.2
dji,2000,40.28
dji,2001,40.25
dji,2002,40.21
dji,2003,40.2
dji,2004,40.17
dji,2005,40.02
dji,2006,39.86
dji,2007,39.75
dji,2008,39.53
dji,2009,39.25
dji,2010,38.9
dji,2011,38.5
dji,2012,38.15
dji,2013,37.9
dji,2014,37.68
dji,2015,37.43
dji,2016,37.2
dma,1990,41.17
dma,1991,42.7
dma,1992,42.17
dma,1993,40.42
dma,1994,38.63
dma,1995,36.29
dma,1996,35.83
dma,1997,31.63
dma,1998,27.64
dma,1999,26.02
dma,2000,21.14
dma,2001,18.11
dma,2002,21.54
dma,2003,23.45
dma,2004,26.27
dma,2005,26.56
dma,2006,27.03
dma,2007,25.54
dma,2008,23.63
dma,2009,22.54
dma,2010,20.9
dma,2011,22.75
dma,2012,23.01
dma,2013,23.05
dma,2014,22.24
dma,2015,22.49
dma,2016,22.24
dnk,1953,29.4
dnk,1954,26.75
dnk,1955,27.85
dnk,1956,29.42
dnk,1957,28.77
dnk,1958,29.07
dnk,1959,31.4
dnk,1960,31.36
dnk,1961,30.77
dnk,1962,32.25
dnk,1963,30.17
dnk,1964,32.73
dnk,1965,30.34
dnk,1966,33.84
dnk,1967,31.7
dnk,1968,28.07
dnk,1969,28.53
dnk,1970,28.93
dnk,1971,26.2995
dnk,1972,25.629
dnk,1973,24.2885
dnk,1974,25.428
dnk,1975,23.1275
dnk,1976,25.027
dnk,1977,21.3165
dnk,1978,22.216
dnk,1979,19.6555
dnk,1980,20.515
dnk,1981,21.2845
dnk,1982,22.114
dnk,1983,20.1735
dnk,1984,18.853
dnk,1985,19.8525
dnk,1986,18.342
dnk,1987,20.4415
dnk,1988,21.131
dnk,1989,21.5605
dnk,1990,20.07
dnk,1991,19.69
dnk,1992,19.31
dnk,1993,18.52
dnk,1994,17.86
dnk,1995,17.34
dnk,1996,16.69
dnk,1997,16.18
dnk,1998,15.51
dnk,1999,15.14
dnk,2000,14.16
dnk,2001,13.73
dnk,2002,13.39
dnk,2003,13.14
dnk,2004,12.76
dnk,2005,12.42
dnk,2006,11.92
dnk,2007,11.81
dnk,2008,11.6
dnk,2009,11.24
dnk,2010,10.77
dnk,2011,10.44
dnk,2012,10.39
dnk,2013,10.25
dnk,2014,10.17
dnk,2015,9.9
dnk,2016,9.71
dom,1990,23.46
dom,1991,23.53
dom,1992,23.68
dom,1993,24.04
dom,1994,24.04
dom,1995,23.99
dom,1996,23.95
dom,1997,23.54
dom,1998,22.88
dom,1999,22.55
dom,2000,21.06
dom,2001,19.95
dom,2002,19.04
dom,2003,18.41
dom,2004,17.94
dom,2005,17.62
dom,2006,17.52
dom,2007,17.16
dom,2008,16.97
dom,2009,16.77
dom,2010,16.53
dom,2011,16.24
dom,2012,16.17
dom,2013,16.08
dom,2014,15.96
dom,2015,15.9
dom,2016,15.86
dza,1990,11.2
dza,1991,11.18
dza,1992,10.8
dza,1993,10.53
dza,1994,10.29
dza,1995,10.19
dza,1996,9.42
dza,1997,8.75
dza,1998,8.13
dza,1999,7.77
dza,2000,7.52
dza,2001,7.16
dza,2002,6.88
dza,2003,6.72
dza,2004,6.97
dza,2005,7.28
dza,2006,7.49
dza,2007,7.24
dza,2008,7.09
dza,2009,6.97
dza,2010,6.86
dza,2011,6.76
dza,2012,6.66
dza,2013,6.55
dza,2014,6.46
dza,2015,6.42
dza,2016,6.38
ecu,1990,30.51
ecu,1991,29.8
ecu,1992,29.4
ecu,1993,29.37
ecu,1994,29.07
ecu,1995,29.27
ecu,1996,28.16
ecu,1997,28.54
ecu,1998,28.36
ecu,1999,27.03
ecu,2000,26.29
ecu,2001,25.31
ecu,2002,24.83
ecu,2003,24.21
ecu,2004,23.34
ecu,2005,23.6
ecu,2006,23.31
ecu,2007,23.18
ecu,2008,22.88
ecu,2009,22.6
ecu,2010,22.14
ecu,2011,21.82
ecu,2012,21.18
ecu,2013,20.7
ecu,2014,20.32
ecu,2015,20
ecu,2016,19.7
egy,1990,4
egy,1991,3.91
egy,1992,3.8
egy,1993,3.79
egy,1994,3.74
egy,1995,3.62
egy,1996,3.62
egy,1997,3.58
egy,1998,3.49
egy,1999,3.4
egy,2000,3.29
egy,2001,3.34
egy,2002,3.32
egy,2003,3.31
egy,2004,3.27
egy,2005,3.26
egy,2006,3.25
egy,2007,3.21
egy,2008,3.23
egy,2009,3.28
egy,2010,3.3
egy,2011,3.18
egy,2012,3.21
egy,2013,3.08
egy,2014,3.07
egy,2015,3.02
egy,2016,2.98
eri,1990,67.04
eri,1991,65.26
eri,1992,62.32
eri,1993,59.85
eri,1994,58.56
eri,1995,56.75
eri,1996,55.43
eri,1997,54.16
eri,1998,53.18
eri,1999,52.74
eri,2000,52.59
eri,2001,52.5
eri,2002,52.3
eri,2003,52.24
eri,2004,52.25
eri,2005,52.3
eri,2006,52.43
eri,2007,52.5
eri,2008,52.71
eri,2009,52.88
eri,2010,52.79
eri,2011,52.82
eri,2012,52.59
eri,2013,52.35
eri,2014,52
eri,2015,51.56
eri,2016,51.07
esp,1990,8.42
esp,1991,8.22
esp,1992,7.96
esp,1993,7.79
esp,1994,7.6
esp,1995,7.44
esp,1996,7.19
esp,1997,7.16
esp,1998,7.01
esp,1999,6.76
esp,2000,6.67
esp,2001,6.49
esp,2002,6.4
esp,2003,6.28
esp,2004,6.22
esp,2005,6.2
esp,2006,6.13
esp,2007,6.03
esp,2008,5.92
esp,2009,5.85
esp,2010,5.74
esp,2011,5.68
esp,2012,5.57
esp,2013,5.43
esp,2014,5.26
esp,2015,5.19
esp,2016,5.14
est,1968,21.88
est,1969,17.02
est,1970,16.29
est,1971,21.043
est,1972,20.086
est,1973,20.379
est,1974,16.012
est,1975,18.455
est,1976,17.448
est,1977,19.011
est,1978,15.644
est,1979,16.307
est,1980,18.1
est,1981,15.603
est,1982,19.566
est,1983,18.259
est,1984,18.532
est,1985,18.645
est,1986,18.888
est,1987,19.241
est,1988,18.944
est,1989,19.737
est,1990,21.16
est,1991,22.37
est,1992,21.88
est,1993,24.49
est,1994,25.3
est,1995,23.92
est,1996,21.99
est,1997,20.97
est,1998,21.08
est,1999,19.52
est,2000,19.94
est,2001,20.1
est,2002,18.94
est,2003,19.04
est,2004,18.3
est,2005,18.85
est,2006,18.72
est,2007,18.52
est,2008,18.02
est,2009,17.04
est,2010,15.89
est,2011,16.38
est,2012,16.11
est,2013,15.79
est,2014,15.27
est,2015,14.76
est,2016,14.48
eth,1990,81.81
eth,1991,79.76
eth,1992,78.03
eth,1993,76.5
eth,1994,75.68
eth,1995,75.18
eth,1996,72.88
eth,1997,71.15
eth,1998,69.68
eth,1999,69.74
eth,2000,69.22
eth,2001,67.68
eth,2002,65.6
eth,2003,63.86
eth,2004,62.03
eth,2005,60.58
eth,2006,58.33
eth,2007,56.2
eth,2008,54.02
eth,2009,52.59
eth,2010,51.66
eth,2011,50.65
eth,2012,49.79
eth,2013,48.87
eth,2014,48.14
eth,2015,47.48
eth,2016,46.94
fin,1953,13.1
fin,1954,14.27
fin,1955,13.54
fin,1956,15.18
fin,1957,13.45
fin,1958,14.05
fin,1959,13.33
fin,1960,14.21
fin,1961,13.52
fin,1962,15.62
fin,1963,13.78
fin,1964,14.89
fin,1965,15.94
fin,1966,15.66
fin,1967,14.6
fin,1968,13.58
fin,1969,13.17
fin,1970,11.41
fin,1971,10.9885
fin,1972,10.157
fin,1973,8.6955
fin,1974,9.004
fin,1975,9.3925
fin,1976,8.071
fin,1977,8.3395
fin,1978,8.168
fin,1979,7.8965
fin,1980,7.735
fin,1981,9.0335
fin,1982,7.952
fin,1983,7.9505
fin,1984,8.189
fin,1985,7.9975
fin,1986,7.706
fin,1987,8.1645
fin,1988,8.183
fin,1989,8.7015
fin,1990,8.55
fin,1991,8.39
fin,1992,8.19
fin,1993,8.05
fin,1994,7.85
fin,1995,7.71
fin,1996,7.75
fin,1997,7.86
fin,1998,7.89
fin,1999,7.84
fin,2000,7.81
fin,2001,7.56
fin,2002,7.25
fin,2003,7.12
fin,2004,7.04
fin,2005,6.9
fin,2006,6.65
fin,2007,6.44
fin,2008,6.32
fin,2009,6.22
fin,2010,6.08
fin,2011,5.89
fin,2012,5.75
fin,2013,5.57
fin,2014,5.33
fin,2015,5.12
fin,2016,5
fji,1990,57.18
fji,1991,57.6
fji,1992,58.03
fji,1993,58.23
fji,1994,58.38
fji,1995,58.68
fji,1996,59.02
fji,1997,59.24
fji,1998,59.19
fji,1999,58.84
fji,2000,57.55
fji,2001,56.15
fji,2002,54.67
fji,2003,56.52
fji,2004,56.76
fji,2005,57.04
fji,2006,56.96
fji,2007,56.9
fji,2008,56.49
fji,2009,55.63
fji,2010,55.72
fji,2011,55.62
fji,2012,56.1
fji,2013,56.78
fji,2014,57.6
fji,2015,58.26
fji,2016,58.69
fra,1990,12
fra,1991,11.59
fra,1992,11.29
fra,1993,11.01
fra,1994,10.81
fra,1995,10.53
fra,1996,10.19
fra,1997,9.99
fra,1998,9.88
fra,1999,9.7
fra,2000,9.44
fra,2001,9.23
fra,2002,9.02
fra,2003,8.78
fra,2004,8.55
fra,2005,8.38
fra,2006,8.34
fra,2007,8.24
fra,2008,8.27
fra,2009,8.24
fra,2010,8.27
fra,2011,8.24
fra,2012,8.15
fra,2013,8.04
fra,2014,7.8
fra,2015,7.65
fra,2016,7.5
fsm,1990,23.81
fsm,1991,23.85
fsm,1992,23.84
fsm,1993,23.9
fsm,1994,24.02
fsm,1995,24.18
fsm,1996,24.4
fsm,1997,24.61
fsm,1998,24.85
fsm,1999,24.9
fsm,2000,25
fsm,2001,25.08
fsm,2002,25.45
fsm,2003,25.46
fsm,2004,25.4
fsm,2005,26.09
fsm,2006,26.15
fsm,2007,25.7
fsm,2008,25.35
fsm,2009,25.55
fsm,2010,25.92
fsm,2011,24.95
fsm,2012,24.7
fsm,2013,24.62
fsm,2014,25.25
fsm,2015,25.27
fsm,2016,24.11
gab,1990,42.35
gab,1991,41.65
gab,1992,40.89
gab,1993,41.4
gab,1994,42.59
gab,1995,42.3
gab,1996,44.03
gab,1997,44.09
gab,1998,44.6
gab,1999,46.47
gab,2000,47.05
gab,2001,48.07
gab,2002,46.55
gab,2003,47.29
gab,2004,47.65
gab,2005,45.33
gab,2006,44.57
gab,2007,41.95
gab,2008,41.52
gab,2009,39.85
gab,2010,37.61
gab,2011,37.17
gab,2012,36.03
gab,2013,34.67
gab,2014,33.87
gab,2015,33.17
gab,2016,32.62
gbr,1990,14.34
gbr,1991,13.9
gbr,1992,13.42
gbr,1993,12.76
gbr,1994,12.19
gbr,1995,11.81
gbr,1996,11.41
gbr,1997,10.94
gbr,1998,10.5
gbr,1999,10.2
gbr,2000,9.97
gbr,2001,9.89
gbr,2002,9.63
gbr,2003,9.44
gbr,2004,9.24
gbr,2005,9.06
gbr,2006,8.89
gbr,2007,8.77
gbr,2008,8.67
gbr,2009,8.53
gbr,2010,8.49
gbr,2011,8.44
gbr,2012,8.29
gbr,2013,8.23
gbr,2014,8.11
gbr,2015,7.93
gbr,2016,7.88
geo,1990,21.87
geo,1991,21.5
geo,1992,21.15
geo,1993,20.44
geo,1994,19.1
geo,1995,18.57
geo,1996,16.94
geo,1997,15.86
geo,1998,14.06
geo,1999,13.18
geo,2000,12.22
geo,2001,12.67
geo,2002,13.56
geo,2003,14.37
geo,2004,14.17
geo,2005,14.29
geo,2006,14.62
geo,2007,14.74
geo,2008,15.31
geo,2009,16.41
geo,2010,16.46
geo,2011,16.63
geo,2012,17.08
geo,2013,16.73
geo,2014,16.99
geo,2015,16.28
geo,2016,15.78
gha,1990,29.61
gha,1991,29.43
gha,1992,29.28
gha,1993,28.27
gha,1994,27.97
gha,1995,28.15
gha,1996,28.3
gha,1997,28.7
gha,1998,28.28
gha,1999,28.33
gha,2000,28.58
gha,2001,29
gha,2002,29.13
gha,2003,28.85
gha,2004,28.37
gha,2005,28.18
gha,2006,27.95
gha,2007,28.07
gha,2008,28.06
gha,2009,28.06
gha,2010,28.15
gha,2011,27.8
gha,2012,27.37
gha,2013,27
gha,2014,26.66
gha,2015,26.36
gha,2016,26.04
gin,1990,51.03
gin,1991,50.7
gin,1992,50.2
gin,1993,49.73
gin,1994,49.83
gin,1995,49.06
gin,1996,48.47
gin,1997,48.27
gin,1998,48.41
gin,1999,48.27
gin,2000,47.73
gin,2001,47.66
gin,2002,47.54
gin,2003,46.65
gin,2004,46
gin,2005,45.27
gin,2006,45.23
gin,2007,45.01
gin,2008,44.66
gin,2009,44.48
gin,2010,44.21
gin,2011,44.02
gin,2012,43.87
gin,2013,43.7
gin,2014,43.37
gin,2015,43.09
gin,2016,42.72
gmb,1990,21.63
gmb,1991,22.83
gmb,1992,24.08
gmb,1993,24.67
gmb,1994,25.56
gmb,1995,26.82
gmb,1996,28.22
gmb,1997,30.03
gmb,1998,29.75
gmb,1999,29.29
gmb,2000,28.51
gmb,2001,27.86
gmb,2002,27.84
gmb,2003,26.56
gmb,2004,26.01
gmb,2005,25.49
gmb,2006,25.24
gmb,2007,25.2
gmb,2008,24.73
gmb,2009,24.67
gmb,2010,24.16
gmb,2011,23.64
gmb,2012,23.64
gmb,2013,23.48
gmb,2014,23.28
gmb,2015,23.08
gmb,2016,22.87
gnb,1990,36.97
gnb,1991,36.88
gnb,1992,36.87
gnb,1993,36.87
gnb,1994,36.87
gnb,1995,36.79
gnb,1996,36.89
gnb,1997,36.91
gnb,1998,37.37
gnb,1999,37.82
gnb,2000,38.12
gnb,2001,37.64
gnb,2002,38.02
gnb,2003,38.11
gnb,2004,38.57
gnb,2005,37.9
gnb,2006,38.21
gnb,2007,38.33
gnb,2008,38.16
gnb,2009,38.27
gnb,2010,37.74
gnb,2011,37.16
gnb,2012,37.12
gnb,2013,36.82
gnb,2014,36.57
gnb,2015,36.32
gnb,2016,36.15
gnq,1990,58.46
gnq,1991,58.23
gnq,1992,57.45
gnq,1993,57.42
gnq,1994,57.52
gnq,1995,57.57
gnq,1996,56.69
gnq,1997,52.61
gnq,1998,49.99
gnq,1999,47.9
gnq,2000,45.51
gnq,2001,43.3
gnq,2002,41.01
gnq,2003,39.84
gnq,2004,38.71
gnq,2005,37.91
gnq,2006,37.4
gnq,2007,36.85
gnq,2008,36.18
gnq,2009,35.09
gnq,2010,34.45
gnq,2011,33.8
gnq,2012,32.82
gnq,2013,31.9
gnq,2014,30.96
gnq,2015,30.47
gnq,2016,29.96
grc,1990,10.67
grc,1991,10.49
grc,1992,10.31
grc,1993,10.01
grc,1994,9.38
grc,1995,9.25
grc,1996,9.13
grc,1997,9.07
grc,1998,9.12
grc,1999,9.07
grc,2000,8.77
grc,2001,8.44
grc,2002,8.45
grc,2003,8.36
grc,2004,8.3
grc,2005,8.22
grc,2006,8.17
grc,2007,8.24
grc,2008,8.2
grc,2009,8.4
grc,2010,8.53
grc,2011,8.48
grc,2012,8.41
grc,2013,8.12
grc,2014,8.04
grc,2015,7.89
grc,2016,7.8
grd,1990,24.88
grd,1991,23.58
grd,1992,22.37
grd,1993,27.5
grd,1994,29.58
grd,1995,27.32
grd,1996,27.92
grd,1997,28.2
grd,1998,28.72
grd,1999,29.03
grd,2000,29.81
grd,2001,30.14
grd,2002,31.17
grd,2003,32.43
grd,2004,33.05
grd,2005,34.85
grd,2006,35.6
grd,2007,35.78
grd,2008,38.36
grd,2009,38.79
grd,2010,37.87
grd,2011,38.38
grd,2012,36.84
grd,2013,36.25
grd,2014,32.65
grd,2015,35.23
grd,2016,34.21
grl,1990,48.95
grl,1991,47.75
grl,1992,46.34
grl,1993,44.87
grl,1994,44.02
grl,1995,44.44
grl,1996,46.13
grl,1997,46.55
grl,1998,45.3
grl,1999,44.06
grl,2000,42.98
grl,2001,42.48
grl,2002,41.46
grl,2003,40.18
grl,2004,39.67
grl,2005,39.44
grl,2006,37.37
grl,2007,35.67
grl,2008,35.11
grl,2009,34.68
grl,2010,33.46
grl,2011,31.58
grl,2012,29.34
grl,2013,27.96
grl,2014,27.69
grl,2015,27.89
grl,2016,28.31
gtm,1990,19.04
gtm,1991,19.61
gtm,1992,19.91
gtm,1993,20.29
gtm,1994,21.42
gtm,1995,21.83
gtm,1996,22.07
gtm,1997,23.02
gtm,1998,24.21
gtm,1999,25.68
gtm,2000,27.63
gtm,2001,28.31
gtm,2002,29.28
gtm,2003,29.79
gtm,2004,30.22
gtm,2005,30.14
gtm,2006,30.26
gtm,2007,30.18
gtm,2008,30.03
gtm,2009,30.24
gtm,2010,30.39
gtm,2011,29.93
gtm,2012,29.62
gtm,2013,28.83
gtm,2014,28.28
gtm,2015,27.79
gtm,2016,27.37
gum,1990,13.22
gum,1991,13.63
gum,1992,13.88
gum,1993,13.94
gum,1994,13.86
gum,1995,14.4
gum,1996,14.87
gum,1997,13.76
gum,1998,13.22
gum,1999,13.54
gum,2000,13.54
gum,2001,13.69
gum,2002,13.55
gum,2003,13.05
gum,2004,12.62
gum,2005,12.09
gum,2006,11.64
gum,2007,11.13
gum,2008,10.53
gum,2009,10.8
gum,2010,11.29
gum,2011,11.41
gum,2012,11.47
gum,2013,11.46
gum,2014,11.43
gum,2015,11.4
gum,2016,11.33
guy,1990,45.97
guy,1991,45.33
guy,1992,45.61
guy,1993,45.71
guy,1994,43.56
guy,1995,42.21
guy,1996,42.51
guy,1997,43.42
guy,1998,44.58
guy,1999,43.72
guy,2000,45.38
guy,2001,40.03
guy,2002,39.4
guy,2003,40.19
guy,2004,42.98
guy,2005,42.22
guy,2006,41.65
guy,2007,41.82
guy,2008,42.63
guy,2009,41.48
guy,2010,41.91
guy,2011,42.8
guy,2012,42.95
guy,2013,41.68
guy,2014,40.66
guy,2015,39.8
guy,2016,36.75
hkg,1983,23.04
hkg,1984,19.99
hkg,1985,18.69
hkg,1986,18.58
hkg,1987,16.07
hkg,1988,16.88
hkg,1989,15.7
hkg,1990,15.99
hkg,1991,14.4
hkg,1992,13.87
hkg,1993,13.38
hkg,1994,12.65
hkg,1995,13.46
hkg,1996,11.33
hkg,1997,11.24
hnd,1990,20.86
hnd,1991,19.87
hnd,1992,19.61
hnd,1993,19.19
hnd,1994,18.94
hnd,1995,19.16
hnd,1996,19.22
hnd,1997,19.38
hnd,1998,19.64
hnd,1999,19.31
hnd,2000,19.01
hnd,2001,18.73
hnd,2002,18.47
hnd,2003,18.23
hnd,2004,18.01
hnd,2005,17.78
hnd,2006,17.53
hnd,2007,17.25
hnd,2008,17.01
hnd,2009,16.8
hnd,2010,16.62
hnd,2011,16.42
hnd,2012,16.21
hnd,2013,16.06
hnd,2014,15.9
hnd,2015,15.75
hnd,2016,15.61
hrv,1990,27.44
hrv,1991,26.68
hrv,1992,26.19
hrv,1993,25.52
hrv,1994,24.15
hrv,1995,22.93
hrv,1996,22.76
hrv,1997,21.83
hrv,1998,20.68
hrv,1999,19.5
hrv,2000,18.13
hrv,2001,16.85
hrv,2002,16.52
hrv,2003,16.01
hrv,2004,15.81
hrv,2005,16.03
hrv,2006,15.74
hrv,2007,15.93
hrv,2008,16.16
hrv,2009,16.1
hrv,2010,16.08
hrv,2011,16.33
hrv,2012,16.47
hrv,2013,16.44
hrv,2014,16.39
hrv,2015,15.82
hrv,2016,15.54
hti,1990,68.98
hti,1991,67.54
hti,1992,65.66
hti,1993,64.97
hti,1994,64.44
hti,1995,62.18
hti,1996,60.17
hti,1997,58.21
hti,1998,56.75
hti,1999,56.05
hti,2000,54.75
hti,2001,53.82
hti,2002,52.43
hti,2003,51.66
hti,2004,50.95
hti,2005,50.44
hti,2006,49.72
hti,2007,48.94
hti,2008,48.19
hti,2009,47.51
hti,2010,47.13
hti,2011,46.69
hti,2012,46.02
hti,2013,45.31
hti,2014,44.65
hti,2015,44.1
hti,2016,43.64
hun,1990,22.95
hun,1991,22.91
hun,1992,22.91
hun,1993,22.71
hun,1994,22.31
hun,1995,21.85
hun,1996,21.71
hun,1997,20.95
hun,1998,20.08
hun,1999,19.62
hun,2000,19.23
hun,2001,19.09
hun,2002,18.71
hun,2003,18.12
hun,2004,17.89
hun,2005,17.77
hun,2006,17.47
hun,2007,17.16
hun,2008,16.7
hun,2009,16.11
hun,2010,15.45
hun,2011,15
hun,2012,14.65
hun,2013,14.3
hun,2014,14.17
hun,2015,14.13
hun,2016,13.99
idn,1990,24.11
idn,1991,23.82
idn,1992,23.63
idn,1993,23.79
idn,1994,23.74
idn,1995,23.85
idn,1996,24.07
idn,1997,24.29
idn,1998,24.44
idn,1999,24.58
idn,2000,24.77
idn,2001,24.73
idn,2002,24.65
idn,2003,24.56
idn,2004,24.45
idn,2005,24.23
idn,2006,24.1
idn,2007,23.76
idn,2008,23.57
idn,2009,23.29
idn,2010,23
idn,2011,22.7
idn,2012,22.36
idn,2013,22.04
idn,2014,21.75
idn,2015,21.46
idn,2016,21.18
ind,1990,22.63
ind,1991,22.23
ind,1992,21.93
ind,1993,21.51
ind,1994,21.15
ind,1995,20.85
ind,1996,20.57
ind,1997,20.29
ind,1998,19.88
ind,1999,19.33
ind,2000,18.81
ind,2001,18.23
ind,2002,17.73
ind,2003,17.24
ind,2004,16.8
ind,2005,16.56
ind,2006,16.01
ind,2007,15.55
ind,2008,15.17
ind,2009,14.82
ind,2010,14.59
ind,2011,14.37
ind,2012,14.1
ind,2013,14.01
ind,2014,13.94
ind,2015,13.81
ind,2016,13.54
irl,1990,10.85
irl,1991,11.06
irl,1992,11.46
irl,1993,11.69
irl,1994,11.85
irl,1995,12.04
irl,1996,12.28
irl,1997,12.41
irl,1998,12.5
irl,1999,12.47
irl,2000,12.52
irl,2001,12.29
irl,2002,12.14
irl,2003,12.07
irl,2004,12.33
irl,2005,12.37
irl,2006,12.57
irl,2007,12.51
irl,2008,12.64
irl,2009,12.84
irl,2010,12.45
irl,2011,12.28
irl,2012,11.93
irl,2013,11.35
irl,2014,11
irl,2015,10.81
irl,2016,10.65
irn,1990,4.68
irn,1991,4.68
irn,1992,4.61
irn,1993,4.57
irn,1994,4.53
irn,1995,4.5
irn,1996,4.45
irn,1997,4.41
irn,1998,4.36
irn,1999,4.35
irn,2000,4.34
irn,2001,4.32
irn,2002,4.29
irn,2003,4.3
irn,2004,4.44
irn,2005,4.45
irn,2006,4.44
irn,2007,4.38
irn,2008,4.32
irn,2009,4.25
irn,2010,4.18
irn,2011,4.1
irn,2012,4.01
irn,2013,3.87
irn,2014,3.77
irn,2015,3.65
irn,2016,3.61
irq,1990,3.73
irq,1991,3.76
irq,1992,3.78
irq,1993,3.8
irq,1994,3.79
irq,1995,3.79
irq,1996,3.87
irq,1997,3.87
irq,1998,3.8
irq,1999,3.72
irq,2000,3.7
irq,2001,3.58
irq,2002,3.58
irq,2003,3.54
irq,2004,3.48
irq,2005,3.44
irq,2006,3.4
irq,2007,3.33
irq,2008,3.42
irq,2009,3.16
irq,2010,3.07
irq,2011,2.94
irq,2012,2.89
irq,2013,2.84
irq,2014,2.8
irq,2015,2.77
irq,2016,2.74
isl,1958,18.96
isl,1959,18.87
isl,1960,17.52
isl,1961,15.31
isl,1962,11.96
isl,1963,22.48
isl,1964,18.92
isl,1965,24.49
isl,1966,34.37
isl,1967,22.74
isl,1968,34.55
isl,1969,15.83
isl,1970,24.58
isl,1971,17.978
isl,1972,14.736
isl,1973,17.994
isl,1974,17.092
isl,1975,12.6
isl,1976,13.008
isl,1977,3.896
isl,1978,8.454
isl,1979,12.932
isl,1980,7.64
isl,1981,18.768
isl,1982,12.986
isl,1983,18.654
isl,1984,15.262
isl,1985,18.66
isl,1986,11.328
isl,1987,11.386
isl,1988,7.964
isl,1989,10.742
isl,1990,11.96
isl,1991,12.08
isl,1992,11.53
isl,1993,11.04
isl,1994,11.15
isl,1995,10.99
isl,1996,11.28
isl,1997,11.16
isl,1998,11.01
isl,1999,10.58
isl,2000,10.35
isl,2001,10.26
isl,2002,10.48
isl,2003,10.27
isl,2004,9.53
isl,2005,8.91
isl,2006,8.47
isl,2007,8.07
isl,2008,8.23
isl,2009,8.08
isl,2010,8.42
isl,2011,8.36
isl,2012,7.88
isl,2013,7.73
isl,2014,7.51
isl,2015,7.35
isl,2016,7.05
isr,1990,9
isr,1991,9.05
isr,1992,9.14
isr,1993,9.23
isr,1994,9.22
isr,1995,8.81
isr,1996,8.93
isr,1997,8.69
isr,1998,8.62
isr,1999,8.37
isr,2000,8.33
isr,2001,8.42
isr,2002,8.4
isr,2003,8.28
isr,2004,8.03
isr,2005,7.84
isr,2006,7.86
isr,2007,7.79
isr,2008,7.75
isr,2009,7.59
isr,2010,7.37
isr,2011,7.25
isr,2012,7.01
isr,2013,7.02
isr,2014,7.08
isr,2015,6.97
isr,2016,6.91
ita,1990,9.05
ita,1991,8.87
ita,1992,8.79
ita,1993,8.71
ita,1994,8.54
ita,1995,8.47
ita,1996,8.44
ita,1997,8.36
ita,1998,8.29
ita,1999,7.94
ita,2000,7.74
ita,2001,7.46
ita,2002,7.27
ita,2003,7.12
ita,2004,6.8
ita,2005,6.61
ita,2006,6.47
ita,2007,6.37
ita,2008,6.22
ita,2009,6.19
ita,2010,6.24
ita,2011,6.27
ita,2012,6.23
ita,2013,6.07
ita,2014,6.02
ita,2015,5.97
ita,2016,5.92
jam,1990,40.99
jam,1991,40.56
jam,1992,40.3
jam,1993,40.08
jam,1994,39.87
jam,1995,39.6
jam,1996,39.25
jam,1997,38.84
jam,1998,38.5
jam,1999,38.14
jam,2000,37.74
jam,2001,37.42
jam,2002,36.21
jam,2003,35.68
jam,2004,34.54
jam,2005,33.7
jam,2006,33.43
jam,2007,33.4
jam,2008,33.48
jam,2009,33.68
jam,2010,33.74
jam,2011,33.69
jam,2012,33.5
jam,2013,33.38
jam,2014,33.23
jam,2015,33.06
jam,2016,32.84
jor,1990,5.42
jor,1991,5.3
jor,1992,5.06
jor,1993,5.08
jor,1994,4.95
jor,1995,4.93
jor,1996,4.95
jor,1997,4.87
jor,1998,4.81
jor,1999,4.79
jor,2000,4.77
jor,2001,4.75
jor,2002,4.73
jor,2003,4.74
jor,2004,4.82
jor,2005,4.84
jor,2006,4.78
jor,2007,4.56
jor,2008,4.38
jor,2009,4.31
jor,2010,4.23
jor,2011,4.14
jor,2012,4.1
jor,2013,4.02
jor,2014,3.96
jor,2015,3.92
jor,2016,3.88
jpn,1990,12.24
jpn,1991,11.94
jpn,1992,11.69
jpn,1993,11.41
jpn,1994,11.24
jpn,1995,11.19
jpn,1996,11.14
jpn,1997,11.13
jpn,1998,11.17
jpn,1999,11.27
jpn,2000,11.36
jpn,2001,11.3
jpn,2002,11.41
jpn,2003,11.46
jpn,2004,11.58
jpn,2005,11.71
jpn,2006,11.79
jpn,2007,11.82
jpn,2008,11.93
jpn,2009,11.99
jpn,2010,12.06
jpn,2011,12.01
jpn,2012,11.87
jpn,2013,11.68
jpn,2014,11.35
jpn,2015,11.18
jpn,2016,11.04
kaz,1990,19.04
kaz,1991,15.79
kaz,1992,18.54
kaz,1993,19.86
kaz,1994,21.43
kaz,1995,22.35
kaz,1996,23.08
kaz,1997,23.22
kaz,1998,23.47
kaz,1999,23.6
kaz,2000,23.7
kaz,2001,23.68
kaz,2002,23.77
kaz,2003,24.59
kaz,2004,26.01
kaz,2005,26.92
kaz,2006,27.45
kaz,2007,27.29
kaz,2008,26.6
kaz,2009,25.94
kaz,2010,24.82
kaz,2011,23.92
kaz,2012,22.8
kaz,2013,20.84
kaz,2014,19.72
kaz,2015,19.1
kaz,2016,19.08
ken,1990,37.42
ken,1991,37.27
ken,1992,37.4
ken,1993,37.35
ken,1994,37.53
ken,1995,37.29
ken,1996,36.61
ken,1997,36.79
ken,1998,36.42
ken,1999,35.67
ken,2000,35.24
ken,2001,33.92
ken,2002,36.12
ken,2003,35.28
ken,2004,34.4
ken,2005,33.35
ken,2006,32.26
ken,2007,31.54
ken,2008,31.04
ken,2009,30.42
ken,2010,29.97
ken,2011,29.49
ken,2012,29.03
ken,2013,28.63
ken,2014,28.26
ken,2015,27.87
ken,2016,27.53
kgz,1990,21.32
kgz,1991,22.01
kgz,1992,22.11
kgz,1993,22.58
kgz,1994,23.64
kgz,1995,23.82
kgz,1996,23.59
kgz,1997,22.26
kgz,1998,21.34
kgz,1999,20.76
kgz,2000,19.59
kgz,2001,19.02
kgz,2002,19.7
kgz,2003,20.17
kgz,2004,21.02
kgz,2005,20.98
kgz,2006,21.46
kgz,2007,21.72
kgz,2008,21.49
kgz,2009,20.74
kgz,2010,20.2
kgz,2011,19.85
kgz,2012,19.41
kgz,2013,18.93
kgz,2014,18.47
kgz,2015,18.6
kgz,2016,18.06
khm,1990,32.02
khm,1991,31.74
khm,1992,31.59
khm,1993,31.77
khm,1994,31.97
khm,1995,31.93
khm,1996,31.86
khm,1997,31.68
khm,1998,31.51
khm,1999,31.34
khm,2000,31.08
khm,2001,30.48
khm,2002,29.92
khm,2003,29.21
khm,2004,28.55
khm,2005,27.75
khm,2006,27.02
khm,2007,26.37
khm,2008,25.68
khm,2009,25.17
khm,2010,24.82
khm,2011,24.37
khm,2012,23.87
khm,2013,23.48
khm,2014,23.13
khm,2015,22.78
khm,2016,22.44
kir,1990,11.82
kir,1991,11.84
kir,1992,11.73
kir,1993,11.88
kir,1994,11.79
kir,1995,11.88
kir,1996,11.79
kir,1997,11.72
kir,1998,11.69
kir,1999,11.67
kir,2000,11.54
kir,2001,11.42
kir,2002,11.34
kir,2003,11.24
kir,2004,11.12
kir,2005,11.06
kir,2006,10.97
kir,2007,10.83
kir,2008,10.7
kir,2009,10.62
kir,2010,10.56
kir,2011,10.45
kir,2012,10.39
kir,2013,10.32
kir,2014,10.24
kir,2015,10.17
kir,2016,10.12
kor,1990,18.31
kor,1991,17.73
kor,1992,17.39
kor,1993,17.2
kor,1994,17.22
kor,1995,17.49
kor,1996,17.42
kor,1997,17.13
kor,1998,16.63
kor,1999,16.26
kor,2000,15.88
kor,2001,15.36
kor,2002,14.97
kor,2003,14.53
kor,2004,14.01
kor,2005,13.46
kor,2006,12.94
kor,2007,12.53
kor,2008,12.16
kor,2009,11.81
kor,2010,11.48
kor,2011,11.12
kor,2012,10.82
kor,2013,10.65
kor,2014,10.6
kor,2015,10.59
kor,2016,10.6
kwt,1990,5.95
kwt,1991,5.32
kwt,1992,5.04
kwt,1993,5.38
kwt,1994,5.41
kwt,1995,5.25
kwt,1996,5.28
kwt,1997,5.42
kwt,1998,5.14
kwt,1999,5.12
kwt,2000,5.12
kwt,2001,5.02
kwt,2002,5.13
kwt,2003,5.3
kwt,2004,5.42
kwt,2005,5.47
kwt,2006,5.49
kwt,2007,5.48
kwt,2008,5.46
kwt,2009,5.19
kwt,2010,4.73
kwt,2011,4.35
kwt,2012,3.95
kwt,2013,3.54
kwt,2014,3.48
kwt,2015,3.56
kwt,2016,3.61
lao,1990,35.74
lao,1991,35.29
lao,1992,34.93
lao,1993,34.6
lao,1994,34.33
lao,1995,34.13
lao,1996,33.94
lao,1997,33.74
lao,1998,33.45
lao,1999,33.59
lao,2000,33.41
lao,2001,33.41
lao,2002,32.62
lao,2003,31.85
lao,2004,31.19
lao,2005,30.71
lao,2006,29.96
lao,2007,29.16
lao,2008,28.73
lao,2009,27.83
lao,2010,27.16
lao,2011,26.29
lao,2012,25.75
lao,2013,25.25
lao,2014,24.74
lao,2015,24.28
lao,2016,23.87
lbn,1990,8.16
lbn,1991,7.94
lbn,1992,7.84
lbn,1993,7.77
lbn,1994,7.48
lbn,1995,7.35
lbn,1996,7
lbn,1997,6.72
lbn,1998,6.48
lbn,1999,6.25
lbn,2000,6.28
lbn,2001,6.22
lbn,2002,6.14
lbn,2003,6.13
lbn,2004,6.02
lbn,2005,5.89
lbn,2006,5.8
lbn,2007,5.71
lbn,2008,5.49
lbn,2009,5.27
lbn,2010,5.09
lbn,2011,5
lbn,2012,4.89
lbn,2013,4.81
lbn,2014,4.76
lbn,2015,4.71
lbn,2016,4.67
lbr,1990,29.99
lbr,1991,30.08
lbr,1992,30.04
lbr,1993,29.67
lbr,1994,29.96
lbr,1995,30.14
lbr,1996,30.48
lbr,1997,30.2
lbr,1998,29.91
lbr,1999,29.56
lbr,2000,29.72
lbr,2001,29.42
lbr,2002,29.97
lbr,2003,29.87
lbr,2004,29.79
lbr,2005,29.84
lbr,2006,29.8
lbr,2007,30.09
lbr,2008,30.01
lbr,2009,29.96
lbr,2010,29.9
lbr,2011,29.6
lbr,2012,29.21
lbr,2013,28.91
lbr,2014,28.67
lbr,2015,28.38
lbr,2016,28.08
lby,1990,8.21
lby,1991,8.12
lby,1992,8.05
lby,1993,7.99
lby,1994,7.92
lby,1995,7.86
lby,1996,7.76
lby,1997,7.78
lby,1998,7.76
lby,1999,7.75
lby,2000,7.75
lby,2001,7.68
lby,2002,7.62
lby,2003,7.54
lby,2004,7.47
lby,2005,7.36
lby,2006,7.23
lby,2007,7.19
lby,2008,7.06
lby,2009,6.92
lby,2010,6.83
lby,2011,6.87
lby,2012,6.76
lby,2013,6.73
lby,2014,6.74
lby,2015,6.74
lby,2016,6.72
lca,1990,34.27
lca,1991,38.02
lca,1992,38.05
lca,1993,38.64
lca,1994,37.09
lca,1995,35.54
lca,1996,36.06
lca,1997,35.81
lca,1998,38.45
lca,1999,37.65
lca,2000,36.53
lca,2001,35.02
lca,2002,34.49
lca,2003,33.61
lca,2004,31.28
lca,2005,31.98
lca,2006,30.17
lca,2007,27.88
lca,2008,25.47
lca,2009,26.06
lca,2010,23.76
lca,2011,21.57
lca,2012,22.98
lca,2013,23.46
lca,2014,23.11
lca,2015,23.02
lca,2016,22.82
lka,1990,6.19
lka,1991,6.22
lka,1992,6.35
lka,1993,6.58
lka,1994,6.78
lka,1995,6.93
lka,1996,7.15
lka,1997,7.5
lka,1998,7.75
lka,1999,7.82
lka,2000,7.82
lka,2001,7.79
lka,2002,7.72
lka,2003,7.61
lka,2004,7.53
lka,2005,7.45
lka,2006,7.56
lka,2007,7.54
lka,2008,7.55
lka,2009,7.58
lka,2010,7.5
lka,2011,7.34
lka,2012,7.19
lka,2013,7.05
lka,2014,6.9
lka,2015,6.77
lka,2016,6.65
lso,1990,44.08
lso,1991,43.34
lso,1992,43.29
lso,1993,43.24
lso,1994,43.57
lso,1995,43.1
lso,1996,42.48
lso,1997,42.22
lso,1998,45.13
lso,1999,47.08
lso,2000,53.33
lso,2001,53.55
lso,2002,55.8
lso,2003,60.47
lso,2004,61.1
lso,2005,62.31
lso,2006,61.23
lso,2007,61.49
lso,2008,64.1
lso,2009,63.32
lso,2010,64.32
lso,2011,62.31
lso,2012,62.24
lso,2013,62.6
lso,2014,61.64
lso,2015,60.58
lso,2016,59.19
ltu,1990,17.53
ltu,1991,18.04
ltu,1992,17.45
ltu,1993,18.57
ltu,1994,18.88
ltu,1995,18.81
ltu,1996,17.99
ltu,1997,17.17
ltu,1998,17.03
ltu,1999,16.26
ltu,2000,16.08
ltu,2001,16.69
ltu,2002,16.12
ltu,2003,16.16
ltu,2004,15.98
ltu,2005,16.43
ltu,2006,16.84
ltu,2007,17.13
ltu,2008,17.15
ltu,2009,15.04
ltu,2010,14.97
ltu,2011,14.67
ltu,2012,13.81
ltu,2013,13.29
ltu,2014,12.19
ltu,2015,12.21
ltu,2016,12.09
lux,1990,11.74
lux,1991,11.32
lux,1992,10.48
lux,1993,9.45
lux,1994,9.03
lux,1995,8.72
lux,1996,8.52
lux,1997,8.2
lux,1998,9.09
lux,1999,9.33
lux,2000,8.64
lux,2001,8.6
lux,2002,8.26
lux,2003,7.97
lux,2004,7.9
lux,2005,7.84
lux,2006,7.82
lux,2007,7.55
lux,2008,7.68
lux,2009,7.17
lux,2010,7.04
lux,2011,7.03
lux,2012,7.05
lux,2013,7.19
lux,2014,7.38
lux,2015,7.14
lux,2016,7.04
lva,1990,14.69
lva,1991,14.44
lva,1992,14.79
lva,1993,16.3
lva,1994,17
lva,1995,16.22
lva,1996,13.78
lva,1997,13.25
lva,1998,13.73
lva,1999,13.37
lva,2000,13.03
lva,2001,13.72
lva,2002,13.34
lva,2003,13.74
lva,2004,13.82
lva,2005,13.86
lva,2006,14.53
lva,2007,13.92
lva,2008,12.8
lva,2009,12.17
lva,2010,11.63
lva,2011,11.17
lva,2012,10.52
lva,2013,10.98
lva,2014,10.27
lva,2015,10.01
lva,2016,9.83
mar,1990,16.46
mar,1991,16.21
mar,1992,15.99
mar,1993,15.76
mar,1994,15.44
mar,1995,15.06
mar,1996,14.65
mar,1997,14.37
mar,1998,13.93
mar,1999,13.68
mar,2000,13.37
mar,2001,13.1
mar,2002,13
mar,2003,12.83
mar,2004,12.67
mar,2005,12.52
mar,2006,12.35
mar,2007,12.17
mar,2008,11.99
mar,2009,11.81
mar,2010,11.63
mar,2011,11.45
mar,2012,11.28
mar,2013,11.13
mar,2014,10.98
mar,2015,10.84
mar,2016,10.71
mda,1990,21.65
mda,1991,22.74
mda,1992,20.82
mda,1993,21.4
mda,1994,22.61
mda,1995,22.83
mda,1996,21.4
mda,1997,18.13
mda,1998,17.3
mda,1999,17.42
mda,2000,17.46
mda,2001,17.36
mda,2002,17.08
mda,2003,17.51
mda,2004,17.04
mda,2005,18.12
mda,2006,18.15
mda,2007,17.45
mda,2008,16.96
mda,2009,16.46
mda,2010,17.04
mda,2011,14.66
mda,2012,14.68
mda,2013,14.01
mda,2014,14.53
mda,2015,14.35
mda,2016,13.92
mdg,1990,50.07
mdg,1991,49.91
mdg,1992,49.91
mdg,1993,50.17
mdg,1994,49.1
mdg,1995,48.99
mdg,1996,48.73
mdg,1997,48.97
mdg,1998,48.84
mdg,1999,48.27
mdg,2000,48.19
mdg,2001,47.72
mdg,2002,48.03
mdg,2003,47.81
mdg,2004,47.42
mdg,2005,46.42
mdg,2006,45.74
mdg,2007,45.26
mdg,2008,45.3
mdg,2009,45.37
mdg,2010,45.33
mdg,2011,45.22
mdg,2012,45.09
mdg,2013,44.68
mdg,2014,44.3
mdg,2015,43.89
mdg,2016,43.4
mdv,1990,22.31
mdv,1991,21.58
mdv,1992,20.84
mdv,1993,19.87
mdv,1994,19.05
mdv,1995,18.36
mdv,1996,17.68
mdv,1997,16.97
mdv,1998,16.39
mdv,1999,15.79
mdv,2000,15.19
mdv,2001,14.57
mdv,2002,13.83
mdv,2003,12.91
mdv,2004,12.09
mdv,2005,11.42
mdv,2006,10.82
mdv,2007,10.18
mdv,2008,9.63
mdv,2009,9.28
mdv,2010,8.91
mdv,2011,9.34
mdv,2012,9
mdv,2013,8.89
mdv,2014,8.8
mdv,2015,8.75
mdv,2016,8.75
mex,1990,36.13
mex,1991,35
mex,1992,34.6
mex,1993,34.12
mex,1994,33.28
mex,1995,32.69
mex,1996,31.66
mex,1997,30.84
mex,1998,30.04
mex,1999,28.94
mex,2000,27.39
mex,2001,26.24
mex,2002,25.37
mex,2003,24.6
mex,2004,23.47
mex,2005,22.91
mex,2006,21.91
mex,2007,20.94
mex,2008,20.58
mex,2009,20.51
mex,2010,19.5
mex,2011,18.81
mex,2012,18.49
mex,2013,18.53
mex,2014,18.43
mex,2015,17.81
mex,2016,17.79
mhl,1990,19.98
mhl,1991,20.33
mhl,1992,20.64
mhl,1993,21.25
mhl,1994,21.8
mhl,1995,22.48
mhl,1996,23.09
mhl,1997,23.67
mhl,1998,24.28
mhl,1999,24.83
mhl,2000,25.33
mhl,2001,25.83
mhl,2002,26.26
mhl,2003,26.67
mhl,2004,27
mhl,2005,27.45
mhl,2006,27.85
mhl,2007,27.7
mhl,2008,27.51
mhl,2009,27.27
mhl,2010,27.08
mhl,2011,26.76
mhl,2012,26.47
mhl,2013,26.2
mhl,2014,25.92
mhl,2015,25.64
mhl,2016,25.09
mkd,1990,15.35
mkd,1991,15
mkd,1992,15.25
mkd,1993,15.63
mkd,1994,16.1
mkd,1995,16.67
mkd,1996,17.37
mkd,1997,17.74
mkd,1998,17.99
mkd,1999,17.94
mkd,2000,17.73
mkd,2001,17.31
mkd,2002,16.89
mkd,2003,16.41
mkd,2004,15.84
mkd,2005,15.19
mkd,2006,14.58
mkd,2007,14.25
mkd,2008,14.08
mkd,2009,13.72
mkd,2010,13.45
mkd,2011,13.26
mkd,2012,13.28
mkd,2013,13.2
mkd,2014,13.04
mkd,2015,12.91
mkd,2016,12.82
mli,1990,32.26
mli,1991,32.21
mli,1992,32.67
mli,1993,32.97
mli,1994,34.02
mli,1995,36.08
mli,1996,35.16
mli,1997,35
mli,1998,34.32
mli,1999,33.35
mli,2000,32.86
mli,2001,31.9
mli,2002,30.98
mli,2003,29.82
mli,2004,29.04
mli,2005,28.25
mli,2006,27.81
mli,2007,27.23
mli,2008,26.69
mli,2009,26.17
mli,2010,26.05
mli,2011,25.85
mli,2012,25.76
mli,2013,25.52
mli,2014,25.31
mli,2015,25.1
mli,2016,24.9
mlt,1990,8.24
mlt,1991,8.35
mlt,1992,8.4
mlt,1993,8.64
mlt,1994,8.27
mlt,1995,8.34
mlt,1996,7.86
mlt,1997,7.97
mlt,1998,8.14
mlt,1999,8.87
mlt,2000,9.02
mlt,2001,9.51
mlt,2002,9.53
mlt,2003,9.17
mlt,2004,8.89
mlt,2005,8.03
mlt,2006,8.45
mlt,2007,8.39
mlt,2008,8.07
mlt,2009,7.69
mlt,2010,7.28
mlt,2011,7.08
mlt,2012,6.82
mlt,2013,6.23
mlt,2014,5.87
mlt,2015,5.88
mlt,2016,5.83
mmr,1990,29.52
mmr,1991,29.4
mmr,1992,29.33
mmr,1993,29.27
mmr,1994,29.2
mmr,1995,29.17
mmr,1996,29.1
mmr,1997,29.07
mmr,1998,28.97
mmr,1999,28.85
mmr,2000,28.67
mmr,2001,28.4
mmr,2002,28.07
mmr,2003,27.68
mmr,2004,27.2
mmr,2005,26.66
mmr,2006,26.1
mmr,2007,25.47
mmr,2008,24.91
mmr,2009,24.37
mmr,2010,23.88
mmr,2011,23.38
mmr,2012,22.89
mmr,2013,22.39
mmr,2014,21.93
mmr,2015,21.48
mmr,2016,21.09
mne,1990,16.81
mne,1991,16.55
mne,1992,16.22
mne,1993,16.05
mne,1994,15.96
mne,1995,15.91
mne,1996,15.85
mne,1997,15.78
mne,1998,15.81
mne,1999,15.76
mne,2000,15.35
mne,2001,16.09
mne,2002,15.78
mne,2003,15.55
mne,2004,15.5
mne,2005,15.34
mne,2006,15.26
mne,2007,14.84
mne,2008,14.41
mne,2009,13.99
mne,2010,13.84
mne,2011,13.65
mne,2012,13.52
mne,2013,13.38
mne,2014,13.24
mne,2015,13.11
mne,2016,13.02
mng,1990,26.68
mng,1991,26.86
mng,1992,27.19
mng,1993,27.6
mng,1994,28.11
mng,1995,29.22
mng,1996,30.09
mng,1997,30.73
mng,1998,30.54
mng,1999,29.9
mng,2000,28.86
mng,2001,28.13
mng,2002,27.68
mng,2003,27.32
mng,2004,27.03
mng,2005,26.65
mng,2006,26.14
mng,2007,25.44
mng,2008,24.89
mng,2009,24.84
mng,2010,24.79
mng,2011,24.26
mng,2012,23.64
mng,2013,23
mng,2014,22.26
mng,2015,21.98
mng,2016,21.76
mnp,1990,27.56
mnp,1991,26.82
mnp,1992,26.16
mnp,1993,25.62
mnp,1994,25.13
mnp,1995,24.78
mnp,1996,24.5
mnp,1997,24.18
mnp,1998,23.38
mnp,1999,26.38
mnp,2000,26.16
mnp,2001,26.62
mnp,2002,26.55
mnp,2003,24.95
mnp,2004,24.02
mnp,2005,23.36
mnp,2006,23.34
mnp,2007,23.33
mnp,2008,22.73
mnp,2009,23.82
mnp,2010,24.19
mnp,2011,23.7
mnp,2012,23.38
mnp,2013,23.43
mnp,2014,23.5
mnp,2015,23.58
mnp,2016,23.5
moz,1990,46.33
moz,1991,45.86
moz,1992,45.73
moz,1993,45.16
moz,1994,44.57
moz,1995,44.22
moz,1996,44.22
moz,1997,44.3
moz,1998,43.31
moz,1999,42.87
moz,2000,42.57
moz,2001,40.89
moz,2002,40.16
moz,2003,39.2
moz,2004,38.51
moz,2005,38.3
moz,2006,37.72
moz,2007,37.89
moz,2008,37.4
moz,2009,37.55
moz,2010,37.67
moz,2011,37.41
moz,2012,37.14
moz,2013,36.88
moz,2014,37.43
moz,2015,38.11
moz,2016,38.13
mrt,1990,31.99
mrt,1991,31.47
mrt,1992,31.31
mrt,1993,31.02
mrt,1994,30.88
mrt,1995,30.55
mrt,1996,30.5
mrt,1997,29.76
mrt,1998,29.19
mrt,1999,28.82
mrt,2000,28.48
mrt,2001,28.36
mrt,2002,27.71
mrt,2003,27.29
mrt,2004,27.02
mrt,2005,26.55
mrt,2006,26.17
mrt,2007,25.78
mrt,2008,25.56
mrt,2009,25.28
mrt,2010,25
mrt,2011,24.86
mrt,2012,24.62
mrt,2013,24.43
mrt,2014,24.21
mrt,2015,24.01
mrt,2016,23.83
mus,1990,18.99
mus,1991,19.57
mus,1992,20.44
mus,1993,20.52
mus,1994,20.79
mus,1995,19.43
mus,1996,19.01
mus,1997,17.05
mus,1998,17.73
mus,1999,18.36
mus,2000,18.35
mus,2001,17.95
mus,2002,17.5
mus,2003,16.65
mus,2004,16.59
mus,2005,15.91
mus,2006,15.17
mus,2007,15.2
mus,2008,15.1
mus,2009,14.74
mus,2010,14.24
mus,2011,13.72
mus,2012,13.59
mus,2013,13.5
mus,2014,12.96
mus,2015,12.85
mus,2016,12.68
mwi,1990,35.37
mwi,1991,35.18
mwi,1992,35.44
mwi,1993,35.73
mwi,1994,36.68
mwi,1995,36.91
mwi,1996,36.56
mwi,1997,38.37
mwi,1998,41.38
mwi,1999,46.02
mwi,2000,50.53
mwi,2001,54.94
mwi,2002,59.26
mwi,2003,63.26
mwi,2004,66.05
mwi,2005,67.68
mwi,2006,63.53
mwi,2007,60.85
mwi,2008,59.33
mwi,2009,58.11
mwi,2010,57.06
mwi,2011,55.41
mwi,2012,54.2
mwi,2013,53.57
mwi,2014,52.87
mwi,2015,52.07
mwi,2016,51.38
mys,1990,16.78
mys,1991,16.72
mys,1992,16.68
mys,1993,16.61
mys,1994,16.58
mys,1995,16.55
mys,1996,16.53
mys,1997,16.51
mys,1998,16.49
mys,1999,16.31
mys,2000,16.17
mys,2001,16.07
mys,2002,15.91
mys,2003,15.99
mys,2004,15.43
mys,2005,15.07
mys,2006,14.89
mys,2007,14.83
mys,2008,14.7
mys,2009,14.56
mys,2010,14.37
mys,2011,14.19
mys,2012,14.02
mys,2013,13.8
mys,2014,13.57
mys,2015,13.32
mys,2016,13.08
nam,1990,17.27
nam,1991,17.02
nam,1992,16.84
nam,1993,16.75
nam,1994,16.76
nam,1995,17.01
nam,1996,16.94
nam,1997,17.28
nam,1998,17.41
nam,1999,18.12
nam,2000,18.72
nam,2001,18.6
nam,2002,18.23
nam,2003,18.88
nam,2004,18.86
nam,2005,18.53
nam,2006,18.25
nam,2007,17.23
nam,2008,16.47
nam,2009,16.55
nam,2010,15.51
nam,2011,14.86
nam,2012,14.52
nam,2013,14.21
nam,2014,13.97
nam,2015,13.77
nam,2016,13.56
ner,1990,31.2
ner,1991,30.9
ner,1992,31.16
ner,1993,31.12
ner,1994,31.05
ner,1995,31.24
ner,1996,30.68
ner,1997,30.72
ner,1998,30.62
ner,1999,30.46
ner,2000,30.54
ner,2001,30.66
ner,2002,30.3
ner,2003,29.91
ner,2004,29.62
ner,2005,29.22
ner,2006,29.17
ner,2007,28.95
ner,2008,28.72
ner,2009,28.53
ner,2010,28.27
ner,2011,28.23
ner,2012,28.21
ner,2013,28.18
ner,2014,28.14
ner,2015,28.17
ner,2016,28.23
nga,1990,27.59
nga,1991,27.68
nga,1992,27.73
nga,1993,27.73
nga,1994,27.33
nga,1995,27.39
nga,1996,27.23
nga,1997,27.06
nga,1998,26.53
nga,1999,25.83
nga,2000,25.37
nga,2001,24.72
nga,2002,24.87
nga,2003,23.93
nga,2004,23.29
nga,2005,22.48
nga,2006,21.79
nga,2007,21.17
nga,2008,20.2
nga,2009,19.48
nga,2010,18.8
nga,2011,18.06
nga,2012,17.7
nga,2013,17.44
nga,2014,17.27
nga,2015,17.33
nga,2016,17.42
nic,1990,35.42
nic,1991,36.04
nic,1992,36.15
nic,1993,36.32
nic,1994,36.03
nic,1995,35.55
nic,1996,34.95
nic,1997,34.27
nic,1998,33.12
nic,1999,31.87
nic,2000,31.09
nic,2001,30.72
nic,2002,30.33
nic,2003,29.83
nic,2004,29.23
nic,2005,28.42
nic,2006,27.65
nic,2007,27.08
nic,2008,26.75
nic,2009,26.83
nic,2010,26.72
nic,2011,26.53
nic,2012,26.24
nic,2013,25.96
nic,2014,25.76
nic,2015,25.46
nic,2016,25.09
nld,1990,8.94
nld,1991,8.95
nld,1992,8.85
nld,1993,8.87
nld,1994,8.58
nld,1995,8.37
nld,1996,8.27
nld,1997,8.2
nld,1998,8.17
nld,1999,8.12
nld,2000,8.12
nld,2001,7.87
nld,2002,7.92
nld,2003,7.88
nld,2004,7.72
nld,2005,7.54
nld,2006,7.32
nld,2007,7.13
nld,2008,7.07
nld,2009,6.89
nld,2010,6.85
nld,2011,6.82
nld,2012,6.68
nld,2013,6.52
nld,2014,6.35
nld,2015,6.25
nld,2016,6.2
nor,1953,14.74
nor,1954,15.42
nor,1955,14.24
nor,1956,14.43
nor,1957,14.95
nor,1958,16.14
nor,1959,15.04
nor,1960,15.72
nor,1961,15.17
nor,1962,13.78
nor,1963,15.54
nor,1964,16.49
nor,1965,16.45
nor,1966,15.97
nor,1967,17.13
nor,1968,16.26
nor,1969,17.57
nor,1970,18.81
nor,1971,17.5395
nor,1972,18.479
nor,1973,18.2085
nor,1974,21.318
nor,1975,18.2975
nor,1976,18.697
nor,1977,19.2965
nor,1978,18.106
nor,1979,16.0255
nor,1980,15.725
nor,1981,16.2045
nor,1982,16.014
nor,1983,15.1735
nor,1984,13.613
nor,1985,14.3325
nor,1986,13.532
nor,1987,12.9815
nor,1988,13.241
nor,1989,13.3105
nor,1990,15.66
nor,1991,15.64
nor,1992,15.31
nor,1993,14.83
nor,1994,14.37
nor,1995,14.19
nor,1996,14.28
nor,1997,14.06
nor,1998,14.1
nor,1999,13.66
nor,2000,13.36
nor,2001,13.21
nor,2002,12.96
nor,2003,12.83
nor,2004,12.66
nor,2005,12.44
nor,2006,12.23
nor,2007,12.04
nor,2008,11.94
nor,2009,11.65
nor,2010,11.42
nor,2011,11.1
nor,2012,10.75
nor,2013,10.58
nor,2014,10.16
nor,2015,10.05
nor,2016,10.01
npl,1990,33.17
npl,1991,32.18
npl,1992,31.04
npl,1993,30.46
npl,1994,29.24
npl,1995,27.77
npl,1996,26.04
npl,1997,24.18
npl,1998,22.75
npl,1999,21.46
npl,2000,20.09
npl,2001,19.23
npl,2002,18.52
npl,2003,17.85
npl,2004,17.38
npl,2005,16.93
npl,2006,16.51
npl,2007,16.1
npl,2008,15.71
npl,2009,15.35
npl,2010,15.01
npl,2011,14.67
npl,2012,14.37
npl,2013,14.06
npl,2014,13.78
npl,2015,13.52
npl,2016,13.29
nzl,1983,13.48
nzl,1984,13.47
nzl,1985,15.02
nzl,1986,14.5
nzl,1987,15.5
nzl,1988,17.6
nzl,1989,16.33
nzl,1990,16.82
nzl,1991,16.38
nzl,1992,15.09
nzl,1993,14.19
nzl,1994,13.7
nzl,1995,13.3
nzl,1996,12.63
nzl,1997,11.9
nzl,1998,11.28
nzl,1999,10.45
nzl,2000,9.7
nzl,2001,9.15
nzl,2002,8.81
nzl,2003,8.41
nzl,2004,8.1
nzl,2005,7.72
nzl,2006,7.38
nzl,2007,7.32
nzl,2008,7.07
nzl,2009,6.89
nzl,2010,6.93
nzl,2011,6.8
nzl,2012,6.59
nzl,2013,6.4
nzl,2014,6.25
nzl,2015,6.28
nzl,2016,6.26
omn,1990,5.9
omn,1991,5.8
omn,1992,5.72
omn,1993,5.65
omn,1994,5.58
omn,1995,5.51
omn,1996,5.41
omn,1997,5.32
omn,1998,5.21
omn,1999,5.19
omn,2000,5.16
omn,2001,5.1
omn,2002,5.05
omn,2003,5.02
omn,2004,4.99
omn,2005,4.93
omn,2006,4.91
omn,2007,4.81
omn,2008,5.18
omn,2009,5.58
omn,2010,5.4
omn,2011,5.2
omn,2012,5.01
omn,2013,4.88
omn,2014,4.76
omn,2015,4.65
omn,2016,4.53
pak,1990,7.94
pak,1991,7.95
pak,1992,8.11
pak,1993,8.26
pak,1994,8.38
pak,1995,8.53
pak,1996,8.4
pak,1997,8.57
pak,1998,8.66
pak,1999,8.74
pak,2000,8.85
pak,2001,8.71
pak,2002,8.6
pak,2003,8.52
pak,2004,8.33
pak,2005,8.14
pak,2006,7.93
pak,2007,7.79
pak,2008,7.65
pak,2009,7.54
pak,2010,7.41
pak,2011,7.29
pak,2012,7.18
pak,2013,7.08
pak,2014,6.98
pak,2015,6.9
pak,2016,6.82
pan,1990,33.29
pan,1991,33.23
pan,1992,33.09
pan,1993,32.71
pan,1994,32.39
pan,1995,32.38
pan,1996,32.61
pan,1997,32.25
pan,1998,31.51
pan,1999,30.01
pan,2000,27.88
pan,2001,27.35
pan,2002,26.27
pan,2003,26.38
pan,2004,24.96
pan,2005,23.86
pan,2006,22.95
pan,2007,22.16
pan,2008,21.97
pan,2009,21.62
pan,2010,21.68
pan,2011,21.64
pan,2012,21.49
pan,2013,20.5
pan,2014,20.99
pan,2015,20.26
pan,2016,19.65
per,1990,35.18
per,1991,35.05
per,1992,35.64
per,1993,36.22
per,1994,36.35
per,1995,35.87
per,1996,34.98
per,1997,33.86
per,1998,32.79
per,1999,31.8
per,2000,30.58
per,2001,29.11
per,2002,28.38
per,2003,27.81
per,2004,27.12
per,2005,26.43
per,2006,25.73
per,2007,25.27
per,2008,25.28
per,2009,25.6
per,2010,25.53
per,2011,25.1
per,2012,24.3
per,2013,23.36
per,2014,22.46
per,2015,22.07
per,2016,21.68
phl,1990,9.4
phl,1991,10.01
phl,1992,11.72
phl,1993,12.56
phl,1994,13.18
phl,1995,13.76
phl,1996,14.46
phl,1997,15.11
phl,1998,15.87
phl,1999,16.98
phl,2000,17.23
phl,2001,17.46
phl,2002,17.44
phl,2003,17.22
phl,2004,16.37
phl,2005,16.3
phl,2006,17.26
phl,2007,17.73
phl,2008,17.99
phl,2009,18.13
phl,2010,18.19
phl,2011,18.2
phl,2012,17.9
phl,2013,17.4
phl,2014,16.99
phl,2015,16.58
phl,2016,16.21
png,1990,36.02
png,1991,36.22
png,1992,36.37
png,1993,36.48
png,1994,36.61
png,1995,36.9
png,1996,37.11
png,1997,37.54
png,1998,37.92
png,1999,38.24
png,2000,38.57
png,2001,38.91
png,2002,39.2
png,2003,39.44
png,2004,39.56
png,2005,39.71
png,2006,39.7
png,2007,39.59
png,2008,39.31
png,2009,38.97
png,2010,38.62
png,2011,38.23
png,2012,37.72
png,2013,37.28
png,2014,36.77
png,2015,36.25
png,2016,35.78
pol,1990,19.32
pol,1991,19.7
pol,1992,19.24
pol,1993,18.73
pol,1994,18.61
pol,1995,18.44
pol,1996,18.12
pol,1997,18.29
pol,1998,17.85
pol,1999,17.54
pol,2000,17.09
pol,2001,16.4
pol,2002,15.83
pol,2003,15.42
pol,2004,15.12
pol,2005,14.94
pol,2006,14.73
pol,2007,14.49
pol,2008,13.97
pol,2009,13.63
pol,2010,12.89
pol,2011,12.53
pol,2012,12.33
pol,2013,11.88
pol,2014,11.39
pol,2015,11.13
pol,2016,10.87
pri,1990,13.23
pri,1991,13
pri,1992,12.44
pri,1993,12.46
pri,1994,12.24
pri,1995,12.2
pri,1996,11.87
pri,1997,11.82
pri,1998,11.7
pri,1999,11.52
pri,2000,11.26
pri,2001,10.86
pri,2002,11.02
pri,2003,10.86
pri,2004,10.66
pri,2005,10.4
pri,2006,10.74
pri,2007,10.8
pri,2008,10.83
pri,2009,10.97
pri,2010,11.15
pri,2011,10.97
pri,2012,10.98
pri,2013,10.58
pri,2014,10.51
pri,2015,10.34
pri,2016,10.18
prk,1990,11.62
prk,1991,11.57
prk,1992,11.57
prk,1993,11.59
prk,1994,11.7
prk,1995,11.88
prk,1996,12.13
prk,1997,12.43
prk,1998,12.76
prk,1999,13.14
prk,2000,13.5
prk,2001,13.78
prk,2002,14.01
prk,2003,14.17
prk,2004,14.27
prk,2005,14.34
prk,2006,14.36
prk,2007,14.36
prk,2008,14.37
prk,2009,14.37
prk,2010,14.36
prk,2011,14.31
prk,2012,14.26
prk,2013,14.21
prk,2014,14.16
prk,2015,14.1
prk,2016,14.05
prt,1990,13.92
prt,1991,13.81
prt,1992,13.73
prt,1993,13.71
prt,1994,13.43
prt,1995,13.44
prt,1996,13.32
prt,1997,13.15
prt,1998,12.99
prt,1999,12.8
prt,2000,12.71
prt,2001,12.69
prt,2002,11.97
prt,2003,11.59
prt,2004,11.26
prt,2005,11.28
prt,2006,11
prt,2007,10.66
prt,2008,10.42
prt,2009,10.21
prt,2010,9.79
prt,2011,9.47
prt,2012,9.09
prt,2013,8.74
prt,2014,8.5
prt,2015,8.4
prt,2016,8.29
pry,1990,39.95
pry,1991,40.54
pry,1992,40.96
pry,1993,40.98
pry,1994,40.82
pry,1995,40.56
pry,1996,41
pry,1997,41.31
pry,1998,41.3
pry,1999,41.61
pry,2000,42.17
pry,2001,42.73
pry,2002,42.97
pry,2003,42.99
pry,2004,42.87
pry,2005,42.94
pry,2006,42.74
pry,2007,42.42
pry,2008,41.96
pry,2009,41.66
pry,2010,41.34
pry,2011,41.09
pry,2012,40.96
pry,2013,40.83
pry,2014,40.42
pry,2015,39.93
pry,2016,39.45
pse,1990,3.28
pse,1991,3.24
pse,1992,3.18
pse,1993,3.13
pse,1994,3.06
pse,1995,3
pse,1996,2.94
pse,1997,2.88
pse,1998,2.83
pse,1999,2.76
pse,2000,2.69
pse,2001,2.61
pse,2002,2.56
pse,2003,2.52
pse,2004,2.48
pse,2005,2.39
pse,2006,2.33
pse,2007,2.28
pse,2008,2.23
pse,2009,2.2
pse,2010,2.21
pse,2011,2.22
pse,2012,2.23
pse,2013,2.28
pse,2014,2.28
pse,2015,2.33
pse,2016,2.36
pyf,2002,28
qat,1990,5.48
qat,1991,5.48
qat,1992,5.44
qat,1993,5.48
qat,1994,5.39
qat,1995,5.16
qat,1996,5.44
qat,1997,5.77
qat,1998,6.14
qat,1999,6.5
qat,2000,6.63
qat,2001,6.63
qat,2002,6.25
qat,2003,5.95
qat,2004,5.6
qat,2005,5.35
qat,2006,5.19
qat,2007,4.91
qat,2008,4.76
qat,2009,4.53
qat,2010,4.31
qat,2011,4.17
qat,2012,4.04
qat,2013,3.87
qat,2014,3.79
qat,2015,3.82
qat,2016,3.85
rou,1990,32.72
rou,1991,32.84
rou,1992,33.64
rou,1993,34.42
rou,1994,35.06
rou,1995,36.06
rou,1996,37.36
rou,1997,37.24
rou,1998,36.88
rou,1999,35.72
rou,2000,35.41
rou,2001,35.71
rou,2002,35.89
rou,2003,35.32
rou,2004,33.99
rou,2005,33.78
rou,2006,32.98
rou,2007,32.17
rou,2008,32
rou,2009,31.58
rou,2010,30.15
rou,2011,28.18
rou,2012,27.96
rou,2013,27.89
rou,2014,27.72
rou,2015,26.81
rou,2016,26.27
rus,1990,16.22
rus,1991,15.99
rus,1992,16.61
rus,1993,19.01
rus,1994,20.26
rus,1995,19.11
rus,1996,17.52
rus,1997,16.27
rus,1998,15.87
rus,1999,16.65
rus,2000,16.93
rus,2001,16.93
rus,2002,17.16
rus,2003,17.51
rus,2004,17.51
rus,2005,17.84
rus,2006,17.08
rus,2007,16.95
rus,2008,17.21
rus,2009,16.76
rus,2010,16.87
rus,2011,16.65
rus,2012,16.3
rus,2013,16.15
rus,2014,16.08
rus,2015,15.89
rus,2016,16.01
rwa,1990,65.21
rwa,1991,67.04
rwa,1992,66.85
rwa,1993,67.29
rwa,1994,68.4
rwa,1995,69.22
rwa,1996,68.59
rwa,1997,66.54
rwa,1998,63.83
rwa,1999,61.07
rwa,2000,57.08
rwa,2001,52.81
rwa,2002,48.93
rwa,2003,45.86
rwa,2004,43.02
rwa,2005,40.6
rwa,2006,38.9
rwa,2007,37.52
rwa,2008,36.65
rwa,2009,36.03
rwa,2010,35.7
rwa,2011,35.28
rwa,2012,34.86
rwa,2013,34.81
rwa,2014,34.68
rwa,2015,34.6
rwa,2016,34.61
sau,1990,4.45
sau,1991,4.42
sau,1992,4.39
sau,1993,4.36
sau,1994,4.34
sau,1995,4.34
sau,1996,4.33
sau,1997,4.33
sau,1998,4.36
sau,1999,4.36
sau,2000,4.28
sau,2001,4.22
sau,2002,4.2
sau,2003,4.11
sau,2004,4.03
sau,2005,3.95
sau,2006,3.88
sau,2007,3.79
sau,2008,3.74
sau,2009,3.67
sau,2010,3.57
sau,2011,3.45
sau,2012,3.35
sau,2013,3.26
sau,2014,3.16
sau,2015,3.07
sau,2016,3
scg,2002,27.4
sdn,1990,9.85
sdn,1991,9.71
sdn,1992,9.57
sdn,1993,9.42
sdn,1994,9.27
sdn,1995,9.16
sdn,1996,8.99
sdn,1997,8.79
sdn,1998,8.58
sdn,1999,8.39
sdn,2000,8.2
sdn,2001,8.01
sdn,2002,7.85
sdn,2003,7.69
sdn,2004,7.54
sdn,2005,7.4
sdn,2006,7.25
sdn,2007,7.09
sdn,2008,6.94
sdn,2009,6.81
sdn,2010,6.7
sdn,2011,6.55
sdn,2012,6.45
sdn,2013,6.35
sdn,2014,6.24
sdn,2015,6.14
sdn,2016,6.05
sen,1990,28.61
sen,1991,28.66
sen,1992,28.74
sen,1993,28.54
sen,1994,29.01
sen,1995,28.67
sen,1996,28.72
sen,1997,28.77
sen,1998,29
sen,1999,29.48
sen,2000,29.45
sen,2001,29.58
sen,2002,29.46
sen,2003,29.33
sen,2004,29.42
sen,2005,29.46
sen,2006,29.48
sen,2007,29.5
sen,2008,29.58
sen,2009,29.61
sen,2010,29.56
sen,2011,29.5
sen,2012,29.4
sen,2013,29.27
sen,2014,29.11
sen,2015,28.96
sen,2016,28.8
sgp,1990,21.18
sgp,1991,20.45
sgp,1992,19.83
sgp,1993,19.4
sgp,1994,19.04
sgp,1995,18.57
sgp,1996,18.3
sgp,1997,18.26
sgp,1998,16.73
sgp,1999,16.06
sgp,2000,15.07
sgp,2001,14.13
sgp,2002,13.38
sgp,2003,12.53
sgp,2004,11.75
sgp,2005,11.33
sgp,2006,10.71
sgp,2007,10.2
sgp,2008,9.8
sgp,2009,9.54
sgp,2010,9.4
sgp,2011,9.33
sgp,2012,9.3
sgp,2013,9.15
sgp,2014,8.92
sgp,2015,8.69
sgp,2016,8.58
slb,1990,32.95
slb,1991,33.07
slb,1992,33.1
slb,1993,33.19
slb,1994,33.22
slb,1995,33.34
slb,1996,33.45
slb,1997,33.63
slb,1998,33.87
slb,1999,34.07
slb,2000,34.38
slb,2001,34.73
slb,2002,35.14
slb,2003,35.42
slb,2004,35.6
slb,2005,35.71
slb,2006,35.71
slb,2007,35.58
slb,2008,35.33
slb,2009,35.09
slb,2010,34.81
slb,2011,34.51
slb,2012,34.2
slb,2013,33.84
slb,2014,33.53
slb,2015,33.22
slb,2016,32.71
sle,1990,27.27
sle,1991,27.14
sle,1992,27.17
sle,1993,27.21
sle,1994,27.76
sle,1995,28.38
sle,1996,28.99
sle,1997,30.41
sle,1998,30.77
sle,1999,31.6
sle,2000,32.01
sle,2001,32.89
sle,2002,34.09
sle,2003,34.42
sle,2004,34.81
sle,2005,35
sle,2006,35.05
sle,2007,35.5
sle,2008,35.47
sle,2009,35.45
sle,2010,35.33
sle,2011,35
sle,2012,34.49
sle,2013,33.88
sle,2014,33.4
sle,2015,33.26
sle,2016,33.12
slv,1990,27.91
slv,1991,28.57
slv,1992,29.5
slv,1993,30.45
slv,1994,31.98
slv,1995,32.75
slv,1996,33.86
slv,1997,34.68
slv,1998,35.09
slv,1999,34.79
slv,2000,34.32
slv,2001,33.91
slv,2002,33.67
slv,2003,33.42
slv,2004,32.94
slv,2005,32.61
slv,2006,32.26
slv,2007,31.71
slv,2008,30.99
slv,2009,30.28
slv,2010,29.61
slv,2011,28.9
slv,2012,28.57
slv,2013,28.38
slv,2014,28.18
slv,2015,27.95
slv,2016,27.71
som,1990,71.23
som,1991,70.92
som,1992,71.26
som,1993,71.49
som,1994,71.96
som,1995,72.54
som,1996,72.46
som,1997,72.61
som,1998,72.56
som,1999,72.66
som,2000,72.83
som,2001,72.38
som,2002,71.92
som,2003,71.79
som,2004,71.39
som,2005,71.11
som,2006,70.5
som,2007,69.88
som,2008,69.43
som,2009,68.97
som,2010,68.32
som,2011,67.7
som,2012,66.64
som,2013,66.37
som,2014,65.91
som,2015,65.42
som,2016,65.1
srb,1990,25.82
srb,1991,25.55
srb,1992,25.91
srb,1993,26.21
srb,1994,26.45
srb,1995,26.71
srb,1996,26.83
srb,1997,26.78
srb,1998,26.56
srb,1999,26.38
srb,2000,26.44
srb,2001,26.45
srb,2002,26.31
srb,2003,25.82
srb,2004,25.37
srb,2005,24.77
srb,2006,24.14
srb,2007,23.59
srb,2008,23.13
srb,2009,22.58
srb,2010,22.15
srb,2011,21.73
srb,2012,21.35
srb,2013,21.09
srb,2014,20.7
srb,2015,20.54
srb,2016,20.55
ssd,1990,73.57
ssd,1991,72.86
ssd,1992,72.56
ssd,1993,72.08
ssd,1994,71.79
ssd,1995,71.59
ssd,1996,69.74
ssd,1997,68.54
ssd,1998,67.05
ssd,1999,64.56
ssd,2000,62.8
ssd,2001,60.93
ssd,2002,59.78
ssd,2003,58.84
ssd,2004,57.67
ssd,2005,56.98
ssd,2006,55.32
ssd,2007,54.02
ssd,2008,53.69
ssd,2009,52.94
ssd,2010,52.91
ssd,2011,52.94
ssd,2012,52.52
ssd,2013,52.95
ssd,2014,53.2
ssd,2015,53.45
ssd,2016,53.68
stp,1990,42.63
stp,1991,43.16
stp,1992,43.66
stp,1993,44.09
stp,1994,44.3
stp,1995,44.34
stp,1996,45.35
stp,1997,45.79
stp,1998,45.3
stp,1999,44.54
stp,2000,44.62
stp,2001,43.55
stp,2002,43.11
stp,2003,42.08
stp,2004,42.08
stp,2005,40.78
stp,2006,40.42
stp,2007,39.77
stp,2008,38.59
stp,2009,38.43
stp,2010,38.31
stp,2011,37.52
stp,2012,37.63
stp,2013,36.8
stp,2014,36.4
stp,2015,36.02
stp,2016,35.68
sur,1990,32.78
sur,1991,30.22
sur,1992,29.92
sur,1993,30.61
sur,1994,30.58
sur,1995,30.22
sur,1996,30.11
sur,1997,30.49
sur,1998,31.21
sur,1999,31.93
sur,2000,32.59
sur,2001,32.82
sur,2002,32.92
sur,2003,33.43
sur,2004,32.9
sur,2005,32.12
sur,2006,32.48
sur,2007,32.47
sur,2008,32.47
sur,2009,32.01
sur,2010,31.91
sur,2011,31.92
sur,2012,31.81
sur,2013,31.28
sur,2014,31.22
sur,2015,30.9
sur,2016,30.58
svk,1968,19.34
svk,1969,16.93
svk,1970,17.89
svk,1971,15.4895
svk,1972,16.019
svk,1973,14.2485
svk,1974,16.078
svk,1975,14.2375
svk,1976,15.027
svk,1977,15.6565
svk,1978,16.416
svk,1979,17.7155
svk,1980,16.655
svk,1981,17.6245
svk,1982,16.854
svk,1983,17.4535
svk,1984,19.833
svk,1985,18.2625
svk,1986,18.732
svk,1987,21.1715
svk,1988,21.031
svk,1989,18.8105
svk,1990,19.87
svk,1991,19.93
svk,1992,19.6
svk,1993,19.48
svk,1994,19.07
svk,1995,18.87
svk,1996,18.4
svk,1997,18.47
svk,1998,18.26
svk,1999,18.08
svk,2000,17.65
svk,2001,17.65
svk,2002,17.43
svk,2003,17.47
svk,2004,17.51
svk,2005,17.76
svk,2006,17.78
svk,2007,18.19
svk,2008,17.81
svk,2009,17.91
svk,2010,17.55
svk,2011,17.47
svk,2012,17.27
svk,2013,17.15
svk,2014,16.83
svk,2015,16.58
svk,2016,16.39
svn,1963,24.71
svn,1964,26.74
svn,1965,21.39
svn,1966,19.55
svn,1967,24.18
svn,1968,19.42
svn,1969,16.96
svn,1970,14.51
svn,1971,20.499
svn,1972,20.798
svn,1973,17.737
svn,1974,18.746
svn,1975,19.895
svn,1976,17.734
svn,1977,17.603
svn,1978,16.312
svn,1979,15.181
svn,1980,17.89
svn,1981,17.519
svn,1982,16.738
svn,1983,17.157
svn,1984,18.576
svn,1985,20.475
svn,1986,16.934
svn,1987,17.243
svn,1988,18.032
svn,1989,18.811
svn,1990,18.58
svn,1991,19.22
svn,1992,19.04
svn,1993,19.19
svn,1994,19.51
svn,1995,19.57
svn,1996,19.53
svn,1997,19.26
svn,1998,18.41
svn,1999,18.19
svn,2000,17.88
svn,2001,17.13
svn,2002,16.77
svn,2003,16.56
svn,2004,16.19
svn,2005,15.13
svn,2006,14.1
svn,2007,13.61
svn,2008,13
svn,2009,12.61
svn,2010,12.4
svn,2011,12.1
svn,2012,11.97
svn,2013,11.77
svn,2014,11.33
svn,2015,11.45
svn,2016,11.18
swe,1958,18.33
swe,1959,18.06
swe,1960,16.48
swe,1961,16.74
swe,1962,17.81
swe,1963,15.73
swe,1964,17.48
swe,1965,20.04
swe,1966,19.04
swe,1967,18.89
swe,1968,17.99
swe,1969,16.89
swe,1970,15.11
swe,1971,15.039
swe,1972,14.438
swe,1973,12.717
swe,1974,12.056
swe,1975,12.025
swe,1976,11.924
swe,1977,11.643
swe,1978,12.072
swe,1979,10.601
swe,1980,10.29
swe,1981,11.939
swe,1982,11.738
swe,1983,11.047
swe,1984,11.166
swe,1985,10.795
swe,1986,10.474
swe,1987,10.663
swe,1988,10.542
swe,1989,10.761
swe,1990,10.78
swe,1991,10.52
swe,1992,10.33
swe,1993,10.24
swe,1994,10.14
swe,1995,9.91
swe,1996,9.79
swe,1997,9.88
swe,1998,9.86
swe,1999,10.03
swe,2000,9.8
swe,2001,9.55
swe,2002,9.52
swe,2003,9.42
swe,2004,9.68
swe,2005,9.37
swe,2006,9.31
swe,2007,9.28
swe,2008,9.16
swe,2009,9.04
swe,2010,8.84
swe,2011,8.9
swe,2012,8.87
swe,2013,9.01
swe,2014,8.87
swe,2015,8.99
swe,2016,8.75
swz,1990,49.39
swz,1991,48.69
swz,1992,47.34
swz,1993,45.04
swz,1994,43.26
swz,1995,43.06
swz,1996,41.85
swz,1997,41.57
swz,1998,43.25
swz,1999,46.2
swz,2000,51.66
swz,2001,54.88
swz,2002,59.26
swz,2003,60.43
swz,2004,61.91
swz,2005,63.27
swz,2006,61.91
swz,2007,60.04
swz,2008,57.8
swz,2009,56.05
swz,2010,54.19
swz,2011,51.61
swz,2012,50.1
swz,2013,48.93
swz,2014,47.56
swz,2015,46.14
swz,2016,45.3
syc,1990,52.4
syc,1991,49.64
syc,1992,47.25
syc,1993,44.87
syc,1994,42.48
syc,1995,40.18
syc,1996,39.93
syc,1997,40.07
syc,1998,40.59
syc,1999,40.38
syc,2000,40.18
syc,2001,39.79
syc,2002,39.71
syc,2003,39.66
syc,2004,38.92
syc,2005,38.42
syc,2006,37.18
syc,2007,36.82
syc,2008,35.6
syc,2009,35.65
syc,2010,35.53
syc,2011,36.06
syc,2012,36.14
syc,2013,35.91
syc,2014,36.03
syc,2015,35.86
syc,2016,35.65
syr,1990,3.58
syr,1991,3.53
syr,1992,3.46
syr,1993,3.44
syr,1994,3.41
syr,1995,3.37
syr,1996,3.32
syr,1997,3.27
syr,1998,3.22
syr,1999,3.13
syr,2000,3.06
syr,2001,2.9
syr,2002,2.8
syr,2003,2.74
syr,2004,2.67
syr,2005,2.6
syr,2006,2.54
syr,2007,2.47
syr,2008,2.42
syr,2009,2.38
syr,2010,2.35
syr,2011,2.3
syr,2012,2.28
syr,2013,2.26
syr,2014,2.24
syr,2015,2.22
syr,2016,2.2
tcd,1990,31.6
tcd,1991,31.16
tcd,1992,31.11
tcd,1993,31.17
tcd,1994,31.19
tcd,1995,31.43
tcd,1996,31.68
tcd,1997,31.98
tcd,1998,32.76
tcd,1999,33.1
tcd,2000,33.18
tcd,2001,33.16
tcd,2002,33.22
tcd,2003,33.59
tcd,2004,33.26
tcd,2005,32.72
tcd,2006,32.26
tcd,2007,32.15
tcd,2008,32.4
tcd,2009,32.35
tcd,2010,32.23
tcd,2011,31.84
tcd,2012,31.39
tcd,2013,30.94
tcd,2014,30.64
tcd,2015,30.43
tcd,2016,30.18
tgo,1990,28.93
tgo,1991,28.9
tgo,1992,28.72
tgo,1993,28.64
tgo,1994,28.76
tgo,1995,28.47
tgo,1996,28.49
tgo,1997,29.2
tgo,1998,29.5
tgo,1999,29.18
tgo,2000,29.26
tgo,2001,29.21
tgo,2002,29.32
tgo,2003,29.47
tgo,2004,28.76
tgo,2005,28.84
tgo,2006,28.48
tgo,2007,28.98
tgo,2008,28.92
tgo,2009,28.65
tgo,2010,28.51
tgo,2011,28.44
tgo,2012,28.34
tgo,2013,28.3
tgo,2014,28.18
tgo,2015,27.91
tgo,2016,27.71
tha,1990,26.52
tha,1991,26.46
tha,1992,26.63
tha,1993,26.77
tha,1994,26.99
tha,1995,27.18
tha,1996,27.33
tha,1997,27.62
tha,1998,27.92
tha,1999,27.69
tha,2000,27.17
tha,2001,26.47
tha,2002,25.71
tha,2003,24.93
tha,2004,23.95
tha,2005,23.27
tha,2006,22.66
tha,2007,21.92
tha,2008,21.16
tha,2009,20.54
tha,2010,20.05
tha,2011,19.59
tha,2012,19.25
tha,2013,18.97
tha,2014,18.71
tha,2015,18.46
tha,2016,18.18
tjk,1990,11.19
tjk,1991,10.87
tjk,1992,10.69
tjk,1993,10.42
tjk,1994,10.22
tjk,1995,9.89
tjk,1996,9.29
tjk,1997,9.01
tjk,1998,8.7
tjk,1999,8.47
tjk,2000,8.22
tjk,2001,7.97
tjk,2002,7.71
tjk,2003,7.43
tjk,2004,7.13
tjk,2005,6.81
tjk,2006,6.76
tjk,2007,6.73
tjk,2008,6.71
tjk,2009,6.54
tjk,2010,6.37
tjk,2011,6.25
tjk,2012,6.13
tjk,2013,6.02
tjk,2014,5.98
tjk,2015,5.96
tjk,2016,5.94
tkm,1990,14.91
tkm,1991,14.08
tkm,1992,13.88
tkm,1993,13.2
tkm,1994,13.17
tkm,1995,12.5
tkm,1996,13.15
tkm,1997,13.61
tkm,1998,12.73
tkm,1999,13.71
tkm,2000,14.11
tkm,2001,14.44
tkm,2002,15.07
tkm,2003,15.26
tkm,2004,16.04
tkm,2005,16.33
tkm,2006,17.06
tkm,2007,17.4
tkm,2008,17.75
tkm,2009,18.64
tkm,2010,18.98
tkm,2011,19.33
tkm,2012,19.75
tkm,2013,19.68
tkm,2014,19.29
tkm,2015,18.24
tkm,2016,17.53
tls,1990,31.02
tls,1991,30.46
tls,1992,29.91
tls,1993,29.33
tls,1994,28.72
tls,1995,28.42
tls,1996,27.75
tls,1997,27.39
tls,1998,27.13
tls,1999,26.8
tls,2000,26.49
tls,2001,25.94
tls,2002,25.49
tls,2003,25.5
tls,2004,24.61
tls,2005,23.73
tls,2006,22.46
tls,2007,21.94
tls,2008,21.43
tls,2009,20.96
tls,2010,20.66
tls,2011,20.33
tls,2012,19.94
tls,2013,19.87
tls,2014,19.83
tls,2015,19.78
tls,2016,19.76
ton,1990,38.32
ton,1991,38.11
ton,1992,37.97
ton,1993,37.9
ton,1994,37.83
ton,1995,37.9
ton,1996,37.88
ton,1997,37.69
ton,1998,38.02
ton,1999,37.88
ton,2000,37.8
ton,2001,37.15
ton,2002,36.71
ton,2003,36.23
ton,2004,35.5
ton,2005,34.96
ton,2006,34.57
ton,2007,34.32
ton,2008,34.05
ton,2009,33.81
ton,2010,33.51
ton,2011,33.09
ton,2012,33.01
ton,2013,32.84
ton,2014,32.64
ton,2015,32.43
ton,2016,32.24
tto,1990,33.41
tto,1991,32.54
tto,1992,33.31
tto,1993,33.63
tto,1994,32.31
tto,1995,32.73
tto,1996,32.63
tto,1997,32.96
tto,1998,31.98
tto,1999,31.57
tto,2000,30.02
tto,2001,28.63
tto,2002,27.7
tto,2003,27.23
tto,2004,26.24
tto,2005,26.31
tto,2006,25.74
tto,2007,25.68
tto,2008,25.51
tto,2009,25.01
tto,2010,26.08
tto,2011,25.29
tto,2012,24.83
tto,2013,24.55
tto,2014,24.29
tto,2015,24.06
tto,2016,23.84
tun,1990,8.27
tun,1991,8.16
tun,1992,8.08
tun,1993,8.03
tun,1994,7.89
tun,1995,7.77
tun,1996,7.57
tun,1997,7.39
tun,1998,7.23
tun,1999,7.07
tun,2000,6.98
tun,2001,6.63
tun,2002,6.33
tun,2003,6.05
tun,2004,5.77
tun,2005,5.74
tun,2006,5.66
tun,2007,5.58
tun,2008,5.5
tun,2009,5.42
tun,2010,5.34
tun,2011,5.27
tun,2012,5.2
tun,2013,5.14
tun,2014,5.07
tun,2015,5.01
tun,2016,4.94
tur,1990,7.62
tur,1991,7.69
tur,1992,7.46
tur,1993,7.47
tur,1994,7.26
tur,1995,7.22
tur,1996,6.89
tur,1997,6.65
tur,1998,6.42
tur,1999,6.52
tur,2000,5.75
tur,2001,5.4
tur,2002,5.21
tur,2003,5.29
tur,2004,4.92
tur,2005,4.84
tur,2006,4.61
tur,2007,4.27
tur,2008,4.05
tur,2009,4.21
tur,2010,4.17
tur,2011,4.12
tur,2012,4.03
tur,2013,4.06
tur,2014,4.01
tur,2015,3.96
tur,2016,3.92
twn,1990,25.37
twn,1991,25.55
twn,1992,25.81
twn,1993,25.96
twn,1994,26.06
twn,1995,26.3
twn,1996,26.35
twn,1997,26
twn,1998,25.79
twn,1999,24.62
twn,2000,23.25
twn,2001,21.64
twn,2002,20.17
twn,2003,19.02
twn,2004,18.16
twn,2005,17.23
twn,2006,16.35
twn,2007,15.62
twn,2008,15.02
twn,2009,14.46
twn,2010,14.11
twn,2011,13.82
twn,2012,13.59
twn,2013,13.36
twn,2014,13.25
twn,2015,13.3
twn,2016,13.36
tza,1990,46.18
tza,1991,45.9
tza,1992,46.31
tza,1993,46.47
tza,1994,47.14
tza,1995,47.45
tza,1996,47.18
tza,1997,47.24
tza,1998,47.47
tza,1999,47.08
tza,2000,46.27
tza,2001,44.87
tza,2002,43.71
tza,2003,43.55
tza,2004,42.93
tza,2005,42.44
tza,2006,41.61
tza,2007,41.29
tza,2008,40.82
tza,2009,40.57
tza,2010,40.02
tza,2011,39.56
tza,2012,39.27
tza,2013,39.26
tza,2014,39.07
tza,2015,38.76
tza,2016,38.37
uga,1990,54.95
uga,1991,55.19
uga,1992,54.12
uga,1993,55.07
uga,1994,57.4
uga,1995,57.58
uga,1996,54.65
uga,1997,53.94
uga,1998,53.74
uga,1999,53.79
uga,2000,55.52
uga,2001,55.3
uga,2002,55.64
uga,2003,55.77
uga,2004,56.33
uga,2005,57.14
uga,2006,57.49
uga,2007,56.6
uga,2008,54.65
uga,2009,53.42
uga,2010,52.99
uga,2011,52.52
uga,2012,52.12
uga,2013,51.32
uga,2014,50.46
uga,2015,49.59
uga,2016,48.92
ukr,1990,19.94
ukr,1991,20.55
ukr,1992,21.06
ukr,1993,21.69
ukr,1994,22.18
ukr,1995,22.71
ukr,1996,21.69
ukr,1997,20.32
ukr,1998,18.79
ukr,1999,18.7
ukr,2000,18.37
ukr,2001,17.75
ukr,2002,17.65
ukr,2003,17.56
ukr,2004,17.77
ukr,2005,18.37
ukr,2006,17.62
ukr,2007,18.11
ukr,2008,18
ukr,2009,16.18
ukr,2010,15.16
ukr,2011,14.41
ukr,2012,14.65
ukr,2013,14.87
ukr,2014,14.28
ukr,2015,14.09
ukr,2016,14.22
ury,1990,31.36
ury,1991,31.4
ury,1992,31.24
ury,1993,31.21
ury,1994,31.05
ury,1995,31.16
ury,1996,31.35
ury,1997,31.96
ury,1998,32.1
ury,1999,31.74
ury,2000,31.36
ury,2001,31.57
ury,2002,31.68
ury,2003,31.45
ury,2004,30.69
ury,2005,30.36
ury,2006,30.25
ury,2007,29.91
ury,2008,29.53
ury,2009,28.4
ury,2010,28.14
ury,2011,28.18
ury,2012,28
ury,2013,28.4
ury,2014,28.1
ury,2015,27.59
ury,2016,27.1
usa,1990,13.19
usa,1991,12.97
usa,1992,12.83
usa,1993,12.68
usa,1994,12.51
usa,1995,12.33
usa,1996,12.13
usa,1997,11.88
usa,1998,11.59
usa,1999,11.2
usa,2000,10.92
usa,2001,10.67
usa,2002,10.41
usa,2003,10.19
usa,2004,9.98
usa,2005,9.81
usa,2006,9.67
usa,2007,9.55
usa,2008,9.48
usa,2009,9.45
usa,2010,9.42
usa,2011,9.42
usa,2012,9.45
usa,2013,9.51
usa,2014,9.54
usa,2015,9.58
usa,2016,9.56
uzb,1990,13.46
uzb,1991,13.5
uzb,1992,13.97
uzb,1993,14.57
uzb,1994,15.41
uzb,1995,15.86
uzb,1996,16.29
uzb,1997,16.13
uzb,1998,16.22
uzb,1999,16.43
uzb,2000,16.17
uzb,2001,16.61
uzb,2002,16.76
uzb,2003,17.38
uzb,2004,17.18
uzb,2005,17.03
uzb,2006,17.2
uzb,2007,17.23
uzb,2008,17.29
uzb,2009,17.32
uzb,2010,17.5
uzb,2011,17.48
uzb,2012,17.27
uzb,2013,16.95
uzb,2014,16.74
uzb,2015,16.3
uzb,2016,15.9
vct,1990,51.67
vct,1991,49.51
vct,1992,48.88
vct,1993,47.91
vct,1994,47.25
vct,1995,46.25
vct,1996,48.01
vct,1997,42.81
vct,1998,41.99
vct,1999,46.4
vct,2000,43.26
vct,2001,37.95
vct,2002,38.31
vct,2003,37.56
vct,2004,36.84
vct,2005,39.68
vct,2006,40.53
vct,2007,38.47
vct,2008,38.88
vct,2009,39.96
vct,2010,40.42
vct,2011,39.21
vct,2012,38.48
vct,2013,42.06
vct,2014,40.55
vct,2015,40.55
vct,2016,39.9
ven,1990,36.79
ven,1991,37.63
ven,1992,38.27
ven,1993,37.6
ven,1994,38.5
ven,1995,38.08
ven,1996,38.46
ven,1997,37.26
ven,1998,36.1
ven,1999,35.97
ven,2000,33.94
ven,2001,33.93
ven,2002,35.11
ven,2003,34.44
ven,2004,32.6
ven,2005,32.36
ven,2006,32.03
ven,2007,31.28
ven,2008,31.31
ven,2009,31.05
ven,2010,30.7
ven,2011,30.57
ven,2012,30.11
ven,2013,30.25
ven,2014,30.05
ven,2015,30.01
ven,2016,29.91
vnm,1990,9.96
vnm,1991,9.77
vnm,1992,9.45
vnm,1993,10.29
vnm,1994,10.97
vnm,1995,11.38
vnm,1996,14.23
vnm,1997,13.67
vnm,1998,13.6
vnm,1999,13.26
vnm,2000,12.96
vnm,2001,12.69
vnm,2002,12.45
vnm,2003,12.22
vnm,2004,11.98
vnm,2005,11.76
vnm,2006,11.55
vnm,2007,11.35
vnm,2008,11.18
vnm,2009,10.99
vnm,2010,10.8
vnm,2011,10.61
vnm,2012,10.44
vnm,2013,10.27
vnm,2014,10.09
vnm,2015,9.92
vnm,2016,9.78
vut,1990,27.78
vut,1991,27.86
vut,1992,27.97
vut,1993,28.15
vut,1994,28.31
vut,1995,28.61
vut,1996,28.88
vut,1997,29.05
vut,1998,29.23
vut,1999,29.46
vut,2000,29.56
vut,2001,29.71
vut,2002,29.92
vut,2003,30.02
vut,2004,30.07
vut,2005,30.12
vut,2006,30.06
vut,2007,29.9
vut,2008,29.67
vut,2009,29.42
vut,2010,29.16
vut,2011,28.97
vut,2012,28.77
vut,2013,28.53
vut,2014,28.35
vut,2015,28.2
vut,2016,27.82
wsm,1990,16.49
wsm,1991,16.53
wsm,1992,16.56
wsm,1993,16.61
wsm,1994,16.67
wsm,1995,16.8
wsm,1996,16.89
wsm,1997,16.96
wsm,1998,17.05
wsm,1999,17.09
wsm,2000,17.06
wsm,2001,17.06
wsm,2002,17.05
wsm,2003,17.04
wsm,2004,17.02
wsm,2005,16.99
wsm,2006,16.89
wsm,2007,16.91
wsm,2008,16.96
wsm,2009,16.99
wsm,2010,17.02
wsm,2011,17.1
wsm,2012,16.99
wsm,2013,16.88
wsm,2014,16.79
wsm,2015,16.71
wsm,2016,16.42
yem,1990,11.68
yem,1991,11.52
yem,1992,11.38
yem,1993,11.27
yem,1994,11.13
yem,1995,11.02
yem,1996,10.83
yem,1997,10.63
yem,1998,10.38
yem,1999,10.19
yem,2000,10
yem,2001,9.8
yem,2002,9.63
yem,2003,9.43
yem,2004,9.24
yem,2005,9.03
yem,2006,8.84
yem,2007,8.65
yem,2008,8.47
yem,2009,8.31
yem,2010,8.15
yem,2011,8.06
yem,2012,7.95
yem,2013,7.85
yem,2014,7.77
yem,2015,7.77
yem,2016,7.75
zaf,1990,47.36
zaf,1991,45.92
zaf,1992,46.13
zaf,1993,43.47
zaf,1994,43.46
zaf,1995,41.21
zaf,1996,41.89
zaf,1997,44.69
zaf,1998,45.16
zaf,1999,46.52
zaf,2000,49.3
zaf,2001,48.45
zaf,2002,49.07
zaf,2003,49.83
zaf,2004,50.16
zaf,2005,50.44
zaf,2006,50.28
zaf,2007,48.43
zaf,2008,46.3
zaf,2009,45
zaf,2010,44.41
zaf,2011,43.28
zaf,2012,41.96
zaf,2013,42.21
zaf,2014,43.57
zaf,2015,44.14
zaf,2016,44.59
zmb,1990,52.73
zmb,1991,55.14
zmb,1992,57.71
zmb,1993,59.79
zmb,1994,63.12
zmb,1995,66.46
zmb,1996,68.75
zmb,1997,70.06
zmb,1998,71.29
zmb,1999,72.17
zmb,2000,72.18
zmb,2001,72.14
zmb,2002,71.13
zmb,2003,70.84
zmb,2004,68.02
zmb,2005,66.22
zmb,2006,64.72
zmb,2007,62.92
zmb,2008,60.45
zmb,2009,58.74
zmb,2010,57.12
zmb,2011,55.47
zmb,2012,53.83
zmb,2013,52.12
zmb,2014,50.4
zmb,2015,49.12
zmb,2016,48.17
zwe,1990,56.25
zwe,1991,53.13
zwe,1992,52.42
zwe,1993,52.09
zwe,1994,51.89
zwe,1995,53.33
zwe,1996,52.95
zwe,1997,52.88
zwe,1998,55.8
zwe,1999,58.65
zwe,2000,60.97
zwe,2001,64.76
zwe,2002,69.85
zwe,2003,73.22
zwe,2004,79.11
zwe,2005,75.85
zwe,2006,73.87
zwe,2007,71.18
zwe,2008,70.97
zwe,2009,71.25
zwe,2010,68.96
zwe,2011,65.95
zwe,2012,63.36
zwe,2013,61.06
zwe,2014,61.21
zwe,2015,59.54
zwe,2016,58.1
