geo,time,drought_deaths_annual_number
afg,1970,0
afg,1971,0
afg,1972,0
afg,1973,0
afg,1974,0
afg,1975,0
afg,1976,0
afg,1977,0
afg,1978,0
afg,1979,0
afg,1980,0
afg,1981,0
afg,1982,0
afg,1983,0
afg,1984,0
afg,1985,0
afg,1986,0
afg,1987,0
afg,1988,0
afg,1989,0
afg,1990,0
afg,1991,0
afg,1992,0
afg,1993,0
afg,1994,0
afg,1995,0
afg,1996,0
afg,1997,0
afg,1998,0
afg,1999,0
afg,2000,37
afg,2001,0
afg,2002,0
afg,2003,0
afg,2004,0
afg,2005,0
afg,2006,0
afg,2007,0
afg,2008,0
ago,1970,0
ago,1971,0
ago,1972,0
ago,1973,0
ago,1974,0
ago,1975,0
ago,1976,0
ago,1977,0
ago,1978,0
ago,1979,0
ago,1980,0
ago,1981,0
ago,1982,0
ago,1983,0
ago,1984,0
ago,1985,0
ago,1986,0
ago,1987,0
ago,1988,0
ago,1989,0
ago,1990,0
ago,1991,0
ago,1992,0
ago,1993,0
ago,1994,0
ago,1995,0
ago,1996,0
ago,1997,0
ago,1998,0
ago,1999,0
ago,2000,0
ago,2001,58
ago,2002,0
ago,2003,0
ago,2004,0
ago,2005,0
ago,2006,0
ago,2007,0
ago,2008,0
alb,1970,0
alb,1971,0
alb,1972,0
alb,1973,0
alb,1974,0
alb,1975,0
alb,1976,0
alb,1977,0
alb,1978,0
alb,1979,0
alb,1980,0
alb,1981,0
alb,1982,0
alb,1983,0
alb,1984,0
alb,1985,0
alb,1986,0
alb,1987,0
alb,1988,0
alb,1989,0
alb,1990,0
alb,1991,0
alb,1992,0
alb,1993,0
alb,1994,0
alb,1995,0
alb,1996,0
alb,1997,0
alb,1998,0
alb,1999,0
alb,2000,0
alb,2001,0
alb,2002,0
alb,2003,0
alb,2004,0
alb,2005,0
alb,2006,0
alb,2007,0
alb,2008,0
arg,1970,0
arg,1971,0
arg,1972,0
arg,1973,0
arg,1974,0
arg,1975,0
arg,1976,0
arg,1977,0
arg,1978,0
arg,1979,0
arg,1980,0
arg,1981,0
arg,1982,0
arg,1983,0
arg,1984,0
arg,1985,0
arg,1986,0
arg,1987,0
arg,1988,0
arg,1989,0
arg,1990,0
arg,1991,0
arg,1992,0
arg,1993,0
arg,1994,0
arg,1995,0
arg,1996,0
arg,1997,0
arg,1998,0
arg,1999,0
arg,2000,0
arg,2001,0
arg,2002,0
arg,2003,0
arg,2004,0
arg,2005,0
arg,2006,0
arg,2007,0
arg,2008,0
arm,1970,0
arm,1971,0
arm,1972,0
arm,1973,0
arm,1974,0
arm,1975,0
arm,1976,0
arm,1977,0
arm,1978,0
arm,1979,0
arm,1980,0
arm,1981,0
arm,1982,0
arm,1983,0
arm,1984,0
arm,1985,0
arm,1986,0
arm,1987,0
arm,1988,0
arm,1989,0
arm,1990,0
arm,1991,0
arm,1992,0
arm,1993,0
arm,1994,0
arm,1995,0
arm,1996,0
arm,1997,0
arm,1998,0
arm,1999,0
arm,2000,0
arm,2001,0
arm,2002,0
arm,2003,0
arm,2004,0
arm,2005,0
arm,2006,0
arm,2007,0
arm,2008,0
atg,1970,0
atg,1971,0
atg,1972,0
atg,1973,0
atg,1974,0
atg,1975,0
atg,1976,0
atg,1977,0
atg,1978,0
atg,1979,0
atg,1980,0
atg,1981,0
atg,1982,0
atg,1983,0
atg,1984,0
atg,1985,0
atg,1986,0
atg,1987,0
atg,1988,0
atg,1989,0
atg,1990,0
atg,1991,0
atg,1992,0
atg,1993,0
atg,1994,0
atg,1995,0
atg,1996,0
atg,1997,0
atg,1998,0
atg,1999,0
atg,2000,0
atg,2001,0
atg,2002,0
atg,2003,0
atg,2004,0
atg,2005,0
atg,2006,0
atg,2007,0
atg,2008,0
aus,1970,0
aus,1971,0
aus,1972,0
aus,1973,0
aus,1974,0
aus,1975,0
aus,1976,0
aus,1977,0
aus,1978,0
aus,1979,0
aus,1980,0
aus,1981,0
aus,1982,0
aus,1983,0
aus,1984,0
aus,1985,0
aus,1986,0
aus,1987,0
aus,1988,0
aus,1989,0
aus,1990,0
aus,1991,0
aus,1992,0
aus,1993,0
aus,1994,0
aus,1995,0
aus,1996,0
aus,1997,0
aus,1998,0
aus,1999,0
aus,2000,0
aus,2001,0
aus,2002,0
aus,2003,0
aus,2004,0
aus,2005,0
aus,2006,0
aus,2007,0
aus,2008,0
aze,1970,0
aze,1971,0
aze,1972,0
aze,1973,0
aze,1974,0
aze,1975,0
aze,1976,0
aze,1977,0
aze,1978,0
aze,1979,0
aze,1980,0
aze,1981,0
aze,1982,0
aze,1983,0
aze,1984,0
aze,1985,0
aze,1986,0
aze,1987,0
aze,1988,0
aze,1989,0
aze,1990,0
aze,1991,0
aze,1992,0
aze,1993,0
aze,1994,0
aze,1995,0
aze,1996,0
aze,1997,0
aze,1998,0
aze,1999,0
aze,2000,0
aze,2001,0
aze,2002,0
aze,2003,0
aze,2004,0
aze,2005,0
aze,2006,0
aze,2007,0
aze,2008,0
bdi,1970,0
bdi,1971,0
bdi,1972,0
bdi,1973,0
bdi,1974,0
bdi,1975,0
bdi,1976,0
bdi,1977,0
bdi,1978,0
bdi,1979,0
bdi,1980,0
bdi,1981,0
bdi,1982,0
bdi,1983,0
bdi,1984,0
bdi,1985,0
bdi,1986,0
bdi,1987,0
bdi,1988,0
bdi,1989,0
bdi,1990,0
bdi,1991,0
bdi,1992,0
bdi,1993,0
bdi,1994,0
bdi,1995,0
bdi,1996,0
bdi,1997,0
bdi,1998,0
bdi,1999,6
bdi,2000,0
bdi,2001,0
bdi,2002,0
bdi,2003,0
bdi,2004,0
bdi,2005,120
bdi,2006,0
bdi,2007,0
bdi,2008,0
bel,1970,0
bel,1971,0
bel,1972,0
bel,1973,0
bel,1974,0
bel,1975,0
bel,1976,0
bel,1977,0
bel,1978,0
bel,1979,0
bel,1980,0
bel,1981,0
bel,1982,0
bel,1983,0
bel,1984,0
bel,1985,0
bel,1986,0
bel,1987,0
bel,1988,0
bel,1989,0
bel,1990,0
bel,1991,0
bel,1992,0
bel,1993,0
bel,1994,0
bel,1995,0
bel,1996,0
bel,1997,0
bel,1998,0
bel,1999,0
bel,2000,0
bel,2001,0
bel,2002,0
bel,2003,0
bel,2004,0
bel,2005,0
bel,2006,0
bel,2007,0
bel,2008,0
ben,1970,0
ben,1971,0
ben,1972,0
ben,1973,0
ben,1974,0
ben,1975,0
ben,1976,0
ben,1977,0
ben,1978,0
ben,1979,0
ben,1980,0
ben,1981,0
ben,1982,0
ben,1983,0
ben,1984,0
ben,1985,0
ben,1986,0
ben,1987,0
ben,1988,0
ben,1989,0
ben,1990,0
ben,1991,0
ben,1992,0
ben,1993,0
ben,1994,0
ben,1995,0
ben,1996,0
ben,1997,0
ben,1998,0
ben,1999,0
ben,2000,0
ben,2001,0
ben,2002,0
ben,2003,0
ben,2004,0
ben,2005,0
ben,2006,0
ben,2007,0
ben,2008,0
bfa,1970,0
bfa,1971,0
bfa,1972,0
bfa,1973,0
bfa,1974,0
bfa,1975,0
bfa,1976,0
bfa,1977,0
bfa,1978,0
bfa,1979,0
bfa,1980,0
bfa,1981,0
bfa,1982,0
bfa,1983,0
bfa,1984,0
bfa,1985,0
bfa,1986,0
bfa,1987,0
bfa,1988,0
bfa,1989,0
bfa,1990,0
bfa,1991,0
bfa,1992,0
bfa,1993,0
bfa,1994,0
bfa,1995,0
bfa,1996,0
bfa,1997,0
bfa,1998,0
bfa,1999,0
bfa,2000,0
bfa,2001,0
bfa,2002,0
bfa,2003,0
bfa,2004,0
bfa,2005,0
bfa,2006,0
bfa,2007,0
bfa,2008,0
bgd,1970,0
bgd,1971,0
bgd,1972,0
bgd,1973,0
bgd,1974,0
bgd,1975,0
bgd,1976,0
bgd,1977,0
bgd,1978,0
bgd,1979,18
bgd,1980,0
bgd,1981,0
bgd,1982,0
bgd,1983,0
bgd,1984,0
bgd,1985,0
bgd,1986,0
bgd,1987,0
bgd,1988,0
bgd,1989,0
bgd,1990,0
bgd,1991,0
bgd,1992,0
bgd,1993,0
bgd,1994,0
bgd,1995,0
bgd,1996,0
bgd,1997,0
bgd,1998,0
bgd,1999,0
bgd,2000,0
bgd,2001,0
bgd,2002,0
bgd,2003,0
bgd,2004,0
bgd,2005,0
bgd,2006,0
bgd,2007,0
bgd,2008,0
bgr,1970,0
bgr,1971,0
bgr,1972,0
bgr,1973,0
bgr,1974,0
bgr,1975,0
bgr,1976,0
bgr,1977,0
bgr,1978,0
bgr,1979,0
bgr,1980,0
bgr,1981,0
bgr,1982,0
bgr,1983,0
bgr,1984,0
bgr,1985,0
bgr,1986,0
bgr,1987,0
bgr,1988,0
bgr,1989,0
bgr,1990,0
bgr,1991,0
bgr,1992,0
bgr,1993,0
bgr,1994,0
bgr,1995,0
bgr,1996,0
bgr,1997,0
bgr,1998,0
bgr,1999,0
bgr,2000,0
bgr,2001,0
bgr,2002,0
bgr,2003,0
bgr,2004,0
bgr,2005,0
bgr,2006,0
bgr,2007,0
bgr,2008,0
bih,1970,0
bih,1971,0
bih,1972,0
bih,1973,0
bih,1974,0
bih,1975,0
bih,1976,0
bih,1977,0
bih,1978,0
bih,1979,0
bih,1980,0
bih,1981,0
bih,1982,0
bih,1983,0
bih,1984,0
bih,1985,0
bih,1986,0
bih,1987,0
bih,1988,0
bih,1989,0
bih,1990,0
bih,1991,0
bih,1992,0
bih,1993,0
bih,1994,0
bih,1995,0
bih,1996,0
bih,1997,0
bih,1998,0
bih,1999,0
bih,2000,0
bih,2001,0
bih,2002,0
bih,2003,0
bih,2004,0
bih,2005,0
bih,2006,0
bih,2007,0
bih,2008,0
bol,1970,0
bol,1971,0
bol,1972,0
bol,1973,0
bol,1974,0
bol,1975,0
bol,1976,0
bol,1977,0
bol,1978,0
bol,1979,0
bol,1980,0
bol,1981,0
bol,1982,0
bol,1983,0
bol,1984,0
bol,1985,0
bol,1986,0
bol,1987,0
bol,1988,0
bol,1989,0
bol,1990,0
bol,1991,0
bol,1992,0
bol,1993,0
bol,1994,0
bol,1995,0
bol,1996,0
bol,1997,0
bol,1998,0
bol,1999,0
bol,2000,0
bol,2001,0
bol,2002,0
bol,2003,0
bol,2004,0
bol,2005,0
bol,2006,0
bol,2007,0
bol,2008,0
bra,1970,0
bra,1971,0
bra,1972,0
bra,1973,0
bra,1974,0
bra,1975,0
bra,1976,0
bra,1977,0
bra,1978,0
bra,1979,0
bra,1980,0
bra,1981,0
bra,1982,0
bra,1983,20
bra,1984,0
bra,1985,0
bra,1986,0
bra,1987,0
bra,1988,0
bra,1989,0
bra,1990,0
bra,1991,0
bra,1992,0
bra,1993,0
bra,1994,0
bra,1995,0
bra,1996,0
bra,1997,0
bra,1998,0
bra,1999,0
bra,2000,0
bra,2001,0
bra,2002,0
bra,2003,0
bra,2004,0
bra,2005,0
bra,2006,0
bra,2007,0
bra,2008,0
bwa,1970,0
bwa,1971,0
bwa,1972,0
bwa,1973,0
bwa,1974,0
bwa,1975,0
bwa,1976,0
bwa,1977,0
bwa,1978,0
bwa,1979,0
bwa,1980,0
bwa,1981,0
bwa,1982,0
bwa,1983,0
bwa,1984,0
bwa,1985,0
bwa,1986,0
bwa,1987,0
bwa,1988,0
bwa,1989,0
bwa,1990,0
bwa,1991,0
bwa,1992,0
bwa,1993,0
bwa,1994,0
bwa,1995,0
bwa,1996,0
bwa,1997,0
bwa,1998,0
bwa,1999,0
bwa,2000,0
bwa,2001,0
bwa,2002,0
bwa,2003,0
bwa,2004,0
bwa,2005,0
bwa,2006,0
bwa,2007,0
bwa,2008,0
caf,1970,0
caf,1971,0
caf,1972,0
caf,1973,0
caf,1974,0
caf,1975,0
caf,1976,0
caf,1977,0
caf,1978,0
caf,1979,0
caf,1980,0
caf,1981,0
caf,1982,0
caf,1983,0
caf,1984,0
caf,1985,0
caf,1986,0
caf,1987,0
caf,1988,0
caf,1989,0
caf,1990,0
caf,1991,0
caf,1992,0
caf,1993,0
caf,1994,0
caf,1995,0
caf,1996,0
caf,1997,0
caf,1998,0
caf,1999,0
caf,2000,0
caf,2001,0
caf,2002,0
caf,2003,0
caf,2004,0
caf,2005,0
caf,2006,0
caf,2007,0
caf,2008,0
can,1970,0
can,1971,0
can,1972,0
can,1973,0
can,1974,0
can,1975,0
can,1976,0
can,1977,0
can,1978,0
can,1979,0
can,1980,0
can,1981,0
can,1982,0
can,1983,0
can,1984,0
can,1985,0
can,1986,0
can,1987,0
can,1988,0
can,1989,0
can,1990,0
can,1991,0
can,1992,0
can,1993,0
can,1994,0
can,1995,0
can,1996,0
can,1997,0
can,1998,0
can,1999,0
can,2000,0
can,2001,0
can,2002,0
can,2003,0
can,2004,0
can,2005,0
can,2006,0
can,2007,0
can,2008,0
chl,1970,0
chl,1971,0
chl,1972,0
chl,1973,0
chl,1974,0
chl,1975,0
chl,1976,0
chl,1977,0
chl,1978,0
chl,1979,0
chl,1980,0
chl,1981,0
chl,1982,0
chl,1983,0
chl,1984,0
chl,1985,0
chl,1986,0
chl,1987,0
chl,1988,0
chl,1989,0
chl,1990,0
chl,1991,0
chl,1992,0
chl,1993,0
chl,1994,0
chl,1995,0
chl,1996,0
chl,1997,0
chl,1998,0
chl,1999,0
chl,2000,0
chl,2001,0
chl,2002,0
chl,2003,0
chl,2004,0
chl,2005,0
chl,2006,0
chl,2007,0
chl,2008,0
chn,1970,0
chn,1971,0
chn,1972,0
chn,1973,0
chn,1974,0
chn,1975,0
chn,1976,0
chn,1977,0
chn,1978,0
chn,1979,0
chn,1980,0
chn,1981,0
chn,1982,0
chn,1983,0
chn,1984,0
chn,1985,0
chn,1986,0
chn,1987,0
chn,1988,1400
chn,1989,0
chn,1990,0
chn,1991,2000
chn,1992,0
chn,1993,0
chn,1994,0
chn,1995,0
chn,1996,0
chn,1997,0
chn,1998,0
chn,1999,0
chn,2000,0
chn,2001,0
chn,2002,0
chn,2003,0
chn,2004,0
chn,2005,0
chn,2006,134
chn,2007,0
chn,2008,0
civ,1970,0
civ,1971,0
civ,1972,0
civ,1973,0
civ,1974,0
civ,1975,0
civ,1976,0
civ,1977,0
civ,1978,0
civ,1979,0
civ,1980,0
civ,1981,0
civ,1982,0
civ,1983,0
civ,1984,0
civ,1985,0
civ,1986,0
civ,1987,0
civ,1988,0
civ,1989,0
civ,1990,0
civ,1991,0
civ,1992,0
civ,1993,0
civ,1994,0
civ,1995,0
civ,1996,0
civ,1997,0
civ,1998,0
civ,1999,0
civ,2000,0
civ,2001,0
civ,2002,0
civ,2003,0
civ,2004,0
civ,2005,0
civ,2006,0
civ,2007,0
civ,2008,0
cmr,1970,0
cmr,1971,0
cmr,1972,0
cmr,1973,0
cmr,1974,0
cmr,1975,0
cmr,1976,0
cmr,1977,0
cmr,1978,0
cmr,1979,0
cmr,1980,0
cmr,1981,0
cmr,1982,0
cmr,1983,0
cmr,1984,0
cmr,1985,0
cmr,1986,0
cmr,1987,0
cmr,1988,0
cmr,1989,0
cmr,1990,0
cmr,1991,0
cmr,1992,0
cmr,1993,0
cmr,1994,0
cmr,1995,0
cmr,1996,0
cmr,1997,0
cmr,1998,0
cmr,1999,0
cmr,2000,0
cmr,2001,0
cmr,2002,0
cmr,2003,0
cmr,2004,0
cmr,2005,0
cmr,2006,0
cmr,2007,0
cmr,2008,0
cod,1970,0
cod,1971,0
cod,1972,0
cod,1973,0
cod,1974,0
cod,1975,0
cod,1976,0
cod,1977,0
cod,1978,0
cod,1979,0
cod,1980,0
cod,1981,0
cod,1982,0
cod,1983,0
cod,1984,0
cod,1985,0
cod,1986,0
cod,1987,0
cod,1988,0
cod,1989,0
cod,1990,0
cod,1991,0
cod,1992,0
cod,1993,0
cod,1994,0
cod,1995,0
cod,1996,0
cod,1997,0
cod,1998,0
cod,1999,0
cod,2000,0
cod,2001,0
cod,2002,0
cod,2003,0
cod,2004,0
cod,2005,0
cod,2006,0
cod,2007,0
cod,2008,0
cog,1970,0
cog,1971,0
cog,1972,0
cog,1973,0
cog,1974,0
cog,1975,0
cog,1976,0
cog,1977,0
cog,1978,0
cog,1979,0
cog,1980,0
cog,1981,0
cog,1982,0
cog,1983,0
cog,1984,0
cog,1985,0
cog,1986,0
cog,1987,0
cog,1988,0
cog,1989,0
cog,1990,0
cog,1991,0
cog,1992,0
cog,1993,0
cog,1994,0
cog,1995,0
cog,1996,0
cog,1997,0
cog,1998,0
cog,1999,0
cog,2000,0
cog,2001,0
cog,2002,0
cog,2003,0
cog,2004,0
cog,2005,0
cog,2006,0
cog,2007,0
cog,2008,0
col,1970,0
col,1971,0
col,1972,0
col,1973,0
col,1974,0
col,1975,0
col,1976,0
col,1977,0
col,1978,0
col,1979,0
col,1980,0
col,1981,0
col,1982,0
col,1983,0
col,1984,0
col,1985,0
col,1986,0
col,1987,0
col,1988,0
col,1989,0
col,1990,0
col,1991,0
col,1992,0
col,1993,0
col,1994,0
col,1995,0
col,1996,0
col,1997,0
col,1998,0
col,1999,0
col,2000,0
col,2001,0
col,2002,0
col,2003,0
col,2004,0
col,2005,0
col,2006,0
col,2007,0
col,2008,0
com,1970,0
com,1971,0
com,1972,0
com,1973,0
com,1974,0
com,1975,0
com,1976,0
com,1977,0
com,1978,0
com,1979,0
com,1980,0
com,1981,0
com,1982,0
com,1983,0
com,1984,0
com,1985,0
com,1986,0
com,1987,0
com,1988,0
com,1989,0
com,1990,0
com,1991,0
com,1992,0
com,1993,0
com,1994,0
com,1995,0
com,1996,0
com,1997,0
com,1998,0
com,1999,0
com,2000,0
com,2001,0
com,2002,0
com,2003,0
com,2004,0
com,2005,0
com,2006,0
com,2007,0
com,2008,0
cpv,1970,0
cpv,1971,0
cpv,1972,0
cpv,1973,0
cpv,1974,0
cpv,1975,0
cpv,1976,0
cpv,1977,0
cpv,1978,0
cpv,1979,0
cpv,1980,0
cpv,1981,0
cpv,1982,0
cpv,1983,0
cpv,1984,0
cpv,1985,0
cpv,1986,0
cpv,1987,0
cpv,1988,0
cpv,1989,0
cpv,1990,0
cpv,1991,0
cpv,1992,0
cpv,1993,0
cpv,1994,0
cpv,1995,0
cpv,1996,0
cpv,1997,0
cpv,1998,0
cpv,1999,0
cpv,2000,0
cpv,2001,0
cpv,2002,0
cpv,2003,0
cpv,2004,0
cpv,2005,0
cpv,2006,0
cpv,2007,0
cpv,2008,0
cri,1970,0
cri,1971,0
cri,1972,0
cri,1973,0
cri,1974,0
cri,1975,0
cri,1976,0
cri,1977,0
cri,1978,0
cri,1979,0
cri,1980,0
cri,1981,0
cri,1982,0
cri,1983,0
cri,1984,0
cri,1985,0
cri,1986,0
cri,1987,0
cri,1988,0
cri,1989,0
cri,1990,0
cri,1991,0
cri,1992,0
cri,1993,0
cri,1994,0
cri,1995,0
cri,1996,0
cri,1997,0
cri,1998,0
cri,1999,0
cri,2000,0
cri,2001,0
cri,2002,0
cri,2003,0
cri,2004,0
cri,2005,0
cri,2006,0
cri,2007,0
cri,2008,0
cub,1970,0
cub,1971,0
cub,1972,0
cub,1973,0
cub,1974,0
cub,1975,0
cub,1976,0
cub,1977,0
cub,1978,0
cub,1979,0
cub,1980,0
cub,1981,0
cub,1982,0
cub,1983,0
cub,1984,0
cub,1985,0
cub,1986,0
cub,1987,0
cub,1988,0
cub,1989,0
cub,1990,0
cub,1991,0
cub,1992,0
cub,1993,0
cub,1994,0
cub,1995,0
cub,1996,0
cub,1997,0
cub,1998,0
cub,1999,0
cub,2000,0
cub,2001,0
cub,2002,0
cub,2003,0
cub,2004,0
cub,2005,0
cub,2006,0
cub,2007,0
cub,2008,0
cyp,1970,0
cyp,1971,0
cyp,1972,0
cyp,1973,0
cyp,1974,0
cyp,1975,0
cyp,1976,0
cyp,1977,0
cyp,1978,0
cyp,1979,0
cyp,1980,0
cyp,1981,0
cyp,1982,0
cyp,1983,0
cyp,1984,0
cyp,1985,0
cyp,1986,0
cyp,1987,0
cyp,1988,0
cyp,1989,0
cyp,1990,0
cyp,1991,0
cyp,1992,0
cyp,1993,0
cyp,1994,0
cyp,1995,0
cyp,1996,0
cyp,1997,0
cyp,1998,0
cyp,1999,0
cyp,2000,0
cyp,2001,0
cyp,2002,0
cyp,2003,0
cyp,2004,0
cyp,2005,0
cyp,2006,0
cyp,2007,0
cyp,2008,0
dji,1970,0
dji,1971,0
dji,1972,0
dji,1973,0
dji,1974,0
dji,1975,0
dji,1976,0
dji,1977,0
dji,1978,0
dji,1979,0
dji,1980,0
dji,1981,0
dji,1982,0
dji,1983,0
dji,1984,0
dji,1985,0
dji,1986,0
dji,1987,0
dji,1988,0
dji,1989,0
dji,1990,0
dji,1991,0
dji,1992,0
dji,1993,0
dji,1994,0
dji,1995,0
dji,1996,0
dji,1997,0
dji,1998,0
dji,1999,0
dji,2000,0
dji,2001,0
dji,2002,0
dji,2003,0
dji,2004,0
dji,2005,0
dji,2006,0
dji,2007,0
dji,2008,0
dnk,1970,0
dnk,1971,0
dnk,1972,0
dnk,1973,0
dnk,1974,0
dnk,1975,0
dnk,1976,0
dnk,1977,0
dnk,1978,0
dnk,1979,0
dnk,1980,0
dnk,1981,0
dnk,1982,0
dnk,1983,0
dnk,1984,0
dnk,1985,0
dnk,1986,0
dnk,1987,0
dnk,1988,0
dnk,1989,0
dnk,1990,0
dnk,1991,0
dnk,1992,0
dnk,1993,0
dnk,1994,0
dnk,1995,0
dnk,1996,0
dnk,1997,0
dnk,1998,0
dnk,1999,0
dnk,2000,0
dnk,2001,0
dnk,2002,0
dnk,2003,0
dnk,2004,0
dnk,2005,0
dnk,2006,0
dnk,2007,0
dnk,2008,0
dza,1970,0
dza,1971,0
dza,1972,0
dza,1973,0
dza,1974,0
dza,1975,0
dza,1976,0
dza,1977,0
dza,1978,0
dza,1979,0
dza,1980,0
dza,1981,0
dza,1982,0
dza,1983,0
dza,1984,0
dza,1985,0
dza,1986,0
dza,1987,0
dza,1988,0
dza,1989,0
dza,1990,0
dza,1991,0
dza,1992,0
dza,1993,0
dza,1994,0
dza,1995,0
dza,1996,0
dza,1997,0
dza,1998,0
dza,1999,0
dza,2000,0
dza,2001,0
dza,2002,0
dza,2003,0
dza,2004,0
dza,2005,12
dza,2006,0
dza,2007,0
dza,2008,0
ecu,1970,0
ecu,1971,0
ecu,1972,0
ecu,1973,0
ecu,1974,0
ecu,1975,0
ecu,1976,0
ecu,1977,0
ecu,1978,0
ecu,1979,0
ecu,1980,0
ecu,1981,0
ecu,1982,0
ecu,1983,0
ecu,1984,0
ecu,1985,0
ecu,1986,0
ecu,1987,0
ecu,1988,0
ecu,1989,0
ecu,1990,0
ecu,1991,0
ecu,1992,0
ecu,1993,0
ecu,1994,0
ecu,1995,0
ecu,1996,0
ecu,1997,0
ecu,1998,0
ecu,1999,0
ecu,2000,0
ecu,2001,0
ecu,2002,0
ecu,2003,0
ecu,2004,0
ecu,2005,0
ecu,2006,0
ecu,2007,0
ecu,2008,0
eri,1970,0
eri,1971,0
eri,1972,0
eri,1973,0
eri,1974,0
eri,1975,0
eri,1976,0
eri,1977,0
eri,1978,0
eri,1979,0
eri,1980,0
eri,1981,0
eri,1982,0
eri,1983,0
eri,1984,0
eri,1985,0
eri,1986,0
eri,1987,0
eri,1988,0
eri,1989,0
eri,1990,0
eri,1991,0
eri,1992,0
eri,1993,0
eri,1994,0
eri,1995,0
eri,1996,0
eri,1997,0
eri,1998,0
eri,1999,0
eri,2000,0
eri,2001,0
eri,2002,0
eri,2003,0
eri,2004,0
eri,2005,0
eri,2006,0
eri,2007,0
eri,2008,0
esp,1970,0
esp,1971,0
esp,1972,0
esp,1973,0
esp,1974,0
esp,1975,0
esp,1976,0
esp,1977,0
esp,1978,0
esp,1979,0
esp,1980,0
esp,1981,0
esp,1982,0
esp,1983,0
esp,1984,0
esp,1985,0
esp,1986,0
esp,1987,0
esp,1988,0
esp,1989,0
esp,1990,0
esp,1991,0
esp,1992,0
esp,1993,0
esp,1994,0
esp,1995,0
esp,1996,0
esp,1997,0
esp,1998,0
esp,1999,0
esp,2000,0
esp,2001,0
esp,2002,0
esp,2003,0
esp,2004,0
esp,2005,0
esp,2006,0
esp,2007,0
esp,2008,0
eth,1970,0
eth,1971,0
eth,1972,0
eth,1973,100000
eth,1974,0
eth,1975,0
eth,1976,0
eth,1977,0
eth,1978,0
eth,1979,0
eth,1980,0
eth,1981,0
eth,1982,0
eth,1983,300000
eth,1984,0
eth,1985,0
eth,1986,0
eth,1987,367
eth,1988,0
eth,1989,0
eth,1990,0
eth,1991,0
eth,1992,0
eth,1993,0
eth,1994,0
eth,1995,0
eth,1996,0
eth,1997,0
eth,1998,0
eth,1999,0
eth,2000,0
eth,2001,0
eth,2002,0
eth,2003,0
eth,2004,0
eth,2005,0
eth,2006,0
eth,2007,0
eth,2008,0
fji,1970,0
fji,1971,0
fji,1972,0
fji,1973,0
fji,1974,0
fji,1975,0
fji,1976,0
fji,1977,0
fji,1978,0
fji,1979,0
fji,1980,0
fji,1981,0
fji,1982,0
fji,1983,0
fji,1984,0
fji,1985,0
fji,1986,0
fji,1987,0
fji,1988,0
fji,1989,0
fji,1990,0
fji,1991,0
fji,1992,0
fji,1993,0
fji,1994,0
fji,1995,0
fji,1996,0
fji,1997,0
fji,1998,0
fji,1999,0
fji,2000,0
fji,2001,0
fji,2002,0
fji,2003,0
fji,2004,0
fji,2005,0
fji,2006,0
fji,2007,0
fji,2008,0
fra,1970,0
fra,1971,0
fra,1972,0
fra,1973,0
fra,1974,0
fra,1975,0
fra,1976,0
fra,1977,0
fra,1978,0
fra,1979,0
fra,1980,0
fra,1981,0
fra,1982,0
fra,1983,0
fra,1984,0
fra,1985,0
fra,1986,0
fra,1987,0
fra,1988,0
fra,1989,0
fra,1990,0
fra,1991,0
fra,1992,0
fra,1993,0
fra,1994,0
fra,1995,0
fra,1996,0
fra,1997,0
fra,1998,0
fra,1999,0
fra,2000,0
fra,2001,0
fra,2002,0
fra,2003,0
fra,2004,0
fra,2005,0
fra,2006,0
fra,2007,0
fra,2008,0
fsm,1970,0
fsm,1971,0
fsm,1972,0
fsm,1973,0
fsm,1974,0
fsm,1975,0
fsm,1976,0
fsm,1977,0
fsm,1978,0
fsm,1979,0
fsm,1980,0
fsm,1981,0
fsm,1982,0
fsm,1983,0
fsm,1984,0
fsm,1985,0
fsm,1986,0
fsm,1987,0
fsm,1988,0
fsm,1989,0
fsm,1990,0
fsm,1991,0
fsm,1992,0
fsm,1993,0
fsm,1994,0
fsm,1995,0
fsm,1996,0
fsm,1997,0
fsm,1998,0
fsm,1999,0
fsm,2000,0
fsm,2001,0
fsm,2002,0
fsm,2003,0
fsm,2004,0
fsm,2005,0
fsm,2006,0
fsm,2007,0
fsm,2008,0
geo,1970,0
geo,1971,0
geo,1972,0
geo,1973,0
geo,1974,0
geo,1975,0
geo,1976,0
geo,1977,0
geo,1978,0
geo,1979,0
geo,1980,0
geo,1981,0
geo,1982,0
geo,1983,0
geo,1984,0
geo,1985,0
geo,1986,0
geo,1987,0
geo,1988,0
geo,1989,0
geo,1990,0
geo,1991,0
geo,1992,0
geo,1993,0
geo,1994,0
geo,1995,0
geo,1996,0
geo,1997,0
geo,1998,0
geo,1999,0
geo,2000,0
geo,2001,0
geo,2002,0
geo,2003,0
geo,2004,0
geo,2005,0
geo,2006,0
geo,2007,0
geo,2008,0
gha,1970,0
gha,1971,0
gha,1972,0
gha,1973,0
gha,1974,0
gha,1975,0
gha,1976,0
gha,1977,0
gha,1978,0
gha,1979,0
gha,1980,0
gha,1981,0
gha,1982,0
gha,1983,0
gha,1984,0
gha,1985,0
gha,1986,0
gha,1987,0
gha,1988,0
gha,1989,0
gha,1990,0
gha,1991,0
gha,1992,0
gha,1993,0
gha,1994,0
gha,1995,0
gha,1996,0
gha,1997,0
gha,1998,0
gha,1999,0
gha,2000,0
gha,2001,0
gha,2002,0
gha,2003,0
gha,2004,0
gha,2005,0
gha,2006,0
gha,2007,0
gha,2008,0
gin,1970,0
gin,1971,0
gin,1972,0
gin,1973,0
gin,1974,0
gin,1975,0
gin,1976,0
gin,1977,0
gin,1978,0
gin,1979,0
gin,1980,0
gin,1981,0
gin,1982,0
gin,1983,0
gin,1984,0
gin,1985,0
gin,1986,0
gin,1987,0
gin,1988,0
gin,1989,0
gin,1990,0
gin,1991,0
gin,1992,0
gin,1993,0
gin,1994,0
gin,1995,0
gin,1996,0
gin,1997,0
gin,1998,12
gin,1999,0
gin,2000,0
gin,2001,0
gin,2002,0
gin,2003,0
gin,2004,0
gin,2005,0
gin,2006,0
gin,2007,0
gin,2008,0
gmb,1970,0
gmb,1971,0
gmb,1972,0
gmb,1973,0
gmb,1974,0
gmb,1975,0
gmb,1976,0
gmb,1977,0
gmb,1978,0
gmb,1979,0
gmb,1980,0
gmb,1981,0
gmb,1982,0
gmb,1983,0
gmb,1984,0
gmb,1985,0
gmb,1986,0
gmb,1987,0
gmb,1988,0
gmb,1989,0
gmb,1990,0
gmb,1991,0
gmb,1992,0
gmb,1993,0
gmb,1994,0
gmb,1995,0
gmb,1996,0
gmb,1997,0
gmb,1998,0
gmb,1999,0
gmb,2000,0
gmb,2001,0
gmb,2002,0
gmb,2003,0
gmb,2004,0
gmb,2005,0
gmb,2006,0
gmb,2007,0
gmb,2008,0
gnb,1970,0
gnb,1971,0
gnb,1972,0
gnb,1973,0
gnb,1974,0
gnb,1975,0
gnb,1976,0
gnb,1977,0
gnb,1978,0
gnb,1979,0
gnb,1980,0
gnb,1981,0
gnb,1982,0
gnb,1983,0
gnb,1984,0
gnb,1985,0
gnb,1986,0
gnb,1987,0
gnb,1988,0
gnb,1989,0
gnb,1990,0
gnb,1991,0
gnb,1992,0
gnb,1993,0
gnb,1994,0
gnb,1995,0
gnb,1996,0
gnb,1997,0
gnb,1998,0
gnb,1999,0
gnb,2000,0
gnb,2001,0
gnb,2002,0
gnb,2003,0
gnb,2004,0
gnb,2005,0
gnb,2006,0
gnb,2007,0
gnb,2008,0
grc,1970,0
grc,1971,0
grc,1972,0
grc,1973,0
grc,1974,0
grc,1975,0
grc,1976,0
grc,1977,0
grc,1978,0
grc,1979,0
grc,1980,0
grc,1981,0
grc,1982,0
grc,1983,0
grc,1984,0
grc,1985,0
grc,1986,0
grc,1987,0
grc,1988,0
grc,1989,0
grc,1990,0
grc,1991,0
grc,1992,0
grc,1993,0
grc,1994,0
grc,1995,0
grc,1996,0
grc,1997,0
grc,1998,0
grc,1999,0
grc,2000,0
grc,2001,0
grc,2002,0
grc,2003,0
grc,2004,0
grc,2005,0
grc,2006,0
grc,2007,0
grc,2008,0
gtm,1970,0
gtm,1971,0
gtm,1972,0
gtm,1973,0
gtm,1974,0
gtm,1975,0
gtm,1976,0
gtm,1977,0
gtm,1978,0
gtm,1979,0
gtm,1980,0
gtm,1981,0
gtm,1982,0
gtm,1983,0
gtm,1984,0
gtm,1985,0
gtm,1986,0
gtm,1987,0
gtm,1988,0
gtm,1989,0
gtm,1990,0
gtm,1991,0
gtm,1992,0
gtm,1993,0
gtm,1994,0
gtm,1995,0
gtm,1996,0
gtm,1997,0
gtm,1998,0
gtm,1999,0
gtm,2000,0
gtm,2001,41
gtm,2002,0
gtm,2003,0
gtm,2004,0
gtm,2005,0
gtm,2006,0
gtm,2007,0
gtm,2008,0
guy,1970,0
guy,1971,0
guy,1972,0
guy,1973,0
guy,1974,0
guy,1975,0
guy,1976,0
guy,1977,0
guy,1978,0
guy,1979,0
guy,1980,0
guy,1981,0
guy,1982,0
guy,1983,0
guy,1984,0
guy,1985,0
guy,1986,0
guy,1987,0
guy,1988,0
guy,1989,0
guy,1990,0
guy,1991,0
guy,1992,0
guy,1993,0
guy,1994,0
guy,1995,0
guy,1996,0
guy,1997,0
guy,1998,0
guy,1999,0
guy,2000,0
guy,2001,0
guy,2002,0
guy,2003,0
guy,2004,0
guy,2005,0
guy,2006,0
guy,2007,0
guy,2008,0
hkg,1970,0
hkg,1971,0
hkg,1972,0
hkg,1973,0
hkg,1974,0
hkg,1975,0
hkg,1976,0
hkg,1977,0
hkg,1978,0
hkg,1979,0
hkg,1980,0
hkg,1981,0
hkg,1982,0
hkg,1983,0
hkg,1984,0
hkg,1985,0
hkg,1986,0
hkg,1987,0
hkg,1988,0
hkg,1989,0
hkg,1990,0
hkg,1991,0
hkg,1992,0
hkg,1993,0
hkg,1994,0
hkg,1995,0
hkg,1996,0
hkg,1997,0
hkg,1998,0
hkg,1999,0
hkg,2000,0
hkg,2001,0
hkg,2002,0
hkg,2003,0
hkg,2004,0
hkg,2005,0
hkg,2006,0
hkg,2007,0
hkg,2008,0
hnd,1970,0
hnd,1971,0
hnd,1972,0
hnd,1973,0
hnd,1974,0
hnd,1975,0
hnd,1976,0
hnd,1977,0
hnd,1978,0
hnd,1979,0
hnd,1980,0
hnd,1981,0
hnd,1982,0
hnd,1983,0
hnd,1984,0
hnd,1985,0
hnd,1986,0
hnd,1987,0
hnd,1988,0
hnd,1989,0
hnd,1990,0
hnd,1991,0
hnd,1992,0
hnd,1993,0
hnd,1994,0
hnd,1995,0
hnd,1996,0
hnd,1997,0
hnd,1998,0
hnd,1999,0
hnd,2000,0
hnd,2001,0
hnd,2002,0
hnd,2003,0
hnd,2004,0
hnd,2005,0
hnd,2006,0
hnd,2007,0
hnd,2008,0
hrv,1970,0
hrv,1971,0
hrv,1972,0
hrv,1973,0
hrv,1974,0
hrv,1975,0
hrv,1976,0
hrv,1977,0
hrv,1978,0
hrv,1979,0
hrv,1980,0
hrv,1981,0
hrv,1982,0
hrv,1983,0
hrv,1984,0
hrv,1985,0
hrv,1986,0
hrv,1987,0
hrv,1988,0
hrv,1989,0
hrv,1990,0
hrv,1991,0
hrv,1992,0
hrv,1993,0
hrv,1994,0
hrv,1995,0
hrv,1996,0
hrv,1997,0
hrv,1998,0
hrv,1999,0
hrv,2000,0
hrv,2001,0
hrv,2002,0
hrv,2003,0
hrv,2004,0
hrv,2005,0
hrv,2006,0
hrv,2007,0
hrv,2008,0
hti,1970,0
hti,1971,0
hti,1972,0
hti,1973,0
hti,1974,0
hti,1975,0
hti,1976,0
hti,1977,0
hti,1978,0
hti,1979,0
hti,1980,0
hti,1981,0
hti,1982,0
hti,1983,0
hti,1984,0
hti,1985,0
hti,1986,0
hti,1987,0
hti,1988,0
hti,1989,0
hti,1990,0
hti,1991,0
hti,1992,0
hti,1993,0
hti,1994,0
hti,1995,0
hti,1996,0
hti,1997,0
hti,1998,0
hti,1999,0
hti,2000,0
hti,2001,0
hti,2002,0
hti,2003,0
hti,2004,0
hti,2005,0
hti,2006,0
hti,2007,0
hti,2008,0
hun,1970,0
hun,1971,0
hun,1972,0
hun,1973,0
hun,1974,0
hun,1975,0
hun,1976,0
hun,1977,0
hun,1978,0
hun,1979,0
hun,1980,0
hun,1981,0
hun,1982,0
hun,1983,0
hun,1984,0
hun,1985,0
hun,1986,0
hun,1987,0
hun,1988,0
hun,1989,0
hun,1990,0
hun,1991,0
hun,1992,0
hun,1993,0
hun,1994,0
hun,1995,0
hun,1996,0
hun,1997,0
hun,1998,0
hun,1999,0
hun,2000,0
hun,2001,0
hun,2002,0
hun,2003,0
hun,2004,0
hun,2005,0
hun,2006,0
hun,2007,0
hun,2008,0
idn,1970,0
idn,1971,0
idn,1972,0
idn,1973,0
idn,1974,0
idn,1975,0
idn,1976,0
idn,1977,0
idn,1978,63
idn,1979,0
idn,1980,0
idn,1981,0
idn,1982,280
idn,1983,0
idn,1984,230
idn,1985,0
idn,1986,84
idn,1987,0
idn,1988,0
idn,1989,0
idn,1990,0
idn,1991,0
idn,1992,0
idn,1993,0
idn,1994,0
idn,1995,0
idn,1996,0
idn,1997,672
idn,1998,0
idn,1999,0
idn,2000,0
idn,2001,0
idn,2002,0
idn,2003,0
idn,2004,0
idn,2005,0
idn,2006,0
idn,2007,0
idn,2008,0
ind,1970,0
ind,1971,0
ind,1972,0
ind,1973,0
ind,1974,0
ind,1975,0
ind,1976,0
ind,1977,0
ind,1978,0
ind,1979,0
ind,1980,0
ind,1981,0
ind,1982,0
ind,1983,0
ind,1984,0
ind,1985,0
ind,1986,0
ind,1987,300
ind,1988,0
ind,1989,0
ind,1990,0
ind,1991,0
ind,1992,0
ind,1993,0
ind,1994,0
ind,1995,0
ind,1996,0
ind,1997,0
ind,1998,0
ind,1999,0
ind,2000,20
ind,2001,0
ind,2002,0
ind,2003,0
ind,2004,0
ind,2005,0
ind,2006,0
ind,2007,0
ind,2008,0
irn,1970,0
irn,1971,0
irn,1972,0
irn,1973,0
irn,1974,0
irn,1975,0
irn,1976,0
irn,1977,0
irn,1978,0
irn,1979,0
irn,1980,0
irn,1981,0
irn,1982,0
irn,1983,0
irn,1984,0
irn,1985,0
irn,1986,0
irn,1987,0
irn,1988,0
irn,1989,0
irn,1990,0
irn,1991,0
irn,1992,0
irn,1993,0
irn,1994,0
irn,1995,0
irn,1996,0
irn,1997,0
irn,1998,0
irn,1999,0
irn,2000,0
irn,2001,0
irn,2002,0
irn,2003,0
irn,2004,0
irn,2005,0
irn,2006,0
irn,2007,0
irn,2008,0
irq,1970,0
irq,1971,0
irq,1972,0
irq,1973,0
irq,1974,0
irq,1975,0
irq,1976,0
irq,1977,0
irq,1978,0
irq,1979,0
irq,1980,0
irq,1981,0
irq,1982,0
irq,1983,0
irq,1984,0
irq,1985,0
irq,1986,0
irq,1987,0
irq,1988,0
irq,1989,0
irq,1990,0
irq,1991,0
irq,1992,0
irq,1993,0
irq,1994,0
irq,1995,0
irq,1996,0
irq,1997,0
irq,1998,0
irq,1999,0
irq,2000,0
irq,2001,0
irq,2002,0
irq,2003,0
irq,2004,0
irq,2005,0
irq,2006,0
irq,2007,0
irq,2008,0
isr,1970,0
isr,1971,0
isr,1972,0
isr,1973,0
isr,1974,0
isr,1975,0
isr,1976,0
isr,1977,0
isr,1978,0
isr,1979,0
isr,1980,0
isr,1981,0
isr,1982,0
isr,1983,0
isr,1984,0
isr,1985,0
isr,1986,0
isr,1987,0
isr,1988,0
isr,1989,0
isr,1990,0
isr,1991,0
isr,1992,0
isr,1993,0
isr,1994,0
isr,1995,0
isr,1996,0
isr,1997,0
isr,1998,0
isr,1999,0
isr,2000,0
isr,2001,0
isr,2002,0
isr,2003,0
isr,2004,0
isr,2005,0
isr,2006,0
isr,2007,0
isr,2008,0
ita,1970,0
ita,1971,0
ita,1972,0
ita,1973,0
ita,1974,0
ita,1975,0
ita,1976,0
ita,1977,0
ita,1978,0
ita,1979,0
ita,1980,0
ita,1981,0
ita,1982,0
ita,1983,0
ita,1984,0
ita,1985,0
ita,1986,0
ita,1987,0
ita,1988,0
ita,1989,0
ita,1990,0
ita,1991,0
ita,1992,0
ita,1993,0
ita,1994,0
ita,1995,0
ita,1996,0
ita,1997,0
ita,1998,0
ita,1999,0
ita,2000,0
ita,2001,0
ita,2002,0
ita,2003,0
ita,2004,0
ita,2005,0
ita,2006,0
ita,2007,0
ita,2008,0
jam,1970,0
jam,1971,0
jam,1972,0
jam,1973,0
jam,1974,0
jam,1975,0
jam,1976,0
jam,1977,0
jam,1978,0
jam,1979,0
jam,1980,0
jam,1981,0
jam,1982,0
jam,1983,0
jam,1984,0
jam,1985,0
jam,1986,0
jam,1987,0
jam,1988,0
jam,1989,0
jam,1990,0
jam,1991,0
jam,1992,0
jam,1993,0
jam,1994,0
jam,1995,0
jam,1996,0
jam,1997,0
jam,1998,0
jam,1999,0
jam,2000,0
jam,2001,0
jam,2002,0
jam,2003,0
jam,2004,0
jam,2005,0
jam,2006,0
jam,2007,0
jam,2008,0
jor,1970,0
jor,1971,0
jor,1972,0
jor,1973,0
jor,1974,0
jor,1975,0
jor,1976,0
jor,1977,0
jor,1978,0
jor,1979,0
jor,1980,0
jor,1981,0
jor,1982,0
jor,1983,0
jor,1984,0
jor,1985,0
jor,1986,0
jor,1987,0
jor,1988,0
jor,1989,0
jor,1990,0
jor,1991,0
jor,1992,0
jor,1993,0
jor,1994,0
jor,1995,0
jor,1996,0
jor,1997,0
jor,1998,0
jor,1999,0
jor,2000,0
jor,2001,0
jor,2002,0
jor,2003,0
jor,2004,0
jor,2005,0
jor,2006,0
jor,2007,0
jor,2008,0
jpn,1970,0
jpn,1971,0
jpn,1972,0
jpn,1973,0
jpn,1974,0
jpn,1975,0
jpn,1976,0
jpn,1977,0
jpn,1978,0
jpn,1979,0
jpn,1980,0
jpn,1981,0
jpn,1982,0
jpn,1983,0
jpn,1984,0
jpn,1985,0
jpn,1986,0
jpn,1987,0
jpn,1988,0
jpn,1989,0
jpn,1990,0
jpn,1991,0
jpn,1992,0
jpn,1993,0
jpn,1994,0
jpn,1995,0
jpn,1996,0
jpn,1997,0
jpn,1998,0
jpn,1999,0
jpn,2000,0
jpn,2001,0
jpn,2002,0
jpn,2003,0
jpn,2004,0
jpn,2005,0
jpn,2006,0
jpn,2007,0
jpn,2008,0
ken,1970,0
ken,1971,0
ken,1972,0
ken,1973,0
ken,1974,0
ken,1975,0
ken,1976,0
ken,1977,0
ken,1978,0
ken,1979,0
ken,1980,0
ken,1981,0
ken,1982,0
ken,1983,0
ken,1984,0
ken,1985,0
ken,1986,0
ken,1987,0
ken,1988,0
ken,1989,0
ken,1990,0
ken,1991,0
ken,1992,0
ken,1993,0
ken,1994,0
ken,1995,0
ken,1996,0
ken,1997,0
ken,1998,0
ken,1999,85
ken,2000,0
ken,2001,0
ken,2002,0
ken,2003,0
ken,2004,80
ken,2005,27
ken,2006,0
ken,2007,0
ken,2008,4
khm,1970,0
khm,1971,0
khm,1972,0
khm,1973,0
khm,1974,0
khm,1975,0
khm,1976,0
khm,1977,0
khm,1978,0
khm,1979,0
khm,1980,0
khm,1981,0
khm,1982,0
khm,1983,0
khm,1984,0
khm,1985,0
khm,1986,0
khm,1987,0
khm,1988,0
khm,1989,0
khm,1990,0
khm,1991,0
khm,1992,0
khm,1993,0
khm,1994,0
khm,1995,0
khm,1996,0
khm,1997,0
khm,1998,0
khm,1999,0
khm,2000,0
khm,2001,0
khm,2002,0
khm,2003,0
khm,2004,0
khm,2005,0
khm,2006,0
khm,2007,0
khm,2008,0
kir,1970,0
kir,1971,0
kir,1972,0
kir,1973,0
kir,1974,0
kir,1975,0
kir,1976,0
kir,1977,0
kir,1978,0
kir,1979,0
kir,1980,0
kir,1981,0
kir,1982,0
kir,1983,0
kir,1984,0
kir,1985,0
kir,1986,0
kir,1987,0
kir,1988,0
kir,1989,0
kir,1990,0
kir,1991,0
kir,1992,0
kir,1993,0
kir,1994,0
kir,1995,0
kir,1996,0
kir,1997,0
kir,1998,0
kir,1999,0
kir,2000,0
kir,2001,0
kir,2002,0
kir,2003,0
kir,2004,0
kir,2005,0
kir,2006,0
kir,2007,0
kir,2008,0
kor,1970,0
kor,1971,0
kor,1972,0
kor,1973,0
kor,1974,0
kor,1975,0
kor,1976,0
kor,1977,0
kor,1978,0
kor,1979,0
kor,1980,0
kor,1981,0
kor,1982,0
kor,1983,0
kor,1984,0
kor,1985,0
kor,1986,0
kor,1987,0
kor,1988,0
kor,1989,0
kor,1990,0
kor,1991,0
kor,1992,0
kor,1993,0
kor,1994,0
kor,1995,0
kor,1996,0
kor,1997,0
kor,1998,0
kor,1999,0
kor,2000,0
kor,2001,0
kor,2002,0
kor,2003,0
kor,2004,0
kor,2005,0
kor,2006,0
kor,2007,0
kor,2008,0
lao,1970,0
lao,1971,0
lao,1972,0
lao,1973,0
lao,1974,0
lao,1975,0
lao,1976,0
lao,1977,0
lao,1978,0
lao,1979,0
lao,1980,0
lao,1981,0
lao,1982,0
lao,1983,0
lao,1984,0
lao,1985,0
lao,1986,0
lao,1987,0
lao,1988,0
lao,1989,0
lao,1990,0
lao,1991,0
lao,1992,0
lao,1993,0
lao,1994,0
lao,1995,0
lao,1996,0
lao,1997,0
lao,1998,0
lao,1999,0
lao,2000,0
lao,2001,0
lao,2002,0
lao,2003,0
lao,2004,0
lao,2005,0
lao,2006,0
lao,2007,0
lao,2008,0
lbr,1970,0
lbr,1971,0
lbr,1972,0
lbr,1973,0
lbr,1974,0
lbr,1975,0
lbr,1976,0
lbr,1977,0
lbr,1978,0
lbr,1979,0
lbr,1980,0
lbr,1981,0
lbr,1982,0
lbr,1983,0
lbr,1984,0
lbr,1985,0
lbr,1986,0
lbr,1987,0
lbr,1988,0
lbr,1989,0
lbr,1990,0
lbr,1991,0
lbr,1992,0
lbr,1993,0
lbr,1994,0
lbr,1995,0
lbr,1996,0
lbr,1997,0
lbr,1998,0
lbr,1999,0
lbr,2000,0
lbr,2001,0
lbr,2002,0
lbr,2003,0
lbr,2004,0
lbr,2005,0
lbr,2006,0
lbr,2007,0
lbr,2008,0
lka,1970,0
lka,1971,0
lka,1972,0
lka,1973,0
lka,1974,0
lka,1975,0
lka,1976,0
lka,1977,0
lka,1978,0
lka,1979,0
lka,1980,0
lka,1981,0
lka,1982,0
lka,1983,0
lka,1984,0
lka,1985,0
lka,1986,0
lka,1987,0
lka,1988,0
lka,1989,0
lka,1990,0
lka,1991,0
lka,1992,0
lka,1993,0
lka,1994,0
lka,1995,0
lka,1996,0
lka,1997,0
lka,1998,0
lka,1999,0
lka,2000,0
lka,2001,0
lka,2002,0
lka,2003,0
lka,2004,0
lka,2005,0
lka,2006,0
lka,2007,0
lka,2008,0
lso,1970,0
lso,1971,0
lso,1972,0
lso,1973,0
lso,1974,0
lso,1975,0
lso,1976,0
lso,1977,0
lso,1978,0
lso,1979,0
lso,1980,0
lso,1981,0
lso,1982,0
lso,1983,0
lso,1984,0
lso,1985,0
lso,1986,0
lso,1987,0
lso,1988,0
lso,1989,0
lso,1990,0
lso,1991,0
lso,1992,0
lso,1993,0
lso,1994,0
lso,1995,0
lso,1996,0
lso,1997,0
lso,1998,0
lso,1999,0
lso,2000,0
lso,2001,0
lso,2002,0
lso,2003,0
lso,2004,0
lso,2005,0
lso,2006,0
lso,2007,0
lso,2008,0
ltu,1970,0
ltu,1971,0
ltu,1972,0
ltu,1973,0
ltu,1974,0
ltu,1975,0
ltu,1976,0
ltu,1977,0
ltu,1978,0
ltu,1979,0
ltu,1980,0
ltu,1981,0
ltu,1982,0
ltu,1983,0
ltu,1984,0
ltu,1985,0
ltu,1986,0
ltu,1987,0
ltu,1988,0
ltu,1989,0
ltu,1990,0
ltu,1991,0
ltu,1992,0
ltu,1993,0
ltu,1994,0
ltu,1995,0
ltu,1996,0
ltu,1997,0
ltu,1998,0
ltu,1999,0
ltu,2000,0
ltu,2001,0
ltu,2002,0
ltu,2003,0
ltu,2004,0
ltu,2005,0
ltu,2006,0
ltu,2007,0
ltu,2008,0
mar,1970,0
mar,1971,0
mar,1972,0
mar,1973,0
mar,1974,0
mar,1975,0
mar,1976,0
mar,1977,0
mar,1978,0
mar,1979,0
mar,1980,0
mar,1981,0
mar,1982,0
mar,1983,0
mar,1984,0
mar,1985,0
mar,1986,0
mar,1987,0
mar,1988,0
mar,1989,0
mar,1990,0
mar,1991,0
mar,1992,0
mar,1993,0
mar,1994,0
mar,1995,0
mar,1996,0
mar,1997,0
mar,1998,0
mar,1999,0
mar,2000,0
mar,2001,0
mar,2002,0
mar,2003,0
mar,2004,0
mar,2005,0
mar,2006,0
mar,2007,0
mar,2008,0
mda,1970,0
mda,1971,0
mda,1972,0
mda,1973,0
mda,1974,0
mda,1975,0
mda,1976,0
mda,1977,0
mda,1978,0
mda,1979,0
mda,1980,0
mda,1981,0
mda,1982,0
mda,1983,0
mda,1984,0
mda,1985,0
mda,1986,0
mda,1987,0
mda,1988,0
mda,1989,0
mda,1990,0
mda,1991,0
mda,1992,0
mda,1993,0
mda,1994,0
mda,1995,0
mda,1996,0
mda,1997,0
mda,1998,0
mda,1999,0
mda,2000,2
mda,2001,0
mda,2002,0
mda,2003,0
mda,2004,0
mda,2005,0
mda,2006,0
mda,2007,0
mda,2008,0
mdg,1970,0
mdg,1971,0
mdg,1972,0
mdg,1973,0
mdg,1974,0
mdg,1975,0
mdg,1976,0
mdg,1977,0
mdg,1978,0
mdg,1979,0
mdg,1980,0
mdg,1981,0
mdg,1982,0
mdg,1983,0
mdg,1984,0
mdg,1985,0
mdg,1986,0
mdg,1987,0
mdg,1988,200
mdg,1989,0
mdg,1990,0
mdg,1991,0
mdg,1992,0
mdg,1993,0
mdg,1994,0
mdg,1995,0
mdg,1996,0
mdg,1997,0
mdg,1998,0
mdg,1999,0
mdg,2000,0
mdg,2001,0
mdg,2002,0
mdg,2003,0
mdg,2004,0
mdg,2005,0
mdg,2006,0
mdg,2007,0
mdg,2008,0
mex,1970,0
mex,1971,0
mex,1972,0
mex,1973,0
mex,1974,0
mex,1975,0
mex,1976,0
mex,1977,0
mex,1978,0
mex,1979,0
mex,1980,0
mex,1981,0
mex,1982,0
mex,1983,0
mex,1984,0
mex,1985,0
mex,1986,0
mex,1987,0
mex,1988,0
mex,1989,0
mex,1990,0
mex,1991,0
mex,1992,0
mex,1993,0
mex,1994,0
mex,1995,0
mex,1996,0
mex,1997,0
mex,1998,0
mex,1999,0
mex,2000,0
mex,2001,0
mex,2002,0
mex,2003,0
mex,2004,0
mex,2005,0
mex,2006,0
mex,2007,0
mex,2008,0
mkd,1970,0
mkd,1971,0
mkd,1972,0
mkd,1973,0
mkd,1974,0
mkd,1975,0
mkd,1976,0
mkd,1977,0
mkd,1978,0
mkd,1979,0
mkd,1980,0
mkd,1981,0
mkd,1982,0
mkd,1983,0
mkd,1984,0
mkd,1985,0
mkd,1986,0
mkd,1987,0
mkd,1988,0
mkd,1989,0
mkd,1990,0
mkd,1991,0
mkd,1992,0
mkd,1993,0
mkd,1994,0
mkd,1995,0
mkd,1996,0
mkd,1997,0
mkd,1998,0
mkd,1999,0
mkd,2000,0
mkd,2001,0
mkd,2002,0
mkd,2003,0
mkd,2004,0
mkd,2005,0
mkd,2006,0
mkd,2007,0
mkd,2008,0
mli,1970,0
mli,1971,0
mli,1972,0
mli,1973,0
mli,1974,0
mli,1975,0
mli,1976,0
mli,1977,0
mli,1978,0
mli,1979,0
mli,1980,0
mli,1981,0
mli,1982,0
mli,1983,0
mli,1984,0
mli,1985,0
mli,1986,0
mli,1987,0
mli,1988,0
mli,1989,0
mli,1990,0
mli,1991,0
mli,1992,0
mli,1993,0
mli,1994,0
mli,1995,0
mli,1996,0
mli,1997,0
mli,1998,0
mli,1999,0
mli,2000,0
mli,2001,0
mli,2002,0
mli,2003,0
mli,2004,0
mli,2005,0
mli,2006,0
mli,2007,0
mli,2008,0
mng,1970,0
mng,1971,0
mng,1972,0
mng,1973,0
mng,1974,0
mng,1975,0
mng,1976,0
mng,1977,0
mng,1978,0
mng,1979,0
mng,1980,0
mng,1981,0
mng,1982,0
mng,1983,0
mng,1984,0
mng,1985,0
mng,1986,0
mng,1987,0
mng,1988,0
mng,1989,0
mng,1990,0
mng,1991,0
mng,1992,0
mng,1993,0
mng,1994,0
mng,1995,0
mng,1996,0
mng,1997,0
mng,1998,0
mng,1999,0
mng,2000,0
mng,2001,0
mng,2002,0
mng,2003,0
mng,2004,0
mng,2005,0
mng,2006,0
mng,2007,0
mng,2008,0
moz,1970,0
moz,1971,0
moz,1972,0
moz,1973,0
moz,1974,0
moz,1975,0
moz,1976,0
moz,1977,0
moz,1978,0
moz,1979,0
moz,1980,0
moz,1981,100000
moz,1982,0
moz,1983,0
moz,1984,0
moz,1985,0
moz,1986,0
moz,1987,50
moz,1988,0
moz,1989,0
moz,1990,0
moz,1991,0
moz,1992,0
moz,1993,0
moz,1994,0
moz,1995,0
moz,1996,0
moz,1997,0
moz,1998,0
moz,1999,0
moz,2000,0
moz,2001,9
moz,2002,0
moz,2003,9
moz,2004,0
moz,2005,0
moz,2006,0
moz,2007,0
moz,2008,0
mrt,1970,0
mrt,1971,0
mrt,1972,0
mrt,1973,0
mrt,1974,0
mrt,1975,0
mrt,1976,0
mrt,1977,0
mrt,1978,0
mrt,1979,0
mrt,1980,0
mrt,1981,0
mrt,1982,0
mrt,1983,0
mrt,1984,0
mrt,1985,0
mrt,1986,0
mrt,1987,0
mrt,1988,0
mrt,1989,0
mrt,1990,0
mrt,1991,0
mrt,1992,0
mrt,1993,0
mrt,1994,0
mrt,1995,0
mrt,1996,0
mrt,1997,0
mrt,1998,0
mrt,1999,0
mrt,2000,0
mrt,2001,0
mrt,2002,0
mrt,2003,0
mrt,2004,0
mrt,2005,0
mrt,2006,0
mrt,2007,0
mrt,2008,0
mus,1970,0
mus,1971,0
mus,1972,0
mus,1973,0
mus,1974,0
mus,1975,0
mus,1976,0
mus,1977,0
mus,1978,0
mus,1979,0
mus,1980,0
mus,1981,0
mus,1982,0
mus,1983,0
mus,1984,0
mus,1985,0
mus,1986,0
mus,1987,0
mus,1988,0
mus,1989,0
mus,1990,0
mus,1991,0
mus,1992,0
mus,1993,0
mus,1994,0
mus,1995,0
mus,1996,0
mus,1997,0
mus,1998,0
mus,1999,0
mus,2000,0
mus,2001,0
mus,2002,0
mus,2003,0
mus,2004,0
mus,2005,0
mus,2006,0
mus,2007,0
mus,2008,0
mwi,1970,0
mwi,1971,0
mwi,1972,0
mwi,1973,0
mwi,1974,0
mwi,1975,0
mwi,1976,0
mwi,1977,0
mwi,1978,0
mwi,1979,0
mwi,1980,0
mwi,1981,0
mwi,1982,0
mwi,1983,0
mwi,1984,0
mwi,1985,0
mwi,1986,0
mwi,1987,0
mwi,1988,0
mwi,1989,0
mwi,1990,0
mwi,1991,0
mwi,1992,0
mwi,1993,0
mwi,1994,0
mwi,1995,0
mwi,1996,0
mwi,1997,0
mwi,1998,0
mwi,1999,0
mwi,2000,0
mwi,2001,0
mwi,2002,500
mwi,2003,0
mwi,2004,0
mwi,2005,0
mwi,2006,0
mwi,2007,0
mwi,2008,0
mys,1970,0
mys,1971,0
mys,1972,0
mys,1973,0
mys,1974,0
mys,1975,0
mys,1976,0
mys,1977,0
mys,1978,0
mys,1979,0
mys,1980,0
mys,1981,0
mys,1982,0
mys,1983,0
mys,1984,0
mys,1985,0
mys,1986,0
mys,1987,0
mys,1988,0
mys,1989,0
mys,1990,0
mys,1991,0
mys,1992,0
mys,1993,0
mys,1994,0
mys,1995,0
mys,1996,0
mys,1997,0
mys,1998,0
mys,1999,0
mys,2000,0
mys,2001,0
mys,2002,0
mys,2003,0
mys,2004,0
mys,2005,0
mys,2006,0
mys,2007,0
mys,2008,0
nam,1970,0
nam,1971,0
nam,1972,0
nam,1973,0
nam,1974,0
nam,1975,0
nam,1976,0
nam,1977,0
nam,1978,0
nam,1979,0
nam,1980,0
nam,1981,0
nam,1982,0
nam,1983,0
nam,1984,0
nam,1985,0
nam,1986,0
nam,1987,0
nam,1988,0
nam,1989,0
nam,1990,0
nam,1991,0
nam,1992,0
nam,1993,0
nam,1994,0
nam,1995,0
nam,1996,0
nam,1997,0
nam,1998,0
nam,1999,0
nam,2000,0
nam,2001,0
nam,2002,0
nam,2003,0
nam,2004,0
nam,2005,0
nam,2006,0
nam,2007,0
nam,2008,0
ner,1970,0
ner,1971,0
ner,1972,0
ner,1973,0
ner,1974,0
ner,1975,0
ner,1976,0
ner,1977,0
ner,1978,0
ner,1979,0
ner,1980,0
ner,1981,0
ner,1982,0
ner,1983,0
ner,1984,0
ner,1985,0
ner,1986,0
ner,1987,0
ner,1988,0
ner,1989,0
ner,1990,0
ner,1991,0
ner,1992,0
ner,1993,0
ner,1994,0
ner,1995,0
ner,1996,0
ner,1997,0
ner,1998,0
ner,1999,0
ner,2000,0
ner,2001,0
ner,2002,0
ner,2003,0
ner,2004,0
ner,2005,0
ner,2006,0
ner,2007,0
ner,2008,0
nga,1970,0
nga,1971,0
nga,1972,0
nga,1973,0
nga,1974,0
nga,1975,0
nga,1976,0
nga,1977,0
nga,1978,0
nga,1979,0
nga,1980,0
nga,1981,0
nga,1982,0
nga,1983,0
nga,1984,0
nga,1985,0
nga,1986,0
nga,1987,0
nga,1988,0
nga,1989,0
nga,1990,0
nga,1991,0
nga,1992,0
nga,1993,0
nga,1994,0
nga,1995,0
nga,1996,0
nga,1997,0
nga,1998,0
nga,1999,0
nga,2000,0
nga,2001,0
nga,2002,0
nga,2003,0
nga,2004,0
nga,2005,0
nga,2006,0
nga,2007,0
nga,2008,0
nic,1970,0
nic,1971,0
nic,1972,0
nic,1973,0
nic,1974,0
nic,1975,0
nic,1976,0
nic,1977,0
nic,1978,0
nic,1979,0
nic,1980,0
nic,1981,0
nic,1982,0
nic,1983,0
nic,1984,0
nic,1985,0
nic,1986,0
nic,1987,0
nic,1988,0
nic,1989,0
nic,1990,0
nic,1991,0
nic,1992,0
nic,1993,0
nic,1994,0
nic,1995,0
nic,1996,0
nic,1997,0
nic,1998,0
nic,1999,0
nic,2000,0
nic,2001,0
nic,2002,0
nic,2003,0
nic,2004,0
nic,2005,0
nic,2006,0
nic,2007,0
nic,2008,0
npl,1970,0
npl,1971,0
npl,1972,0
npl,1973,0
npl,1974,0
npl,1975,0
npl,1976,0
npl,1977,0
npl,1978,0
npl,1979,0
npl,1980,0
npl,1981,0
npl,1982,0
npl,1983,0
npl,1984,0
npl,1985,0
npl,1986,0
npl,1987,0
npl,1988,0
npl,1989,0
npl,1990,0
npl,1991,0
npl,1992,0
npl,1993,0
npl,1994,0
npl,1995,0
npl,1996,0
npl,1997,0
npl,1998,0
npl,1999,0
npl,2000,0
npl,2001,0
npl,2002,0
npl,2003,0
npl,2004,0
npl,2005,0
npl,2006,0
npl,2007,0
npl,2008,0
nzl,1970,0
nzl,1971,0
nzl,1972,0
nzl,1973,0
nzl,1974,0
nzl,1975,0
nzl,1976,0
nzl,1977,0
nzl,1978,0
nzl,1979,0
nzl,1980,0
nzl,1981,0
nzl,1982,0
nzl,1983,0
nzl,1984,0
nzl,1985,0
nzl,1986,0
nzl,1987,0
nzl,1988,0
nzl,1989,0
nzl,1990,0
nzl,1991,0
nzl,1992,0
nzl,1993,0
nzl,1994,0
nzl,1995,0
nzl,1996,0
nzl,1997,0
nzl,1998,0
nzl,1999,0
nzl,2000,0
nzl,2001,0
nzl,2002,0
nzl,2003,0
nzl,2004,0
nzl,2005,0
nzl,2006,0
nzl,2007,0
nzl,2008,0
pak,1970,0
pak,1971,0
pak,1972,0
pak,1973,0
pak,1974,0
pak,1975,0
pak,1976,0
pak,1977,0
pak,1978,0
pak,1979,0
pak,1980,0
pak,1981,0
pak,1982,0
pak,1983,0
pak,1984,0
pak,1985,0
pak,1986,0
pak,1987,0
pak,1988,0
pak,1989,0
pak,1990,0
pak,1991,0
pak,1992,0
pak,1993,0
pak,1994,0
pak,1995,0
pak,1996,0
pak,1997,0
pak,1998,0
pak,1999,143
pak,2000,0
pak,2001,0
pak,2002,0
pak,2003,0
pak,2004,0
pak,2005,0
pak,2006,0
pak,2007,0
pak,2008,0
pan,1970,0
pan,1971,0
pan,1972,0
pan,1973,0
pan,1974,0
pan,1975,0
pan,1976,0
pan,1977,0
pan,1978,0
pan,1979,0
pan,1980,0
pan,1981,0
pan,1982,0
pan,1983,0
pan,1984,0
pan,1985,0
pan,1986,0
pan,1987,0
pan,1988,0
pan,1989,0
pan,1990,0
pan,1991,0
pan,1992,0
pan,1993,0
pan,1994,0
pan,1995,0
pan,1996,0
pan,1997,0
pan,1998,0
pan,1999,0
pan,2000,0
pan,2001,0
pan,2002,0
pan,2003,0
pan,2004,0
pan,2005,0
pan,2006,0
pan,2007,0
pan,2008,0
per,1970,0
per,1971,0
per,1972,0
per,1973,0
per,1974,0
per,1975,0
per,1976,0
per,1977,0
per,1978,0
per,1979,0
per,1980,0
per,1981,0
per,1982,0
per,1983,0
per,1984,0
per,1985,0
per,1986,0
per,1987,0
per,1988,0
per,1989,0
per,1990,0
per,1991,0
per,1992,0
per,1993,0
per,1994,0
per,1995,0
per,1996,0
per,1997,0
per,1998,0
per,1999,0
per,2000,0
per,2001,0
per,2002,0
per,2003,0
per,2004,0
per,2005,0
per,2006,0
per,2007,0
per,2008,0
phl,1970,0
phl,1971,0
phl,1972,0
phl,1973,0
phl,1974,0
phl,1975,0
phl,1976,0
phl,1977,0
phl,1978,0
phl,1979,0
phl,1980,0
phl,1981,0
phl,1982,0
phl,1983,0
phl,1984,0
phl,1985,0
phl,1986,0
phl,1987,0
phl,1988,0
phl,1989,0
phl,1990,0
phl,1991,0
phl,1992,0
phl,1993,0
phl,1994,0
phl,1995,0
phl,1996,0
phl,1997,0
phl,1998,8
phl,1999,0
phl,2000,0
phl,2001,0
phl,2002,0
phl,2003,0
phl,2004,0
phl,2005,0
phl,2006,0
phl,2007,0
phl,2008,0
png,1970,0
png,1971,0
png,1972,0
png,1973,0
png,1974,0
png,1975,0
png,1976,0
png,1977,0
png,1978,0
png,1979,0
png,1980,0
png,1981,0
png,1982,0
png,1983,0
png,1984,0
png,1985,0
png,1986,0
png,1987,0
png,1988,0
png,1989,0
png,1990,0
png,1991,0
png,1992,0
png,1993,0
png,1994,0
png,1995,0
png,1996,0
png,1997,60
png,1998,0
png,1999,0
png,2000,0
png,2001,0
png,2002,0
png,2003,0
png,2004,0
png,2005,0
png,2006,0
png,2007,0
png,2008,0
pri,1970,0
pri,1971,0
pri,1972,0
pri,1973,0
pri,1974,0
pri,1975,0
pri,1976,0
pri,1977,0
pri,1978,0
pri,1979,0
pri,1980,0
pri,1981,0
pri,1982,0
pri,1983,0
pri,1984,0
pri,1985,0
pri,1986,0
pri,1987,0
pri,1988,0
pri,1989,0
pri,1990,0
pri,1991,0
pri,1992,0
pri,1993,0
pri,1994,0
pri,1995,0
pri,1996,0
pri,1997,0
pri,1998,0
pri,1999,0
pri,2000,0
pri,2001,0
pri,2002,0
pri,2003,0
pri,2004,0
pri,2005,0
pri,2006,0
pri,2007,0
pri,2008,0
prt,1970,0
prt,1971,0
prt,1972,0
prt,1973,0
prt,1974,0
prt,1975,0
prt,1976,0
prt,1977,0
prt,1978,0
prt,1979,0
prt,1980,0
prt,1981,0
prt,1982,0
prt,1983,0
prt,1984,0
prt,1985,0
prt,1986,0
prt,1987,0
prt,1988,0
prt,1989,0
prt,1990,0
prt,1991,0
prt,1992,0
prt,1993,0
prt,1994,0
prt,1995,0
prt,1996,0
prt,1997,0
prt,1998,0
prt,1999,0
prt,2000,0
prt,2001,0
prt,2002,0
prt,2003,0
prt,2004,0
prt,2005,0
prt,2006,0
prt,2007,0
prt,2008,0
pry,1970,0
pry,1971,0
pry,1972,0
pry,1973,0
pry,1974,0
pry,1975,0
pry,1976,0
pry,1977,0
pry,1978,0
pry,1979,0
pry,1980,0
pry,1981,0
pry,1982,0
pry,1983,0
pry,1984,0
pry,1985,0
pry,1986,0
pry,1987,0
pry,1988,0
pry,1989,0
pry,1990,0
pry,1991,0
pry,1992,0
pry,1993,0
pry,1994,0
pry,1995,0
pry,1996,0
pry,1997,0
pry,1998,0
pry,1999,12
pry,2000,0
pry,2001,0
pry,2002,0
pry,2003,0
pry,2004,0
pry,2005,0
pry,2006,0
pry,2007,0
pry,2008,0
rou,1970,0
rou,1971,0
rou,1972,0
rou,1973,0
rou,1974,0
rou,1975,0
rou,1976,0
rou,1977,0
rou,1978,0
rou,1979,0
rou,1980,0
rou,1981,0
rou,1982,0
rou,1983,0
rou,1984,0
rou,1985,0
rou,1986,0
rou,1987,0
rou,1988,0
rou,1989,0
rou,1990,0
rou,1991,0
rou,1992,0
rou,1993,0
rou,1994,0
rou,1995,0
rou,1996,0
rou,1997,0
rou,1998,0
rou,1999,0
rou,2000,0
rou,2001,0
rou,2002,0
rou,2003,0
rou,2004,0
rou,2005,0
rou,2006,0
rou,2007,0
rou,2008,0
rus,1970,0
rus,1971,0
rus,1972,0
rus,1973,0
rus,1974,0
rus,1975,0
rus,1976,0
rus,1977,0
rus,1978,0
rus,1979,0
rus,1980,0
rus,1981,0
rus,1982,0
rus,1983,0
rus,1984,0
rus,1985,0
rus,1986,0
rus,1987,0
rus,1988,0
rus,1989,0
rus,1990,0
rus,1991,0
rus,1992,0
rus,1993,0
rus,1994,0
rus,1995,0
rus,1996,0
rus,1997,0
rus,1998,0
rus,1999,0
rus,2000,0
rus,2001,0
rus,2002,0
rus,2003,0
rus,2004,0
rus,2005,0
rus,2006,0
rus,2007,0
rus,2008,0
rwa,1970,0
rwa,1971,0
rwa,1972,0
rwa,1973,0
rwa,1974,0
rwa,1975,0
rwa,1976,0
rwa,1977,0
rwa,1978,0
rwa,1979,0
rwa,1980,0
rwa,1981,0
rwa,1982,0
rwa,1983,0
rwa,1984,0
rwa,1985,0
rwa,1986,0
rwa,1987,0
rwa,1988,0
rwa,1989,237
rwa,1990,0
rwa,1991,0
rwa,1992,0
rwa,1993,0
rwa,1994,0
rwa,1995,0
rwa,1996,0
rwa,1997,0
rwa,1998,0
rwa,1999,0
rwa,2000,0
rwa,2001,0
rwa,2002,0
rwa,2003,0
rwa,2004,0
rwa,2005,0
rwa,2006,0
rwa,2007,0
rwa,2008,0
sdn,1970,0
sdn,1971,0
sdn,1972,0
sdn,1973,0
sdn,1974,0
sdn,1975,0
sdn,1976,0
sdn,1977,0
sdn,1978,0
sdn,1979,0
sdn,1980,0
sdn,1981,0
sdn,1982,0
sdn,1983,150000
sdn,1984,0
sdn,1985,0
sdn,1986,0
sdn,1987,0
sdn,1988,0
sdn,1989,0
sdn,1990,0
sdn,1991,0
sdn,1992,0
sdn,1993,0
sdn,1994,0
sdn,1995,0
sdn,1996,0
sdn,1997,0
sdn,1998,0
sdn,1999,0
sdn,2000,0
sdn,2001,0
sdn,2002,0
sdn,2003,0
sdn,2004,0
sdn,2005,0
sdn,2006,0
sdn,2007,0
sdn,2008,0
sen,1970,0
sen,1971,0
sen,1972,0
sen,1973,0
sen,1974,0
sen,1975,0
sen,1976,0
sen,1977,0
sen,1978,0
sen,1979,0
sen,1980,0
sen,1981,0
sen,1982,0
sen,1983,0
sen,1984,0
sen,1985,0
sen,1986,0
sen,1987,0
sen,1988,0
sen,1989,0
sen,1990,0
sen,1991,0
sen,1992,0
sen,1993,0
sen,1994,0
sen,1995,0
sen,1996,0
sen,1997,0
sen,1998,0
sen,1999,0
sen,2000,0
sen,2001,0
sen,2002,0
sen,2003,0
sen,2004,0
sen,2005,0
sen,2006,0
sen,2007,0
sen,2008,0
slb,1970,0
slb,1971,0
slb,1972,0
slb,1973,0
slb,1974,0
slb,1975,0
slb,1976,0
slb,1977,0
slb,1978,0
slb,1979,0
slb,1980,0
slb,1981,0
slb,1982,0
slb,1983,0
slb,1984,0
slb,1985,0
slb,1986,0
slb,1987,0
slb,1988,0
slb,1989,0
slb,1990,0
slb,1991,0
slb,1992,0
slb,1993,0
slb,1994,0
slb,1995,0
slb,1996,0
slb,1997,0
slb,1998,0
slb,1999,0
slb,2000,0
slb,2001,0
slb,2002,0
slb,2003,0
slb,2004,0
slb,2005,0
slb,2006,0
slb,2007,0
slb,2008,0
slv,1970,0
slv,1971,0
slv,1972,0
slv,1973,0
slv,1974,0
slv,1975,0
slv,1976,0
slv,1977,0
slv,1978,0
slv,1979,0
slv,1980,0
slv,1981,0
slv,1982,0
slv,1983,0
slv,1984,0
slv,1985,0
slv,1986,0
slv,1987,0
slv,1988,0
slv,1989,0
slv,1990,0
slv,1991,0
slv,1992,0
slv,1993,0
slv,1994,0
slv,1995,0
slv,1996,0
slv,1997,0
slv,1998,0
slv,1999,0
slv,2000,0
slv,2001,0
slv,2002,0
slv,2003,0
slv,2004,0
slv,2005,0
slv,2006,0
slv,2007,0
slv,2008,0
som,1970,0
som,1971,0
som,1972,0
som,1973,19000
som,1974,0
som,1975,0
som,1976,0
som,1977,0
som,1978,0
som,1979,0
som,1980,0
som,1981,0
som,1982,0
som,1983,0
som,1984,0
som,1985,0
som,1986,0
som,1987,600
som,1988,0
som,1989,0
som,1990,0
som,1991,0
som,1992,0
som,1993,0
som,1994,0
som,1995,0
som,1996,0
som,1997,0
som,1998,0
som,1999,21
som,2000,0
som,2001,0
som,2002,0
som,2003,0
som,2004,0
som,2005,2
som,2006,0
som,2007,0
som,2008,0
stp,1970,0
stp,1971,0
stp,1972,0
stp,1973,0
stp,1974,0
stp,1975,0
stp,1976,0
stp,1977,0
stp,1978,0
stp,1979,0
stp,1980,0
stp,1981,0
stp,1982,0
stp,1983,0
stp,1984,0
stp,1985,0
stp,1986,0
stp,1987,0
stp,1988,0
stp,1989,0
stp,1990,0
stp,1991,0
stp,1992,0
stp,1993,0
stp,1994,0
stp,1995,0
stp,1996,0
stp,1997,0
stp,1998,0
stp,1999,0
stp,2000,0
stp,2001,0
stp,2002,0
stp,2003,0
stp,2004,0
stp,2005,0
stp,2006,0
stp,2007,0
stp,2008,0
swz,1970,0
swz,1971,0
swz,1972,0
swz,1973,0
swz,1974,0
swz,1975,0
swz,1976,0
swz,1977,0
swz,1978,0
swz,1979,0
swz,1980,0
swz,1981,500
swz,1982,0
swz,1983,0
swz,1984,0
swz,1985,0
swz,1986,0
swz,1987,0
swz,1988,0
swz,1989,0
swz,1990,0
swz,1991,0
swz,1992,0
swz,1993,0
swz,1994,0
swz,1995,0
swz,1996,0
swz,1997,0
swz,1998,0
swz,1999,0
swz,2000,0
swz,2001,0
swz,2002,0
swz,2003,0
swz,2004,0
swz,2005,0
swz,2006,0
swz,2007,0
swz,2008,0
syr,1970,0
syr,1971,0
syr,1972,0
syr,1973,0
syr,1974,0
syr,1975,0
syr,1976,0
syr,1977,0
syr,1978,0
syr,1979,0
syr,1980,0
syr,1981,0
syr,1982,0
syr,1983,0
syr,1984,0
syr,1985,0
syr,1986,0
syr,1987,0
syr,1988,0
syr,1989,0
syr,1990,0
syr,1991,0
syr,1992,0
syr,1993,0
syr,1994,0
syr,1995,0
syr,1996,0
syr,1997,0
syr,1998,0
syr,1999,0
syr,2000,0
syr,2001,0
syr,2002,0
syr,2003,0
syr,2004,0
syr,2005,0
syr,2006,0
syr,2007,0
syr,2008,0
tcd,1970,0
tcd,1971,0
tcd,1972,0
tcd,1973,0
tcd,1974,0
tcd,1975,0
tcd,1976,0
tcd,1977,0
tcd,1978,0
tcd,1979,0
tcd,1980,0
tcd,1981,0
tcd,1982,0
tcd,1983,0
tcd,1984,0
tcd,1985,0
tcd,1986,0
tcd,1987,0
tcd,1988,0
tcd,1989,0
tcd,1990,0
tcd,1991,0
tcd,1992,0
tcd,1993,0
tcd,1994,0
tcd,1995,0
tcd,1996,0
tcd,1997,0
tcd,1998,0
tcd,1999,0
tcd,2000,0
tcd,2001,0
tcd,2002,0
tcd,2003,0
tcd,2004,0
tcd,2005,0
tcd,2006,0
tcd,2007,0
tcd,2008,0
tgo,1970,0
tgo,1971,0
tgo,1972,0
tgo,1973,0
tgo,1974,0
tgo,1975,0
tgo,1976,0
tgo,1977,0
tgo,1978,0
tgo,1979,0
tgo,1980,0
tgo,1981,0
tgo,1982,0
tgo,1983,0
tgo,1984,0
tgo,1985,0
tgo,1986,0
tgo,1987,0
tgo,1988,0
tgo,1989,0
tgo,1990,0
tgo,1991,0
tgo,1992,0
tgo,1993,0
tgo,1994,0
tgo,1995,0
tgo,1996,0
tgo,1997,0
tgo,1998,0
tgo,1999,0
tgo,2000,0
tgo,2001,0
tgo,2002,0
tgo,2003,0
tgo,2004,0
tgo,2005,0
tgo,2006,0
tgo,2007,0
tgo,2008,0
tha,1970,0
tha,1971,0
tha,1972,0
tha,1973,0
tha,1974,0
tha,1975,0
tha,1976,0
tha,1977,0
tha,1978,0
tha,1979,0
tha,1980,0
tha,1981,0
tha,1982,0
tha,1983,0
tha,1984,0
tha,1985,0
tha,1986,0
tha,1987,0
tha,1988,0
tha,1989,0
tha,1990,0
tha,1991,0
tha,1992,0
tha,1993,0
tha,1994,0
tha,1995,0
tha,1996,0
tha,1997,0
tha,1998,0
tha,1999,0
tha,2000,0
tha,2001,0
tha,2002,0
tha,2003,0
tha,2004,0
tha,2005,0
tha,2006,0
tha,2007,0
tha,2008,0
tjk,1970,0
tjk,1971,0
tjk,1972,0
tjk,1973,0
tjk,1974,0
tjk,1975,0
tjk,1976,0
tjk,1977,0
tjk,1978,0
tjk,1979,0
tjk,1980,0
tjk,1981,0
tjk,1982,0
tjk,1983,0
tjk,1984,0
tjk,1985,0
tjk,1986,0
tjk,1987,0
tjk,1988,0
tjk,1989,0
tjk,1990,0
tjk,1991,0
tjk,1992,0
tjk,1993,0
tjk,1994,0
tjk,1995,0
tjk,1996,0
tjk,1997,0
tjk,1998,0
tjk,1999,0
tjk,2000,0
tjk,2001,0
tjk,2002,0
tjk,2003,0
tjk,2004,0
tjk,2005,0
tjk,2006,0
tjk,2007,0
tjk,2008,0
tls,1970,0
tls,1971,0
tls,1972,0
tls,1973,0
tls,1974,0
tls,1975,0
tls,1976,0
tls,1977,0
tls,1978,0
tls,1979,0
tls,1980,0
tls,1981,0
tls,1982,0
tls,1983,0
tls,1984,0
tls,1985,0
tls,1986,0
tls,1987,0
tls,1988,0
tls,1989,0
tls,1990,0
tls,1991,0
tls,1992,0
tls,1993,0
tls,1994,0
tls,1995,0
tls,1996,0
tls,1997,0
tls,1998,0
tls,1999,0
tls,2000,0
tls,2001,0
tls,2002,0
tls,2003,0
tls,2004,0
tls,2005,0
tls,2006,0
tls,2007,0
tls,2008,0
tun,1970,0
tun,1971,0
tun,1972,0
tun,1973,0
tun,1974,0
tun,1975,0
tun,1976,0
tun,1977,0
tun,1978,0
tun,1979,0
tun,1980,0
tun,1981,0
tun,1982,0
tun,1983,0
tun,1984,0
tun,1985,0
tun,1986,0
tun,1987,0
tun,1988,0
tun,1989,0
tun,1990,0
tun,1991,0
tun,1992,0
tun,1993,0
tun,1994,0
tun,1995,0
tun,1996,0
tun,1997,0
tun,1998,0
tun,1999,0
tun,2000,0
tun,2001,0
tun,2002,0
tun,2003,0
tun,2004,0
tun,2005,0
tun,2006,0
tun,2007,0
tun,2008,0
tza,1970,0
tza,1971,0
tza,1972,0
tza,1973,0
tza,1974,0
tza,1975,0
tza,1976,0
tza,1977,0
tza,1978,0
tza,1979,0
tza,1980,0
tza,1981,0
tza,1982,0
tza,1983,0
tza,1984,0
tza,1985,0
tza,1986,0
tza,1987,0
tza,1988,0
tza,1989,0
tza,1990,0
tza,1991,0
tza,1992,0
tza,1993,0
tza,1994,0
tza,1995,0
tza,1996,0
tza,1997,0
tza,1998,0
tza,1999,0
tza,2000,0
tza,2001,0
tza,2002,0
tza,2003,0
tza,2004,0
tza,2005,0
tza,2006,0
tza,2007,0
tza,2008,0
uga,1970,0
uga,1971,0
uga,1972,0
uga,1973,0
uga,1974,0
uga,1975,0
uga,1976,0
uga,1977,0
uga,1978,0
uga,1979,0
uga,1980,0
uga,1981,0
uga,1982,0
uga,1983,0
uga,1984,0
uga,1985,0
uga,1986,0
uga,1987,0
uga,1988,0
uga,1989,0
uga,1990,0
uga,1991,0
uga,1992,0
uga,1993,0
uga,1994,0
uga,1995,0
uga,1996,0
uga,1997,0
uga,1998,0
uga,1999,115
uga,2000,0
uga,2001,0
uga,2002,79
uga,2003,0
uga,2004,0
uga,2005,0
uga,2006,0
uga,2007,0
uga,2008,0
ury,1970,0
ury,1971,0
ury,1972,0
ury,1973,0
ury,1974,0
ury,1975,0
ury,1976,0
ury,1977,0
ury,1978,0
ury,1979,0
ury,1980,0
ury,1981,0
ury,1982,0
ury,1983,0
ury,1984,0
ury,1985,0
ury,1986,0
ury,1987,0
ury,1988,0
ury,1989,0
ury,1990,0
ury,1991,0
ury,1992,0
ury,1993,0
ury,1994,0
ury,1995,0
ury,1996,0
ury,1997,0
ury,1998,0
ury,1999,0
ury,2000,0
ury,2001,0
ury,2002,0
ury,2003,0
ury,2004,0
ury,2005,0
ury,2006,0
ury,2007,0
ury,2008,0
usa,1970,0
usa,1971,0
usa,1972,0
usa,1973,0
usa,1974,0
usa,1975,0
usa,1976,0
usa,1977,0
usa,1978,0
usa,1979,0
usa,1980,0
usa,1981,0
usa,1982,0
usa,1983,0
usa,1984,0
usa,1985,0
usa,1986,0
usa,1987,0
usa,1988,0
usa,1989,0
usa,1990,0
usa,1991,0
usa,1992,0
usa,1993,0
usa,1994,0
usa,1995,0
usa,1996,0
usa,1997,0
usa,1998,0
usa,1999,0
usa,2000,0
usa,2001,0
usa,2002,0
usa,2003,0
usa,2004,0
usa,2005,0
usa,2006,0
usa,2007,0
usa,2008,0
uzb,1970,0
uzb,1971,0
uzb,1972,0
uzb,1973,0
uzb,1974,0
uzb,1975,0
uzb,1976,0
uzb,1977,0
uzb,1978,0
uzb,1979,0
uzb,1980,0
uzb,1981,0
uzb,1982,0
uzb,1983,0
uzb,1984,0
uzb,1985,0
uzb,1986,0
uzb,1987,0
uzb,1988,0
uzb,1989,0
uzb,1990,0
uzb,1991,0
uzb,1992,0
uzb,1993,0
uzb,1994,0
uzb,1995,0
uzb,1996,0
uzb,1997,0
uzb,1998,0
uzb,1999,0
uzb,2000,0
uzb,2001,0
uzb,2002,0
uzb,2003,0
uzb,2004,0
uzb,2005,0
uzb,2006,0
uzb,2007,0
uzb,2008,0
vnm,1970,0
vnm,1971,0
vnm,1972,0
vnm,1973,0
vnm,1974,0
vnm,1975,0
vnm,1976,0
vnm,1977,0
vnm,1978,0
vnm,1979,0
vnm,1980,0
vnm,1981,0
vnm,1982,0
vnm,1983,0
vnm,1984,0
vnm,1985,0
vnm,1986,0
vnm,1987,0
vnm,1988,0
vnm,1989,0
vnm,1990,0
vnm,1991,0
vnm,1992,0
vnm,1993,0
vnm,1994,0
vnm,1995,0
vnm,1996,0
vnm,1997,0
vnm,1998,0
vnm,1999,0
vnm,2000,0
vnm,2001,0
vnm,2002,0
vnm,2003,0
vnm,2004,0
vnm,2005,0
vnm,2006,0
vnm,2007,0
vnm,2008,0
yem_north,1970,0
yem_north,1971,0
yem_north,1972,0
yem_north,1973,0
yem_north,1974,0
yem_north,1975,0
yem_north,1976,0
yem_north,1977,0
yem_north,1978,0
yem_north,1979,0
yem_north,1980,0
yem_north,1981,0
yem_north,1982,0
yem_north,1983,0
yem_north,1984,0
yem_north,1985,0
yem_north,1986,0
yem_north,1987,0
yem_north,1988,0
yem_north,1989,0
yem_north,1990,0
yem_north,1991,0
yem_north,1992,0
yem_north,1993,0
yem_north,1994,0
yem_north,1995,0
yem_north,1996,0
yem_north,1997,0
yem_north,1998,0
yem_north,1999,0
yem_north,2000,0
yem_north,2001,0
yem_north,2002,0
yem_north,2003,0
yem_north,2004,0
yem_north,2005,0
yem_north,2006,0
yem_north,2007,0
yem_north,2008,0
yem_south,1970,0
yem_south,1971,0
yem_south,1972,0
yem_south,1973,0
yem_south,1974,0
yem_south,1975,0
yem_south,1976,0
yem_south,1977,0
yem_south,1978,0
yem_south,1979,0
yem_south,1980,0
yem_south,1981,0
yem_south,1982,0
yem_south,1983,0
yem_south,1984,0
yem_south,1985,0
yem_south,1986,0
yem_south,1987,0
yem_south,1988,0
yem_south,1989,0
yem_south,1990,0
yem_south,1991,0
yem_south,1992,0
yem_south,1993,0
yem_south,1994,0
yem_south,1995,0
yem_south,1996,0
yem_south,1997,0
yem_south,1998,0
yem_south,1999,0
yem_south,2000,0
yem_south,2001,0
yem_south,2002,0
yem_south,2003,0
yem_south,2004,0
yem_south,2005,0
yem_south,2006,0
yem_south,2007,0
yem_south,2008,0
yug,1970,0
yug,1971,0
yug,1972,0
yug,1973,0
yug,1974,0
yug,1975,0
yug,1976,0
yug,1977,0
yug,1978,0
yug,1979,0
yug,1980,0
yug,1981,0
yug,1982,0
yug,1983,0
yug,1984,0
yug,1985,0
yug,1986,0
yug,1987,0
yug,1988,0
yug,1989,0
yug,1990,0
yug,1991,0
yug,1992,0
yug,1993,0
yug,1994,0
yug,1995,0
yug,1996,0
yug,1997,0
yug,1998,0
yug,1999,0
yug,2000,0
yug,2001,0
yug,2002,0
yug,2003,0
yug,2004,0
yug,2005,0
yug,2006,0
yug,2007,0
yug,2008,0
zaf,1970,0
zaf,1971,0
zaf,1972,0
zaf,1973,0
zaf,1974,0
zaf,1975,0
zaf,1976,0
zaf,1977,0
zaf,1978,0
zaf,1979,0
zaf,1980,0
zaf,1981,0
zaf,1982,0
zaf,1983,0
zaf,1984,0
zaf,1985,0
zaf,1986,0
zaf,1987,0
zaf,1988,0
zaf,1989,0
zaf,1990,0
zaf,1991,0
zaf,1992,0
zaf,1993,0
zaf,1994,0
zaf,1995,0
zaf,1996,0
zaf,1997,0
zaf,1998,0
zaf,1999,0
zaf,2000,0
zaf,2001,0
zaf,2002,0
zaf,2003,0
zaf,2004,0
zaf,2005,0
zaf,2006,0
zaf,2007,0
zaf,2008,0
zmb,1970,0
zmb,1971,0
zmb,1972,0
zmb,1973,0
zmb,1974,0
zmb,1975,0
zmb,1976,0
zmb,1977,0
zmb,1978,0
zmb,1979,0
zmb,1980,0
zmb,1981,0
zmb,1982,0
zmb,1983,0
zmb,1984,0
zmb,1985,0
zmb,1986,0
zmb,1987,0
zmb,1988,0
zmb,1989,0
zmb,1990,0
zmb,1991,0
zmb,1992,0
zmb,1993,0
zmb,1994,0
zmb,1995,0
zmb,1996,0
zmb,1997,0
zmb,1998,0
zmb,1999,0
zmb,2000,0
zmb,2001,0
zmb,2002,0
zmb,2003,0
zmb,2004,0
zmb,2005,0
zmb,2006,0
zmb,2007,0
zmb,2008,0
zwe,1970,0
zwe,1971,0
zwe,1972,0
zwe,1973,0
zwe,1974,0
zwe,1975,0
zwe,1976,0
zwe,1977,0
zwe,1978,0
zwe,1979,0
zwe,1980,0
zwe,1981,0
zwe,1982,0
zwe,1983,0
zwe,1984,0
zwe,1985,0
zwe,1986,0
zwe,1987,0
zwe,1988,0
zwe,1989,0
zwe,1990,0
zwe,1991,0
zwe,1992,0
zwe,1993,0
zwe,1994,0
zwe,1995,0
zwe,1996,0
zwe,1997,0
zwe,1998,0
zwe,1999,0
zwe,2000,0
zwe,2001,0
zwe,2002,0
zwe,2003,0
zwe,2004,0
zwe,2005,0
zwe,2006,0
zwe,2007,0
zwe,2008,0
