geo,time,internet_users
abw,1990,0
abw,1996,2.77
abw,1999,4.51
abw,2000,15.44282
abw,2001,17.1
abw,2002,18.8
abw,2003,20.8
abw,2004,23
abw,2005,25.4
abw,2006,28
abw,2007,30.9
abw,2008,52
abw,2009,58
abw,2010,62
abw,2011,69
abw,2012,74
abw,2013,78.9
abw,2014,83.78
abw,2015,88.66123
abw,2016,93.54245
abw,2017,97.17
afg,1990,0
afg,2001,0.00472
afg,2002,0.00456
afg,2003,0.08789
afg,2004,0.10581
afg,2005,1.22415
afg,2006,2.10712
afg,2007,1.9
afg,2008,1.84
afg,2009,3.55
afg,2010,4
afg,2011,5
afg,2012,5.4545
afg,2013,5.9
afg,2014,7
afg,2015,8.26
afg,2016,11
afg,2017,13.5
afg,2018,16.8
afg,2019,17.6
afg,2020,17.0485
afg,2021,16.5143
afg,2022,15.8663
afg,2023,15.9284
afg,2024,16.095
ago,1990,0
ago,1996,0.00078
ago,1997,0.00567
ago,1998,0.0185
ago,1999,0.072
ago,2000,0.10505
ago,2001,0.13601
ago,2002,0.27038
ago,2003,0.37068
ago,2004,0.46481
ago,2005,1.1434
ago,2006,1.5
ago,2007,1.7
ago,2008,1.9
ago,2009,2.3
ago,2010,2.8
ago,2011,4.7
ago,2012,7.7
ago,2013,13
ago,2014,21.36234
ago,2015,22
ago,2016,23.2
ago,2017,26
ago,2018,29
ago,2019,32.1294
ago,2020,33.3209
ago,2021,34.5565
ago,2022,35.838
ago,2023,37.8859
ago,2024,40.7048
alb,1990,0
alb,1995,0.0112
alb,1996,0.0322
alb,1997,0.0486
alb,1998,0.065
alb,1999,0.0814
alb,2000,0.1141
alb,2001,0.3258
alb,2002,0.39008
alb,2003,0.9719
alb,2004,2.42039
alb,2005,6.04389
alb,2006,9.61
alb,2007,15.0361
alb,2008,23.86
alb,2009,41.2
alb,2010,45
alb,2011,47
alb,2012,49.4
alb,2013,51.8
alb,2014,54.3
alb,2015,56.9
alb,2016,59.6
alb,2017,62.4
alb,2018,65.4
alb,2019,68.55039
alb,2020,72.23768
alb,2021,79.32372
alb,2022,82.61368
alb,2023,83.13559
alb,2024,85.8639
and,1990,0
and,1996,1.53
and,1997,3.05
and,1998,6.89
and,1999,7.64
and,2000,10.53884
and,2002,11.26047
and,2003,13.54641
and,2004,26.83795
and,2005,37.60577
and,2006,48.93685
and,2007,70.87
and,2008,70.04
and,2009,78.53
and,2010,81
and,2011,81
and,2012,82.7
and,2013,84.4
and,2014,86.1
and,2015,87.9
and,2016,89.7
and,2017,91.56747
and,2018,93.5
and,2019,90.7187
and,2020,93.2057
and,2021,93.8975
and,2022,94.0517
and,2023,94.215
and,2024,94.3976
are,1990,0
are,1995,0.103
are,1996,0.375
are,1997,3.3
are,1998,6.91
are,1999,14.9
are,2000,23.6253
are,2001,26.27175
are,2002,28.31649
are,2003,29.47795
are,2004,30.1313
are,2005,40
are,2006,52
are,2007,61
are,2008,63
are,2009,64
are,2010,68
are,2011,78
are,2012,84.99999
are,2013,88
are,2014,90.40001
are,2015,90.5
are,2016,90.60001
are,2017,94.81992
are,2018,98.45
are,2019,99.15
are,2020,100
are,2021,100
are,2022,100
are,2023,100
are,2024,100
arg,1990,0
arg,1992,0.00299
arg,1993,0.0295
arg,1994,0.0437
arg,1995,0.0863
arg,1996,0.142
arg,1997,0.28
arg,1998,0.831
arg,1999,3.28
arg,2000,7.03868
arg,2001,9.78081
arg,2002,10.88212
arg,2003,11.9137
arg,2004,16.03668
arg,2005,17.72058
arg,2006,20.9272
arg,2007,25.94663
arg,2008,28.11262
arg,2009,34
arg,2010,45
arg,2011,51
arg,2012,55.8
arg,2013,59.9
arg,2014,64.7
arg,2015,68.04306
arg,2016,70.96898
arg,2017,74.29491
arg,2018,77.7
arg,2019,79.94695
arg,2020,85.51439
arg,2021,87.15071
arg,2022,88.37536
arg,2023,89.22897
arg,2024,89.66715
arm,1990,0
arm,1994,0.00912
arm,1995,0.0527
arm,1996,0.0946
arm,1997,0.112
arm,1998,0.129
arm,1999,0.971
arm,2000,1.30047
arm,2001,1.63109
arm,2002,1.96041
arm,2003,4.57522
arm,2004,4.89901
arm,2005,5.253
arm,2006,5.6318
arm,2007,6.0213
arm,2008,6.21
arm,2009,15.3
arm,2010,25
arm,2011,32
arm,2012,37.5
arm,2013,41.9
arm,2014,54.62281
arm,2015,59.10083
arm,2016,64.34603
arm,2017,64.74488
arm,2018,68.24505
arm,2019,66.54395
arm,2020,76.5077
arm,2021,78.61226
arm,2022,77.02767
arm,2023,79.99663
arm,2024,81.3393
asm,1990,0
atg,1990,0
atg,1995,2.2
atg,1996,2.86
atg,1997,3.48
atg,1998,4.07
atg,1999,5.3
atg,2000,6.48223
atg,2001,8.89929
atg,2002,12.5
atg,2003,17.22865
atg,2004,24.26654
atg,2005,27
atg,2006,30
atg,2007,34
atg,2008,38
atg,2009,42
atg,2010,47
atg,2011,52
atg,2012,58
atg,2013,63.4
atg,2014,67.78
atg,2015,70
atg,2016,70.2716
atg,2017,70.5442
atg,2018,70.8179
atg,2019,71.0926
atg,2020,71.3684
atg,2021,71.6453
atg,2022,71.9233
atg,2023,72.1241
atg,2024,72.7304
aus,1990,0.585
aus,1991,1.1
aus,1992,1.77
aus,1993,1.97
aus,1994,2.23
aus,1995,2.76
aus,1996,3.28
aus,1997,16.4
aus,1998,30.8
aus,1999,40.8
aus,2000,46.75612
aus,2001,52.68927
aus,2005,63
aus,2006,66
aus,2007,69.45
aus,2008,71.67
aus,2009,74.25
aus,2010,76
aus,2011,79.4877
aus,2012,79
aus,2013,83.4535
aus,2014,84
aus,2015,84.56051
aus,2016,86.54
aus,2017,86.54505
aus,2018,90.0082
aus,2019,93.6099
aus,2020,94.6935
aus,2021,96.9722
aus,2022,96.1194
aus,2023,96.1161
aus,2024,96.1314
aut,1990,0.13
aut,1991,0.259
aut,1992,0.643
aut,1993,0.765
aut,1994,1.39
aut,1995,1.89
aut,1996,6.91
aut,1997,9.53
aut,1998,15.4
aut,1999,23
aut,2000,33.73013
aut,2001,39.18545
aut,2002,36.56
aut,2003,42.7
aut,2004,54.28
aut,2005,58
aut,2006,63.6
aut,2007,69.37
aut,2008,72.87
aut,2009,73.45
aut,2010,75.17
aut,2011,78.73999
aut,2012,80.02999
aut,2013,80.6188
aut,2014,80.99582
aut,2015,83.94014
aut,2016,84.32374
aut,2017,87.93559
aut,2018,87.47914
aut,2019,87.7522
aut,2020,87.52943
aut,2021,92.52915
aut,2022,93.61409
aut,2023,95.33467
aut,2024,94.91975
aut,2025,91.92573
aze,1990,0
aze,1994,0.00143
aze,1995,0.00206
aze,1996,0.00635
aze,1997,0.0252
aze,1998,0.0375
aze,1999,0.0992
aze,2000,0.14776
aze,2001,0.30556
aze,2002,4.99971
aze,2005,8.0304
aze,2006,11.9922
aze,2007,14.54
aze,2008,17.08
aze,2009,27.4
aze,2010,46
aze,2011,50
aze,2012,54.2
aze,2013,73
aze,2014,75.00002
aze,2015,77
aze,2016,78.2
aze,2017,79
aze,2018,79.8
aze,2019,81.1
aze,2020,84.6
aze,2021,85.99999
aze,2022,88
aze,2023,89
aze,2024,90.4398
aze,2025,90.8
bdi,1990,0
bdi,1991,0
bdi,1992,0
bdi,1993,0
bdi,1994,0
bdi,1995,0
bdi,1996,0.0008
bdi,1997,0.00798
bdi,1998,0.0158
bdi,1999,0.0392
bdi,2000,0.07725
bdi,2001,0.106
bdi,2002,0.11823
bdi,2003,0.20127
bdi,2004,0.34906
bdi,2005,0.5421
bdi,2006,0.6576
bdi,2007,0.7
bdi,2008,0.81
bdi,2009,0.9
bdi,2010,1
bdi,2011,1.11
bdi,2012,1.22
bdi,2013,1.26422
bdi,2014,1.04239
bdi,2015,2
bdi,2016,2.2
bdi,2017,2.66075
bdi,2018,4.0195
bdi,2019,6.0722
bdi,2020,6.4301
bdi,2021,6.778
bdi,2022,7.1448
bdi,2023,7.1723
bdi,2024,8.596
bel,1990,0.00101
bel,1991,0.0201
bel,1992,0.1
bel,1993,0.199
bel,1994,0.696
bel,1995,0.992
bel,1996,2.97
bel,1997,4.94
bel,1998,7.89
bel,1999,13.8
bel,2000,29.43169
bel,2001,31.2884
bel,2002,46.33
bel,2003,49.97
bel,2004,53.86
bel,2005,55.82
bel,2006,61.98187
bel,2007,66.76042
bel,2008,68.85732
bel,2009,74.54415
bel,2010,77.63979
bel,2011,81.61
bel,2012,80.71999
bel,2013,82.1702
bel,2014,85.00124
bel,2015,85.05294
bel,2016,86.51648
bel,2017,87.67968
bel,2018,88.64734
bel,2019,90.27543
bel,2020,91.52642
bel,2021,92.78868
bel,2022,94.00783
bel,2023,94.62625
bel,2024,95.77579
ben,1990,0
ben,1996,0.00169
ben,1997,0.0246
ben,1998,0.0479
ben,1999,0.155
ben,2000,0.22525
ben,2001,0.36342
ben,2002,0.70295
ben,2003,0.95133
ben,2004,1.18254
ben,2005,1.271
ben,2006,1.5379
ben,2007,1.79
ben,2008,1.85
ben,2009,2.24
ben,2010,3.13
ben,2011,4.14832
ben,2012,4.5
ben,2013,4.9
ben,2014,6
ben,2015,11.255
ben,2016,14.5
ben,2017,18.7
ben,2018,19
ben,2019,20.501
ben,2020,22.1206
ben,2021,28.2047
ben,2022,30.5373
ben,2023,32.394
ben,2024,33.9838
bfa,1990,0
bfa,1996,0.00096
bfa,1997,0.0187
bfa,1998,0.0454
bfa,1999,0.0618
bfa,2000,0.07708
bfa,2001,0.15773
bfa,2002,0.20099
bfa,2003,0.37344
bfa,2004,0.4003
bfa,2005,0.4699
bfa,2006,0.6327
bfa,2007,0.75
bfa,2008,0.92
bfa,2009,1.13
bfa,2010,2.4
bfa,2011,3
bfa,2012,3.725
bfa,2013,5
bfa,2014,6
bfa,2015,6.5457
bfa,2016,7.141
bfa,2017,7.7904
bfa,2018,8.4989
bfa,2019,9.27181
bfa,2020,12.9732
bfa,2021,18.1522
bfa,2022,25.3988
bfa,2023,25.3612
bfa,2024,28.2527
bgd,1990,0
bgd,1997,0.00075
bgd,1998,0.00368
bgd,1999,0.0362
bgd,2000,0.07104
bgd,2001,0.12981
bgd,2002,0.13992
bgd,2003,0.16388
bgd,2004,0.19904
bgd,2005,0.2416
bgd,2006,1
bgd,2007,1.8
bgd,2008,2.5
bgd,2009,3.1
bgd,2010,3.7
bgd,2011,4.5
bgd,2012,5
bgd,2013,6.63
bgd,2014,9.0529
bgd,2015,12.3688
bgd,2016,16.8991
bgd,2017,21.5
bgd,2018,25.5651
bgd,2019,30.3831
bgd,2020,36.1091
bgd,2021,38.91744
bgd,2022,41.6165
bgd,2023,44.50274
bgd,2024,53.42171
bgr,1990,0
bgr,1993,0.00234
bgr,1994,0.0195
bgr,1995,0.12
bgr,1996,0.725
bgr,1997,1.22
bgr,1998,1.84
bgr,1999,2.91
bgr,2000,5.37092
bgr,2001,7.6123
bgr,2002,9.08
bgr,2003,12.04
bgr,2004,18.13
bgr,2005,19.97
bgr,2006,27.09
bgr,2007,33.64
bgr,2008,39.67
bgr,2009,45
bgr,2010,46.23
bgr,2011,47.97999
bgr,2012,51.89999
bgr,2013,53.0615
bgr,2014,55.49038
bgr,2015,56.65625
bgr,2016,59.82555
bgr,2017,63.4101
bgr,2018,64.78201
bgr,2019,67.94698
bgr,2020,70.16248
bgr,2021,75.27145
bgr,2022,79.12686
bgr,2023,80.38956
bgr,2024,82.43896
bhr,1990,0
bhr,1995,0.346
bhr,1996,0.843
bhr,1997,1.65
bhr,1998,3.22
bhr,1999,4.72
bhr,2000,6.15373
bhr,2001,15.03863
bhr,2002,18.05072
bhr,2003,21.55494
bhr,2004,21.45868
bhr,2005,21.3037
bhr,2006,28.244
bhr,2007,32.91
bhr,2008,51.95
bhr,2009,53
bhr,2010,55
bhr,2011,76.99997
bhr,2012,88
bhr,2013,90.00004
bhr,2014,90.50313
bhr,2015,93.4783
bhr,2016,97.99998
bhr,2017,95.87814
bhr,2018,98.64467
bhr,2019,99.7015
bhr,2020,99.67103
bhr,2021,100
bhr,2022,100
bhr,2023,100
bhr,2024,100
bhs,1990,0
bhs,1995,0.96
bhs,1996,1.75
bhs,1997,1.36
bhs,1998,2.34
bhs,1999,3.76
bhs,2000,8
bhs,2001,11.8
bhs,2002,18
bhs,2003,20
bhs,2004,22
bhs,2005,25
bhs,2006,26
bhs,2007,27
bhs,2008,31.54
bhs,2009,33.88
bhs,2010,43
bhs,2011,65
bhs,2012,71.7482
bhs,2013,72
bhs,2014,76.92
bhs,2015,78
bhs,2016,80
bhs,2017,80.6
bhs,2018,83
bhs,2019,90.6933
bhs,2020,92.4437
bhs,2021,92.3498
bhs,2022,92.256
bhs,2023,92.3873
bhs,2024,92.4727
bih,1990,0
bih,1996,0.0151
bih,1997,0.0594
bih,1998,0.144
bih,1999,0.194
bih,2000,1.08296
bih,2001,1.20053
bih,2002,2.64827
bih,2003,3.96504
bih,2004,15.46897
bih,2005,21.3267
bih,2006,25.12239
bih,2007,27.92
bih,2008,34.66
bih,2009,37.74
bih,2010,42.75
bih,2011,43.8877
bih,2012,45.0645
bih,2013,48.5213
bih,2014,49.9177
bih,2015,52.6
bih,2016,60.25654
bih,2017,64.89202
bih,2018,70.12014
bih,2019,69.94635
bih,2020,73.21175
bih,2021,75.6762
bih,2022,78.84554
bih,2023,83.37715
bih,2024,86.10091
blr,1990,0
blr,1994,0.00049
blr,1995,0.00292
blr,1996,0.0293
blr,1997,0.049
blr,1998,0.0739
blr,1999,0.495
blr,2000,1.8604
blr,2001,4.30062
blr,2002,8.95097
blr,2006,16.2
blr,2007,19.7
blr,2008,23
blr,2009,27.43
blr,2010,31.8
blr,2011,39.6489
blr,2012,46.91
blr,2013,54.17
blr,2014,59.01632
blr,2015,62.23036
blr,2016,71.11305
blr,2017,74.43645
blr,2018,79.12989
blr,2019,82.78915
blr,2020,85.08791
blr,2021,86.88841
blr,2022,89.50733
blr,2023,91.5125
blr,2024,94.26182
blz,1990,0
blz,1995,0.0454
blz,1996,0.883
blz,1997,1.29
blz,1998,2.09
blz,1999,4.08
blz,2000,5.96384
blz,2002,5.68425
blz,2004,9.8
blz,2005,17
blz,2006,24
blz,2007,24.6
blz,2008,26.3
blz,2009,27.2
blz,2010,28.2
blz,2011,30.7
blz,2012,31
blz,2013,33.6
blz,2014,38.7
blz,2015,41.59
blz,2016,44.5757
blz,2017,48.8771
blz,2018,53.5936
blz,2019,58.7652
blz,2020,64.4359
blz,2021,70.6537
blz,2022,69.9833
blz,2023,70.1872
blz,2024,80.00582
bmu,1990,0
bmu,1995,6.84
bmu,1996,16.2
bmu,1997,24.2
bmu,1998,32.1
bmu,1999,39.9
bmu,2000,42.94986
bmu,2001,47.5097
bmu,2002,52.0316
bmu,2003,56.52201
bmu,2004,60.99087
bmu,2005,65.44707
bmu,2006,69.89966
bmu,2007,74.35059
bmu,2008,82.3
bmu,2009,83.25
bmu,2010,84.21
bmu,2011,88.336
bmu,2012,91.2993
bmu,2013,95.3
bmu,2014,96.8
bmu,2015,98.32361
bmu,2016,98
bmu,2017,98.37
bol,1990,0
bol,1995,0.0668
bol,1996,0.196
bol,1997,0.448
bol,1998,0.626
bol,1999,0.982
bol,2000,1.44276
bol,2001,2.12046
bol,2002,3.11719
bol,2003,3.5086
bol,2004,4.43992
bol,2005,5.22758
bol,2006,6.20067
bol,2007,10.4992
bol,2008,12.5
bol,2009,16.8
bol,2010,22.4
bol,2011,30
bol,2012,35.34
bol,2013,36.99
bol,2014,34.60162
bol,2015,37.48682
bol,2016,39.6975
bol,2017,43.8323
bol,2018,44.28614
bol,2019,47.47482
bol,2020,59.9401
bol,2021,65.97738
bol,2022,72.6227
bol,2023,77.3004
bol,2024,79.7047
bra,1990,0
bra,1991,0.00329
bra,1992,0.0129
bra,1993,0.0255
bra,1994,0.0377
bra,1995,0.105
bra,1996,0.451
bra,1997,0.786
bra,1998,1.48
bra,1999,2.04
bra,2000,2.87069
bra,2001,4.52849
bra,2002,9.14943
bra,2003,13.20759
bra,2004,19.07367
bra,2005,21.02275
bra,2006,28.1784
bra,2007,30.88
bra,2008,33.83
bra,2009,39.22
bra,2010,40.65
bra,2011,45.69
bra,2012,48.56
bra,2013,51.04
bra,2014,54.551
bra,2015,58.32795
bra,2016,60.87254
bra,2017,67.47128
bra,2018,70.43428
bra,2019,73.91244
bra,2020,81.34269
bra,2021,80.68989
bra,2022,80.52775
bra,2023,84.1506
bra,2024,84.46347
brb,1990,0
brb,1995,0.00775
brb,1996,0.389
brb,1997,0.783
brb,1998,1.97
brb,1999,2.38
brb,2000,3.97368
brb,2001,11.93645
brb,2002,27.83632
brb,2003,39.68963
brb,2004,49.8
brb,2005,52.5
brb,2006,55.3
brb,2007,58.2
brb,2008,61.4
brb,2009,64.7
brb,2010,65.1
brb,2011,66.5
brb,2012,71.2
brb,2013,71.8
brb,2014,71.9246
brb,2015,72.0494
brb,2016,71.573
brb,2017,71.1485
brb,2018,70.7265
brb,2019,70.3071
brb,2020,69.8901
brb,2021,69.4756
brb,2022,69.0636
brb,2023,69.6751
brb,2024,70.3647
brn,1990,0
brn,1995,1.02
brn,1996,3.3
brn,1997,4.83
brn,1998,6.28
brn,1999,7.67
brn,2000,8.99628
brn,2001,12.91777
brn,2002,15.32988
brn,2003,19.595
brn,2004,29.7156
brn,2005,36.46639
brn,2006,42.18635
brn,2007,44.68
brn,2008,46
brn,2009,49
brn,2010,53
brn,2011,56
brn,2012,60.2731
brn,2013,64.5
brn,2014,68.77
brn,2015,71.2
brn,2016,90
brn,2017,94.8667
brn,2018,95
brn,2019,95
brn,2020,96.3055
brn,2021,97.6288
brn,2022,98.97043
brn,2023,98.9704
brn,2024,96.29829
btn,1990,0
btn,1999,0.138
btn,2000,0.40094
btn,2001,0.86463
btn,2002,1.6758
btn,2003,2.43691
btn,2004,3.15698
btn,2005,3.8471
btn,2006,4.5183
btn,2007,5.92
btn,2008,6.55
btn,2009,7.17
btn,2010,13.6
btn,2011,14.4
btn,2012,15.6
btn,2013,22.4
btn,2014,30.3
btn,2015,39.8
btn,2016,46.5032
btn,2017,54.3355
btn,2018,63.4868
btn,2019,74.1794
btn,2020,76.8508
btn,2021,85.63688
btn,2022,88.3562
btn,2023,90.0214
btn,2024,91.2774
bwa,1990,0
bwa,1991,0
bwa,1995,0.0645
bwa,1996,0.157
bwa,1997,0.308
bwa,1998,0.602
bwa,1999,1.12
bwa,2000,2.90267
bwa,2001,3.43089
bwa,2002,3.38592
bwa,2003,3.34519
bwa,2004,3.30489
bwa,2005,3.2626
bwa,2006,4.28993
bwa,2007,5.28
bwa,2008,6.25
bwa,2009,6.15
bwa,2010,6
bwa,2011,9
bwa,2012,16
bwa,2013,30
bwa,2014,36.74475
bwa,2015,38.8938
bwa,2016,41.1686
bwa,2017,43.5764
bwa,2018,46.1251
bwa,2019,48.8228
bwa,2020,51.6782
bwa,2021,54.7007
bwa,2022,57.9
bwa,2024,57.4595
caf,1990,0
caf,1996,0.00585
caf,1997,0.0143
caf,1998,0.0279
caf,1999,0.0409
caf,2000,0.05339
caf,2001,0.07854
caf,2002,0.12854
caf,2003,0.15156
caf,2004,0.2234
caf,2005,0.2682
caf,2006,0.3112
caf,2007,0.37582
caf,2008,1
caf,2009,1.8
caf,2010,2
caf,2011,2.2
caf,2012,2.4
caf,2013,2.5
caf,2014,2.7
caf,2015,2.9
caf,2016,3.1
caf,2017,4
caf,2018,5.1
caf,2019,7.5092
caf,2022,13.7536
caf,2023,13.8417
caf,2024,13.7825
can,1990,0.361
can,1991,0.57
can,1992,0.916
can,1993,1.18
can,1994,2.38
can,1995,4.16
can,1996,6.76
can,1997,15.1
can,1998,24.9
can,1999,36.2
can,2000,51.3
can,2001,60.2
can,2002,61.5933
can,2003,64.2
can,2004,65.95596
can,2005,71.66
can,2006,72.4
can,2007,73.2
can,2008,76.7
can,2009,80.3
can,2010,80.3
can,2011,83
can,2012,83
can,2013,85.8
can,2014,87.12
can,2015,90
can,2016,91.16
can,2017,92.7014
can,2018,94.64
can,2019,91.9129
can,2020,92.3
can,2021,93.9371
can,2022,94
can,2023,94.1453
can,2024,94.3533
che,1990,0.596
che,1991,1.18
che,1992,1.75
che,1993,2.17
che,1994,2.72
che,1995,3.55
che,1996,4.55
che,1997,15.1
che,1998,24.8
che,1999,34
che,2000,47.1
che,2001,55.1
che,2002,61.4
che,2003,65.1
che,2004,67.8
che,2005,70.1
che,2006,75.7
che,2007,77.2
che,2008,79.2
che,2009,81.3
che,2010,83.9
che,2011,85.19303
che,2012,85.2
che,2013,86.34
che,2014,83.61725
che,2015,87.47906
che,2016,89.13469
che,2017,89.68615
che,2018,91.8
che,2019,93.14609
che,2020,94.35
che,2021,95.56937
che,2022,96.4528
che,2023,97.34437
che,2024,97.3444
che,2025,97.32104
chl,1990,0
chl,1992,0.0365
chl,1993,0.0718
chl,1994,0.141
chl,1995,0.347
chl,1996,0.683
chl,1997,1.06
chl,1998,1.66
chl,1999,4.1
chl,2000,16.6
chl,2001,19.1
chl,2002,22.1
chl,2003,25.47378
chl,2004,28.17791
chl,2005,31.1753
chl,2006,34.49775
chl,2007,35.9
chl,2008,37.3
chl,2009,41.56
chl,2010,45
chl,2011,52.24961
chl,2012,55.05
chl,2013,58
chl,2014,61.11
chl,2015,76.62959
chl,2016,83.55859
chl,2017,82.32749
chl,2018,84.9
chl,2019,85.0176
chl,2020,87.4593
chl,2021,90.2328
chl,2022,92.3182
chl,2023,94.45742
chl,2024,95.59024
chn,1990,0
chn,1993,0.00017
chn,1994,0.00117
chn,1995,0.00495
chn,1996,0.0131
chn,1997,0.0324
chn,1998,0.169
chn,1999,0.708
chn,2000,1.77591
chn,2001,2.63965
chn,2002,4.5957
chn,2003,6.2
chn,2004,7.3
chn,2005,8.52326
chn,2006,10.52315
chn,2007,16
chn,2008,22.6
chn,2009,28.9
chn,2010,34.3
chn,2011,38.3
chn,2012,42.3001
chn,2013,45.8
chn,2014,47.9
chn,2015,50.3
chn,2016,53.2
chn,2017,54.3
chn,2018,65.3584
chn,2019,64.08088
chn,2020,70.05276
chn,2021,73.05324
chn,2022,75.61132
chn,2023,90.6
chn,2024,92
chn,2025,91.6
civ,1990,0
civ,1995,0.0002
civ,1996,0.00841
civ,1997,0.0188
civ,1998,0.061
civ,1999,0.119
civ,2000,0.23146
civ,2001,0.39575
civ,2002,0.49793
civ,2003,0.75867
civ,2004,0.84928
civ,2005,1.0392
civ,2006,1.5249
civ,2007,1.8
civ,2008,1.9
civ,2009,2
civ,2010,2.7
civ,2011,2.9
civ,2012,4.4
civ,2013,6.6
civ,2014,10
civ,2015,38.44
civ,2016,41.20781
civ,2017,43.83992
civ,2018,37.54654
civ,2019,36.28895
civ,2020,36.0166
civ,2021,35.9507
civ,2022,38.41328
civ,2023,40.65285
civ,2024,41.4322
cmr,1990,0
cmr,1997,0.00677
cmr,1998,0.0132
cmr,1999,0.129
cmr,2000,0.25212
cmr,2001,0.27705
cmr,2002,0.36087
cmr,2003,0.58762
cmr,2004,0.97608
cmr,2005,1.4027
cmr,2006,2.0287
cmr,2007,2.93
cmr,2008,3.4
cmr,2009,3.84
cmr,2010,4.3
cmr,2011,5
cmr,2012,7.5
cmr,2013,10
cmr,2014,16.21487
cmr,2015,18.3
cmr,2016,20.6
cmr,2017,23.20297
cmr,2018,29.7
cmr,2019,36.5392
cmr,2020,37.6975
cmr,2021,38.8926
cmr,2022,40.1256
cmr,2023,42.2438
cmr,2024,46.2588
cod,1990,0
cod,1996,0.00011
cod,1997,0.00021
cod,1998,0.00041
cod,1999,0.00101
cod,2000,0.0059
cod,2001,0.01148
cod,2002,0.09279
cod,2003,0.13491
cod,2004,0.19621
cod,2005,0.238
cod,2006,0.2961
cod,2007,0.37
cod,2008,0.44
cod,2009,0.56
cod,2010,0.72
cod,2011,1.2
cod,2012,1.68
cod,2013,2.2
cod,2014,3
cod,2015,3.8
cod,2016,10.1
cod,2018,11.7
cod,2019,13.0297
cod,2020,14.5105
cod,2021,16.1596
cod,2022,17.9962
cod,2023,18.9679
cod,2024,19.6735
cog,1990,0
cog,1996,0.00353
cog,1997,0.00347
cog,1998,0.00342
cog,1999,0.0168
cog,2000,0.02635
cog,2001,0.03222
cog,2002,0.15725
cog,2003,0.46001
cog,2004,1.0775
cog,2005,1.4634
cog,2006,2.008
cog,2007,2.7597
cog,2008,4.28751
cog,2009,4.5
cog,2010,5
cog,2011,5.6
cog,2012,6.1067
cog,2013,6.6
cog,2014,7.11
cog,2015,7.616
cog,2016,8.1219
cog,2017,8.65
cog,2018,11.8071
cog,2019,16.1164
cog,2020,21.9985
cog,2021,30.0274
cog,2022,40.9867
cog,2023,43.1504
cog,2024,47.2516
col,1990,0
col,1994,0.107
col,1995,0.188
col,1996,0.33
col,1997,0.551
col,1998,1.13
col,1999,1.7
col,2000,2.20753
col,2001,2.8542
col,2002,4.6
col,2003,7.38892
col,2004,9.11869
col,2005,11.00726
col,2006,15.34167
col,2007,21.8
col,2008,25.6
col,2009,30
col,2010,36.5
col,2011,40.35092
col,2012,48.98
col,2013,51.7
col,2014,52.56814
col,2015,55.90497
col,2016,58.13649
col,2017,62.25988
col,2018,64.12638
col,2019,65.0069
col,2020,69.79533
col,2021,73.02837
col,2022,72.79638
col,2023,77.33686
col,2024,79.34543
com,1990,0
com,1997,0
com,1998,0.0379
com,1999,0.148
com,2000,0.27174
com,2001,0.44307
com,2002,0.55487
com,2003,0.84819
com,2004,1.32733
com,2005,2
com,2006,2.2
com,2007,2.5
com,2008,3
com,2009,3.5
com,2010,5.1
com,2011,5.5
com,2012,5.9753
com,2013,6.5
com,2014,6.98
com,2015,7.4592
com,2016,7.9383
com,2017,8.4782
com,2019,16.3838
com,2020,22.4204
com,2021,30.6812
com,2022,31.3741
com,2023,31.9275
com,2024,32.5175
cpv,1990,0
cpv,1997,0.241
cpv,1998,0.473
cpv,1999,1.16
cpv,2000,1.82244
cpv,2001,2.68533
cpv,2002,3.51876
cpv,2003,4.32489
cpv,2004,5.31883
cpv,2005,6.07409
cpv,2006,6.80891
cpv,2007,8.28322
cpv,2008,14
cpv,2009,21
cpv,2010,30
cpv,2011,32
cpv,2012,34.74
cpv,2013,37.5
cpv,2014,40.26
cpv,2015,42.68301
cpv,2016,50.32282
cpv,2017,57.16215
cpv,2018,59.5
cpv,2019,61.9434
cpv,2020,69.3734
cpv,2021,70.2825
cpv,2022,73.3274
cpv,2023,74.5992
cpv,2024,74.7352
cri,1990,0
cri,1992,0.00111
cri,1993,0.0815
cri,1994,0.28
cri,1995,0.417
cri,1996,0.841
cri,1997,1.64
cri,1998,2.67
cri,1999,3.9
cri,2000,5.80025
cri,2001,9.55948
cri,2002,19.89485
cri,2003,20.33361
cri,2004,20.79231
cri,2005,22.07
cri,2006,25.1
cri,2007,28.4
cri,2008,32.29
cri,2009,34.33
cri,2010,36.5
cri,2011,39.2122
cri,2012,47.5
cri,2013,45.96
cri,2014,53
cri,2015,59.76295
cri,2016,65.88045
cri,2017,71.58166
cri,2018,73.47973
cri,2019,81.2026
cri,2020,80.53019
cri,2021,82.74902
cri,2022,82.59801
cri,2023,85.39515
cri,2024,87.1702
cub,1990,0
cub,1995,0.00009
cub,1996,0.0319
cub,1997,0.0682
cub,1998,0.227
cub,1999,0.315
cub,2000,0.54118
cub,2001,1.07975
cub,2002,3.77059
cub,2003,5.24127
cub,2004,8.40798
cub,2005,9.73806
cub,2006,11.1596
cub,2007,11.69
cub,2008,12.94
cub,2009,14.33
cub,2010,15.9
cub,2011,16.01729
cub,2012,21.2
cub,2013,27.93
cub,2014,29.07018
cub,2015,37.3051
cub,2016,42.97868
cub,2017,57.1484
cub,2018,62.67892
cub,2019,67.97081
cub,2020,71.11908
cub,2021,67.64355
cub,2022,67.8841
cub,2023,69.5558
cub,2024,70.477
cym,1990,0
cym,1993,0
cym,1994,0
cym,1995,3.95
cym,2005,38.03438
cym,2006,44.5
cym,2007,52
cym,2008,61
cym,2009,64.5
cym,2010,66
cym,2011,69.46594
cym,2012,69.7
cym,2013,71.4
cym,2014,74.1
cym,2015,77
cym,2016,79
cym,2017,81.06769
cyp,1990,0
cyp,1992,0.0501
cyp,1993,0.0564
cyp,1994,0.111
cyp,1995,0.41
cyp,1996,0.673
cyp,1997,4.38
cyp,1998,8.89
cyp,1999,11.3
cyp,2000,15.25539
cyp,2001,18.81876
cyp,2002,28.32
cyp,2003,30.09
cyp,2004,33.83
cyp,2005,32.81
cyp,2006,35.83
cyp,2007,40.77
cyp,2008,42.31
cyp,2009,49.81
cyp,2010,52.99
cyp,2011,56.85989
cyp,2012,60.68987
cyp,2013,65.4548
cyp,2014,69.3287
cyp,2015,71.71574
cyp,2016,75.90021
cyp,2017,80.74319
cyp,2018,84.43358
cyp,2019,86.06363
cyp,2020,90.80195
cyp,2021,90.75952
cyp,2022,89.60099
cyp,2023,91.2211
cyp,2024,89.60099
cze,1990,0
cze,1993,0.581
cze,1994,1.26
cze,1995,1.45
cze,1996,1.94
cze,1997,2.92
cze,1998,3.9
cze,1999,6.83
cze,2000,9.78053
cze,2001,14.69717
cze,2002,23.93
cze,2003,34.3
cze,2004,35.5
cze,2005,35.27
cze,2006,47.93
cze,2007,51.93
cze,2008,62.97
cze,2009,64.43
cze,2010,68.82
cze,2011,70.49
cze,2012,73.43001
cze,2013,74.1104
cze,2014,74.23171
cze,2015,75.66884
cze,2016,76.4812
cze,2017,78.71917
cze,2018,80.68817
cze,2019,80.86694
cze,2020,81.3389
cze,2021,82.67062
cze,2022,84.54009
cze,2023,85.99405
cze,2024,87.68776
deu,1990,0.126
deu,1991,0.25
deu,1992,0.435
deu,1993,0.464
deu,1994,0.923
deu,1995,1.84
deu,1996,3.05
deu,1997,6.71
deu,1998,9.88
deu,1999,20.8
deu,2000,30.21635
deu,2001,31.65094
deu,2002,48.82
deu,2003,55.9
deu,2004,64.73
deu,2005,68.71
deu,2006,72.16
deu,2007,75.16
deu,2008,78
deu,2009,79
deu,2010,82
deu,2011,81.27
deu,2012,82.35
deu,2013,84.17
deu,2014,86.1937
deu,2015,87.5898
deu,2016,84.16521
deu,2017,84.39415
deu,2018,87.03711
deu,2019,88.13452
deu,2020,89.81294
deu,2021,91.43061
deu,2022,91.62984
deu,2023,92.47638
deu,2024,93.5
dji,1990,0
dji,1995,0.016
dji,1996,0.0312
dji,1997,0.0829
dji,1998,0.0947
dji,1999,0.106
dji,2000,0.1945
dji,2001,0.34353
dji,2002,0.48697
dji,2003,0.62594
dji,2004,0.78132
dji,2005,0.9536
dji,2006,1.27
dji,2007,1.62
dji,2008,2.26
dji,2009,4
dji,2010,6.5
dji,2011,7
dji,2012,9.4
dji,2013,12.7
dji,2014,17
dji,2015,22.9
dji,2016,30.8
dji,2017,55.68141
dji,2018,57.0617
dji,2019,58.4762
dji,2020,59.9257
dji,2021,61.4112
dji,2022,63.776
dji,2023,64.7587
dji,2024,65.2989
dma,1990,0
dma,1995,0.549
dma,1996,1.17
dma,1998,2.93
dma,1999,2.93
dma,2000,8.81484
dma,2001,13.24523
dma,2002,18.42489
dma,2003,23.62042
dma,2004,30.31961
dma,2005,38.5436
dma,2006,39.3982
dma,2007,40.2745
dma,2008,41.16
dma,2009,42.02
dma,2010,47.45
dma,2011,48.6
dma,2012,49.8
dma,2013,51
dma,2014,57.5
dma,2015,65
dma,2016,67.03
dma,2017,69.6197
dma,2019,73.382
dma,2020,75.6567
dma,2021,78.0795
dma,2022,80.5798
dma,2023,81.3365
dma,2024,82.0469
dnk,1990,0.0973
dnk,1991,0.194
dnk,1992,0.387
dnk,1993,0.578
dnk,1994,1.34
dnk,1995,3.83
dnk,1996,5.71
dnk,1997,11.4
dnk,1998,22.7
dnk,1999,30.6
dnk,2000,39.17243
dnk,2001,42.95752
dnk,2002,64.25
dnk,2003,76.26
dnk,2004,80.93
dnk,2005,82.74
dnk,2006,86.65
dnk,2007,85.03
dnk,2008,85.02
dnk,2009,86.84
dnk,2010,88.72
dnk,2011,89.81001
dnk,2012,92.26001
dnk,2013,94.6297
dnk,2014,95.99351
dnk,2015,96.3305
dnk,2016,96.96779
dnk,2017,97.09936
dnk,2018,97.3192
dnk,2019,98.04643
dnk,2020,96.54915
dnk,2021,98.86585
dnk,2022,97.86012
dnk,2023,98.77559
dnk,2024,99.76915
dom,1990,0
dom,1995,0.0172
dom,1996,0.075
dom,1997,0.143
dom,1998,0.234
dom,1999,1.1
dom,2000,3.70469
dom,2001,4.42939
dom,2002,6.82373
dom,2003,7.89839
dom,2004,8.86555
dom,2005,11.4832
dom,2006,14.84493
dom,2007,17.66
dom,2008,20.82
dom,2009,27.72
dom,2010,31.4
dom,2011,38
dom,2012,42.32
dom,2013,45.9
dom,2014,49.58
dom,2015,54.21577
dom,2016,63.87086
dom,2017,67.57125
dom,2018,74.82205
dom,2019,79.7155
dom,2020,81.6173
dom,2021,85.24299
dom,2022,81.5127
dom,2023,86.1269
dom,2024,91.00224
dza,1990,0
dza,1994,0.00036
dza,1995,0.00177
dza,1996,0.00174
dza,1997,0.0103
dza,1998,0.0202
dza,1999,0.2
dza,2000,0.49171
dza,2001,0.64611
dza,2002,1.59164
dza,2003,2.19536
dza,2004,4.63448
dza,2005,5.8439
dza,2006,7.37598
dza,2007,9.45119
dza,2008,10.18
dza,2009,11.23
dza,2010,12.5
dza,2011,14.9
dza,2012,18.2
dza,2013,22.5
dza,2014,29.5
dza,2015,38.2
dza,2016,42.9455
dza,2017,47.6911
dza,2018,49.03847
dza,2019,55.7907
dza,2020,63.4727
dza,2021,72.2124
dza,2022,74.7815
dza,2023,76.1976
dza,2024,77.4178
ecu,1990,0
ecu,1992,0.00512
ecu,1993,0.0164
ecu,1994,0.0348
ecu,1995,0.0438
ecu,1996,0.0862
ecu,1997,0.11
ecu,1998,0.125
ecu,1999,0.823
ecu,2000,1.46219
ecu,2001,2.67044
ecu,2002,4.2608
ecu,2003,4.46023
ecu,2004,4.83444
ecu,2005,5.9943
ecu,2006,7.2
ecu,2007,10.8
ecu,2008,18.8
ecu,2009,24.6
ecu,2010,29.03
ecu,2011,31.36681
ecu,2012,35.13515
ecu,2013,40.27912
ecu,2014,45.59039
ecu,2015,48.94043
ecu,2016,54.06292
ecu,2017,55.8
ecu,2018,57.5
ecu,2019,59.2
ecu,2020,70.7
ecu,2021,69.1148
ecu,2022,69.71811
ecu,2023,72.69431
ecu,2024,77.17273
egy,1990,0
egy,1993,0.00098
egy,1994,0.00638
egy,1995,0.0313
egy,1996,0.0615
egy,1997,0.0905
egy,1998,0.148
egy,1999,0.29
egy,2000,0.64127
egy,2001,0.83895
egy,2002,2.72
egy,2003,4.03789
egy,2004,11.92
egy,2005,12.75
egy,2006,13.66
egy,2007,16.03
egy,2008,18.01
egy,2009,20
egy,2010,21.6
egy,2011,25.6
egy,2012,26.4
egy,2013,29.4
egy,2014,33.8946
egy,2015,37.81938
egy,2016,41.24807
egy,2017,44.9502
egy,2018,46.92434
egy,2019,57.28287
egy,2020,71.9142
egy,2021,72.056
egy,2022,72.19807
egy,2023,74.0119
egy,2024,74.6484
eri,1990,0
eri,1993,0
eri,1994,0
eri,1995,0
eri,1996,0
eri,1997,0.00902
eri,1998,0.00877
eri,1999,0.0255
eri,2000,0.13671
eri,2001,0.15782
eri,2002,0.22709
eri,2007,0.41
eri,2008,0.47
eri,2009,0.54
eri,2010,0.61
eri,2011,0.7
eri,2012,0.8
eri,2013,0.9
eri,2014,0.99
eri,2015,1.0837
eri,2016,1.1771
eri,2017,2.4961
eri,2018,5.293
eri,2019,11.2238
eri,2020,14.3494
esp,1990,0.0129
esp,1991,0.0257
esp,1992,0.0768
esp,1993,0.128
esp,1994,0.28
esp,1995,0.381
esp,1996,1.33
esp,1997,2.8
esp,1998,4.36
esp,1999,7.09
esp,2000,13.62496
esp,2001,18.14872
esp,2002,20.39
esp,2003,39.93
esp,2004,44.01
esp,2005,47.88
esp,2006,50.37
esp,2007,55.11
esp,2008,59.6
esp,2009,62.4
esp,2010,65.8
esp,2011,67.09
esp,2012,69.81
esp,2013,71.635
esp,2014,76.18671
esp,2015,78.68963
esp,2016,80.56133
esp,2017,84.60225
esp,2018,86.10724
esp,2019,90.71867
esp,2020,93.20565
esp,2021,93.89752
esp,2022,94.48554
esp,2023,95.44565
esp,2024,95.75745
est,1990,0
est,1992,0.0655
est,1993,0.301
est,1994,1.16
est,1995,2.78
est,1996,3.53
est,1997,5.71
est,1998,10.8
est,1999,14.5
est,2000,28.57695
est,2001,31.52749
est,2002,41.52
est,2003,45.32
est,2004,53.2
est,2005,61.45
est,2006,63.51
est,2007,66.19
est,2008,70.58
est,2009,72.5
est,2010,74.1
est,2011,76.5
est,2012,78.38993
est,2013,80.0043
est,2014,84.24153
est,2015,88.4097
est,2016,87.24023
est,2017,88.10246
est,2018,89.35701
est,2019,90.22893
est,2020,89.05829
est,2021,90.9797
est,2022,91.52017
est,2023,93.18342
est,2024,92.23796
eth,1990,0
eth,1995,0.00002
eth,1996,0.0017
eth,1997,0.00497
eth,1998,0.00966
eth,1999,0.0125
eth,2000,0.01526
eth,2001,0.03716
eth,2002,0.0724
eth,2003,0.10581
eth,2004,0.15533
eth,2005,0.21966
eth,2006,0.31059
eth,2007,0.37
eth,2008,0.45
eth,2009,0.54
eth,2010,0.75
eth,2011,1.1
eth,2012,2.9
eth,2013,4.6
eth,2014,7.7
eth,2015,13.85518
eth,2016,15.36692
eth,2017,15.6244
eth,2018,15.8862
eth,2019,15.9846
eth,2020,16.0696
eth,2021,16.6981
eth,2022,17.9837
eth,2023,20.3375
eth,2024,21.9413
fin,1990,0.401
fin,1991,1.4
fin,1992,1.89
fin,1993,2.57
fin,1994,4.92
fin,1995,13.9
fin,1996,16.8
fin,1997,19.5
fin,1998,25.5
fin,1999,32.3
fin,2000,37.24846
fin,2001,43.10536
fin,2002,62.43
fin,2003,69.22
fin,2004,72.39
fin,2005,74.48
fin,2006,79.66
fin,2007,80.78
fin,2008,83.67
fin,2009,82.49
fin,2010,86.89
fin,2011,88.70999
fin,2012,89.88
fin,2013,91.5144
fin,2014,86.53039
fin,2015,86.42213
fin,2016,87.70365
fin,2017,87.46893
fin,2018,88.88996
fin,2019,89.60739
fin,2020,92.17027
fin,2021,92.80806
fin,2022,92.98879
fin,2023,93.51385
fin,2024,93.72405
fji,1990,0
fji,1993,0.00668
fji,1994,0.00791
fji,1995,0.00912
fji,1996,0.0644
fji,1997,0.223
fji,1998,0.633
fji,1999,0.942
fji,2000,1.49685
fji,2001,1.85798
fji,2002,6.15265
fji,2003,6.72543
fji,2004,7.41294
fji,2005,8.45364
fji,2006,9.60004
fji,2007,10.8978
fji,2008,13
fji,2009,17
fji,2010,20
fji,2011,28
fji,2012,33.7424
fji,2013,35.2
fji,2014,37.4
fji,2015,42.5
fji,2016,49.42
fji,2017,53.6474
fji,2018,58.2364
fji,2019,63.2179
fji,2020,68.6256
fji,2021,70.568
fji,2022,72.5655
fji,2023,74.1161
fji,2024,74.7052
fra,1990,0.0528
fra,1991,0.14
fra,1992,0.279
fra,1993,0.591
fra,1994,0.9
fra,1995,1.64
fra,1996,2.58
fra,1997,4.26
fra,1998,6.32
fra,1999,9.13
fra,2000,14.30792
fra,2001,26.3259
fra,2002,30.18
fra,2003,36.14
fra,2004,39.15
fra,2005,42.87
fra,2006,46.87
fra,2007,66.09
fra,2008,70.68
fra,2009,71.58
fra,2010,77.28
fra,2011,77.82
fra,2012,81.44
fra,2013,81.9198
fra,2014,83.7511
fra,2015,78.00604
fra,2016,79.26981
fra,2017,80.50246
fra,2018,82.04319
fra,2019,83.33974
fra,2020,84.7064
fra,2021,86.09549
fra,2022,85.33332
fra,2023,86.83636
fra,2024,88.65382
fro,1990,0
fro,1995,0
fro,1996,2.32
fro,1997,4.6
fro,1998,11.3
fro,1999,22.3
fro,2000,32.91639
fro,2001,43.24698
fro,2002,53.29922
fro,2003,58.91264
fro,2004,66.5336
fro,2005,67.90263
fro,2006,69.35945
fro,2007,75.98
fro,2008,75.57
fro,2009,75.18
fro,2010,75.2
fro,2011,80.73217
fro,2012,85.33519
fro,2013,90
fro,2014,93.3
fro,2015,94.2
fro,2016,95.10868
fro,2017,97.58196
fsm,1990,0
fsm,1996,0.278
fsm,1997,0.571
fsm,1998,1.86
fsm,1999,2.8
fsm,2000,3.73486
fsm,2001,4.66053
fsm,2002,5.5701
fsm,2003,9.2325
fsm,2004,11.01787
fsm,2005,11.8814
fsm,2006,12.7503
fsm,2007,13.6211
fsm,2008,14.49
fsm,2009,15.35
fsm,2010,20
fsm,2011,22.8
fsm,2012,25.9744
fsm,2013,27.8
fsm,2014,29.65
fsm,2015,31.5011
fsm,2016,33.3522
fsm,2017,35.3041
fsm,2018,36.6146
fsm,2019,37.9737
fsm,2020,39.3833
fsm,2022,39.0279
fsm,2023,39.3989
fsm,2024,39.5236
gab,1990,0
gab,1996,0
gab,1997,0.048
gab,1998,0.17
gab,1999,0.249
gab,2000,1.21614
gab,2001,1.34762
gab,2002,1.93953
gab,2003,2.65959
gab,2004,2.97907
gab,2005,4.89326
gab,2006,5.4892
gab,2007,5.767
gab,2008,7.5
gab,2009,9.5
gab,2010,13
gab,2011,18
gab,2012,24
gab,2013,30.538
gab,2014,38.0712
gab,2015,45.7845
gab,2016,48.0523
gab,2017,51.6049
gab,2018,55.4202
gab,2019,59.5176
gab,2020,63.9179
gab,2021,65.7681
gab,2022,67.6717
gab,2023,68.1979
gab,2024,68.7209
gbr,1990,0.0874
gbr,1991,0.174
gbr,1992,0.261
gbr,1993,0.52
gbr,1994,1.04
gbr,1995,1.9
gbr,1996,4.12
gbr,1997,7.39
gbr,1998,13.7
gbr,1999,21.3
gbr,2000,26.82175
gbr,2001,33.48109
gbr,2002,56.48
gbr,2003,64.82
gbr,2004,65.61
gbr,2005,70
gbr,2006,68.82
gbr,2007,75.09
gbr,2008,78.39
gbr,2009,83.56
gbr,2010,85
gbr,2011,85.38
gbr,2012,87.48
gbr,2013,89.8441
gbr,2014,91.6133
gbr,2015,92.0003
gbr,2016,94.7758
gbr,2017,90.42455
gbr,2018,90.69201
gbr,2019,92.51663
gbr,2020,94.8182
gbr,2021,96.1965
gbr,2022,95.4653
gbr,2023,95.4472
gbr,2024,95.4721
geo,1990,0
geo,1995,0.0118
geo,1996,0.0401
geo,1997,0.0609
geo,1998,0.103
geo,1999,0.416
geo,2000,0.48475
geo,2001,0.99234
geo,2002,1.58788
geo,2003,2.55882
geo,2004,3.88622
geo,2005,6.0795
geo,2006,7.52688
geo,2007,8.26
geo,2008,10.01
geo,2009,20.07
geo,2010,26.9
geo,2011,31.52
geo,2012,36.94
geo,2013,43.3
geo,2014,49.10245
geo,2015,47.56976
geo,2016,58.45929
geo,2017,59.7055
geo,2018,62.71791
geo,2019,68.84671
geo,2020,72.53157
geo,2021,76.44271
geo,2022,78.71128
geo,2023,81.88426
geo,2024,83.79856
gha,1990,0
gha,1995,0.00035
gha,1996,0.00565
gha,1997,0.0275
gha,1998,0.0322
gha,1999,0.105
gha,2000,0.15362
gha,2001,0.20001
gha,2002,0.83028
gha,2003,1.19306
gha,2004,1.7168
gha,2005,1.8312
gha,2006,2.72318
gha,2007,3.85
gha,2008,4.27
gha,2009,5.44
gha,2010,7.8
gha,2011,9
gha,2012,10.6
gha,2013,15
gha,2014,19
gha,2015,23
gha,2016,28
gha,2017,37.8842
gha,2018,43
gha,2019,22.0732
gha,2020,62.5176
gha,2021,68.6
gha,2022,69.9133
gha,2023,70.6743
gha,2024,72.1757
gib,1990,0
gib,1997,2.66
gib,1998,4.18
gib,1999,5.94
gib,2000,19.13164
gib,2001,21.17111
gib,2002,23.67024
gib,2003,28.32578
gib,2004,32.88608
gib,2005,39.07013
gib,2006,45.29865
gib,2007,51.61
gib,2008,58
gib,2009,65.07
gib,2010,65
gib,2011,65
gib,2012,65.017
gib,2016,94.44447
gin,1990,0
gin,1994,0.00014
gin,1995,0.00067
gin,1996,0.00195
gin,1997,0.0038
gin,1998,0.0062
gin,1999,0.0608
gin,2000,0.09542
gin,2001,0.17554
gin,2002,0.40202
gin,2003,0.45096
gin,2004,0.50882
gin,2005,0.5423
gin,2006,0.6375
gin,2007,0.78003
gin,2008,0.92
gin,2009,0.94
gin,2010,1
gin,2011,2
gin,2012,3.1
gin,2013,4.5
gin,2014,6.4
gin,2015,9.2
gin,2016,13.1
gin,2017,18.7
gin,2018,21.83002
gin,2019,23.8905
gin,2020,26.1455
gin,2021,28.6133
gin,2022,31.314
gin,2023,32.3156
gin,2024,33.3047
gmb,1990,0
gmb,1995,0.00922
gmb,1996,0.0355
gmb,1997,0.0513
gmb,1998,0.206
gmb,1999,0.716
gmb,2000,0.92179
gmb,2001,1.33679
gmb,2002,1.79678
gmb,2003,2.43678
gmb,2004,3.308
gmb,2005,3.799
gmb,2006,5.23769
gmb,2007,6.20504
gmb,2008,6.88
gmb,2009,7.63
gmb,2010,9.2
gmb,2011,10.8703
gmb,2012,12.4492
gmb,2013,14
gmb,2014,15.56
gmb,2015,17.5995
gmb,2016,19.9064
gmb,2017,22.5156
gmb,2018,28.309
gmb,2019,31.1183
gmb,2020,36.011
gmb,2021,41.6731
gmb,2022,48.2254
gmb,2023,48.7283
gmb,2024,49.4943
gnb,1990,0
gnb,1997,0.0164
gnb,1998,0.0241
gnb,1999,0.118
gnb,2000,0.2301
gnb,2001,0.29957
gnb,2002,1.02299
gnb,2003,1.3542
gnb,2004,1.80814
gnb,2005,1.9014
gnb,2006,2.0572
gnb,2007,2.2063
gnb,2008,2.35489
gnb,2009,2.30328
gnb,2010,2.45
gnb,2011,2.672
gnb,2012,2.894
gnb,2013,3.1
gnb,2014,3.32
gnb,2015,6.1
gnb,2016,13.8
gnb,2017,14.8
gnb,2018,15.7
gnb,2019,17.9215
gnb,2020,20.4573
gnb,2021,23.3519
gnb,2022,27.6738
gnb,2023,28.7124
gnb,2024,29.7774
gnq,1990,0
gnq,1997,0.0415
gnq,1998,0.0944
gnq,1999,0.0974
gnq,2000,0.13235
gnq,2001,0.16526
gnq,2002,0.3212
gnq,2003,0.52052
gnq,2004,0.84393
gnq,2005,1.1498
gnq,2006,1.2792
gnq,2007,1.5571
gnq,2008,1.82
gnq,2009,2.13
gnq,2010,6
gnq,2011,11.5
gnq,2012,13.9432
gnq,2013,16.4
gnq,2014,18.86
gnq,2015,21.32
gnq,2016,23.78
gnq,2017,26.24
gnq,2018,29.4
gnq,2019,49.1337
gnq,2020,55.0013
gnq,2021,58.7173
gnq,2022,63.6595
gnq,2023,63.5195
gnq,2024,63.2993
grc,1990,0
grc,1991,0.0488
grc,1992,0.0483
grc,1993,0.191
grc,1994,0.378
grc,1995,0.75
grc,1996,1.4
grc,1997,1.85
grc,1998,3.22
grc,1999,6.88
grc,2000,9.13884
grc,2001,10.93503
grc,2002,14.67
grc,2003,17.8
grc,2004,21.42
grc,2005,24
grc,2006,32.25
grc,2007,35.88
grc,2008,38.2
grc,2009,42.4
grc,2010,44.4
grc,2011,51.65
grc,2012,55.06999
grc,2013,59.8663
grc,2014,63.20734
grc,2015,66.83496
grc,2016,69.08792
grc,2017,69.89297
grc,2018,72.23837
grc,2019,75.67121
grc,2020,78.11584
grc,2021,78.49426
grc,2022,83.17066
grc,2023,85.01022
grc,2024,86.26969
grd,1990,0
grd,1991,0
grd,1992,0
grd,1993,0
grd,1994,0
grd,1995,0
grd,1996,0.298
grd,1997,0.991
grd,1998,1.48
grd,1999,2.47
grd,2000,4.06391
grd,2001,5.1281
grd,2002,14.75884
grd,2003,18.64518
grd,2004,19.57062
grd,2005,20.4878
grd,2006,21.396
grd,2007,22.29
grd,2008,23.18
grd,2009,24.05
grd,2010,27
grd,2011,30
grd,2012,32
grd,2013,35
grd,2014,51.6
grd,2015,52.5
grd,2016,53.3
grd,2017,54.2
grd,2018,61.4246
grd,2019,64.3128
grd,2020,65.6538
grd,2021,67.0228
grd,2022,68.4203
grd,2023,69.4131
grd,2024,70.1616
grl,1990,0
grl,1994,0.0647
grl,1995,0.0539
grl,1996,1.8
grl,1997,7.95
grl,1998,14.7
grl,1999,21.6
grl,2000,31.74781
grl,2001,35.46414
grl,2002,44.15479
grl,2003,54.53426
grl,2004,56.09901
grl,2005,57.7034
grl,2006,59.36169
grl,2007,61.07
grl,2008,62.82
grl,2009,62.83
grl,2010,63
grl,2011,64
grl,2012,64.89601
grl,2013,65.8
grl,2014,66.7
grl,2015,67.60044
grl,2016,68.50087
grl,2017,69.48246
gtm,1990,0
gtm,1995,0.003
gtm,1996,0.0195
gtm,1997,0.0955
gtm,1998,0.467
gtm,1999,0.593
gtm,2000,0.71233
gtm,2001,1.7382
gtm,2002,3.39175
gtm,2003,4.54885
gtm,2004,5.1
gtm,2005,5.7
gtm,2006,6.5
gtm,2007,7.3
gtm,2008,8.3
gtm,2009,9.3
gtm,2010,10.5
gtm,2011,12.3
gtm,2012,16
gtm,2013,19.7
gtm,2014,23.4
gtm,2015,28.8059
gtm,2016,34.5093
gtm,2017,37.9
gtm,2018,41.5
gtm,2019,44.40105
gtm,2020,47.5123
gtm,2021,50.84165
gtm,2022,54.4043
gtm,2023,56.7267
gtm,2024,60.2214
gum,1990,0
gum,1994,0.348
gum,1995,0.66
gum,1996,1.36
gum,1997,2.34
gum,1998,4.5
gum,1999,8.5
gum,2000,16.11313
gum,2001,25.38023
gum,2002,31.19229
gum,2003,33.71668
gum,2004,36.16179
gum,2005,38.55988
gum,2006,43.85144
gum,2007,46.15047
gum,2008,48.4187
gum,2009,50.64203
gum,2010,54.04
gum,2011,57.7
gum,2012,61.53416
gum,2013,65.4
gum,2014,69.27
gum,2015,73.14
gum,2016,77.01
gum,2017,80.50547
guy,1990,0
guy,1996,0.0659
guy,1997,0.132
guy,1998,0.264
guy,1999,0.4
guy,2000,0.6
guy,2001,1
guy,2002,1.5
guy,2003,2.4
guy,2004,3.7
guy,2005,5.7
guy,2006,8.9
guy,2007,13.8
guy,2008,18.2
guy,2009,23.9
guy,2010,29.9
guy,2011,30
guy,2012,30.5
guy,2013,31
guy,2014,32
guy,2015,34
guy,2016,35.66
guy,2017,42.6753
guy,2018,48.5989
guy,2019,55.3127
guy,2020,62.954
guy,2021,71.6509
guy,2022,76.5624
guy,2023,79.3553
guy,2024,83.0008
hkg,1990,0
hkg,1991,0.121
hkg,1992,0.85
hkg,1993,1.33
hkg,1994,2.78
hkg,1995,3.22
hkg,1996,4.75
hkg,1997,10.5
hkg,1998,14.5
hkg,1999,21.2
hkg,2000,27.82776
hkg,2001,38.6714
hkg,2002,43.08238
hkg,2003,52.20004
hkg,2004,56.39988
hkg,2005,56.9
hkg,2006,60.8
hkg,2007,64.8
hkg,2008,66.7
hkg,2009,69.4
hkg,2010,72
hkg,2011,72.2
hkg,2012,72.9
hkg,2013,74.2
hkg,2014,79.86627
hkg,2015,84.94835
hkg,2016,87.47941
hkg,2017,89.41594
hkg,2018,90.5074
hkg,2019,91.7434
hkg,2020,92.41314
hkg,2021,93.08716
hkg,2022,95.61357
hkg,2023,95.97782
hkg,2024,95.75537
hnd,1990,0
hnd,1995,0.0368
hnd,1996,0.0437
hnd,1997,0.171
hnd,1998,0.301
hnd,1999,0.574
hnd,2000,1.20386
hnd,2001,1.41528
hnd,2002,2.5974
hnd,2003,4.8
hnd,2004,5.6
hnd,2005,6.5
hnd,2006,7.8
hnd,2007,9.4
hnd,2008,9.6
hnd,2009,9.8
hnd,2010,11.09
hnd,2011,15.9
hnd,2012,18.12
hnd,2013,17.8
hnd,2014,23
hnd,2015,27.13955
hnd,2016,29.52822
hnd,2017,31.73579
hnd,2018,36.04006
hnd,2019,39.38835
hnd,2020,45.2483
hnd,2021,51.9516
hnd,2022,56.8807
hnd,2023,58.0686
hnd,2024,58.6227
hrv,1990,0
hrv,1993,0.0972
hrv,1994,0.268
hrv,1995,0.514
hrv,1996,0.859
hrv,1997,1.73
hrv,1998,3.27
hrv,1999,4.41
hrv,2000,6.64488
hrv,2001,11.55857
hrv,2002,17.76
hrv,2003,22.75
hrv,2004,30.91
hrv,2005,33.14
hrv,2006,37.98
hrv,2007,41.44
hrv,2008,44.24
hrv,2009,50.58
hrv,2010,56.55
hrv,2011,57.78998
hrv,2012,61.93997
hrv,2013,66.7476
hrv,2014,68.5679
hrv,2015,69.84504
hrv,2016,72.69727
hrv,2017,67.09619
hrv,2018,75.29463
hrv,2019,79.07978
hrv,2020,78.3209
hrv,2021,81.25397
hrv,2022,82.07156
hrv,2023,83.24118
hrv,2024,83.6324
hti,1990,0
hti,1996,0.00748
hti,1998,0.024
hti,1999,0.0707
hti,2000,0.23127
hti,2001,0.34083
hti,2002,0.89343
hti,2003,1.64736
hti,2004,5.40126
hti,2005,6.3762
hti,2006,6.796
hti,2007,7.2
hti,2008,7.6
hti,2009,8.1
hti,2010,8.37
hti,2011,9
hti,2012,9.8
hti,2013,10.6
hti,2014,11.4
hti,2015,14.2
hti,2016,22.8
hti,2017,27.2
hti,2018,32.47363
hti,2019,35.7641
hti,2020,39.3881
hti,2021,43.3792
hti,2022,47.7747
hti,2023,47.9927
hti,2024,47.8614
hun,1990,0
hun,1991,0.00338
hun,1992,0.0484
hun,1993,0.193
hun,1994,0.484
hun,1995,0.677
hun,1996,0.969
hun,1997,1.94
hun,1998,3.89
hun,1999,5.86
hun,2000,6.99968
hun,2001,14.52855
hun,2002,16.67
hun,2003,21.63
hun,2004,27.74
hun,2005,38.97
hun,2006,47.06
hun,2007,53.3
hun,2008,61
hun,2009,62
hun,2010,65
hun,2011,68.01999
hun,2012,70.58
hun,2013,72.6439
hun,2014,75.6532
hun,2015,72.83474
hun,2016,79.25941
hun,2017,76.75055
hun,2018,76.07436
hun,2019,80.37169
hun,2020,84.77115
hun,2021,88.64083
hun,2022,89.14283
hun,2023,91.45007
hun,2024,93.77899
idn,1990,0
idn,1994,0.00106
idn,1995,0.0261
idn,1996,0.0566
idn,1997,0.195
idn,1998,0.255
idn,1999,0.444
idn,2000,0.92556
idn,2001,2.01861
idn,2002,2.13414
idn,2003,2.38702
idn,2004,2.60029
idn,2005,3.60202
idn,2006,4.76481
idn,2007,5.78627
idn,2008,7.9175
idn,2009,6.92
idn,2010,10.92
idn,2011,12.28
idn,2012,14.52
idn,2013,14.94
idn,2014,17.14316
idn,2015,22.06274
idn,2016,25.44735
idn,2017,32.33581
idn,2018,39.90464
idn,2019,47.69065
idn,2020,53.72649
idn,2021,62.10448
idn,2022,66.48461
idn,2023,69.20837
idn,2024,72.78076
ind,1990,0
ind,1992,0.00011
ind,1993,0.00022
ind,1994,0.00107
ind,1995,0.0262
ind,1996,0.0463
ind,1997,0.0708
ind,1998,0.139
ind,1999,0.273
ind,2000,0.52753
ind,2001,0.66015
ind,2002,1.53788
ind,2003,1.68649
ind,2004,1.97614
ind,2005,2.3881
ind,2006,2.8055
ind,2007,3.95
ind,2008,4.38
ind,2009,5.12
ind,2010,7.5
ind,2011,10.07
ind,2012,11.1
ind,2013,12.3
ind,2014,13.5
ind,2015,14.9
ind,2016,16.5
ind,2017,18.2
ind,2018,20.0813
ind,2019,29.5235
ind,2020,43.40544
ind,2021,49.2581
ind,2022,55.9
ind,2023,60.2523
ind,2024,64.9435
ind,2025,70
irl,1990,0
irl,1991,0.0568
irl,1992,0.17
irl,1993,0.281
irl,1994,0.558
irl,1995,1.11
irl,1996,2.2
irl,1997,4.09
irl,1998,8.1
irl,1999,10.9
irl,2000,17.85047
irl,2001,23.13881
irl,2002,25.85
irl,2003,34.31
irl,2004,36.99
irl,2005,41.61
irl,2006,54.82
irl,2007,61.15832
irl,2008,65.34
irl,2009,67.38
irl,2010,69.85
irl,2011,74.88997
irl,2012,76.91999
irl,2013,78.2477
irl,2014,83.49172
irl,2015,83.49479
irl,2016,83.5
irl,2017,84.11401
irl,2018,87.00014
irl,2019,87.00006
irl,2020,91.99989
irl,2021,93.5061
irl,2022,95.0369
irl,2023,96.8661
irl,2024,97.1877
irn,1990,0
irn,1994,0.00041
irn,1995,0.00418
irn,1996,0.0158
irn,1997,0.0468
irn,1998,0.0998
irn,1999,0.379
irn,2000,0.93419
irn,2001,1.48422
irn,2002,4.62618
irn,2003,6.93372
irn,2004,7.49
irn,2005,8.1
irn,2006,8.76
irn,2007,9.47
irn,2008,12.02
irn,2009,13.8
irn,2010,15.9
irn,2011,19
irn,2012,22.73
irn,2013,29.95
irn,2014,39.35361
irn,2015,45.33498
irn,2016,53.22677
irn,2017,64.04397
irn,2018,70.20057
irn,2019,72.4509
irn,2020,75.56987
irn,2021,78.59574
irn,2022,81.7165
irn,2023,83.7105
irn,2024,85.3404
irq,1990,0
irq,2001,0.1
irq,2002,0.5
irq,2003,0.6
irq,2004,0.9
irq,2005,0.9
irq,2006,0.95234
irq,2007,0.93
irq,2008,1
irq,2009,1.06
irq,2010,2.5
irq,2011,5
irq,2012,7.1
irq,2013,9.2
irq,2014,11.64533
irq,2015,15.2144
irq,2016,19.8772
irq,2017,25.9692
irq,2018,33.9281
irq,2019,44.32635
irq,2020,53.6778
irq,2021,65.0022
irq,2022,78.71561
irq,2023,81.8089
irq,2024,81.4745
isl,1990,0
isl,1991,0.505
isl,1992,1.54
isl,1993,2.67
isl,1994,6.79
isl,1995,11.2
isl,1996,14.8
isl,1997,27.5
isl,1998,36.3
isl,1999,41.3
isl,2000,44.47053
isl,2001,49.393
isl,2002,79.12
isl,2003,83.14
isl,2004,83.88
isl,2005,87
isl,2006,89.51
isl,2007,90.6
isl,2008,91
isl,2009,93
isl,2010,93.39
isl,2011,94.81969
isl,2012,96.2098
isl,2013,96.5468
isl,2014,98.15802
isl,2015,98.2
isl,2016,98.24
isl,2017,98.2552
isl,2018,99.01095
isl,2019,99.50494
isl,2020,99.53275
isl,2021,99.68702
isl,2022,97.5834
isl,2023,97.9486
isl,2024,98.2092
isr,1990,0.111
isr,1991,0.215
isr,1992,0.311
isr,1993,0.399
isr,1994,0.577
isr,1995,0.93
isr,1996,2.17
isr,1997,4.4
isr,1998,10.3
isr,1999,13.4
isr,2000,20.87379
isr,2001,17.37862
isr,2002,17.7646
isr,2003,19.59339
isr,2004,22.77049
isr,2005,25.194
isr,2006,27.8811
isr,2007,48.12806
isr,2008,59.39
isr,2009,63.12
isr,2010,67.5
isr,2011,68.87388
isr,2012,70.8
isr,2013,70.25031
isr,2014,75.01775
isr,2015,77.35209
isr,2016,79.65312
isr,2017,81.58118
isr,2018,83.73316
isr,2019,86.78788
isr,2020,90.12734
isr,2021,90.2969
isr,2022,91.8508
isr,2023,87.03843
isr,2024,88.18242
ita,1990,0.0175
ita,1991,0.0351
ita,1992,0.0701
ita,1993,0.122
ita,1994,0.192
ita,1995,0.524
ita,1996,1.02
ita,1997,2.28
ita,1998,4.56
ita,1999,14.4
ita,2000,23.11087
ita,2001,27.22212
ita,2002,28.04
ita,2003,29.04
ita,2004,33.24
ita,2005,35
ita,2006,37.99
ita,2007,40.79
ita,2008,44.53
ita,2009,48.83
ita,2010,53.68
ita,2011,54.39
ita,2012,55.83
ita,2013,58.4593
ita,2014,55.63846
ita,2015,58.14173
ita,2016,61.32425
ita,2017,63.07735
ita,2018,74.38718
ita,2019,67.85071
ita,2020,70.48343
ita,2021,74.86233
ita,2022,85.06075
ita,2023,87.02783
ita,2024,89.22072
jam,1990,0
jam,1994,0.0368
jam,1995,0.109
jam,1996,0.591
jam,1997,0.798
jam,1998,1.98
jam,1999,2.36
jam,2000,3.11578
jam,2001,3.86302
jam,2002,6.1
jam,2003,7.8
jam,2004,10
jam,2005,12.8
jam,2006,16.4
jam,2007,21.1
jam,2008,23.6
jam,2009,24.3
jam,2010,27.67
jam,2011,37.43861
jam,2012,33.79
jam,2013,37.1
jam,2014,40.40274
jam,2015,42.22122
jam,2016,44.36686
jam,2017,55.07207
jam,2018,68.21452
jam,2019,70.84102
jam,2020,76.384
jam,2021,82.36072
jam,2022,85.8433
jam,2023,89.47304
jam,2024,90.1087
jor,1990,0
jor,1995,0.0232
jor,1996,0.0449
jor,1997,0.599
jor,1998,1.31
jor,1999,2.53
jor,2000,2.62328
jor,2001,4.70572
jor,2002,6.02553
jor,2003,8.46601
jor,2004,11.65874
jor,2005,12.9329
jor,2006,13.8671
jor,2007,20
jor,2008,23
jor,2009,26
jor,2010,27.2
jor,2011,34.9
jor,2012,37
jor,2013,41.4
jor,2014,46.2
jor,2015,54.22
jor,2016,56.15
jor,2017,64.5
jor,2018,65.2
jor,2019,70.0847
jor,2020,78.4178
jor,2021,86
jor,2022,90.5
jor,2023,92.53444
jor,2024,95.62245
jpn,1990,0.0203
jpn,1991,0.0404
jpn,1992,0.0967
jpn,1993,0.401
jpn,1994,0.8
jpn,1995,1.59
jpn,1996,4.37
jpn,1997,9.16
jpn,1998,13.4
jpn,1999,21.4
jpn,2000,29.99074
jpn,2001,38.53206
jpn,2002,46.5942
jpn,2003,48.43527
jpn,2004,62.39393
jpn,2005,66.92107
jpn,2006,68.68527
jpn,2007,74.3
jpn,2008,75.4
jpn,2009,78
jpn,2010,78.21
jpn,2011,79.05411
jpn,2012,79.4964
jpn,2013,88.21943
jpn,2014,89.10683
jpn,2015,91.05803
jpn,2016,93.18272
jpn,2017,91.72655
jpn,2018,88.74635
jpn,2019,92.7304
jpn,2020,90.21946
jpn,2021,82.91408
jpn,2022,84.92343
jpn,2023,85.0099
jpn,2024,85.54153
kaz,1990,0
kaz,1994,0.00052
kaz,1995,0.0113
kaz,1996,0.0318
kaz,1997,0.0646
kaz,1998,0.131
kaz,1999,0.464
kaz,2000,0.66859
kaz,2001,1.00612
kaz,2002,1.67477
kaz,2003,2.00041
kaz,2004,2.65039
kaz,2005,2.9617
kaz,2006,3.2684
kaz,2007,4.02
kaz,2008,11
kaz,2009,18.2
kaz,2010,31.6
kaz,2011,50.6
kaz,2012,61.90663
kaz,2013,63.30422
kaz,2014,66
kaz,2015,70.82993
kaz,2016,74.58773
kaz,2017,76.42675
kaz,2018,78.90392
kaz,2019,81.87762
kaz,2020,85.9426
kaz,2021,90.92395
kaz,2022,92.29685
kaz,2023,92.87846
kaz,2024,93.39167
ken,1990,0
ken,1995,0.00073
ken,1996,0.00884
ken,1997,0.0344
ken,1998,0.0503
ken,1999,0.114
ken,2000,0.31806
ken,2001,0.61978
ken,2002,1.20777
ken,2003,2.9419
ken,2004,3.02353
ken,2005,3.1019
ken,2006,3.6
ken,2007,4.4
ken,2008,5.2
ken,2009,6.1
ken,2010,7.2
ken,2011,8.8
ken,2012,10.5
ken,2013,13
ken,2014,16.5
ken,2015,16.58785
ken,2016,16.6
ken,2017,17.8271
ken,2018,19.5
ken,2019,22.66877
ken,2020,24.7228
ken,2021,26.9629
ken,2022,29.4059
ken,2023,32.0704
ken,2024,34.97623
kgz,1990,0
kgz,1998,0.0728
kgz,1999,0.205
kgz,2000,1.0414
kgz,2001,3.00294
kgz,2002,2.99927
kgz,2003,3.90877
kgz,2004,5.09039
kgz,2005,10.5338
kgz,2006,12.3069
kgz,2007,14.03
kgz,2008,15.7
kgz,2009,16
kgz,2010,16.3
kgz,2011,17.5
kgz,2012,19.8
kgz,2013,23
kgz,2014,28.3
kgz,2015,30.247
kgz,2016,40.5262
kgz,2017,50.8053
kgz,2018,62.8
kgz,2019,64.1
kgz,2020,72
kgz,2021,77.1177
kgz,2022,84.1937
kgz,2023,91.0444
kgz,2024,92.0286
khm,1990,0
khm,1997,0.00584
khm,1998,0.0163
khm,1999,0.032
khm,2000,0.04702
khm,2001,0.07696
khm,2002,0.22698
khm,2003,0.26057
khm,2004,0.30044
khm,2005,0.31732
khm,2006,0.4684
khm,2007,0.49
khm,2008,0.51
khm,2009,0.53
khm,2010,1.26
khm,2011,3.1
khm,2012,4.94
khm,2013,6
khm,2014,14
khm,2015,6.43319
khm,2016,32.39845
khm,2017,32.90028
khm,2018,65
khm,2019,52.30588
khm,2020,56.3759
khm,2021,60.7627
khm,2022,65.4908
khm,2023,68.9255
khm,2024,68.4753
kir,1990,0
kir,1998,0.617
kir,1999,1.21
kir,2000,1.78523
kir,2001,2.33746
kir,2002,2.5
kir,2003,3
kir,2004,3.5
kir,2005,4
kir,2006,4.5
kir,2007,6
kir,2008,7
kir,2009,8.97
kir,2010,9.07
kir,2011,10
kir,2012,10.7468
kir,2013,11.5
kir,2014,12.25
kir,2015,14.9
kir,2016,19.4194
kir,2017,25.3096
kir,2018,32.9864
kir,2019,41.793
kir,2020,52.9509
kir,2021,67.0876
kir,2022,84.9985
kir,2023,88
kir,2024,89.4403
kna,1990,0
kna,1996,1.95
kna,1997,2.26
kna,1998,3.34
kna,1999,4.4
kna,2000,5.86281
kna,2001,7.71473
kna,2002,21.15238
kna,2003,22.96978
kna,2004,24.73768
kna,2005,34
kna,2006,38.5
kna,2007,43.5
kna,2008,49.2
kna,2009,55.7
kna,2010,63
kna,2011,63.2
kna,2012,64
kna,2013,64.6
kna,2014,65.3818
kna,2015,66.1731
kna,2016,66.9739
kna,2017,67.7844
kna,2018,68.6048
kna,2019,69.435
kna,2020,70.2753
kna,2021,74.3716
kna,2022,75.7623
kna,2023,76.5895
kna,2024,76.884
kor,1990,0.0233
kor,1991,0.0461
kor,1992,0.0984
kor,1993,0.25
kor,1994,0.311
kor,1995,0.82
kor,1996,1.62
kor,1997,3.6
kor,1998,6.78
kor,1999,23.6
kor,2000,44.7
kor,2001,56.6
kor,2002,59.4
kor,2003,65.5
kor,2004,72.7
kor,2005,73.5
kor,2006,78.1
kor,2007,78.8
kor,2008,81
kor,2009,81.6
kor,2010,83.7
kor,2011,83.75912
kor,2012,84.07
kor,2013,84.77
kor,2014,87.55683
kor,2015,89.89626
kor,2016,92.84303
kor,2017,95.06942
kor,2018,96.02286
kor,2019,96.15758
kor,2020,96.50506
kor,2021,97.57133
kor,2022,97.16855
kor,2023,97.41597
kor,2024,97.89564
kos,2017,83.8936
kos,2018,89.44303
kwt,1990,0
kwt,1993,0.0911
kwt,1994,0.147
kwt,1995,0.203
kwt,1996,0.856
kwt,1997,2.17
kwt,1998,3.05
kwt,1999,4.76
kwt,2000,6.7314
kwt,2001,8.55179
kwt,2002,10.24897
kwt,2003,22.40294
kwt,2004,22.92711
kwt,2005,25.9261
kwt,2006,28.7912
kwt,2007,34.8
kwt,2008,42
kwt,2009,50.8
kwt,2010,61.4
kwt,2011,65.76907
kwt,2012,70.45
kwt,2013,75.46
kwt,2014,78.7
kwt,2015,82
kwt,2016,85.6
kwt,2017,97.99999
kwt,2018,99.59885
kwt,2019,99.54268
kwt,2020,99.10587
kwt,2021,99.7
kwt,2022,99.7473
kwt,2023,99.74731
kwt,2024,99.7473
kwt,2025,100
lao,1990,0
lao,1998,0.00966
lao,1999,0.0378
lao,2000,0.11104
lao,2001,0.18166
lao,2002,0.2679
lao,2003,0.33391
lao,2004,0.36143
lao,2005,0.8504
lao,2006,1.1699
lao,2007,1.64
lao,2008,3.55
lao,2009,6
lao,2010,7
lao,2011,9
lao,2012,10.7477
lao,2013,12.5
lao,2014,14.26
lao,2015,18.2
lao,2016,21.87
lao,2017,25.5104
lao,2018,36.2713
lao,2019,47.0323
lao,2020,54
lao,2021,62
lao,2022,64.54
lao,2023,64.398
lao,2024,65.5927
lbn,1990,0
lbn,1995,0.0716
lbn,1996,0.14
lbn,1997,1.24
lbn,1998,2.72
lbn,1999,5.38
lbn,2000,7.95274
lbn,2001,6.78322
lbn,2002,7
lbn,2003,8
lbn,2004,9
lbn,2005,10.14
lbn,2006,15
lbn,2007,18.74
lbn,2008,22.53
lbn,2009,30.14
lbn,2010,43.68
lbn,2011,52
lbn,2012,61.2498
lbn,2013,70.5
lbn,2014,73
lbn,2015,74
lbn,2016,76.11
lbn,2017,78.1808
lbn,2018,80.9
lbn,2019,81.4812
lbn,2020,82.0665
lbn,2021,82.656
lbn,2022,81.4648
lbn,2023,81.7059
lbn,2024,80.634
lbr,1990,0
lbr,1997,0.00449
lbr,1998,0.0041
lbr,1999,0.0113
lbr,2000,0.0177
lbr,2001,0.03381
lbr,2002,0.03271
lbr,2003,0.03187
lbr,2004,0.03101
lbr,2005,0.5514
lbr,2006,0.53
lbr,2007,0.5514
lbr,2008,0.53
lbr,2009,2
lbr,2010,2.3
lbr,2011,2.5
lbr,2012,2.6
lbr,2013,3.2
lbr,2014,5.41
lbr,2015,10
lbr,2016,15.7
lbr,2017,16.3
lbr,2018,17.2777
lbr,2019,19.8958
lbr,2020,22.9107
lbr,2021,26.3823
lbr,2022,30.3801
lbr,2023,31.2241
lbr,2024,32.2336
lby,1990,0
lby,1999,0.134
lby,2000,0.18704
lby,2001,0.36653
lby,2002,2.24442
lby,2003,2.81452
lby,2004,3.53284
lby,2005,3.9178
lby,2006,4.3011
lby,2007,4.722
lby,2008,9
lby,2009,10.8
lby,2010,14
lby,2011,14
lby,2012,15.2
lby,2013,16.5
lby,2014,17.76
lby,2015,25
lby,2016,35
lby,2017,47.5
lby,2018,47.5
lby,2019,71.4041
lby,2020,74.3581
lby,2021,77.4388
lby,2022,80.6472
lby,2023,82.1047
lby,2024,81.9545
lca,1990,0
lca,1995,0.306
lca,1996,0.67
lca,1997,0.992
lca,1998,1.3
lca,1999,1.93
lca,2000,5.09048
lca,2001,8.18186
lca,2002,14.64184
lca,2003,20.98247
lca,2004,21.39521
lca,2005,21.56758
lca,2006,24.5
lca,2007,27.9
lca,2008,30
lca,2009,31
lca,2010,32.5
lca,2011,34
lca,2012,45.865
lca,2013,49.3872
lca,2014,53.1797
lca,2015,57.2633
lca,2016,58.2226
lca,2017,59.1601
lca,2018,60.1126
lca,2019,61.0805
lca,2020,62.064
lca,2021,63.0633
lca,2022,66.9516
lca,2023,67.4439
lca,2024,68.205
lie,1990,0
lie,2000,36.51523
lie,2001,45.11685
lie,2002,59.47071
lie,2003,58.80969
lie,2004,64.00745
lie,2005,63.3714
lie,2006,64.2142
lie,2007,65.0802
lie,2008,70
lie,2009,75
lie,2010,80
lie,2011,85
lie,2012,89.4077
lie,2013,93.8
lie,2014,95.21
lie,2015,96.6412
lie,2016,98.0939
lie,2017,99.5466
lie,2019,93.1461
lie,2020,94.35
lie,2021,95.5694
lie,2022,97.8807
lie,2023,98.1323
lie,2024,98.2642
lka,1990,0
lka,1994,0.00277
lka,1995,0.00548
lka,1996,0.0545
lka,1997,0.162
lka,1998,0.296
lka,1999,0.348
lka,2000,0.64741
lka,2001,0.79382
lka,2002,1.05042
lka,2003,1.45858
lka,2004,1.44616
lka,2005,1.792
lka,2006,2.53757
lka,2007,3.88
lka,2008,4.8245
lka,2009,5.8685
lka,2010,6.9124
lka,2011,7.9564
lka,2012,9.0004
lka,2013,10.0444
lka,2014,10.5
lka,2015,15.2625
lka,2016,22.19
lka,2017,25.0755
lka,2018,28.3362
lka,2019,32.0209
lka,2020,36.18473
lka,2021,44.45309
lka,2022,48.3
lka,2023,51.2
lka,2024,54.59
lso,1990,0
lso,1996,0.00285
lso,1997,0.00558
lso,1998,0.011
lso,1999,0.0538
lso,2000,0.21181
lso,2001,0.26115
lso,2002,1.08394
lso,2003,1.5325
lso,2004,2.17552
lso,2005,2.5802
lso,2006,2.97971
lso,2007,3.44543
lso,2008,3.58
lso,2009,3.72
lso,2010,3.86
lso,2011,7
lso,2012,10
lso,2013,15
lso,2014,22
lso,2015,25
lso,2016,32.45386
lso,2017,39
lso,2018,40.8
lso,2019,42.30173
lso,2020,43.6575
lso,2021,45.0567
lso,2022,48.0696
lso,2023,48.9859
lso,2024,51.7966
ltu,1990,0
ltu,1996,0.277
ltu,1997,0.978
ltu,1998,1.97
ltu,1999,2.92
ltu,2000,6.42707
ltu,2001,7.17936
ltu,2002,17.69
ltu,2003,25.91
ltu,2004,31.23
ltu,2005,36.22
ltu,2006,43.9
ltu,2007,49.9
ltu,2008,55.22
ltu,2009,59.76
ltu,2010,62.12
ltu,2011,63.63998
ltu,2012,67.22999
ltu,2013,68.4529
ltu,2014,72.13354
ltu,2015,71.37806
ltu,2016,74.37665
ltu,2017,77.61526
ltu,2018,79.72258
ltu,2019,81.58187
ltu,2020,83.05555
ltu,2021,86.93054
ltu,2022,87.7242
ltu,2023,88.50287
ltu,2024,89.16116
lux,1990,0
lux,1992,0.153
lux,1993,0.302
lux,1994,0.496
lux,1995,1.59
lux,1996,5.55
lux,1997,7.14
lux,1998,11.7
lux,1999,17.4
lux,2000,22.88733
lux,2001,36.16342
lux,2002,39.84
lux,2003,54.55
lux,2004,65.88
lux,2005,70
lux,2006,72.51
lux,2007,78.92
lux,2008,82.23
lux,2009,87.31
lux,2010,90.62
lux,2011,90.02986
lux,2012,91.94992
lux,2013,93.7765
lux,2014,94.67021
lux,2015,96.37671
lux,2016,98.1367
lux,2017,97.36296
lux,2018,97.0613
lux,2019,97.12064
lux,2020,98.45963
lux,2021,98.66086
lux,2022,98.24204
lux,2023,99.34786
lux,2024,98.76061
lux,2025,99.12902
lva,1990,0
lva,1996,0.813
lva,1997,2.05
lva,1998,3.32
lva,1999,4.39
lva,2000,6.31906
lva,2001,7.21935
lva,2002,21.94
lva,2003,26.98
lva,2004,38.58
lva,2005,46
lva,2006,53.63
lva,2007,59.17
lva,2008,63.41
lva,2009,66.84
lva,2010,68.42
lva,2011,69.74995
lva,2012,73.11994
lva,2013,75.2344
lva,2014,75.8261
lva,2015,79.20058
lva,2016,79.8421
lva,2017,80.11408
lva,2018,83.57717
lva,2019,86.13546
lva,2020,88.89796
lva,2021,91.17965
lva,2022,91.03009
lva,2023,92.18791
lva,2024,92.70757
mac,1990,0
mac,1994,0.037
mac,1995,0.28
mac,1996,0.727
mac,1997,2.36
mac,1998,7
mac,1999,9.21
mac,2000,13.60859
mac,2001,22.52122
mac,2002,25.17188
mac,2003,25.74212
mac,2004,31.4841
mac,2005,34.8629
mac,2006,46.4
mac,2007,47.327
mac,2008,49.24
mac,2009,54
mac,2010,55.198
mac,2011,60.2037
mac,2012,61.31
mac,2013,65.8
mac,2014,69.78095
mac,2015,77.60013
mac,2016,81.64299
mac,2017,83.17409
mac,2018,83.79409
mac,2019,86.46793
mac,2020,87.4623
mac,2021,88.4681
mac,2022,89.4855
mac,2023,89.8264
mac,2024,89.8264
mar,1990,0
mar,1995,0.00371
mar,1996,0.00568
mar,1997,0.0216
mar,1998,0.142
mar,1999,0.176
mar,2000,0.69379
mar,2001,1.37144
mar,2002,2.37325
mar,2003,3.35337
mar,2004,11.60793
mar,2005,15.08444
mar,2006,19.77119
mar,2007,21.5
mar,2008,33.1
mar,2009,41.3
mar,2010,52
mar,2011,46.10748
mar,2012,55.41605
mar,2013,56
mar,2014,56.77464
mar,2015,57.08
mar,2016,58.27124
mar,2017,61.76221
mar,2018,64.80387
mar,2019,84.12036
mar,2020,84.12036
mar,2021,88.13032
mar,2022,89.9
mar,2023,91
mar,2024,91.2
mco,1990,0
mco,2000,42.18486
mco,2001,46.64614
mco,2002,48.04712
mco,2003,49.49117
mco,2004,52.4902
mco,2005,55.4648
mco,2006,61.476
mco,2007,64.3777
mco,2008,67.25
mco,2009,70.1
mco,2010,75
mco,2011,80.3
mco,2012,87
mco,2013,90.7
mco,2014,92.4
mco,2015,93.3633
mco,2016,95.2082
mco,2017,97.053
mco,2019,98
mco,2020,98.5708
mco,2021,99.0776
mco,2022,98.7519
mco,2023,98.8705
mco,2024,99.0449
mda,1990,0
mda,1994,0.00082
mda,1995,0.00346
mda,1996,0.00464
mda,1997,0.0281
mda,1998,0.261
mda,1999,0.601
mda,2000,1.28285
mda,2001,1.48781
mda,2002,3.78724
mda,2003,7.40754
mda,2004,10.62939
mda,2005,14.63027
mda,2006,19.62065
mda,2007,20.45
mda,2008,23.39
mda,2009,27.5
mda,2010,29.68
mda,2011,32.07
mda,2012,34.65
mda,2013,37.44
mda,2014,67
mda,2015,69
mda,2016,71
mda,2017,71.7671
mda,2018,72.5424
mda,2019,73.3261
mda,2020,74.1183
mda,2021,74.919
mda,2022,74.919
mda,2023,76.5033
mda,2024,77.3688
mdg,1990,0
mdg,1996,0.0037
mdg,1997,0.0143
mdg,1998,0.0626
mdg,1999,0.169
mdg,2000,0.19639
mdg,2001,0.22251
mdg,2002,0.33972
mdg,2003,0.42325
mdg,2004,0.52535
mdg,2005,0.5677
mdg,2006,0.6076
mdg,2007,0.65
mdg,2008,1.65
mdg,2009,1.63
mdg,2010,1.7
mdg,2011,1.9
mdg,2012,2.3
mdg,2013,3
mdg,2014,3.7
mdg,2015,4.174
mdg,2016,4.7137
mdg,2017,6.406
mdg,2018,7.7478
mdg,2019,9.3794
mdg,2020,11.3547
mdg,2021,13.7459
mdg,2022,17.8117
mdg,2023,18.2408
mdg,2024,18.6779
mdv,1990,0
mdv,1991,0
mdv,1992,0
mdv,1993,0
mdv,1994,0
mdv,1995,0
mdv,1996,0.227
mdv,1997,0.309
mdv,1998,0.57
mdv,1999,1.12
mdv,2000,2.20387
mdv,2001,3.61729
mdv,2002,5.34777
mdv,2003,5.97659
mdv,2004,6.58825
mdv,2005,6.86961
mdv,2006,11.03635
mdv,2007,16.3
mdv,2008,23.2
mdv,2009,24.8
mdv,2010,26.53
mdv,2011,34
mdv,2012,38.9301
mdv,2013,44.1
mdv,2014,49.28
mdv,2015,54.462
mdv,2016,59.4775
mdv,2017,64.955
mdv,2018,70.9369
mdv,2019,77.4697
mdv,2020,79.0978
mdv,2021,81.9576
mdv,2022,83.91189
mdv,2023,84.5529
mdv,2024,85.24
mex,1990,0
mex,1991,0.00588
mex,1992,0.0173
mex,1993,0.0283
mex,1994,0.0433
mex,1995,0.103
mex,1996,0.2
mex,1997,0.627
mex,1998,1.27
mex,1999,1.86
mex,2000,5.08138
mex,2001,7.03802
mex,2002,11.9
mex,2003,12.9
mex,2004,14.1
mex,2005,17.21
mex,2006,19.52
mex,2007,20.81
mex,2008,21.71
mex,2009,26.34
mex,2010,31.05
mex,2011,37.1763
mex,2012,39.75
mex,2013,43.46
mex,2014,44.3857
mex,2015,57.43104
mex,2016,59.54045
mex,2017,53.03179
mex,2018,56.65957
mex,2019,69.63211
mex,2020,71.49017
mex,2021,75.6265
mex,2022,78.63218
mex,2023,81.18319
mex,2024,83.12234
mhl,1990,0
mhl,1991,0
mhl,1992,0
mhl,1993,0
mhl,1994,0
mhl,1995,0
mhl,1996,0.0371
mhl,1999,0.966
mhl,2000,1.53427
mhl,2001,1.70661
mhl,2002,2.33544
mhl,2003,2.56975
mhl,2004,3.59978
mhl,2005,3.8787
mhl,2006,3.79559
mhl,2007,3.95
mhl,2008,4.6
mhl,2009,5.6
mhl,2010,7
mhl,2011,10
mhl,2012,12.5
mhl,2013,14
mhl,2014,16.8
mhl,2015,19.2824
mhl,2016,29.7878
mhl,2017,38.7012
mhl,2018,43.8825
mhl,2019,49.7575
mhl,2020,56.4191
mhl,2021,63.9726
mhl,2022,64.2672
mhl,2023,64.0759
mhl,2024,65.9158
mkd,1990,0
mkd,1995,0.0407
mkd,1996,0.076
mkd,1997,0.504
mkd,1998,1
mkd,1999,1.5
mkd,2000,2.48557
mkd,2001,3.46818
mkd,2002,17.33
mkd,2003,19.07
mkd,2004,24.44
mkd,2005,26.45
mkd,2006,28.62
mkd,2007,36.3
mkd,2008,46.04
mkd,2009,51.77
mkd,2010,51.9
mkd,2011,56.7
mkd,2012,57.44995
mkd,2013,65.24
mkd,2014,68.05848
mkd,2015,70.3802
mkd,2016,72.15681
mkd,2017,74.51682
mkd,2018,79.16776
mkd,2019,81.41288
mkd,2020,81.40554
mkd,2021,81.8737
mkd,2022,83.8503
mkd,2023,88.5
mkd,2024,93.6
mkd,2025,93.1
mli,1990,0
mli,1996,0.00206
mli,1997,0.0101
mli,1998,0.0198
mli,1999,0.0609
mli,2000,0.14255
mli,2001,0.1859
mli,2002,0.22705
mli,2003,0.31036
mli,2004,0.43282
mli,2005,0.5071
mli,2006,0.7296
mli,2007,0.81
mli,2008,1.57
mli,2009,1.8
mli,2010,2
mli,2011,2.2
mli,2012,2.8
mli,2013,3.5
mli,2014,7
mli,2015,10.33
mli,2016,14
mli,2017,18.9
mli,2018,21.4
mli,2019,24.9603
mli,2020,29.113
mli,2021,33.9565
mli,2022,35.1992
mli,2023,36.0388
mli,2024,36.8015
mlt,1990,0
mlt,1995,0.225
mlt,1996,1.05
mlt,1997,3.92
mlt,1998,6.5
mlt,1999,7.76
mlt,2000,13.11371
mlt,2001,17.87785
mlt,2002,28.92
mlt,2003,31.64
mlt,2004,34.62
mlt,2005,41.24
mlt,2006,40.41
mlt,2007,46.9
mlt,2008,50.08
mlt,2009,58.86
mlt,2010,63
mlt,2011,68.01982
mlt,2012,68.19987
mlt,2013,68.9138
mlt,2014,73.11412
mlt,2015,75.96002
mlt,2016,78.07515
mlt,2017,81.01191
mlt,2018,81.65804
mlt,2019,85.7786
mlt,2020,86.85876
mlt,2021,87.46978
mlt,2022,91.54062
mlt,2023,92.07267
mlt,2024,93.8603
mmr,1990,0
mmr,1999,0.00015
mmr,2001,0.00029
mmr,2002,0.00043
mmr,2003,0.02406
mmr,2004,0.02434
mmr,2005,0.0652
mmr,2006,0.18205
mmr,2007,0.21713
mmr,2008,0.22
mmr,2009,0.22
mmr,2010,0.25
mmr,2011,0.98
mmr,2012,1.4
mmr,2013,1.8
mmr,2014,7.4
mmr,2015,10.9
mmr,2016,16
mmr,2017,23.62108
mmr,2018,29.379
mmr,2019,36.5405
mmr,2020,45.4477
mne,2004,25.35007
mne,2005,27.1
mne,2006,28.9
mne,2007,30.8
mne,2008,32.9
mne,2009,35.1
mne,2010,37.5
mne,2011,35.61154
mne,2012,56.83878
mne,2013,60.31
mne,2014,63.88688
mne,2015,68.11979
mne,2016,69.88165
mne,2017,71.27233
mne,2018,71.5171
mne,2019,73.47667
mne,2020,77.60879
mne,2021,82.2197
mne,2022,88.22192
mne,2023,88.5516
mne,2024,88.88258
mng,1990,0
mng,1995,0.00881
mng,1996,0.0182
mng,1997,0.113
mng,1998,0.146
mng,1999,0.508
mng,2000,1.25565
mng,2001,1.65324
mng,2002,2.03957
mng,2005,9
mng,2006,9
mng,2007,9
mng,2008,9.8
mng,2009,10
mng,2010,10.2
mng,2011,12.49999
mng,2012,16.4
mng,2013,17.69998
mng,2014,19.94245
mng,2015,22.5
mng,2016,22.26577
mng,2017,23.7143
mng,2018,47.13
mng,2019,51.07999
mng,2020,62.50003
mng,2021,81.60682
mng,2022,81.0772
mng,2023,83.7432
mng,2024,85.1235
mnp,1990,0
moz,1990,0
moz,1996,0.00304
moz,1997,0.0118
moz,1998,0.0202
moz,1999,0.0563
moz,2000,0.10959
moz,2001,0.16003
moz,2002,0.25961
moz,2003,0.41954
moz,2004,0.67945
moz,2005,0.8544
moz,2006,0.84295
moz,2007,0.91
moz,2008,1.56
moz,2009,2.68
moz,2010,4.17
moz,2011,4.6
moz,2012,5
moz,2013,5.5
moz,2014,6
moz,2015,6.5
moz,2016,7
moz,2017,7.79633
moz,2018,10.9
moz,2019,12.4793
moz,2020,14.2874
moz,2021,16.3576
moz,2022,18.9622
moz,2023,19.9456
moz,2024,20.5273
mrt,1990,0
mrt,1997,0.00417
mrt,1998,0.0406
mrt,1999,0.118
mrt,2000,0.19203
mrt,2001,0.26145
mrt,2002,0.36323
mrt,2003,0.424
mrt,2004,0.48147
mrt,2005,0.67
mrt,2006,0.9797
mrt,2007,1.4336
mrt,2008,1.87
mrt,2009,2.28
mrt,2010,4
mrt,2011,4.5
mrt,2012,5
mrt,2013,6.2
mrt,2014,11.8
mrt,2015,17.6
mrt,2016,19.2328
mrt,2017,21.0172
mrt,2018,22.967
mrt,2019,25.0978
mrt,2020,29.9065
mrt,2021,35.6366
mrt,2022,42.4645
mrt,2023,44.9563
mrt,2024,45.7794
mus,1990,0
mus,1996,0.184
mus,1997,0.476
mus,1998,2.57
mus,1999,4.65
mus,2000,7.28154
mus,2001,8.7809
mus,2002,10.25262
mus,2003,12.18711
mus,2004,13.68909
mus,2005,15.1722
mus,2006,16.7
mus,2007,20.22
mus,2008,21.81
mus,2009,22.51
mus,2010,28.33
mus,2011,34.95
mus,2012,35.42
mus,2013,40.11683
mus,2014,44.80328
mus,2015,50.13932
mus,2016,52.1913
mus,2017,55.40324
mus,2018,58.59617
mus,2019,61.72996
mus,2020,67.73291
mus,2021,71.6
mus,2022,75.5
mus,2023,79.5
mus,2024,73.30794
mwi,1990,0
mwi,1997,0.00467
mwi,1998,0.0181
mwi,1999,0.0873
mwi,2000,0.12678
mwi,2001,0.16402
mwi,2002,0.21509
mwi,2003,0.27882
mwi,2004,0.34751
mwi,2005,0.3845
mwi,2006,0.4251
mwi,2007,0.96586
mwi,2008,0.7
mwi,2009,1.07
mwi,2010,2.26
mwi,2011,3.33
mwi,2012,4.3506
mwi,2013,5.05
mwi,2014,5.83
mwi,2015,6
mwi,2016,6.3
mwi,2017,7
mwi,2018,8.7983
mwi,2019,11.0586
mwi,2020,13.8995
mwi,2021,15.303
mwi,2022,16.8483
mwi,2023,17.9881
mwi,2024,18.9616
mys,1990,0
mys,1992,0.00105
mys,1993,0.0255
mys,1994,0.0996
mys,1995,0.146
mys,1996,0.852
mys,1997,2.31
mys,1998,6.75
mys,1999,12.3
mys,2000,21.38473
mys,2001,26.69597
mys,2002,32.3382
mys,2003,34.97115
mys,2004,42.25227
mys,2005,48.62917
mys,2006,51.63799
mys,2007,55.7
mys,2008,55.8
mys,2009,55.9
mys,2010,56.3
mys,2011,61
mys,2012,65.8
mys,2013,57.05751
mys,2014,63.66543
mys,2015,71.06407
mys,2016,78.78831
mys,2017,80.14048
mys,2018,81.20105
mys,2019,84.18715
mys,2020,89.55501
mys,2021,96.75143
mys,2022,97.39864
mys,2023,97.69273
mys,2024,98.02061
nam,1990,0
nam,1995,0.00617
nam,1996,0.00903
nam,1997,0.0588
nam,1998,0.287
nam,1999,0.336
nam,2000,1.64474
nam,2001,2.41698
nam,2002,2.6337
nam,2003,3.35984
nam,2004,3.80472
nam,2005,4.01
nam,2006,4.39887
nam,2007,4.83561
nam,2008,5.329
nam,2009,6.5
nam,2010,11.6
nam,2011,12
nam,2012,12.9414
nam,2013,13.9
nam,2014,14.84
nam,2015,25.6879
nam,2016,31.0333
nam,2017,36.8374
nam,2018,42.8207
nam,2019,49.7759
nam,2020,57.8608
nam,2021,60.26
nam,2022,62.9972
nam,2023,63.6955
nam,2024,64.8746
ncl,1990,0
ncl,1995,0.00518
ncl,1996,0.253
ncl,1997,0.989
ncl,1998,1.94
ncl,1999,5.69
ncl,2000,13.93955
ncl,2001,18.23711
ncl,2002,22.3898
ncl,2003,26.40833
ncl,2004,30.29805
ncl,2005,32.35901
ncl,2006,33.51571
ncl,2007,35.05
ncl,2008,34.51
ncl,2009,33.99
ncl,2010,42
ncl,2011,50
ncl,2012,58
ncl,2013,66
ncl,2014,70
ncl,2015,74.00175
ncl,2017,82.00584
ner,1990,0
ner,1996,0.00104
ner,1997,0.00201
ner,1998,0.00291
ner,1999,0.0281
ner,2000,0.03626
ner,2001,0.10519
ner,2002,0.12715
ner,2003,0.1557
ner,2004,0.18993
ner,2005,0.2213
ner,2006,0.294
ner,2007,0.3904
ner,2008,0.7
ner,2009,0.76
ner,2010,0.83
ner,2011,0.9
ner,2012,1.05
ner,2013,1.15
ner,2014,1.24868
ner,2015,2.4762
ner,2016,4.3228
ner,2017,10.22431
ner,2018,10.7418
ner,2019,11.2855
ner,2020,11.8568
ner,2021,12.4569
ner,2022,13.0875
ner,2023,12.9808
ner,2024,15.5576
nga,1990,0
nga,1996,0.00883
nga,1997,0.0172
nga,1998,0.0252
nga,1999,0.041
nga,2000,0.06408
nga,2001,0.0899
nga,2002,0.32046
nga,2003,0.55858
nga,2004,1.28614
nga,2005,3.54916
nga,2006,5.54504
nga,2007,6.77
nga,2008,8
nga,2009,9.3
nga,2010,11.5
nga,2011,13.8
nga,2012,16.1
nga,2013,19.1
nga,2014,21
nga,2015,22.5142
nga,2016,24.1375
nga,2017,25.8779
nga,2018,27.7437
nga,2019,29.7441
nga,2020,31.8888
nga,2021,35.5098
nga,2022,39.1472
nga,2023,40.064
nga,2024,41.2114
nic,1990,0
nic,1994,0.0132
nic,1995,0.03
nic,1996,0.0841
nic,1997,0.206
nic,1998,0.304
nic,1999,0.498
nic,2000,0.98022
nic,2001,1.4488
nic,2002,1.71473
nic,2003,1.88041
nic,2004,2.32066
nic,2005,2.5664
nic,2006,2.80557
nic,2007,3.9
nic,2008,5.3
nic,2009,7.3
nic,2010,10
nic,2011,10.6
nic,2012,13.5
nic,2013,15.5
nic,2014,17.6
nic,2015,19.7043
nic,2016,24.5718
nic,2017,30.4
nic,2018,33.913
nic,2019,39.0108
nic,2020,44.8749
nic,2021,51.6204
nic,2022,59.38
nic,2023,60.3012
nic,2024,61.3955
nld,1990,0.334
nld,1991,0.531
nld,1992,1.32
nld,1993,1.97
nld,1994,3.26
nld,1995,6.47
nld,1996,9.65
nld,1997,14.1
nld,1998,22.2
nld,1999,39.2
nld,2000,43.98435
nld,2001,49.37306
nld,2002,61.29
nld,2003,64.35
nld,2004,68.52
nld,2005,81
nld,2006,83.7
nld,2007,85.82
nld,2008,87.42
nld,2009,89.63
nld,2010,90.72
nld,2011,91.42
nld,2012,92.85999
nld,2013,93.9564
nld,2014,91.66667
nld,2015,91.72414
nld,2016,90.41096
nld,2017,93.19728
nld,2018,91.89189
nld,2019,93.28859
nld,2020,91.33333
nld,2021,92.05298
nld,2022,92.51969
nld,2023,97.0068
nld,2024,97.0068
nld_curacao,2016,61.85551
nld_curacao,2017,68.12722
nor,1990,0.707
nor,1991,1.41
nor,1992,2.22
nor,1993,2.78
nor,1994,4.15
nor,1995,6.42
nor,1996,18.3
nor,1997,20.4
nor,1998,22.6
nor,1999,40
nor,2000,52
nor,2001,64
nor,2002,72.84
nor,2003,78.13
nor,2004,77.69
nor,2005,81.99
nor,2006,82.55
nor,2007,86.93
nor,2008,90.57
nor,2009,92.08
nor,2010,93.39
nor,2011,93.48998
nor,2012,94.64998
nor,2013,95.0534
nor,2014,96.30051
nor,2015,96.81033
nor,2016,97.2982
nor,2017,96.3576
nor,2018,96.49166
nor,2019,98
nor,2020,94.60756
nor,2021,99
nor,2022,98.99998
nor,2023,99
nor,2024,99
npl,1990,0
npl,1991,0
npl,1992,0
npl,1993,0
npl,1994,0
npl,1995,0.00093
npl,1996,0.00451
npl,1997,0.022
npl,1998,0.0644
npl,1999,0.147
npl,2000,0.20465
npl,2001,0.24002
npl,2002,0.31296
npl,2003,0.38281
npl,2004,0.44984
npl,2005,0.82655
npl,2006,1.14139
npl,2007,1.41
npl,2008,1.73
npl,2009,1.97
npl,2010,7.93
npl,2011,9
npl,2012,11.1493
npl,2013,13.3
npl,2014,15.44
npl,2015,17.5816
npl,2016,20.7
npl,2017,24.3
npl,2018,28.6
npl,2019,33.3366
npl,2020,36.9653
npl,2021,40.9891
npl,2022,45.4508
npl,2023,45.8068
npl,2024,46.3219
nru,1990,0
nru,2001,2.98716
nru,2011,54
nru,2017,62.3851
nru,2019,74.7379
nru,2020,77.4666
nru,2021,80.295
nru,2022,83.2266
nru,2023,83.0397
nru,2024,83.0117
nzl,1990,0
nzl,1992,0.286
nzl,1993,0.631
nzl,1994,3.17
nzl,1995,4.88
nzl,1996,8.04
nzl,1997,14.6
nzl,1998,31.6
nzl,1999,41.5
nzl,2000,47.37956
nzl,2001,53.24102
nzl,2002,59.08075
nzl,2003,60.96254
nzl,2004,61.84763
nzl,2005,62.7202
nzl,2006,69
nzl,2007,69.76
nzl,2008,72.03
nzl,2009,79.7
nzl,2010,80.46
nzl,2011,81.23
nzl,2012,81.64447
nzl,2013,82.78
nzl,2014,84
nzl,2015,85.2
nzl,2016,86.5
nzl,2017,87.7
nzl,2018,89
nzl,2019,89.8637
nzl,2020,90.921
nzl,2021,91.9906
nzl,2022,93.0729
nzl,2023,93.3261
nzl,2024,93.5193
omn,1990,0
omn,1996,0
omn,1997,0.44
omn,1998,0.863
omn,1999,2.52
omn,2000,3.52042
omn,2001,5.89384
omn,2002,6.8734
omn,2003,7.25574
omn,2004,6.75885
omn,2005,6.6836
omn,2006,8.2997
omn,2007,16.68
omn,2008,20
omn,2009,26.8
omn,2010,35.8278
omn,2011,48
omn,2012,60
omn,2013,66.45
omn,2014,70.22
omn,2015,73.53
omn,2016,76.84539
omn,2017,80.1856
omn,2018,85.5
omn,2019,90.2594
omn,2020,95.23229
omn,2021,95.2388
omn,2022,95.2453
omn,2023,95.2517
omn,2024,95.25175
pak,1990,0
pak,1995,0.00012
pak,1996,0.00299
pak,1997,0.0275
pak,1998,0.0439
pak,1999,0.0554
pak,2001,1.31855
pak,2002,2.57743
pak,2003,5.04116
pak,2004,6.16432
pak,2005,6.3323
pak,2006,6.5
pak,2007,6.8
pak,2008,7
pak,2009,7.5
pak,2010,8
pak,2011,8
pak,2012,8.1
pak,2013,9
pak,2014,10
pak,2015,11
pak,2016,12.38545
pak,2017,13.78
pak,2018,15.34
pak,2019,17.0709
pak,2020,18.935
pak,2024,57.253
pan,1990,0
pan,1994,0.00764
pan,1995,0.0561
pan,1996,0.22
pan,1997,0.539
pan,1998,2.75
pan,1999,3.84
pan,2000,6.5548
pan,2001,7.2684
pan,2002,8.51808
pan,2003,9.98742
pan,2004,11.14086
pan,2005,11.484
pan,2006,17.3496
pan,2007,22.29
pan,2008,33.82
pan,2009,39.08
pan,2010,40.1
pan,2011,42.7
pan,2012,40.3019
pan,2013,44.03
pan,2014,44.92382
pan,2015,51.20542
pan,2016,54
pan,2017,59.95063
pan,2018,61.80553
pan,2019,63.62841
pan,2020,64.8243
pan,2021,66.0427
pan,2022,67.2839
pan,2023,68.54852
pan,2024,72.7715
per,1990,0
per,1994,0.0085
per,1995,0.0334
per,1996,0.246
per,1997,0.403
per,1998,1.19
per,1999,1.95
per,2000,3.07643
per,2001,7.57876
per,2002,8.96695
per,2003,11.6
per,2004,14.1
per,2005,17.1
per,2006,20.7
per,2007,25.2
per,2008,30.57
per,2009,31.4
per,2010,34.77
per,2011,36.01
per,2012,38.2
per,2013,39.2
per,2014,40.24466
per,2015,40.8526
per,2016,45.46174
per,2017,50.45041
per,2018,55.05433
per,2019,59.9505
per,2020,65.2518
per,2021,71.10783
per,2022,74.67495
per,2023,79.48484
per,2024,81.95706
phl,1990,0
phl,1994,0.00584
phl,1995,0.0286
phl,1996,0.0559
phl,1997,0.137
phl,1998,1.1
phl,1999,1.43
phl,2000,1.98225
phl,2001,2.52401
phl,2002,4.33228
phl,2003,4.85767
phl,2004,5.24363
phl,2005,5.3976
phl,2006,5.74059
phl,2007,5.97
phl,2008,6.22
phl,2009,9
phl,2010,25
phl,2011,29
phl,2012,30.8
phl,2013,32.7
phl,2014,34.7
phl,2015,36.9
phl,2016,39.2
phl,2017,41.6
phl,2018,44.1
phl,2019,43.02661
phl,2020,53.7649
phl,2021,66.9078
phl,2022,75.21114
phl,2023,77.867
phl,2024,67.26301
plw,1990,0
plw,2002,20.24394
plw,2003,21.60153
plw,2004,26.97033
plw,2022,82.5675
plw,2023,82.9163
plw,2024,83.9255
png,1990,0
png,1996,0.00207
png,1997,0.101
png,1998,0.235
png,1999,0.667
png,2000,0.83525
png,2001,0.9041
png,2002,1.32166
png,2003,1.3744
png,2004,1.50791
png,2005,1.71619
png,2006,1.75449
png,2007,1.7906
png,2008,1.15
png,2009,1.61
png,2010,1.28
png,2011,2
png,2012,3.5
png,2013,5.1
png,2014,6.5
png,2015,7.9
png,2016,9.6015
png,2017,11.2092
png,2018,12.3579
png,2019,13.6242
png,2020,15.0204
png,2021,16.5596
png,2022,18.2566
png,2023,18.5613
png,2024,18.8116
pol,1990,0
pol,1991,0.00523
pol,1992,0.0521
pol,1993,0.13
pol,1994,0.389
pol,1995,0.648
pol,1996,1.3
pol,1997,2.07
pol,1998,4.1
pol,1999,5.46
pol,2000,7.28543
pol,2001,9.90067
pol,2002,21.15
pol,2003,24.87
pol,2004,32.53
pol,2005,38.81
pol,2006,44.58
pol,2007,48.6
pol,2008,53.13
pol,2009,58.97
pol,2010,62.32
pol,2011,61.95
pol,2012,62.31
pol,2013,62.8492
pol,2014,66.59874
pol,2015,67.99699
pol,2016,73.3007
pol,2017,75.98537
pol,2018,77.54173
pol,2019,80.43591
pol,2020,83.18489
pol,2021,85.37491
pol,2022,86.94113
pol,2023,86.41474
pol,2024,88.58496
prk,1990,0
prk,1997,0
prk,1998,0
prk,1999,0
prk,2000,0
prk,2001,0
prk,2002,0
prk,2003,0
prk,2004,0
prt,1990,0
prt,1991,0.1
prt,1992,0.25
prt,1993,0.45
prt,1994,0.719
prt,1995,1.49
prt,1996,2.98
prt,1997,4.95
prt,1998,9.87
prt,1999,14.7
prt,2000,16.43047
prt,2001,18.08714
prt,2002,19.37
prt,2003,29.67
prt,2004,31.78
prt,2005,34.99
prt,2006,38.01
prt,2007,42.09
prt,2008,44.13
prt,2009,48.27
prt,2010,53.3
prt,2011,55.25
prt,2012,60.34
prt,2013,62.0956
prt,2014,64.59242
prt,2015,68.63286
prt,2016,70.42357
prt,2017,73.79121
prt,2018,74.66097
prt,2019,75.34638
prt,2020,78.26166
prt,2021,82.30903
prt,2022,84.49691
prt,2023,85.79013
prt,2024,88.48704
pry,1990,0
pry,1996,0.0204
pry,1997,0.0996
pry,1998,0.195
pry,1999,0.382
pry,2000,0.74763
pry,2001,1.09879
pry,2002,1.79497
pry,2003,2.11194
pry,2004,3.45244
pry,2005,7.90701
pry,2006,7.9621
pry,2007,11.21
pry,2008,14.27
pry,2009,18.9
pry,2010,19.8
pry,2011,24.76352
pry,2012,29.34
pry,2013,36.9
pry,2014,43.00738
pry,2015,49.7163
pry,2016,53.40413
pry,2017,61.07576
pry,2018,64.99354
pry,2019,68.51763
pry,2020,73.95751
pry,2021,77.01839
pry,2022,76.25917
pry,2023,78.09482
pry,2024,81.57807
pse,1990,0
pse,2000,1.11131
pse,2001,1.83685
pse,2002,3.10009
pse,2003,4.13062
pse,2004,4.4009
pse,2005,16.005
pse,2006,18.41
pse,2007,21.176
pse,2008,24.358
pse,2009,32.23
pse,2010,37.4
pse,2011,41.08
pse,2012,43.4
pse,2013,46.6
pse,2014,53.6652
pse,2015,56.7
pse,2016,59.9
pse,2017,63.3
pse,2018,64.39999
pse,2019,70.62258
pse,2020,76.1816
pse,2022,88.64691
pse,2023,86.63765
pyf,1990,0
pyf,1996,0.091
pyf,1997,0.214
pyf,1998,1.32
pyf,1999,3.45
pyf,2000,6.35706
pyf,2001,6.25159
pyf,2002,8.20022
pyf,2003,14.12429
pyf,2004,17.88454
pyf,2005,21.54219
pyf,2006,25.10796
pyf,2007,28.59
pyf,2008,33.87
pyf,2009,44.6
pyf,2010,49
pyf,2011,49
pyf,2012,52.87663
pyf,2013,56.8
pyf,2014,60.68
pyf,2015,64.56021
pyf,2016,68.44042
pyf,2017,72.7039
qat,1990,0
qat,1995,0.19
qat,1996,0.93
qat,1997,3.08
qat,1998,3.52
qat,1999,4.07
qat,2000,4.86368
qat,2001,6.17027
qat,2002,10.22613
qat,2003,19.24234
qat,2004,20.70165
qat,2005,24.7335
qat,2006,28.9741
qat,2007,37
qat,2008,44.3
qat,2009,53.1
qat,2010,69
qat,2011,69
qat,2012,69.3
qat,2013,85.3
qat,2014,91.49
qat,2015,92.88483
qat,2016,95.12466
qat,2017,97.38885
qat,2018,99.65285
qat,2019,99.6528
qat,2020,99.65285
qat,2021,99.6528
qat,2022,98.038
qat,2023,98.1523
qat,2024,98.0854
rou,1990,0
rou,1993,0.0037
rou,1994,0.0263
rou,1995,0.075
rou,1996,0.222
rou,1997,0.445
rou,1998,2.24
rou,1999,2.7
rou,2000,3.61372
rou,2001,4.53867
rou,2002,6.58
rou,2003,8.9
rou,2004,15
rou,2005,21.5
rou,2006,24.66
rou,2007,28.3
rou,2008,32.42
rou,2009,36.6
rou,2010,39.93
rou,2011,40.01
rou,2012,45.87999
rou,2013,49.7645
rou,2014,54.07832
rou,2015,55.76316
rou,2016,59.50395
rou,2017,63.74728
rou,2018,70.68128
rou,2019,73.65748
rou,2020,78.45527
rou,2021,83.59043
rou,2022,85.50309
rou,2023,89.20335
rou,2024,91.29049
rus,1990,0
rus,1992,0.00067
rus,1993,0.0134
rus,1994,0.0538
rus,1995,0.148
rus,1996,0.27
rus,1997,0.473
rus,1998,0.813
rus,1999,1.02
rus,2000,1.97723
rus,2001,2.94437
rus,2002,4.12827
rus,2003,8.29886
rus,2004,12.85939
rus,2005,15.2267
rus,2006,18.0233
rus,2007,24.66
rus,2008,32
rus,2009,42.55
rus,2010,49
rus,2011,58
rus,2012,66
rus,2013,67.97
rus,2014,70.51757
rus,2015,70.09924
rus,2016,73.09143
rus,2017,76.00814
rus,2018,80.86472
rus,2019,82.64216
rus,2020,84.99467
rus,2021,88.21385
rus,2022,90.41799
rus,2023,92.24496
rus,2024,94.36495
rwa,1990,0
rwa,1996,0.00088
rwa,1997,0.00163
rwa,1998,0.0118
rwa,1999,0.0672
rwa,2000,0.06283
rwa,2001,0.24067
rwa,2002,0.29278
rwa,2003,0.35692
rwa,2004,0.43085
rwa,2005,0.556
rwa,2007,2.1154
rwa,2008,4.5
rwa,2009,7.7
rwa,2010,8
rwa,2011,7
rwa,2012,8.0239
rwa,2013,9
rwa,2014,10.6
rwa,2015,12.456
rwa,2016,14.6371
rwa,2017,17.2
rwa,2018,19.1666
rwa,2019,21.358
rwa,2020,23.8
rwa,2021,24.4416
rwa,2022,28.0168
rwa,2023,28.8058
rwa,2024,31.7033
sau,1990,0
sau,1995,0.011
sau,1996,0.0267
sau,1997,0.0521
sau,1998,0.101
sau,1999,0.494
sau,2000,2.21069
sau,2001,4.68105
sau,2002,6.38471
sau,2003,8.00158
sau,2004,10.23453
sau,2005,12.70504
sau,2006,19.45955
sau,2007,30
sau,2008,36
sau,2009,38
sau,2010,41
sau,2011,47.5
sau,2012,54
sau,2013,60.5
sau,2014,64.71366
sau,2015,69.61624
sau,2016,74.87927
sau,2017,94.1756
sau,2018,93.31
sau,2019,95.72474
sau,2020,97.86233
sau,2021,100
sau,2022,100
sau,2023,100
sau,2024,100
sdn,1990,0
sdn,1994,0
sdn,1995,0
sdn,1996,0
sdn,1997,0.00123
sdn,1998,0.00481
sdn,1999,0.00879
sdn,2000,0.02579
sdn,2001,0.14019
sdn,2002,0.43948
sdn,2003,0.53847
sdn,2004,0.79156
sdn,2007,8.66
sdn,2015,12
sdn,2016,14.1
sdn,2017,18.6
sen,1990,0
sen,1995,0.00069
sen,1996,0.0112
sen,1997,0.0273
sen,1998,0.0799
sen,1999,0.311
sen,2000,0.40397
sen,2001,0.98379
sen,2002,1.00645
sen,2003,2.10144
sen,2004,4.38602
sen,2005,4.78668
sen,2006,5.61174
sen,2007,6.89
sen,2008,7.12
sen,2009,7.5
sen,2010,8
sen,2011,9.8
sen,2012,10.8
sen,2013,13.1
sen,2014,17.7
sen,2015,21.7
sen,2016,25.6648
sen,2017,29.6431
sen,2018,35.3
sen,2019,43.3797
sen,2020,53.3088
sen,2021,55.0404
sen,2022,56.8283
sen,2023,59.1874
sen,2024,60.1178
sgp,1990,0
sgp,1991,0.162
sgp,1992,0.471
sgp,1993,0.763
sgp,1994,1.19
sgp,1995,2.87
sgp,1996,8.35
sgp,1997,13.5
sgp,1998,19.6
sgp,1999,24.2
sgp,2000,36
sgp,2001,41.67043
sgp,2002,47
sgp,2003,53.83794
sgp,2004,62
sgp,2005,61
sgp,2006,59
sgp,2007,69.9
sgp,2008,69
sgp,2009,69
sgp,2010,71
sgp,2011,71
sgp,2012,72
sgp,2013,80.9021
sgp,2014,79.02924
sgp,2015,79.01296
sgp,2016,84.45227
sgp,2017,84.45227
sgp,2018,88.16564
sgp,2019,88.94925
sgp,2020,92.00435
sgp,2021,96.92468
sgp,2022,95.95386
sgp,2023,94.28519
sgp,2024,94.37757
slb,1990,0
slb,1995,0.0249
slb,1996,0.269
slb,1997,0.392
slb,1998,0.508
slb,1999,0.495
slb,2000,0.4813
slb,2001,0.46855
slb,2002,0.50192
slb,2003,0.55561
slb,2004,0.64967
slb,2005,0.8443
slb,2006,1.6463
slb,2007,2
slb,2008,3
slb,2009,4
slb,2010,5
slb,2011,6
slb,2012,6.9974
slb,2013,8
slb,2014,9
slb,2015,10.0005
slb,2016,11.0009
slb,2017,15.1484
slb,2018,20.8594
slb,2019,22.4888
slb,2020,24.1984
slb,2021,26.0379
slb,2022,28.0173
slb,2023,28.6724
slb,2024,29.0407
sle,1990,0
sle,1993,0
sle,1994,0
sle,1995,0
sle,1996,0.00251
sle,1997,0.00499
sle,1998,0.0148
sle,1999,0.0485
sle,2000,0.11825
sle,2001,0.16026
sle,2002,0.1762
sle,2003,0.19017
sle,2004,0.20301
sle,2005,0.2154
sle,2006,0.2277
sle,2007,0.2398
sle,2008,0.25
sle,2009,0.26
sle,2010,0.58
sle,2011,0.9
sle,2012,2.5
sle,2013,4
sle,2014,6.0573
sle,2015,6.3444
sle,2016,7.6801
sle,2017,9.2971
sle,2018,14.4223
sle,2019,15.7137
sle,2020,17.1208
sle,2021,18.6539
sle,2022,21.5088
sle,2023,23.7136
sle,2024,25.105
slv,1990,0
slv,1996,0.0864
slv,1997,0.257
slv,1998,0.425
slv,1999,0.845
slv,2000,1.1774
slv,2001,1.5
slv,2002,1.9
slv,2003,2.5
slv,2004,3.2
slv,2005,4.2
slv,2006,5.5
slv,2007,6.11
slv,2008,10.08
slv,2009,12.11
slv,2010,15.9
slv,2011,18.9
slv,2012,20.32139
slv,2013,23.1093
slv,2014,24.76171
slv,2015,26.8026
slv,2016,28.9971
slv,2017,33.82073
slv,2018,43.8
slv,2019,50.49119
slv,2020,54.60137
slv,2021,57.2638
slv,2022,60.0561
slv,2023,62.6199
slv,2024,66.4777
smr,1990,0
smr,1995,1.36
smr,1996,1.43
smr,1997,1.42
smr,1998,1.41
smr,1999,42.8
smr,2000,48.7995
smr,2001,50.34167
smr,2002,50.83484
smr,2003,50.00345
smr,2004,50.56634
smr,2006,50.20866
smr,2007,50.36482
smr,2008,54.52
smr,2009,54.21
smr,2011,49.6
smr,2016,55
smr,2017,60.1823
smr,2019,67.8507
smr,2020,77.95
smr,2021,81.67
smr,2022,97.3279
smr,2023,97.3364
smr,2024,97.3522
som,1990,0
som,1995,0
som,1996,0.00151
som,1997,0.00295
som,1998,0.00716
som,1999,0.0139
som,2000,0.02
som,2001,0.07904
som,2002,0.11561
som,2003,0.3762
som,2004,1.05345
som,2005,1.0773
som,2006,1.1002
som,2007,1.1222
som,2008,1.1427
som,2009,1.1606
som,2011,1.25
som,2012,1.3767
som,2013,1.5
som,2014,1.63
som,2015,1.76
som,2016,1.88
som,2019,2.7314
som,2020,15.0237
som,2021,23.8748
som,2022,27.6
som,2023,26.1201
som,2024,27.9402
srb,2004,23.5
srb,2005,26.3
srb,2006,27.2
srb,2007,33.15
srb,2008,35.6
srb,2009,38.1
srb,2010,40.9
srb,2011,42.2
srb,2012,48.1
srb,2013,53.45036
srb,2014,62.07508
srb,2015,65.31703
srb,2016,67.05684
srb,2017,70.33084
srb,2018,73.36071
srb,2019,77.41677
srb,2020,78.36805
srb,2021,81.16588
srb,2022,83.53825
srb,2023,85.35747
srb,2024,87.69071
ssd,2012,1.5
ssd,2013,2.2
ssd,2014,2.6
ssd,2015,3
ssd,2016,3.5
ssd,2017,4.1
ssd,2018,4.8
ssd,2019,6.671
stp,1990,0
stp,1998,0.296
stp,1999,0.363
stp,2000,4.63852
stp,2001,6.31092
stp,2002,7.58067
stp,2003,10.16184
stp,2004,13.32285
stp,2005,13.7595
stp,2006,14.182
stp,2007,14.59048
stp,2008,15.48
stp,2009,16.41
stp,2010,18.75
stp,2011,20.1612
stp,2012,21.5724
stp,2013,23
stp,2014,24.41
stp,2015,25.82
stp,2016,28
stp,2017,32.6164
stp,2018,37.9938
stp,2019,44.2579
stp,2020,51.5547
stp,2021,54.9495
stp,2022,58.5678
stp,2023,58.7013
stp,2024,59.1176
sur,1990,0
sur,1995,0.115
sur,1996,0.226
sur,1997,1
sur,1998,1.67
sur,1999,1.89
sur,2000,2.50641
sur,2001,3.06445
sur,2002,4.16157
sur,2003,4.71988
sur,2004,6.07605
sur,2005,6.40309
sur,2006,9.4996
sur,2007,14.11
sur,2008,21.06
sur,2009,31.36
sur,2010,31.59
sur,2011,32
sur,2012,34.6812
sur,2013,37.4
sur,2014,40.08
sur,2015,42.7638
sur,2016,45.4
sur,2017,48.9452
sur,2018,55.1021
sur,2019,62.0335
sur,2023,87.4
svk,1990,0
svk,1993,0.128
svk,1994,0.319
svk,1995,0.523
svk,1996,0.783
svk,1997,1.17
svk,1998,2.69
svk,1999,5.44
svk,2000,9.4268
svk,2001,12.52832
svk,2002,40.14
svk,2003,43.04
svk,2004,52.89
svk,2005,55.19
svk,2006,56.08
svk,2007,61.8
svk,2008,66.05
svk,2009,70
svk,2010,75.71
svk,2011,74.44
svk,2012,76.70999
svk,2013,77.8826
svk,2014,79.9843
svk,2015,77.63468
svk,2016,80.47586
svk,2017,81.62567
svk,2018,80.44892
svk,2019,82.85366
svk,2020,89.9209
svk,2021,88.92561
svk,2022,89.06766
svk,2023,87.21313
svk,2024,89.82507
svn,1990,0
svn,1993,0.41
svn,1994,1.07
svn,1995,2.9
svn,1996,5.07
svn,1997,7.59
svn,1998,10.1
svn,1999,12.6
svn,2000,15.11026
svn,2001,30.17591
svn,2002,27.83889
svn,2003,31.85479
svn,2004,40.81
svn,2005,46.81
svn,2006,54.01
svn,2007,56.74
svn,2008,58
svn,2009,64
svn,2010,70
svn,2011,67.33999
svn,2012,68.34997
svn,2013,72.6756
svn,2014,71.58625
svn,2015,73.09866
svn,2016,75.4985
svn,2017,78.88543
svn,2018,79.74998
svn,2019,83.10836
svn,2020,86.6013
svn,2021,89.004
svn,2022,88.91249
svn,2023,90.37795
svn,2024,90.76355
swe,1990,0.584
swe,1991,1.16
swe,1992,1.5
swe,1993,1.72
swe,1994,3.41
swe,1995,5.1
swe,1996,9.04
swe,1997,23.7
swe,1998,33.5
swe,1999,41.4
swe,2000,45.68765
swe,2001,51.76566
swe,2002,70.57
swe,2003,79.13
swe,2004,83.89
swe,2005,84.83
swe,2006,87.76
swe,2007,82.01
swe,2008,90
swe,2009,91
swe,2010,90
swe,2011,92.76999
swe,2012,93.17999
swe,2013,94.7836
swe,2014,92.52361
swe,2015,90.6102
swe,2016,89.65095
swe,2017,93.00627
swe,2018,89.24696
swe,2019,94.49344
swe,2020,94.53943
swe,2021,94.67032
swe,2022,95.0097
swe,2023,95.70327
swe,2024,95.5293
swe,2025,95.7663
swz,1990,0
swz,1995,0.00103
swz,1996,0.0504
swz,1997,0.0885
swz,1998,0.0961
swz,1999,0.471
swz,2000,0.92619
swz,2001,1.28159
swz,2002,1.8162
swz,2003,2.43707
swz,2004,3.22869
swz,2005,3.697
swz,2006,3.69654
swz,2007,4.1
swz,2008,6.85
swz,2009,8.94
swz,2010,11.04
swz,2011,18.13
swz,2012,20.7818
swz,2013,24.7
swz,2014,25
swz,2015,25.643
swz,2016,28.57
swz,2017,35.3316
swz,2018,39.381
swz,2019,43.9339
swz,2020,49.013
swz,2021,53.9953
swz,2022,57.3437
swz,2023,61.3333
swz,2024,63.4031
syc,1990,0
syc,1996,0.651
syc,1997,1.28
syc,1998,2.53
syc,1999,6.23
syc,2000,7.39563
syc,2001,11.0151
syc,2002,14.30417
syc,2003,14.5925
syc,2004,24.27214
syc,2005,25.41327
syc,2006,34.95197
syc,2007,38.38
syc,2008,40.44
syc,2010,41
syc,2011,43.164
syc,2012,47.076
syc,2013,50.4
syc,2014,51.2547
syc,2015,54.2596
syc,2016,56.5147
syc,2017,62.5531
syc,2018,69.2366
syc,2019,76.6342
syc,2020,79.2517
syc,2021,81.9953
syc,2022,84.8338
syc,2023,86.0013
syc,2024,87.818
syr,1990,0
syr,1991,0
syr,1992,0
syr,1993,0
syr,1994,0
syr,1995,0
syr,1996,0
syr,1997,0.0326
syr,1998,0.0637
syr,1999,0.124
syr,2000,0.1817
syr,2001,0.35376
syr,2002,2.0931
syr,2003,3.39797
syr,2004,4.32159
syr,2005,5.6481
syr,2006,7.8326
syr,2007,11.5
syr,2008,14
syr,2009,17.3
syr,2010,20.7
syr,2011,22.5
syr,2012,24.3001
syr,2013,26.2
syr,2014,28.09
syr,2015,29.9798
syr,2016,31.8696
syr,2017,32.7
syr,2018,33.77
tca,1990,0
tcd,1990,0
tcd,1997,0.00066
tcd,1998,0.00427
tcd,1999,0.0123
tcd,2000,0.03571
tcd,2001,0.04593
tcd,2002,0.16607
tcd,2003,0.32031
tcd,2004,0.36092
tcd,2005,0.39926
tcd,2006,0.58105
tcd,2007,0.84722
tcd,2008,1.19
tcd,2009,1.5
tcd,2010,1.7
tcd,2011,1.9
tcd,2012,2.1
tcd,2013,2.5
tcd,2014,2.9
tcd,2015,3.5
tcd,2016,5.8
tcd,2017,6.3519
tcd,2018,6.9563
tcd,2019,7.6182
tcd,2020,8.3431
tcd,2021,9.6537
tcd,2022,11.1703
tcd,2023,12.0359
tcd,2024,12.6269
tgo,1990,0
tgo,1991,0
tgo,1992,0
tgo,1993,0
tgo,1994,0
tgo,1995,0
tgo,1996,0.0109
tgo,1997,0.211
tgo,1998,0.306
tgo,1999,0.59
tgo,2000,0.8
tgo,2001,0.9
tgo,2002,1
tgo,2003,1.2
tgo,2004,1.5
tgo,2005,1.8
tgo,2006,2
tgo,2007,2.2
tgo,2008,2.4
tgo,2009,2.6
tgo,2010,3
tgo,2011,3.5
tgo,2012,4
tgo,2013,4.5
tgo,2014,5.7
tgo,2015,7.12
tgo,2016,11.31
tgo,2017,12.36022
tgo,2018,15.5
tgo,2019,20.7273
tgo,2020,29.0237
tgo,2021,30.3384
tgo,2022,35.6075
tgo,2023,37.5702
tgo,2024,39.4832
tha,1990,0
tha,1991,0.00005
tha,1992,0.00034
tha,1993,0.0136
tha,1994,0.0386
tha,1995,0.0748
tha,1996,0.115
tha,1997,0.361
tha,1998,1.09
tha,1999,2.43
tha,2000,3.68904
tha,2001,5.55633
tha,2002,7.53125
tha,2003,9.29903
tha,2004,10.6773
tha,2005,15.026
tha,2006,17.16071
tha,2007,20.03
tha,2008,18.2
tha,2009,20.1
tha,2010,22.4
tha,2011,23.66993
tha,2012,26.46
tha,2013,28.94
tha,2014,34.88605
tha,2015,39.31613
tha,2016,47.50497
tha,2017,52.89193
tha,2018,56.81748
tha,2019,66.65242
tha,2020,77.84374
tha,2021,85.26957
tha,2022,87.97725
tha,2023,89.53525
tha,2024,90.86719
tjk,1990,0
tjk,1999,0.0328
tjk,2000,0.0486
tjk,2001,0.05126
tjk,2002,0.05546
tjk,2003,0.06458
tjk,2004,0.07748
tjk,2005,0.29869
tjk,2006,3.77241
tjk,2007,7.19762
tjk,2008,8.78
tjk,2009,10.07
tjk,2010,11.55
tjk,2011,13.03
tjk,2012,14.51
tjk,2013,16
tjk,2014,17.49
tjk,2015,18.98
tjk,2016,20.47
tjk,2017,21.96
tjk,2018,32.6
tjk,2019,22.6863
tjk,2020,27.5441
tjk,2021,36.7056
tjk,2022,48.9143
tjk,2023,54.4155
tjk,2024,55.7934
tkm,1990,0
tkm,1999,0.045
tkm,2000,0.13328
tkm,2001,0.17521
tkm,2002,0.30213
tkm,2003,0.42518
tkm,2004,0.75405
tkm,2005,0.9973
tkm,2006,1.31957
tkm,2007,1.40636
tkm,2008,1.75
tkm,2009,1.95
tkm,2010,3
tkm,2011,5
tkm,2012,7.1958
tkm,2013,9.6
tkm,2014,12.2
tkm,2015,14.9968
tkm,2016,17.9903
tls,1990,0
tls,2002,0
tls,2005,0.09903
tls,2006,0.5
tls,2007,1
tls,2008,1.5
tls,2009,2
tls,2010,3
tls,2011,4
tls,2012,7
tls,2013,11
tls,2014,17.5
tls,2015,18.6
tls,2016,21.2
tls,2017,24.2
tls,2018,27.6
tls,2019,28.0046
tls,2020,32.0127
tls,2021,35.042
ton,1990,0
ton,1995,0.123
ton,1996,0.164
ton,1997,0.511
ton,1998,0.765
ton,1999,1.02
ton,2000,2.4344
ton,2001,2.82537
ton,2002,2.9073
ton,2003,2.98582
ton,2004,3.95237
ton,2005,4.9078
ton,2006,5.8539
ton,2007,7.1799
ton,2008,8.11077
ton,2009,10
ton,2010,16
ton,2011,25
ton,2012,30
ton,2013,32.754
ton,2014,35.9544
ton,2015,38.6513
ton,2016,39.95
ton,2017,46.2008
ton,2018,48.8079
ton,2019,51.563
ton,2020,54.4737
ton,2021,57.549
ton,2022,61.6074
ton,2023,64.1314
ton,2024,67.4417
tto,1990,0
tto,1995,0.158
tto,1996,0.393
tto,1997,1.17
tto,1998,2.72
tto,1999,5.81
tto,2000,7.72141
tto,2001,15.38463
tto,2002,21.99868
tto,2003,25.97176
tto,2004,27.02427
tto,2005,28.9767
tto,2006,30.0037
tto,2007,32.3
tto,2008,34.8
tto,2009,44.3
tto,2010,48.5
tto,2011,55.2
tto,2012,57.5
tto,2013,59.9
tto,2014,62.4
tto,2015,65.1
tto,2016,67.8
tto,2017,70.6
tto,2018,72.7603
tto,2019,74.9867
tto,2020,77.2813
tto,2021,84.36577
tto,2022,81.6976
tto,2023,81.9681
tto,2024,82.1599
tun,1990,0
tun,1994,0.00738
tun,1995,0.0112
tun,1996,0.0276
tun,1997,0.0437
tun,1998,0.108
tun,1999,1.6
tun,2000,2.75074
tun,2001,4.29797
tun,2002,5.25289
tun,2003,6.49085
tun,2004,8.52882
tun,2005,9.6551
tun,2006,12.9864
tun,2007,17.1
tun,2008,27.53
tun,2009,34.07
tun,2010,36.8
tun,2011,39.1
tun,2012,41.4416
tun,2013,43.8
tun,2014,46.16
tun,2015,46.49999
tun,2016,49.59999
tun,2017,55.50016
tun,2018,64.19081
tun,2019,66.7
tun,2020,68.5564
tun,2021,68.31552
tun,2024,76.5
tur,1990,0
tur,1993,0.00846
tur,1994,0.0499
tur,1995,0.0817
tur,1996,0.193
tur,1997,0.474
tur,1998,0.699
tur,1999,2.29
tur,2000,3.76169
tur,2001,5.18948
tur,2002,11.38
tur,2003,12.33
tur,2004,14.58
tur,2005,15.46
tur,2006,18.24
tur,2007,28.63
tur,2008,34.37
tur,2009,36.4
tur,2010,39.82
tur,2011,43.06571
tur,2012,45.13
tur,2013,46.25
tur,2014,51.03737
tur,2015,53.74498
tur,2016,58.34773
tur,2017,64.68462
tur,2018,71.04276
tur,2019,73.9767
tur,2020,77.66956
tur,2021,81.40844
tur,2022,83.43717
tur,2023,85.96074
tur,2024,87.30788
tur,2025,89.77024
tuv,1990,0
tuv,2000,5.24164
tuv,2001,5.7
tuv,2002,6.3
tuv,2003,6.9
tuv,2004,7.6
tuv,2005,8.3
tuv,2006,9.1
tuv,2007,10
tuv,2008,11.2
tuv,2009,12.8
tuv,2010,14.6
tuv,2011,16.5
tuv,2012,18.7
tuv,2013,21.2
tuv,2014,24.1
tuv,2015,27.3
tuv,2016,31
tuv,2017,35.2
tza,1990,0
tza,1996,0.00162
tza,1997,0.0079
tza,1998,0.00924
tza,1999,0.0751
tza,2000,0.11719
tza,2001,0.1713
tza,2002,0.22248
tza,2003,0.67696
tza,2004,0.87757
tza,2005,1.1
tza,2006,1.3
tza,2007,1.6
tza,2008,1.9
tza,2009,2.4
tza,2010,2.9
tza,2011,3.2
tza,2012,3.95
tza,2013,4.4
tza,2014,7
tza,2015,10
tza,2016,13.50423
tza,2017,14.4634
tza,2018,15.4907
tza,2019,16.5909
tza,2020,19.4814
tza,2021,22.8754
tza,2022,26.8606
tza,2023,28.4319
tza,2024,31.1621
uga,1990,0
uga,1995,0.00286
uga,1996,0.00463
uga,1997,0.0103
uga,1998,0.0653
uga,1999,0.106
uga,2000,0.16371
uga,2001,0.23795
uga,2002,0.38409
uga,2003,0.46485
uga,2004,0.71997
uga,2005,1.7422
uga,2006,2.5294
uga,2007,3.67197
uga,2008,3.88
uga,2009,4.1
uga,2010,4.3
uga,2011,4.6
uga,2012,4.8
uga,2013,5.1
uga,2014,5.4
uga,2015,5.7
uga,2016,5.9
uga,2017,7.4179
uga,2018,9.3263
uga,2019,11.7258
uga,2020,7.4
uga,2021,10
uga,2022,9.6369
uga,2023,9.287
uga,2024,8.94983
ukr,1990,0
ukr,1993,0.00078
ukr,1994,0.0136
ukr,1995,0.0431
ukr,1996,0.0986
ukr,1997,0.199
ukr,1998,0.301
ukr,1999,0.405
ukr,2000,0.71618
ukr,2001,1.23876
ukr,2002,1.87389
ukr,2003,3.14813
ukr,2004,3.48948
ukr,2005,3.7498
ukr,2006,4.50612
ukr,2007,6.55
ukr,2008,11
ukr,2009,17.9
ukr,2010,23.3
ukr,2011,28.70826
ukr,2012,35.27
ukr,2013,40.95413
ukr,2014,46.23598
ukr,2015,48.88464
ukr,2016,53.00097
ukr,2017,58.88948
ukr,2018,62.55316
ukr,2019,70.12484
ukr,2020,75.03791
ukr,2021,79.21829
ukr,2022,80.4743
ukr,2023,81.5806
ukr,2024,82.4749
ury,1990,0
ury,1994,0.0625
ury,1995,0.31
ury,1996,1.85
ury,1997,3.36
ury,1998,6.99
ury,1999,9.97
ury,2000,10.53906
ury,2001,11.12144
ury,2002,11.41947
ury,2003,15.93714
ury,2004,17.0631
ury,2005,20.08819
ury,2006,29.4
ury,2007,34
ury,2008,39.3
ury,2009,41.8
ury,2010,46.4
ury,2011,51.40466
ury,2012,54.45377
ury,2013,57.69
ury,2014,61.4625
ury,2015,64.57079
ury,2016,66.4
ury,2017,70.32235
ury,2018,80.72684
ury,2019,83.35153
ury,2020,85.471
ury,2021,87.6444
ury,2022,89.87304
ury,2023,90.9259
ury,2024,91.99109
usa,1990,0.785
usa,1991,1.16
usa,1992,1.72
usa,1993,2.27
usa,1994,4.86
usa,1995,9.24
usa,1996,16.4
usa,1997,21.6
usa,1998,30.1
usa,1999,35.8
usa,2000,43.07916
usa,2001,49.08083
usa,2002,58.7854
usa,2003,61.69712
usa,2004,64.75826
usa,2005,67.9681
usa,2006,68.9312
usa,2007,75
usa,2008,74
usa,2009,71
usa,2010,71.69
usa,2011,69.72946
usa,2012,74.7
usa,2013,71.4
usa,2014,73
usa,2015,74.5542
usa,2016,85.54442
usa,2017,87.27489
usa,2018,88.4989
usa,2019,89.43028
usa,2020,90.3447
usa,2021,91.2684
usa,2022,92.7285
usa,2023,93.5256
usa,2024,94.6938
uzb,1990,0
uzb,1995,0.00153
uzb,1996,0.00429
uzb,1997,0.0105
uzb,1998,0.0208
uzb,1999,0.0307
uzb,2000,0.48435
uzb,2001,0.59757
uzb,2002,1.08194
uzb,2003,1.9126
uzb,2004,2.59373
uzb,2005,3.34351
uzb,2006,6.38832
uzb,2007,7.4906
uzb,2008,9.08011
uzb,2009,11.9
uzb,2010,15.9
uzb,2011,18.6
uzb,2012,23.6
uzb,2013,26.8
uzb,2014,35.5
uzb,2015,42.8
uzb,2016,46.7913
uzb,2017,48.7
uzb,2018,55.2
uzb,2019,70.4
uzb,2020,71.1
uzb,2021,76.59043
uzb,2022,83.9
uzb,2023,89.01361
uzb,2024,89.5055
vct,1990,0
vct,1995,0.129
vct,1996,0.483
vct,1997,0.926
vct,1998,1.85
vct,1999,2.78
vct,2000,3.24504
vct,2001,5.09481
vct,2002,5.54959
vct,2003,6.46227
vct,2004,7.37117
vct,2005,9.19828
vct,2006,12
vct,2007,16
vct,2008,21
vct,2009,31
vct,2010,33.7
vct,2011,36.7
vct,2012,40
vct,2013,43.5
vct,2014,47.4
vct,2015,49.4
vct,2016,51.5
vct,2017,53.7
vct,2018,56
vct,2019,59.5763
vct,2020,63.381
vct,2021,68.8334
vct,2022,74.7548
vct,2023,75.5368
vct,2024,76.1901
ven,1990,0
ven,1992,0.0121
ven,1993,0.0416
ven,1994,0.0555
ven,1995,0.122
ven,1996,0.248
ven,1997,0.391
ven,1998,1.38
ven,1999,2.84
ven,2000,3.3596
ven,2001,4.636
ven,2002,4.91045
ven,2003,7.49996
ven,2004,8.40447
ven,2005,12.553
ven,2006,15.22471
ven,2007,20.83
ven,2008,25.88
ven,2009,32.7
ven,2010,37.37
ven,2011,40.22
ven,2012,49.05008
ven,2013,54.9
ven,2014,57
ven,2015,58
ven,2016,60
ven,2019,49.0501
ven,2020,72.4411
ven,2021,74.1122
ven,2022,75.8218
ven,2023,76.3319
ven,2024,76.6789
vgb,1990,0
vgb,2002,18.88574
vgb,2009,36
vgb,2010,37
vgb,2011,37.4
vgb,2012,37.6
vgb,2016,77.70143
vgb,2017,77.70427
vnm,1990,0
vnm,1996,0.00014
vnm,1997,0.00398
vnm,1998,0.0131
vnm,1999,0.129
vnm,2000,0.25425
vnm,2001,1.26565
vnm,2002,1.855
vnm,2003,3.78028
vnm,2004,7.64241
vnm,2005,12.73993
vnm,2006,17.25456
vnm,2007,20.75544
vnm,2008,23.92
vnm,2009,26.55
vnm,2010,30.65
vnm,2011,35.07
vnm,2012,36.8
vnm,2013,38.5
vnm,2014,41
vnm,2015,45
vnm,2016,53
vnm,2017,58.14
vnm,2018,69.84793
vnm,2019,68.66158
vnm,2020,70.3
vnm,2021,74.21
vnm,2022,78.59
vnm,2023,78.08
vnm,2024,84.15
vut,1990,0
vut,1996,0.0568
vut,1997,0.14
vut,1998,0.274
vut,1999,0.538
vut,2000,2.10834
vut,2001,2.83057
vut,2002,3.51004
vut,2003,3.9033
vut,2004,4.7466
vut,2005,5.0823
vut,2006,5.8506
vut,2007,6.8
vut,2008,7.26912
vut,2009,7.5
vut,2010,8
vut,2011,9.2
vut,2012,10.598
vut,2013,11.3
vut,2014,18.8
vut,2015,22.3514
wsm,1990,0
wsm,1997,0.175
wsm,1998,0.23
wsm,1999,0.285
wsm,2000,0.56639
wsm,2001,1.6899
wsm,2002,2.24483
wsm,2003,2.79963
wsm,2004,3.07553
wsm,2005,3.35259
wsm,2006,4.46917
wsm,2007,4.75
wsm,2008,5.0316
wsm,2009,6
wsm,2010,7
wsm,2011,11
wsm,2012,12.9225
wsm,2013,15.3
wsm,2014,21.2
yem,1990,0
yem,1996,0.00062
yem,1997,0.015
yem,1998,0.0233
yem,1999,0.0566
yem,2000,0.0825
yem,2001,0.0908
yem,2002,0.5188
yem,2003,0.60473
yem,2004,0.88122
yem,2005,1.0486
yem,2006,1.24782
yem,2007,5.01
yem,2008,6.89
yem,2009,9.96
yem,2010,12.35
yem,2011,14.905
yem,2012,17.4465
yem,2013,20
yem,2014,22.55
yem,2015,24.0854
yem,2016,24.5792
yem,2019,17.491
zaf,1990,0
zaf,1991,0.0133
zaf,1992,0.0389
zaf,1993,0.114
zaf,1994,0.247
zaf,1995,0.677
zaf,1996,0.842
zaf,1997,1.63
zaf,1998,2.91
zaf,1999,4.12
zaf,2000,5.34856
zaf,2001,6.34662
zaf,2002,6.71032
zaf,2003,7.00769
zaf,2004,8.42512
zaf,2005,7.48854
zaf,2006,7.60714
zaf,2007,8.06538
zaf,2008,8.43
zaf,2009,10
zaf,2010,24
zaf,2011,33.97
zaf,2012,41
zaf,2013,46.5
zaf,2014,49
zaf,2015,51.9191
zaf,2016,54
zaf,2017,56.1674
zaf,2018,62.4
zaf,2019,69.6969
zaf,2020,72.1128
zaf,2021,74.9686
zaf,2022,78.2932
zaf,2023,78.3367
zaf,2024,78.3576
zmb,1990,0
zmb,1994,0.00678
zmb,1995,0.00878
zmb,1996,0.00907
zmb,1997,0.00933
zmb,1998,0.0302
zmb,1999,0.147
zmb,2000,0.19107
zmb,2001,0.23313
zmb,2002,0.47775
zmb,2003,0.98048
zmb,2004,1.1
zmb,2005,1.3
zmb,2006,1.6
zmb,2007,1.9
zmb,2008,2.2
zmb,2009,2.5
zmb,2010,3
zmb,2011,3.5
zmb,2012,4.1
zmb,2013,4.8
zmb,2014,6.5
zmb,2015,8.8
zmb,2016,10.3
zmb,2017,12.2
zmb,2018,14.3
zmb,2019,14.4719
zmb,2020,14.6458
zmb,2021,14.8219
zmb,2022,15
zmb,2023,16.4507
zmb,2024,17.101
zwe,1990,0
zwe,1994,0.00174
zwe,1995,0.00768
zwe,1996,0.0168
zwe,1997,0.0331
zwe,1998,0.0816
zwe,1999,0.162
zwe,2000,0.40143
zwe,2001,0.79985
zwe,2002,1.1
zwe,2003,1.8
zwe,2004,2.1
zwe,2005,2.4
zwe,2006,2.4
zwe,2007,3
zwe,2008,3.5
zwe,2009,4
zwe,2010,6.4
zwe,2011,8.4
zwe,2012,12
zwe,2013,15.5
zwe,2014,16.36474
zwe,2015,22.7428
zwe,2016,23.12
zwe,2017,24.4
zwe,2018,25
zwe,2019,26.5883
zwe,2020,29.29857
zwe,2021,32.5924
zwe,2022,36.2565
zwe,2023,38.6748
zwe,2024,41.6428
