geo,time,colonandrectum_cancer_number_of_female_deaths
afg,1990,289.11
afg,1991,311.6
afg,1992,341.31
afg,1993,377.65
afg,1994,416.02
afg,1995,451.18
afg,1996,475.77
afg,1997,495.68
afg,1998,512.68
afg,1999,531.76
afg,2000,553.95
afg,2001,576.39
afg,2002,597.82
afg,2003,622.42
afg,2004,647.98
afg,2005,670.22
afg,2006,689.79
afg,2007,705.76
afg,2008,724
afg,2009,740.52
afg,2010,760.49
afg,2011,779
afg,2012,802.13
afg,2013,830.63
afg,2014,860.66
afg,2015,892.53
afg,2016,927.44
ago,1990,172.61
ago,1991,176.49
ago,1992,180.87
ago,1993,191.33
ago,1994,203.24
ago,1995,211.63
ago,1996,216.44
ago,1997,219.12
ago,1998,235.07
ago,1999,239.36
ago,2000,245.25
ago,2001,253.99
ago,2002,262.44
ago,2003,276.66
ago,2004,289.12
ago,2005,299.35
ago,2006,310.1
ago,2007,317.59
ago,2008,326.65
ago,2009,334.01
ago,2010,341.24
ago,2011,349.67
ago,2012,360.01
ago,2013,371.98
ago,2014,383.83
ago,2015,396.73
ago,2016,409.82
alb,1990,61.78
alb,1991,62.66
alb,1992,63.51
alb,1993,63.62
alb,1994,62.97
alb,1995,63.14
alb,1996,63.5
alb,1997,65.31
alb,1998,68.14
alb,1999,70.78
alb,2000,74.38
alb,2001,78.97
alb,2002,84.14
alb,2003,89.44
alb,2004,92.86
alb,2005,97.51
alb,2006,101.4
alb,2007,104.27
alb,2008,106.92
alb,2009,109.08
alb,2010,110.8
alb,2011,111.28
alb,2012,112.67
alb,2013,114.66
alb,2014,116.76
alb,2015,118.81
alb,2016,120.78
and,1990,6.64
and,1991,7.14
and,1992,7.54
and,1993,8.03
and,1994,8.38
and,1995,8.03
and,1996,7.85
and,1997,7.73
and,1998,7.6
and,1999,7.44
and,2000,7.31
and,2001,7.24
and,2002,7.24
and,2003,7.45
and,2004,8.13
and,2005,8.4
and,2006,8.69
and,2007,8.99
and,2008,9.34
and,2009,9.77
and,2010,10
and,2011,10.21
and,2012,10.42
and,2013,10.6
and,2014,10.79
and,2015,10.98
and,2016,10.95
are,1990,15.21
are,1991,15.88
are,1992,16.63
are,1993,17.47
are,1994,18.4
are,1995,19.34
are,1996,20.34
are,1997,21.02
are,1998,21.67
are,1999,22.49
are,2000,23.13
are,2001,24.17
are,2002,25.3
are,2003,26.21
are,2004,27.61
are,2005,30
are,2006,31.46
are,2007,37.38
are,2008,41.17
are,2009,45.25
are,2010,49.32
are,2011,54.36
are,2012,59.16
are,2013,63.73
are,2014,68.4
are,2015,73.45
are,2016,78.17
arg,1990,2428.75
arg,1991,2470.48
arg,1992,2507.45
arg,1993,2569.72
arg,1994,2632.66
arg,1995,2700.4
arg,1996,2790.3
arg,1997,2903.83
arg,1998,3025.12
arg,1999,3146.67
arg,2000,3236.98
arg,2001,3317.66
arg,2002,3412.36
arg,2003,3519.73
arg,2004,3579.18
arg,2005,3656.98
arg,2006,3700.57
arg,2007,3794.34
arg,2008,3826.68
arg,2009,3871.76
arg,2010,3943.18
arg,2011,3974.85
arg,2012,4027.3
arg,2013,4062.98
arg,2014,4087.59
arg,2015,4128.94
arg,2016,4185.39
arm,1990,163.56
arm,1991,163.72
arm,1992,170.83
arm,1993,167.21
arm,1994,160.28
arm,1995,172.47
arm,1996,179.71
arm,1997,182.55
arm,1998,191.05
arm,1999,193.26
arm,2000,194.45
arm,2001,195.89
arm,2002,196.08
arm,2003,206.5
arm,2004,210.32
arm,2005,223.57
arm,2006,234.79
arm,2007,231.94
arm,2008,240.27
arm,2009,242.54
arm,2010,248.97
arm,2011,255.71
arm,2012,260.18
arm,2013,259.49
arm,2014,260.31
arm,2015,271.98
arm,2016,268.85
asm,1990,1.08
asm,1991,1.12
asm,1992,1.17
asm,1993,1.22
asm,1994,1.26
asm,1995,1.3
asm,1996,1.35
asm,1997,1.37
asm,1998,1.51
asm,1999,1.56
asm,2000,1.54
asm,2001,1.5
asm,2002,1.51
asm,2003,1.55
asm,2004,1.6
asm,2005,1.66
asm,2006,1.72
asm,2007,1.75
asm,2008,1.78
asm,2009,1.84
asm,2010,1.86
asm,2011,2.06
asm,2012,2.18
asm,2013,2.24
asm,2014,2.3
asm,2015,2.36
asm,2016,2.4
atg,1990,3.3
atg,1991,3.36
atg,1992,3.4
atg,1993,3.45
atg,1994,3.54
atg,1995,3.66
atg,1996,3.8
atg,1997,3.83
atg,1998,3.77
atg,1999,3.97
atg,2000,3.95
atg,2001,4.02
atg,2002,4.17
atg,2003,4.23
atg,2004,4.23
atg,2005,4.22
atg,2006,4.32
atg,2007,4.42
atg,2008,4.51
atg,2009,4.57
atg,2010,4.72
atg,2011,4.82
atg,2012,4.92
atg,2013,5.24
atg,2014,5.56
atg,2015,5.58
atg,2016,5.71
aus,1990,2091.96
aus,1991,2112.12
aus,1992,2140.63
aus,1993,2158.43
aus,1994,2189.38
aus,1995,2197
aus,1996,2217.13
aus,1997,2230.56
aus,1998,2233.05
aus,1999,2240.29
aus,2000,2239.59
aus,2001,2262.39
aus,2002,2279.5
aus,2003,2281.41
aus,2004,2281.99
aus,2005,2289.14
aus,2006,2322.24
aus,2007,2373.15
aus,2008,2425.23
aus,2009,2436.99
aus,2010,2476.27
aus,2011,2524.25
aus,2012,2568.01
aus,2013,2592.79
aus,2014,2651.86
aus,2015,2713.02
aus,2016,2779.03
aut,1990,1344.75
aut,1991,1336.65
aut,1992,1324.54
aut,1993,1310.54
aut,1994,1290.3
aut,1995,1281.52
aut,1996,1266.56
aut,1997,1247.69
aut,1998,1231.85
aut,1999,1212.24
aut,2000,1192.29
aut,2001,1170.62
aut,2002,1161.54
aut,2003,1159.35
aut,2004,1138.26
aut,2005,1128.31
aut,2006,1108.69
aut,2007,1083.96
aut,2008,1069.12
aut,2009,1059.23
aut,2010,1043.54
aut,2011,1048.37
aut,2012,1058.63
aut,2013,1054.11
aut,2014,1050.75
aut,2015,1067.22
aut,2016,1085.18
aze,1990,187.25
aze,1991,185.05
aze,1992,191.08
aze,1993,190.62
aze,1994,192.24
aze,1995,187.9
aze,1996,183.75
aze,1997,179.57
aze,1998,180.22
aze,1999,183.95
aze,2000,189.1
aze,2001,193.45
aze,2002,202.49
aze,2003,219.01
aze,2004,229.74
aze,2005,238.7
aze,2006,246.55
aze,2007,258.19
aze,2008,272.02
aze,2009,280.62
aze,2010,287.63
aze,2011,287.3
aze,2012,303
aze,2013,293.51
aze,2014,297.42
aze,2015,304.23
aze,2016,307.48
bdi,1990,125.58
bdi,1991,127.18
bdi,1992,129.23
bdi,1993,131.12
bdi,1994,133.31
bdi,1995,135.56
bdi,1996,138.14
bdi,1997,137.13
bdi,1998,136.66
bdi,1999,135.31
bdi,2000,135.04
bdi,2001,132.1
bdi,2002,131.34
bdi,2003,132.53
bdi,2004,135.54
bdi,2005,138.23
bdi,2006,140.19
bdi,2007,141.59
bdi,2008,144.5
bdi,2009,148.47
bdi,2010,154.55
bdi,2011,160.37
bdi,2012,165.96
bdi,2013,171.02
bdi,2014,176.67
bdi,2015,182.12
bdi,2016,188.16
bel,1990,1903.25
bel,1991,1898.75
bel,1992,1894.46
bel,1993,1875.14
bel,1994,1856.32
bel,1995,1829.77
bel,1996,1799.51
bel,1997,1746.82
bel,1998,1748.15
bel,1999,1718.19
bel,2000,1691.34
bel,2001,1708.98
bel,2002,1711.72
bel,2003,1691.96
bel,2004,1670.16
bel,2005,1665.72
bel,2006,1671.4
bel,2007,1689.32
bel,2008,1702.65
bel,2009,1713.28
bel,2010,1703.73
bel,2011,1720.15
bel,2012,1736
bel,2013,1733.69
bel,2014,1713.5
bel,2015,1751.06
bel,2016,1773.17
ben,1990,66.54
ben,1991,67.96
ben,1992,70.36
ben,1993,72.01
ben,1994,75.12
ben,1995,79.02
ben,1996,82.16
ben,1997,83.39
ben,1998,85.32
ben,1999,87.65
ben,2000,90.97
ben,2001,93.67
ben,2002,96.33
ben,2003,98.99
ben,2004,102.64
ben,2005,105.91
ben,2006,109.65
ben,2007,113.29
ben,2008,118.2
ben,2009,124.91
ben,2010,130.96
ben,2011,136.83
ben,2012,142.17
ben,2013,147.32
ben,2014,152.21
ben,2015,157.79
ben,2016,164.61
bfa,1990,163.52
bfa,1991,165.36
bfa,1992,171.27
bfa,1993,174.39
bfa,1994,178.22
bfa,1995,182.59
bfa,1996,184.77
bfa,1997,190.87
bfa,1998,197.1
bfa,1999,197.61
bfa,2000,198.43
bfa,2001,197.08
bfa,2002,198.97
bfa,2003,203.91
bfa,2004,211
bfa,2005,216.44
bfa,2006,222.61
bfa,2007,226.45
bfa,2008,230.09
bfa,2009,236.35
bfa,2010,247.41
bfa,2011,256.55
bfa,2012,266.93
bfa,2013,276.62
bfa,2014,285.09
bfa,2015,293.34
bfa,2016,304.83
bgd,1990,1998.24
bgd,1991,1955.09
bgd,1992,2033.49
bgd,1993,2048.73
bgd,1994,2076.8
bgd,1995,2171.37
bgd,1996,2145.83
bgd,1997,2150.38
bgd,1998,2155.17
bgd,1999,2127.16
bgd,2000,2217.15
bgd,2001,2060.53
bgd,2002,2006.65
bgd,2003,1958.73
bgd,2004,1945.32
bgd,2005,1996.91
bgd,2006,2023.12
bgd,2007,2070.02
bgd,2008,2159.79
bgd,2009,2259.52
bgd,2010,2416.93
bgd,2011,2485.64
bgd,2012,2624.62
bgd,2013,2807.2
bgd,2014,3005.85
bgd,2015,3103.85
bgd,2016,3168.43
bgr,1990,1002.07
bgr,1991,1005.89
bgr,1992,1000.65
bgr,1993,997.6
bgr,1994,1025.58
bgr,1995,1055.73
bgr,1996,1102.18
bgr,1997,1132.18
bgr,1998,1117.62
bgr,1999,1130.37
bgr,2000,1148.97
bgr,2001,1144.18
bgr,2002,1148
bgr,2003,1146
bgr,2004,1168.31
bgr,2005,1216.75
bgr,2006,1240.87
bgr,2007,1257.89
bgr,2008,1260.9
bgr,2009,1246.01
bgr,2010,1237.41
bgr,2011,1208.37
bgr,2012,1203.06
bgr,2013,1206.19
bgr,2014,1206.59
bgr,2015,1219.8
bgr,2016,1233.34
bhr,1990,6.47
bhr,1991,6.99
bhr,1992,7.27
bhr,1993,7.55
bhr,1994,7.84
bhr,1995,8.28
bhr,1996,8.41
bhr,1997,8.54
bhr,1998,8.65
bhr,1999,9.07
bhr,2000,9.31
bhr,2001,9.75
bhr,2002,10.14
bhr,2003,10.48
bhr,2004,10.69
bhr,2005,11.03
bhr,2006,11.5
bhr,2007,11.93
bhr,2008,12.83
bhr,2009,13.91
bhr,2010,15.09
bhr,2011,16.01
bhr,2012,16.82
bhr,2013,17.29
bhr,2014,18.15
bhr,2015,18.54
bhr,2016,19.43
bhs,1990,10.92
bhs,1991,11.32
bhs,1992,11.76
bhs,1993,12.07
bhs,1994,12.53
bhs,1995,12.87
bhs,1996,13.06
bhs,1997,13.82
bhs,1998,14.28
bhs,1999,15.05
bhs,2000,15.34
bhs,2001,16.17
bhs,2002,17.5
bhs,2003,18.32
bhs,2004,18.58
bhs,2005,19.6
bhs,2006,20.34
bhs,2007,21.09
bhs,2008,22.4
bhs,2009,23
bhs,2010,24.84
bhs,2011,26.52
bhs,2012,28.09
bhs,2013,30.43
bhs,2014,31.01
bhs,2015,31.91
bhs,2016,33.4
bih,1990,303.61
bih,1991,306.76
bih,1992,308.55
bih,1993,306.73
bih,1994,306.99
bih,1995,309.94
bih,1996,312.56
bih,1997,319.53
bih,1998,331.12
bih,1999,337.81
bih,2000,348.64
bih,2001,363
bih,2002,382.19
bih,2003,405.74
bih,2004,424.38
bih,2005,440.62
bih,2006,454.34
bih,2007,465.72
bih,2008,474.41
bih,2009,480.8
bih,2010,489.48
bih,2011,497.95
bih,2012,508.45
bih,2013,521.83
bih,2014,541.89
bih,2015,538.92
bih,2016,534.9
blr,1990,1124.18
blr,1991,1180.04
blr,1992,1237.36
blr,1993,1304.51
blr,1994,1334.83
blr,1995,1385.3
blr,1996,1382.44
blr,1997,1408.3
blr,1998,1430
blr,1999,1423.8
blr,2000,1385.76
blr,2001,1397.62
blr,2002,1371.26
blr,2003,1327.44
blr,2004,1305.11
blr,2005,1279.6
blr,2006,1234.9
blr,2007,1195.51
blr,2008,1176.98
blr,2009,1058.99
blr,2010,1210.62
blr,2011,1251.88
blr,2012,1200.05
blr,2013,1223.07
blr,2014,1189.1
blr,2015,1171.19
blr,2016,1171.01
blz,1990,3.38
blz,1991,3.6
blz,1992,3.83
blz,1993,3.99
blz,1994,4.14
blz,1995,4.23
blz,1996,4.3
blz,1997,4.72
blz,1998,5.02
blz,1999,5.4
blz,2000,5.46
blz,2001,5.64
blz,2002,5.74
blz,2003,5.86
blz,2004,5.96
blz,2005,6.05
blz,2006,6.37
blz,2007,6.76
blz,2008,7.21
blz,2009,7.53
blz,2010,7.82
blz,2011,8.23
blz,2012,8.68
blz,2013,9.36
blz,2014,9.74
blz,2015,9.83
blz,2016,10.07
bmu,1990,7.35
bmu,1991,7.77
bmu,1992,8.2
bmu,1993,8.37
bmu,1994,8.37
bmu,1995,8.31
bmu,1996,8.39
bmu,1997,8.54
bmu,1998,8.7
bmu,1999,9.1
bmu,2000,9.17
bmu,2001,9.16
bmu,2002,9.3
bmu,2003,9.08
bmu,2004,9.02
bmu,2005,8.83
bmu,2006,8.66
bmu,2007,8.56
bmu,2008,8.56
bmu,2009,8.58
bmu,2010,8.43
bmu,2011,8.22
bmu,2012,7.91
bmu,2013,7.89
bmu,2014,7.92
bmu,2015,7.74
bmu,2016,7.87
bol,1990,217.8
bol,1991,223.58
bol,1992,230.24
bol,1993,237.36
bol,1994,242.23
bol,1995,247.02
bol,1996,249.56
bol,1997,254.49
bol,1998,257.44
bol,1999,262.94
bol,2000,267.26
bol,2001,272.43
bol,2002,283.99
bol,2003,293.84
bol,2004,308.57
bol,2005,325.07
bol,2006,339.01
bol,2007,357.55
bol,2008,372.52
bol,2009,385.53
bol,2010,397.58
bol,2011,408.71
bol,2012,421.38
bol,2013,435.39
bol,2014,451.79
bol,2015,468.77
bol,2016,484.44
bra,1990,3628.09
bra,1991,3724.05
bra,1992,3907.1
bra,1993,4095.78
bra,1994,4329.44
bra,1995,4589.99
bra,1996,4830.92
bra,1997,5068.12
bra,1998,5331.91
bra,1999,5604.88
bra,2000,5871.92
bra,2001,6083.26
bra,2002,6355.57
bra,2003,6632.23
bra,2004,6916.81
bra,2005,7186.74
bra,2006,7454.84
bra,2007,7725.47
bra,2008,7991.64
bra,2009,8284.09
bra,2010,8588.04
bra,2011,8847.75
bra,2012,9108.38
bra,2013,9396.38
bra,2014,9688.15
bra,2015,9943.45
bra,2016,10158.95
brb,1990,24.8
brb,1991,25.58
brb,1992,25.87
brb,1993,26.54
brb,1994,26.68
brb,1995,27.41
brb,1996,27.84
brb,1997,28.55
brb,1998,29.26
brb,1999,29.85
brb,2000,30.28
brb,2001,30.66
brb,2002,31.89
brb,2003,32.66
brb,2004,33.89
brb,2005,34.03
brb,2006,34.52
brb,2007,34.95
brb,2008,35.07
brb,2009,35.67
brb,2010,36.99
brb,2011,38.39
brb,2012,38.23
brb,2013,40.57
brb,2014,41.31
brb,2015,42.73
brb,2016,43.96
brn,1990,7.37
brn,1991,7.68
brn,1992,7.93
brn,1993,8.06
brn,1994,8.14
brn,1995,8.22
brn,1996,8.22
brn,1997,8.12
brn,1998,8.09
brn,1999,8.29
brn,2000,8.5
brn,2001,8.85
brn,2002,9.25
brn,2003,9.79
brn,2004,10.56
brn,2005,11.19
brn,2006,11.84
brn,2007,12.54
brn,2008,13.15
brn,2009,13.84
brn,2010,14.49
brn,2011,15.46
brn,2012,16.61
brn,2013,17.64
brn,2014,18.56
brn,2015,19.43
brn,2016,20.34
btn,1990,6.96
btn,1991,6.95
btn,1992,6.87
btn,1993,6.75
btn,1994,6.65
btn,1995,6.55
btn,1996,6.49
btn,1997,6.67
btn,1998,6.77
btn,1999,6.75
btn,2000,6.92
btn,2001,6.97
btn,2002,7.02
btn,2003,7.18
btn,2004,7.4
btn,2005,7.69
btn,2006,7.82
btn,2007,8
btn,2008,8.19
btn,2009,8.42
btn,2010,8.73
btn,2011,9
btn,2012,9.34
btn,2013,9.7
btn,2014,10.05
btn,2015,10.39
btn,2016,10.71
bwa,1990,17.93
bwa,1991,18.38
bwa,1992,18.86
bwa,1993,19.41
bwa,1994,20.19
bwa,1995,21.43
bwa,1996,22.78
bwa,1997,24.5
bwa,1998,26.84
bwa,1999,29.17
bwa,2000,31.77
bwa,2001,33.5
bwa,2002,35.04
bwa,2003,35.67
bwa,2004,35.51
bwa,2005,34.2
bwa,2006,33.46
bwa,2007,33.14
bwa,2008,33.27
bwa,2009,32.67
bwa,2010,32.74
bwa,2011,33.23
bwa,2012,35.14
bwa,2013,36.07
bwa,2014,37.77
bwa,2015,39.68
bwa,2016,41.9
caf,1990,69.72
caf,1991,71.16
caf,1992,71.47
caf,1993,77.46
caf,1994,80
caf,1995,82.14
caf,1996,85.05
caf,1997,86.57
caf,1998,89.08
caf,1999,91.57
caf,2000,93.17
caf,2001,94.82
caf,2002,97.18
caf,2003,99.09
caf,2004,101.07
caf,2005,103.36
caf,2006,105.38
caf,2007,106.6
caf,2008,107.74
caf,2009,109.68
caf,2010,113.3
caf,2011,115.27
caf,2012,116.11
caf,2013,117.69
caf,2014,118.49
caf,2015,119.8
caf,2016,121.34
can,1990,3266.96
can,1991,3289.59
can,1992,3315.22
can,1993,3383.33
can,1994,3429.2
can,1995,3470.83
can,1996,3512.19
can,1997,3564.4
can,1998,3641.98
can,1999,3687.34
can,2000,3749.77
can,2001,3819.48
can,2002,3897.77
can,2003,3965.76
can,2004,4022.41
can,2005,4045.35
can,2006,4069.64
can,2007,4120.42
can,2008,4143.31
can,2009,4159.95
can,2010,4203.91
can,2011,4266
can,2012,4317.14
can,2013,4390.14
can,2014,4478.7
can,2015,4591.35
can,2016,4658.94
che,1990,396.74
che,1991,410.04
che,1992,428.1
che,1993,454.72
che,1994,490.33
che,1995,578.91
che,1996,623.52
che,1997,667.01
che,1998,687.74
che,1999,704.56
che,2000,718.46
che,2001,730.67
che,2002,738.12
che,2003,739.73
che,2004,721.26
che,2005,717.67
che,2006,728.86
che,2007,733.98
che,2008,726.32
che,2009,734.27
che,2010,736.12
che,2011,738.18
che,2012,748.88
che,2013,744.12
che,2014,734.57
che,2015,743.24
che,2016,756.27
chl,1990,518.06
chl,1991,520.79
chl,1992,532.05
chl,1993,557.93
chl,1994,595.97
chl,1995,631.82
chl,1996,663.2
chl,1997,687.69
chl,1998,713.92
chl,1999,752.33
chl,2000,782.73
chl,2001,805.9
chl,2002,831.92
chl,2003,866.73
chl,2004,908.55
chl,2005,939.96
chl,2006,959.07
chl,2007,976.65
chl,2008,1003.58
chl,2009,1051.3
chl,2010,1104.73
chl,2011,1151.74
chl,2012,1200.78
chl,2013,1233.94
chl,2014,1255.11
chl,2015,1269.18
chl,2016,1299.86
chn,1990,36725.74
chn,1991,37744.3
chn,1992,38923.35
chn,1993,40149.4
chn,1994,41066.83
chn,1995,42077.62
chn,1996,42887.52
chn,1997,43980.53
chn,1998,45089.14
chn,1999,46430.36
chn,2000,47991.41
chn,2001,49868.67
chn,2002,51430.66
chn,2003,51560.59
chn,2004,51975.12
chn,2005,53183.18
chn,2006,54009.77
chn,2007,55056.66
chn,2008,56247.68
chn,2009,57184.7
chn,2010,57987.49
chn,2011,58606.22
chn,2012,59567.79
chn,2013,60339.2
chn,2014,62059.04
chn,2015,62413.39
chn,2016,62862.57
civ,1990,112.68
civ,1991,116.97
civ,1992,120.85
civ,1993,129.69
civ,1994,135.42
civ,1995,144.22
civ,1996,149.33
civ,1997,152.64
civ,1998,157.4
civ,1999,162.67
civ,2000,167.12
civ,2001,171.6
civ,2002,171.51
civ,2003,173.99
civ,2004,173.44
civ,2005,177.22
civ,2006,181.89
civ,2007,183.73
civ,2008,186.75
civ,2009,189.78
civ,2010,195.74
civ,2011,203.68
civ,2012,211.54
civ,2013,218.85
civ,2014,225.4
civ,2015,231.77
civ,2016,239.69
cmr,1990,198.89
cmr,1991,204.17
cmr,1992,210.51
cmr,1993,216.91
cmr,1994,226.12
cmr,1995,234.61
cmr,1996,241.51
cmr,1997,254.49
cmr,1998,265.67
cmr,1999,275.42
cmr,2000,287.78
cmr,2001,292.14
cmr,2002,298.54
cmr,2003,303.79
cmr,2004,311.08
cmr,2005,320.66
cmr,2006,324.85
cmr,2007,330.77
cmr,2008,336.31
cmr,2009,342.63
cmr,2010,353.39
cmr,2011,363.55
cmr,2012,373.36
cmr,2013,384.11
cmr,2014,393.91
cmr,2015,404.94
cmr,2016,418.13
cod,1990,544.99
cod,1991,565.37
cod,1992,583.05
cod,1993,594.77
cod,1994,615.28
cod,1995,641.27
cod,1996,693.48
cod,1997,653.32
cod,1998,670.15
cod,1999,670.86
cod,2000,687.41
cod,2001,723.65
cod,2002,734
cod,2003,766.91
cod,2004,776.82
cod,2005,789.75
cod,2006,816.74
cod,2007,847.88
cod,2008,877.65
cod,2009,900.05
cod,2010,923.63
cod,2011,955.09
cod,2012,994.8
cod,2013,1023.8
cod,2014,1057.47
cod,2015,1096.3
cod,2016,1134.37
cog,1990,63.85
cog,1991,63.92
cog,1992,63.97
cog,1993,66.75
cog,1994,72.46
cog,1995,76.22
cog,1996,80.43
cog,1997,82.13
cog,1998,81.77
cog,1999,83.55
cog,2000,83.58
cog,2001,81.72
cog,2002,80.75
cog,2003,83.61
cog,2004,86.63
cog,2005,90.23
cog,2006,92.51
cog,2007,95.48
cog,2008,98.62
cog,2009,100.03
cog,2010,102.86
cog,2011,104.59
cog,2012,106.67
cog,2013,109.61
cog,2014,112.53
cog,2015,116.1
cog,2016,119.6
col,1990,825.66
col,1991,867.32
col,1992,903.32
col,1993,945.15
col,1994,981.77
col,1995,1014
col,1996,1058.68
col,1997,1083.63
col,1998,1124.87
col,1999,1177.56
col,2000,1215.94
col,2001,1267.39
col,2002,1302.32
col,2003,1369.58
col,2004,1422.67
col,2005,1477.97
col,2006,1548.96
col,2007,1568.31
col,2008,1623.3
col,2009,1696.68
col,2010,1786.09
col,2011,1798.01
col,2012,1839.57
col,2013,1862.85
col,2014,1904.1
col,2015,1959.59
col,2016,2012.93
com,1990,8.51
com,1991,8.75
com,1992,9.02
com,1993,9.29
com,1994,9.61
com,1995,9.96
com,1996,10.23
com,1997,10.55
com,1998,10.74
com,1999,10.91
com,2000,11.12
com,2001,11.24
com,2002,11.27
com,2003,11.44
com,2004,11.43
com,2005,11.63
com,2006,11.9
com,2007,12.04
com,2008,12.58
com,2009,12.87
com,2010,13.38
com,2011,13.92
com,2012,14.41
com,2013,14.86
com,2014,15.33
com,2015,15.83
com,2016,16.39
cpv,1990,3.46
cpv,1991,3.62
cpv,1992,3.82
cpv,1993,4.09
cpv,1994,4.52
cpv,1995,5.24
cpv,1996,6.26
cpv,1997,7.23
cpv,1998,7.69
cpv,1999,7.81
cpv,2000,8
cpv,2001,8.17
cpv,2002,8.35
cpv,2003,8.68
cpv,2004,9.01
cpv,2005,9.31
cpv,2006,9.57
cpv,2007,9.81
cpv,2008,10.25
cpv,2009,10.75
cpv,2010,11.28
cpv,2011,11.68
cpv,2012,11.95
cpv,2013,12.32
cpv,2014,12.73
cpv,2015,13.18
cpv,2016,13.71
cri,1990,90.17
cri,1991,95.63
cri,1992,99.08
cri,1993,101.57
cri,1994,104.81
cri,1995,109.85
cri,1996,117.29
cri,1997,124.05
cri,1998,129.07
cri,1999,136.09
cri,2000,142.17
cri,2001,146.11
cri,2002,154.87
cri,2003,164.7
cri,2004,171.59
cri,2005,180.01
cri,2006,186.08
cri,2007,193.36
cri,2008,200.07
cri,2009,209.38
cri,2010,220.33
cri,2011,232.76
cri,2012,241.51
cri,2013,250.69
cri,2014,256.05
cri,2015,263.44
cri,2016,270.77
cub,1990,803.15
cub,1991,834.88
cub,1992,859.28
cub,1993,885.94
cub,1994,912.88
cub,1995,930.8
cub,1996,951.56
cub,1997,966.08
cub,1998,990.56
cub,1999,1008.62
cub,2000,1035.88
cub,2001,1055.87
cub,2002,1089.42
cub,2003,1113.81
cub,2004,1135.71
cub,2005,1170.85
cub,2006,1210.02
cub,2007,1241.46
cub,2008,1278.07
cub,2009,1312.89
cub,2010,1342.05
cub,2011,1374.4
cub,2012,1405.05
cub,2013,1432.6
cub,2014,1453.22
cub,2015,1472.95
cub,2016,1496.79
cyp,1990,38.96
cyp,1991,39.46
cyp,1992,40.04
cyp,1993,39.71
cyp,1994,41.75
cyp,1995,42.3
cyp,1996,41.15
cyp,1997,41.64
cyp,1998,41.56
cyp,1999,43.26
cyp,2000,45.29
cyp,2001,45.95
cyp,2002,48.46
cyp,2003,50.82
cyp,2004,53.3
cyp,2005,55.81
cyp,2006,56.41
cyp,2007,57.25
cyp,2008,59.89
cyp,2009,60.25
cyp,2010,61.29
cyp,2011,62.15
cyp,2012,61.04
cyp,2013,61.83
cyp,2014,65.48
cyp,2015,66.96
cyp,2016,68.45
cze,1990,2097.24
cze,1991,2118.15
cze,1992,2131
cze,1993,2151.11
cze,1994,2143.41
cze,1995,2136.29
cze,1996,2139.27
cze,1997,2123.81
cze,1998,2130.94
cze,1999,2142.17
cze,2000,2128.31
cze,2001,2132.78
cze,2002,2144.8
cze,2003,2130.27
cze,2004,2110.47
cze,2005,2070.22
cze,2006,2037.29
cze,2007,2013.97
cze,2008,1993.01
cze,2009,1988.9
cze,2010,1969.8
cze,2011,1938.36
cze,2012,1919.34
cze,2013,1892.58
cze,2014,1873.97
cze,2015,1858.04
cze,2016,1884.44
deu,1990,17130.25
deu,1991,17081.46
deu,1992,17013.87
deu,1993,17024.31
deu,1994,16887.95
deu,1995,16761.02
deu,1996,16592.76
deu,1997,16207.81
deu,1998,15907.96
deu,1999,15654.17
deu,2000,15459.54
deu,2001,15233.72
deu,2002,15020.15
deu,2003,14735.64
deu,2004,14428.47
deu,2005,14302.1
deu,2006,14133.19
deu,2007,13929.58
deu,2008,13805.17
deu,2009,13706.1
deu,2010,13644.28
deu,2011,13674.51
deu,2012,13698.38
deu,2013,13716.78
deu,2014,13682.58
deu,2015,13894.1
deu,2016,14102.29
dji,1990,7.68
dji,1991,8.09
dji,1992,8.49
dji,1993,8.88
dji,1994,9.3
dji,1995,9.71
dji,1996,10.13
dji,1997,10.54
dji,1998,10.93
dji,1999,11.28
dji,2000,11.62
dji,2001,11.95
dji,2002,12.34
dji,2003,12.85
dji,2004,13.4
dji,2005,13.95
dji,2006,14.49
dji,2007,15.17
dji,2008,15.85
dji,2009,16.43
dji,2010,17.01
dji,2011,17.57
dji,2012,18.24
dji,2013,18.95
dji,2014,19.69
dji,2015,20.46
dji,2016,21.18
dma,1990,2.86
dma,1991,3.02
dma,1992,3.1
dma,1993,3.15
dma,1994,3.23
dma,1995,3.3
dma,1996,3.31
dma,1997,3.32
dma,1998,3.26
dma,1999,3.36
dma,2000,3.26
dma,2001,3.29
dma,2002,3.43
dma,2003,3.53
dma,2004,3.52
dma,2005,3.55
dma,2006,3.7
dma,2007,3.82
dma,2008,3.94
dma,2009,4.07
dma,2010,4.22
dma,2011,4.44
dma,2012,4.53
dma,2013,4.88
dma,2014,5.06
dma,2015,4.96
dma,2016,5.03
dnk,1990,714.78
dnk,1991,736.23
dnk,1992,775.22
dnk,1993,839.52
dnk,1994,955.96
dnk,1995,1024.53
dnk,1996,1080.52
dnk,1997,1123.09
dnk,1998,1141.67
dnk,1999,1147.07
dnk,2000,1133.23
dnk,2001,1135.61
dnk,2002,1134.62
dnk,2003,1120.95
dnk,2004,1124.23
dnk,2005,1123.6
dnk,2006,1122.26
dnk,2007,1104.1
dnk,2008,1088.77
dnk,2009,1079.38
dnk,2010,1069.59
dnk,2011,1056.99
dnk,2012,1042.34
dnk,2013,1033.03
dnk,2014,1027.99
dnk,2015,1029.26
dnk,2016,1033.42
dom,1990,133.31
dom,1991,139.14
dom,1992,145.2
dom,1993,153.52
dom,1994,159.78
dom,1995,165.14
dom,1996,170.56
dom,1997,174.21
dom,1998,177.87
dom,1999,178.11
dom,2000,185.53
dom,2001,192.81
dom,2002,200.11
dom,2003,209.14
dom,2004,212.92
dom,2005,219.27
dom,2006,230.05
dom,2007,237.39
dom,2008,248.83
dom,2009,259.3
dom,2010,268.65
dom,2011,277.79
dom,2012,285.29
dom,2013,297.77
dom,2014,310.43
dom,2015,324.21
dom,2016,339.44
dza,1990,296.41
dza,1991,305.72
dza,1992,331.51
dza,1993,358.89
dza,1994,388.18
dza,1995,421.89
dza,1996,430.67
dza,1997,444.42
dza,1998,457.27
dza,1999,475.87
dza,2000,495.55
dza,2001,506.58
dza,2002,526.26
dza,2003,551.53
dza,2004,579.59
dza,2005,615.68
dza,2006,633.61
dza,2007,657.86
dza,2008,684.91
dza,2009,714.46
dza,2010,744.51
dza,2011,772.11
dza,2012,801.7
dza,2013,831.5
dza,2014,859.57
dza,2015,895.08
dza,2016,931.09
ecu,1990,193.42
ecu,1991,197.09
ecu,1992,207.04
ecu,1993,219.7
ecu,1994,229.59
ecu,1995,240.25
ecu,1996,241.15
ecu,1997,240.81
ecu,1998,248.55
ecu,1999,255.57
ecu,2000,273.53
ecu,2001,282.64
ecu,2002,295.48
ecu,2003,313.39
ecu,2004,329.39
ecu,2005,340.86
ecu,2006,357.26
ecu,2007,376.27
ecu,2008,395.43
ecu,2009,413.23
ecu,2010,438.85
ecu,2011,455.84
ecu,2012,465.75
ecu,2013,473.13
ecu,2014,488.59
ecu,2015,492.66
ecu,2016,501.43
egy,1990,646.61
egy,1991,666.98
egy,1992,674.71
egy,1993,706.42
egy,1994,732.45
egy,1995,743.79
egy,1996,780.66
egy,1997,810.69
egy,1998,823.12
egy,1999,835.25
egy,2000,839.33
egy,2001,885.7
egy,2002,912.15
egy,2003,941.13
egy,2004,964.02
egy,2005,994.12
egy,2006,1021.02
egy,2007,1034.07
egy,2008,1072.2
egy,2009,1120.91
egy,2010,1160.36
egy,2011,1151.34
egy,2012,1196.48
egy,2013,1177.5
egy,2014,1208.83
egy,2015,1230.62
egy,2016,1250.1
eri,1990,54.37
eri,1991,55.06
eri,1992,54.35
eri,1993,53.93
eri,1994,54.77
eri,1995,55.32
eri,1996,56.59
eri,1997,58.25
eri,1998,60.37
eri,1999,62.65
eri,2000,65.29
eri,2001,68.06
eri,2002,71.28
eri,2003,74.5
eri,2004,77.81
eri,2005,81.04
eri,2006,83.77
eri,2007,86.51
eri,2008,89.28
eri,2009,91.81
eri,2010,94.84
eri,2011,97.54
eri,2012,100.84
eri,2013,104.26
eri,2014,107.82
eri,2015,111.77
eri,2016,115.99
esp,1990,4174.75
esp,1991,4305.33
esp,1992,4411.81
esp,1993,4576.17
esp,1994,4712.9
esp,1995,4836.37
esp,1996,4976.41
esp,1997,5120.52
esp,1998,5283.3
esp,1999,5432.34
esp,2000,5525.41
esp,2001,5607.81
esp,2002,5721.82
esp,2003,5846.55
esp,2004,5901.96
esp,2005,5983.74
esp,2006,6034.18
esp,2007,6132.1
esp,2008,6201.52
esp,2009,6235.64
esp,2010,6294.44
esp,2011,6412.53
esp,2012,6508.8
esp,2013,6511.83
esp,2014,6522.69
esp,2015,6596.55
esp,2016,6698.77
est,1990,191.85
est,1991,204.36
est,1992,198.98
est,1993,212.02
est,1994,219.74
est,1995,209.03
est,1996,196.34
est,1997,197.51
est,1998,209.05
est,1999,209.03
est,2000,214.21
est,2001,218.83
est,2002,217.75
est,2003,216.03
est,2004,214.77
est,2005,217.52
est,2006,219.49
est,2007,221
est,2008,217.45
est,2009,214.49
est,2010,203.43
est,2011,210.28
est,2012,212.47
est,2013,219.29
est,2014,218.33
est,2015,217.7
est,2016,218.48
eth,1990,1222.21
eth,1991,1246.38
eth,1992,1276.19
eth,1993,1319.79
eth,1994,1377.88
eth,1995,1427.63
eth,1996,1450.95
eth,1997,1484.44
eth,1998,1516.68
eth,1999,1553.59
eth,2000,1582.52
eth,2001,1593.93
eth,2002,1599.55
eth,2003,1612.43
eth,2004,1646.59
eth,2005,1695.66
eth,2006,1744.67
eth,2007,1774.3
eth,2008,1792.27
eth,2009,1830.13
eth,2010,1904.21
eth,2011,1962.95
eth,2012,2024.46
eth,2013,2089.08
eth,2014,2181.37
eth,2015,2274.33
eth,2016,2363.08
fin,1990,528.21
fin,1991,544.64
fin,1992,555.98
fin,1993,568.07
fin,1994,569.09
fin,1995,573.57
fin,1996,581.86
fin,1997,586.81
fin,1998,586.9
fin,1999,591.24
fin,2000,587.39
fin,2001,583.48
fin,2002,583.52
fin,2003,588.97
fin,2004,582.16
fin,2005,582.33
fin,2006,588.29
fin,2007,593.94
fin,2008,601.76
fin,2009,612.41
fin,2010,621.48
fin,2011,627.37
fin,2012,632.18
fin,2013,628.63
fin,2014,618.71
fin,2015,620.82
fin,2016,612.61
fji,1990,11.22
fji,1991,11.63
fji,1992,11.98
fji,1993,12.32
fji,1994,12.63
fji,1995,12.92
fji,1996,13.35
fji,1997,13.76
fji,1998,13.86
fji,1999,14.63
fji,2000,14.84
fji,2001,15.03
fji,2002,15.3
fji,2003,16.11
fji,2004,16.96
fji,2005,18.17
fji,2006,18.96
fji,2007,19.48
fji,2008,20.45
fji,2009,21.8
fji,2010,22.73
fji,2011,24.03
fji,2012,25.53
fji,2013,26.29
fji,2014,27.26
fji,2015,28.28
fji,2016,29.32
fra,1990,9277.34
fra,1991,9377.99
fra,1992,9457.22
fra,1993,9541.47
fra,1994,9523.63
fra,1995,9620.97
fra,1996,9604.7
fra,1997,9437.95
fra,1998,9442.17
fra,1999,9468.37
fra,2000,9440.1
fra,2001,9466.48
fra,2002,9532.93
fra,2003,9682.44
fra,2004,9580.48
fra,2005,9633.43
fra,2006,9671.72
fra,2007,9702.5
fra,2008,9815.32
fra,2009,9814.81
fra,2010,9801.24
fra,2011,9849.48
fra,2012,9956.3
fra,2013,9945.92
fra,2014,9933.6
fra,2015,10074.66
fra,2016,10228.39
fsm,1990,2.04
fsm,1991,2.12
fsm,1992,2.2
fsm,1993,2.28
fsm,1994,2.37
fsm,1995,2.44
fsm,1996,2.48
fsm,1997,2.5
fsm,1998,2.52
fsm,1999,2.57
fsm,2000,2.6
fsm,2001,2.67
fsm,2002,2.76
fsm,2003,2.82
fsm,2004,2.88
fsm,2005,3.02
fsm,2006,3.08
fsm,2007,3.11
fsm,2008,3.12
fsm,2009,3.18
fsm,2010,3.25
fsm,2011,3.23
fsm,2012,3.24
fsm,2013,3.26
fsm,2014,3.38
fsm,2015,3.44
fsm,2016,3.45
gab,1990,36.22
gab,1991,37.1
gab,1992,37.66
gab,1993,38.91
gab,1994,41.22
gab,1995,42.45
gab,1996,44.87
gab,1997,45.85
gab,1998,47.45
gab,1999,49.82
gab,2000,51.52
gab,2001,53.89
gab,2002,53.65
gab,2003,55.77
gab,2004,57.32
gab,2005,56.39
gab,2006,57.2
gab,2007,55.67
gab,2008,56.47
gab,2009,56.12
gab,2010,54.62
gab,2011,55.37
gab,2012,55.24
gab,2013,54.71
gab,2014,55.21
gab,2015,55.98
gab,2016,56.69
gbr,1990,10243.82
gbr,1991,10205.06
gbr,1992,10133.79
gbr,1993,10061.47
gbr,1994,9890.23
gbr,1995,9782.51
gbr,1996,9643.81
gbr,1997,9476.22
gbr,1998,9308.86
gbr,1999,9177.41
gbr,2000,8962.41
gbr,2001,8936.45
gbr,2002,8921.28
gbr,2003,8870.83
gbr,2004,8759.38
gbr,2005,8708.43
gbr,2006,8654.63
gbr,2007,8631.35
gbr,2008,8592.6
gbr,2009,8506.27
gbr,2010,8531.61
gbr,2011,8590.8
gbr,2012,8754.22
gbr,2013,8856.44
gbr,2014,8938.02
gbr,2015,8994.69
gbr,2016,9045.51
geo,1990,249.01
geo,1991,237.28
geo,1992,221.97
geo,1993,212.3
geo,1994,194.84
geo,1995,185.42
geo,1996,176.8
geo,1997,176.75
geo,1998,181.06
geo,1999,182.27
geo,2000,192.7
geo,2001,199.08
geo,2002,206.81
geo,2003,223.84
geo,2004,238.41
geo,2005,221.83
geo,2006,212.14
geo,2007,206.23
geo,2008,211.67
geo,2009,220.17
geo,2010,224.82
geo,2011,229.65
geo,2012,241.09
geo,2013,235.54
geo,2014,239.04
geo,2015,230.37
geo,2016,225.6
gha,1990,144.3
gha,1991,151.22
gha,1992,159.07
gha,1993,161.06
gha,1994,167.99
gha,1995,178.08
gha,1996,185.6
gha,1997,194.51
gha,1998,196.74
gha,1999,202.29
gha,2000,210.01
gha,2001,222.93
gha,2002,233.33
gha,2003,244.22
gha,2004,254.95
gha,2005,268.45
gha,2006,281.17
gha,2007,298.15
gha,2008,313.2
gha,2009,329.94
gha,2010,347.36
gha,2011,356.22
gha,2012,365.38
gha,2013,369.06
gha,2014,373.06
gha,2015,379.12
gha,2016,387.47
gin,1990,77.55
gin,1991,82.3
gin,1992,87.3
gin,1993,92.74
gin,1994,99.56
gin,1995,104.11
gin,1996,106.04
gin,1997,107.59
gin,1998,110.51
gin,1999,112.34
gin,2000,112.87
gin,2001,114.81
gin,2002,116.77
gin,2003,115.99
gin,2004,116.67
gin,2005,117.37
gin,2006,121.38
gin,2007,124.51
gin,2008,127.49
gin,2009,131.74
gin,2010,135.92
gin,2011,139.74
gin,2012,143.77
gin,2013,148
gin,2014,152.1
gin,2015,156.95
gin,2016,162.25
gmb,1990,7.33
gmb,1991,7.71
gmb,1992,8.07
gmb,1993,8.46
gmb,1994,8.93
gmb,1995,9.43
gmb,1996,9.83
gmb,1997,10.31
gmb,1998,10.54
gmb,1999,10.7
gmb,2000,10.66
gmb,2001,10.69
gmb,2002,11.03
gmb,2003,10.75
gmb,2004,10.96
gmb,2005,11.17
gmb,2006,11.49
gmb,2007,11.95
gmb,2008,12.22
gmb,2009,12.84
gmb,2010,13.15
gmb,2011,13.44
gmb,2012,14.1
gmb,2013,14.64
gmb,2014,15.23
gmb,2015,15.87
gmb,2016,16.5
gnb,1990,22.59
gnb,1991,23.18
gnb,1992,23.83
gnb,1993,24.47
gnb,1994,25.15
gnb,1995,26.01
gnb,1996,26.57
gnb,1997,27.18
gnb,1998,27.85
gnb,1999,28.45
gnb,2000,28.91
gnb,2001,28.75
gnb,2002,29.25
gnb,2003,29.49
gnb,2004,30.29
gnb,2005,30.29
gnb,2006,31.2
gnb,2007,32.15
gnb,2008,32.86
gnb,2009,34
gnb,2010,34.72
gnb,2011,35.12
gnb,2012,36.18
gnb,2013,37.15
gnb,2014,38.06
gnb,2015,39.1
gnb,2016,40.3
gnq,1990,9.53
gnq,1991,9.67
gnq,1992,9.77
gnq,1993,10.07
gnq,1994,10.38
gnq,1995,10.61
gnq,1996,11.17
gnq,1997,11.21
gnq,1998,11.37
gnq,1999,11.59
gnq,2000,11.75
gnq,2001,11.72
gnq,2002,11.6
gnq,2003,11.83
gnq,2004,11.95
gnq,2005,12.3
gnq,2006,12.93
gnq,2007,13.23
gnq,2008,13.49
gnq,2009,13.94
gnq,2010,14.04
gnq,2011,14
gnq,2012,14.06
gnq,2013,14.25
gnq,2014,14.79
gnq,2015,15.27
gnq,2016,15.93
grc,1990,840.54
grc,1991,875.1
grc,1992,907.7
grc,1993,930.86
grc,1994,961.06
grc,1995,982.19
grc,1996,1017.11
grc,1997,1050.75
grc,1998,1098.43
grc,1999,1145.73
grc,2000,1143.14
grc,2001,1153.91
grc,2002,1169.73
grc,2003,1192.85
grc,2004,1208.31
grc,2005,1221.42
grc,2006,1212.76
grc,2007,1208.76
grc,2008,1238.34
grc,2009,1230.19
grc,2010,1249.85
grc,2011,1277.75
grc,2012,1304.95
grc,2013,1323.86
grc,2014,1356.37
grc,2015,1370.13
grc,2016,1390.64
grd,1990,4.68
grd,1991,4.71
grd,1992,4.77
grd,1993,4.9
grd,1994,5.02
grd,1995,5.18
grd,1996,5.33
grd,1997,5.4
grd,1998,5.51
grd,1999,5.62
grd,2000,5.82
grd,2001,6
grd,2002,6.33
grd,2003,6.58
grd,2004,6.72
grd,2005,6.79
grd,2006,6.94
grd,2007,7.1
grd,2008,7.15
grd,2009,7.22
grd,2010,7.39
grd,2011,7.62
grd,2012,7.85
grd,2013,8.19
grd,2014,8.47
grd,2015,8.49
grd,2016,8.31
grl,1990,6.13
grl,1991,6.13
grl,1992,6.08
grl,1993,6.03
grl,1994,6.04
grl,1995,6.22
grl,1996,6.66
grl,1997,6.86
grl,1998,6.83
grl,1999,6.81
grl,2000,6.75
grl,2001,6.88
grl,2002,6.86
grl,2003,6.91
grl,2004,6.99
grl,2005,7.06
grl,2006,6.9
grl,2007,6.83
grl,2008,7
grl,2009,7.18
grl,2010,6.98
grl,2011,6.56
grl,2012,6.16
grl,2013,6.08
grl,2014,6.16
grl,2015,6.39
grl,2016,6.69
gtm,1990,90.86
gtm,1991,97.12
gtm,1992,102.5
gtm,1993,108.12
gtm,1994,117.58
gtm,1995,121.5
gtm,1996,128.02
gtm,1997,134.73
gtm,1998,147.64
gtm,1999,157.87
gtm,2000,168.07
gtm,2001,176
gtm,2002,186.38
gtm,2003,196.38
gtm,2004,203.08
gtm,2005,210.78
gtm,2006,217.39
gtm,2007,223.15
gtm,2008,233.05
gtm,2009,245.86
gtm,2010,255.85
gtm,2011,266.84
gtm,2012,274.92
gtm,2013,282.99
gtm,2014,289.69
gtm,2015,298.42
gtm,2016,306.64
gum,1990,2.96
gum,1991,3.14
gum,1992,3.29
gum,1993,3.43
gum,1994,3.55
gum,1995,3.58
gum,1996,3.9
gum,1997,4.15
gum,1998,4.74
gum,1999,5.01
gum,2000,5.11
gum,2001,5.1
gum,2002,5.22
gum,2003,5.47
gum,2004,5.76
gum,2005,6.16
gum,2006,6.49
gum,2007,6.75
gum,2008,7.04
gum,2009,7.45
gum,2010,7.61
gum,2011,7.97
gum,2012,8.3
gum,2013,8.63
gum,2014,8.97
gum,2015,9.3
gum,2016,9.59
guy,1990,16.94
guy,1991,17.6
guy,1992,18.18
guy,1993,18.69
guy,1994,19.54
guy,1995,20.49
guy,1996,20.17
guy,1997,20.33
guy,1998,19.74
guy,1999,20.04
guy,2000,20.45
guy,2001,20.3
guy,2002,21.11
guy,2003,22.15
guy,2004,23.02
guy,2005,23.65
guy,2006,24.5
guy,2007,25.75
guy,2008,26.2
guy,2009,26.73
guy,2010,27.48
guy,2011,28.12
guy,2012,28.14
guy,2013,28.66
guy,2014,29
guy,2015,29.38
guy,2016,28.39
hnd,1990,95.88
hnd,1991,97.99
hnd,1992,101.51
hnd,1993,103.95
hnd,1994,106.93
hnd,1995,112.08
hnd,1996,116.22
hnd,1997,120.4
hnd,1998,125.1
hnd,1999,129.84
hnd,2000,134.41
hnd,2001,138.89
hnd,2002,143.52
hnd,2003,149.03
hnd,2004,154.37
hnd,2005,159.78
hnd,2006,165.11
hnd,2007,170.47
hnd,2008,176.35
hnd,2009,182.49
hnd,2010,188.85
hnd,2011,194.9
hnd,2012,201.35
hnd,2013,207.97
hnd,2014,214.93
hnd,2015,222.26
hnd,2016,229.48
hrv,1990,731.79
hrv,1991,729.05
hrv,1992,723.75
hrv,1993,712.16
hrv,1994,707.7
hrv,1995,697.75
hrv,1996,718.69
hrv,1997,730.72
hrv,1998,743.83
hrv,1999,759.76
hrv,2000,773.18
hrv,2001,762.39
hrv,2002,766.71
hrv,2003,781.55
hrv,2004,799.78
hrv,2005,829.43
hrv,2006,843.38
hrv,2007,857.97
hrv,2008,879.33
hrv,2009,885.26
hrv,2010,899.36
hrv,2011,923.09
hrv,2012,933.72
hrv,2013,938.36
hrv,2014,938.15
hrv,2015,933.11
hrv,2016,936.26
hti,1990,294.89
hti,1991,300.01
hti,1992,303.29
hti,1993,312.1
hti,1994,322.13
hti,1995,325.81
hti,1996,328.48
hti,1997,331.85
hti,1998,337.4
hti,1999,349.46
hti,2000,357.93
hti,2001,367.4
hti,2002,373.88
hti,2003,384.71
hti,2004,395.2
hti,2005,405.97
hti,2006,416.49
hti,2007,425.26
hti,2008,436.06
hti,2009,447.45
hti,2010,459.93
hti,2011,473.38
hti,2012,486.58
hti,2013,498.51
hti,2014,511.14
hti,2015,525.2
hti,2016,541.27
hun,1990,2176.57
hun,1991,2223.94
hun,1992,2255.84
hun,1993,2279.62
hun,1994,2313.98
hun,1995,2339.24
hun,1996,2367.83
hun,1997,2369.43
hun,1998,2392.11
hun,1999,2421.18
hun,2000,2445.76
hun,2001,2433.79
hun,2002,2423.2
hun,2003,2439.64
hun,2004,2450.45
hun,2005,2465.03
hun,2006,2476.7
hun,2007,2467.68
hun,2008,2468.41
hun,2009,2464.49
hun,2010,2466.89
hun,2011,2438.5
hun,2012,2428.5
hun,2013,2416.08
hun,2014,2422.25
hun,2015,2443.52
hun,2016,2462.69
idn,1990,3385.75
idn,1991,3489.31
idn,1992,3614.78
idn,1993,3803.16
idn,1994,3948.63
idn,1995,4122.95
idn,1996,4303.61
idn,1997,4469.07
idn,1998,4629.96
idn,1999,4700.29
idn,2000,4763.2
idn,2001,4785.19
idn,2002,4806.15
idn,2003,4862.73
idn,2004,4912.28
idn,2005,4984.78
idn,2006,5082.75
idn,2007,5152.96
idn,2008,5099.76
idn,2009,5069.96
idn,2010,5065.8
idn,2011,5157
idn,2012,5174.05
idn,2013,5214.01
idn,2014,5265.24
idn,2015,5408.39
idn,2016,5548.5
ind,1990,11937.35
ind,1991,12275.79
ind,1992,12663.38
ind,1993,12965.77
ind,1994,13355.82
ind,1995,13739.49
ind,1996,14225.42
ind,1997,14761.74
ind,1998,15208.64
ind,1999,15658.14
ind,2000,16171.7
ind,2001,16607.8
ind,2002,17076.24
ind,2003,17558.34
ind,2004,18179.29
ind,2005,18919.29
ind,2006,19414.87
ind,2007,20021.79
ind,2008,20727.85
ind,2009,21344.86
ind,2010,22122.97
ind,2011,22829.94
ind,2012,23436.27
ind,2013,24434.52
ind,2014,25527.5
ind,2015,26546.17
ind,2016,27210.39
irl,1990,453.57
irl,1991,446.13
irl,1992,451.2
irl,1993,444.01
irl,1994,448.09
irl,1995,447.14
irl,1996,440.03
irl,1997,446.68
irl,1998,443.11
irl,1999,449.1
irl,2000,448.13
irl,2001,437.85
irl,2002,429.85
irl,2003,433.02
irl,2004,436.62
irl,2005,436.59
irl,2006,438
irl,2007,430.04
irl,2008,441.39
irl,2009,444.01
irl,2010,439.17
irl,2011,443.26
irl,2012,443.65
irl,2013,444.77
irl,2014,445.68
irl,2015,453.31
irl,2016,461.03
irn,1990,431.96
irn,1991,458.72
irn,1992,478.24
irn,1993,501.88
irn,1994,525.81
irn,1995,551.57
irn,1996,578.12
irn,1997,608.87
irn,1998,641.75
irn,1999,678.87
irn,2000,720.81
irn,2001,756.73
irn,2002,796.76
irn,2003,832.46
irn,2004,868.24
irn,2005,908.97
irn,2006,954.51
irn,2007,1013.87
irn,2008,1074.47
irn,2009,1133.42
irn,2010,1200.31
irn,2011,1249.28
irn,2012,1343.78
irn,2013,1440.99
irn,2014,1511.66
irn,2015,1529.51
irn,2016,1543.1
irq,1990,249.95
irq,1991,258.7
irq,1992,267.95
irq,1993,277.99
irq,1994,286.51
irq,1995,299.18
irq,1996,312.99
irq,1997,324.88
irq,1998,330.14
irq,1999,337.89
irq,2000,352.02
irq,2001,356.38
irq,2002,370.94
irq,2003,383.55
irq,2004,392.55
irq,2005,400.12
irq,2006,406.3
irq,2007,410.63
irq,2008,429.86
irq,2009,427.74
irq,2010,440.32
irq,2011,452.58
irq,2012,460.83
irq,2013,472.66
irq,2014,487.49
irq,2015,503.41
irq,2016,520.05
isl,1990,21.51
isl,1991,21.78
isl,1992,22
isl,1993,22.95
isl,1994,23.48
isl,1995,24.24
isl,1996,24.33
isl,1997,24.85
isl,1998,25.21
isl,1999,25.2
isl,2000,25.21
isl,2001,25.43
isl,2002,25.82
isl,2003,25.98
isl,2004,25.99
isl,2005,26.09
isl,2006,26.44
isl,2007,26.59
isl,2008,26.56
isl,2009,26.51
isl,2010,26.8
isl,2011,27.79
isl,2012,28.26
isl,2013,29.37
isl,2014,30.49
isl,2015,31.03
isl,2016,31.77
isr,1990,449.44
isr,1991,483.96
isr,1992,522.93
isr,1993,556.85
isr,1994,603.41
isr,1995,636.59
isr,1996,667.38
isr,1997,682.86
isr,1998,690.55
isr,1999,704.16
isr,2000,714.75
isr,2001,717.58
isr,2002,712.01
isr,2003,715.49
isr,2004,712.51
isr,2005,724.85
isr,2006,730.67
isr,2007,732.76
isr,2008,733.47
isr,2009,741.52
isr,2010,740.67
isr,2011,730.81
isr,2012,728.72
isr,2013,736.77
isr,2014,742.58
isr,2015,768.98
isr,2016,790.15
ita,1990,7445.39
ita,1991,7565.56
ita,1992,7652.13
ita,1993,7764.73
ita,1994,7859.29
ita,1995,7932.9
ita,1996,8046.78
ita,1997,8076.06
ita,1998,8135.43
ita,1999,8162.77
ita,2000,8231.36
ita,2001,8298.84
ita,2002,8386.63
ita,2003,8545.23
ita,2004,8507.54
ita,2005,8761.14
ita,2006,9094.35
ita,2007,9309.32
ita,2008,9434.56
ita,2009,9505.32
ita,2010,9486.38
ita,2011,9540.5
ita,2012,9630.93
ita,2013,9661.75
ita,2014,9785.79
ita,2015,9915.87
ita,2016,10044.24
jam,1990,115.37
jam,1991,118.38
jam,1992,123.04
jam,1993,127.29
jam,1994,132.03
jam,1995,137.51
jam,1996,143.82
jam,1997,149.64
jam,1998,152.2
jam,1999,152.21
jam,2000,160.04
jam,2001,164.51
jam,2002,166.34
jam,2003,168.6
jam,2004,171.15
jam,2005,172.25
jam,2006,174.54
jam,2007,181.64
jam,2008,188.86
jam,2009,195.46
jam,2010,199.27
jam,2011,203.16
jam,2012,206.46
jam,2013,210.36
jam,2014,214.44
jam,2015,219
jam,2016,223.74
jor,1990,70.15
jor,1991,72.94
jor,1992,74.21
jor,1993,80.1
jor,1994,83.71
jor,1995,89.24
jor,1996,94.2
jor,1997,96.58
jor,1998,99.39
jor,1999,102.88
jor,2000,106.7
jor,2001,110.71
jor,2002,115.98
jor,2003,121.82
jor,2004,130.86
jor,2005,136.1
jor,2006,140.95
jor,2007,145.54
jor,2008,150.98
jor,2009,157.12
jor,2010,162.23
jor,2011,167.74
jor,2012,175.14
jor,2013,180.98
jor,2014,187.52
jor,2015,194.16
jor,2016,200.97
jpn,1990,12250.86
jpn,1991,12692.23
jpn,1992,13200.27
jpn,1993,13686.89
jpn,1994,14142.42
jpn,1995,14671.49
jpn,1996,15163.96
jpn,1997,15652.01
jpn,1998,16159.26
jpn,1999,16650.78
jpn,2000,16902.38
jpn,2001,17277.59
jpn,2002,17667.79
jpn,2003,18146.84
jpn,2004,18581.15
jpn,2005,19110.96
jpn,2006,19466.11
jpn,2007,19827.59
jpn,2008,20190.25
jpn,2009,20434.05
jpn,2010,20824.59
jpn,2011,21079.93
jpn,2012,21847.62
jpn,2013,22202.6
jpn,2014,22097.83
jpn,2015,22356.9
jpn,2016,22629.87
kaz,1990,891.13
kaz,1991,900.75
kaz,1992,919.18
kaz,1993,936.53
kaz,1994,962.22
kaz,1995,980.61
kaz,1996,979.86
kaz,1997,971.86
kaz,1998,952.79
kaz,1999,942.2
kaz,2000,934.34
kaz,2001,926.59
kaz,2002,925.45
kaz,2003,944.25
kaz,2004,984.95
kaz,2005,1021.63
kaz,2006,1041.74
kaz,2007,1037.86
kaz,2008,1016.11
kaz,2009,994.14
kaz,2010,996.17
kaz,2011,995.91
kaz,2012,990.52
kaz,2013,957.99
kaz,2014,932.65
kaz,2015,917.23
kaz,2016,941.48
ken,1990,231.13
ken,1991,241.63
ken,1992,256.17
ken,1993,269.46
ken,1994,285.31
ken,1995,297.09
ken,1996,304.66
ken,1997,322.18
ken,1998,334.8
ken,1999,337.5
ken,2000,350.62
ken,2001,343.23
ken,2002,347.51
ken,2003,354.32
ken,2004,353.83
ken,2005,354.99
ken,2006,357.01
ken,2007,365.27
ken,2008,374.89
ken,2009,385.13
ken,2010,397.56
ken,2011,412.38
ken,2012,424.18
ken,2013,437.89
ken,2014,454.08
ken,2015,471.49
ken,2016,501.85
kgz,1990,148.89
kgz,1991,149.22
kgz,1992,148.39
kgz,1993,149.19
kgz,1994,144.62
kgz,1995,140.09
kgz,1996,138.61
kgz,1997,134.92
kgz,1998,132.6
kgz,1999,131.95
kgz,2000,130.09
kgz,2001,126.75
kgz,2002,129.85
kgz,2003,128.9
kgz,2004,128.66
kgz,2005,129.04
kgz,2006,128.75
kgz,2007,127.38
kgz,2008,124.32
kgz,2009,122.24
kgz,2010,120.92
kgz,2011,120.93
kgz,2012,119.98
kgz,2013,119.71
kgz,2014,120.73
kgz,2015,124.59
kgz,2016,126.41
khm,1990,242.9
khm,1991,251.92
khm,1992,262.37
khm,1993,277
khm,1994,293.24
khm,1995,308.44
khm,1996,319.49
khm,1997,329.8
khm,1998,342.97
khm,1999,356.4
khm,2000,370.34
khm,2001,383.12
khm,2002,395.67
khm,2003,408
khm,2004,420.67
khm,2005,431.47
khm,2006,439.13
khm,2007,447.5
khm,2008,458.9
khm,2009,472.43
khm,2010,489.52
khm,2011,500.61
khm,2012,513.47
khm,2013,527.49
khm,2014,543.65
khm,2015,562.14
khm,2016,580.93
kir,1990,1.02
kir,1991,1.05
kir,1992,1.06
kir,1993,1.09
kir,1994,1.11
kir,1995,1.14
kir,1996,1.16
kir,1997,1.19
kir,1998,1.23
kir,1999,1.28
kir,2000,1.31
kir,2001,1.34
kir,2002,1.38
kir,2003,1.42
kir,2004,1.48
kir,2005,1.52
kir,2006,1.57
kir,2007,1.62
kir,2008,1.66
kir,2009,1.7
kir,2010,1.75
kir,2011,1.8
kir,2012,1.86
kir,2013,1.92
kir,2014,1.98
kir,2015,2.04
kir,2016,2.11
kor,1990,1415.03
kor,1991,1549.3
kor,1992,1680.76
kor,1993,1807.72
kor,1994,1920.36
kor,1995,1998.69
kor,1996,2077.72
kor,1997,2169.99
kor,1998,2295.27
kor,1999,2429.46
kor,2000,2530.89
kor,2001,2638.2
kor,2002,2792.15
kor,2003,2922.92
kor,2004,3052.43
kor,2005,3165.42
kor,2006,3275.65
kor,2007,3370.29
kor,2008,3494.86
kor,2009,3619.41
kor,2010,3746.18
kor,2011,3810.66
kor,2012,3924.81
kor,2013,4061.32
kor,2014,4204
kor,2015,4366.55
kor,2016,4536.08
kwt,1990,16.19
kwt,1991,14.42
kwt,1992,13.19
kwt,1993,12.68
kwt,1994,13.5
kwt,1995,13.68
kwt,1996,13.44
kwt,1997,14.49
kwt,1998,16.91
kwt,1999,16.89
kwt,2000,20.36
kwt,2001,21.73
kwt,2002,23.38
kwt,2003,24.16
kwt,2004,25.01
kwt,2005,27.41
kwt,2006,29.83
kwt,2007,33.17
kwt,2008,34.78
kwt,2009,37.28
kwt,2010,39.01
kwt,2011,38.35
kwt,2012,38.9
kwt,2013,38.79
kwt,2014,42.11
kwt,2015,46.41
kwt,2016,51.4
lao,1990,111.65
lao,1991,114.78
lao,1992,118.29
lao,1993,122.28
lao,1994,126.48
lao,1995,130.96
lao,1996,135.32
lao,1997,140.01
lao,1998,143.46
lao,1999,146.63
lao,2000,148.54
lao,2001,151.95
lao,2002,151.46
lao,2003,152.46
lao,2004,154.01
lao,2005,157.5
lao,2006,159.24
lao,2007,161.27
lao,2008,164
lao,2009,166.9
lao,2010,169.3
lao,2011,170.21
lao,2012,173.28
lao,2013,176.3
lao,2014,179.63
lao,2015,183.08
lao,2016,186.98
lbn,1990,124.06
lbn,1991,124.73
lbn,1992,128.53
lbn,1993,132.98
lbn,1994,133.61
lbn,1995,138.09
lbn,1996,137.03
lbn,1997,137.04
lbn,1998,138.06
lbn,1999,141.48
lbn,2000,152.4
lbn,2001,158.54
lbn,2002,165.61
lbn,2003,175.67
lbn,2004,182.62
lbn,2005,189.03
lbn,2006,196.11
lbn,2007,196.11
lbn,2008,200.7
lbn,2009,204.17
lbn,2010,209.46
lbn,2011,217.99
lbn,2012,227.47
lbn,2013,242.2
lbn,2014,256.95
lbn,2015,269.51
lbn,2016,283.43
lbr,1990,25.31
lbr,1991,25.26
lbr,1992,25.05
lbr,1993,24.66
lbr,1994,25.36
lbr,1995,25.88
lbr,1996,27.75
lbr,1997,29.55
lbr,1998,31.55
lbr,1999,33.59
lbr,2000,36.5
lbr,2001,37.75
lbr,2002,39.94
lbr,2003,40.1
lbr,2004,41.65
lbr,2005,43.06
lbr,2006,45.24
lbr,2007,48.23
lbr,2008,51.25
lbr,2009,54.31
lbr,2010,57.25
lbr,2011,59.76
lbr,2012,62.09
lbr,2013,64.47
lbr,2014,66.66
lbr,2015,69.04
lbr,2016,71.75
lby,1990,93.44
lby,1991,97.51
lby,1992,101.99
lby,1993,106.93
lby,1994,111.65
lby,1995,116.75
lby,1996,120.68
lby,1997,126.88
lby,1998,132.88
lby,1999,139.16
lby,2000,146.12
lby,2001,150.6
lby,2002,155.63
lby,2003,160.63
lby,2004,165.52
lby,2005,170
lby,2006,173.92
lby,2007,182.11
lby,2008,187.58
lby,2009,192.71
lby,2010,197.65
lby,2011,205.59
lby,2012,211.78
lby,2013,217.85
lby,2014,224.73
lby,2015,232.64
lby,2016,240.94
lca,1990,4.74
lca,1991,4.93
lca,1992,5.14
lca,1993,5.14
lca,1994,5.21
lca,1995,5.24
lca,1996,5.25
lca,1997,5.29
lca,1998,5.27
lca,1999,5.47
lca,2000,5.61
lca,2001,5.82
lca,2002,5.96
lca,2003,6.12
lca,2004,6.25
lca,2005,6.17
lca,2006,6.45
lca,2007,6.7
lca,2008,6.91
lca,2009,7.03
lca,2010,7.22
lca,2011,7.36
lca,2012,7.7
lca,2013,8.09
lca,2014,8.68
lca,2015,8.67
lca,2016,8.81
lka,1990,212.12
lka,1991,220.98
lka,1992,232.74
lka,1993,249.78
lka,1994,266.13
lka,1995,280.79
lka,1996,293.83
lka,1997,306.81
lka,1998,318.7
lka,1999,329.69
lka,2000,338.94
lka,2001,347.66
lka,2002,357.05
lka,2003,368.22
lka,2004,380.6
lka,2005,393.11
lka,2006,404.92
lka,2007,418.82
lka,2008,431.14
lka,2009,441.23
lka,2010,449.21
lka,2011,458.73
lka,2012,468.25
lka,2013,478.57
lka,2014,489.12
lka,2015,501.79
lka,2016,514.64
lso,1990,26.82
lso,1991,27.04
lso,1992,27.79
lso,1993,28.58
lso,1994,29.63
lso,1995,29.92
lso,1996,29.91
lso,1997,30.04
lso,1998,32.91
lso,1999,34.83
lso,2000,40.32
lso,2001,40.57
lso,2002,42.29
lso,2003,45.95
lso,2004,46.53
lso,2005,47.67
lso,2006,47.54
lso,2007,48.63
lso,2008,51.61
lso,2009,52.01
lso,2010,53.87
lso,2011,53.07
lso,2012,53.71
lso,2013,54.58
lso,2014,54.26
lso,2015,53.87
lso,2016,53.23
ltu,1990,365.64
ltu,1991,390.49
ltu,1992,386.09
ltu,1993,417.96
ltu,1994,433.76
ltu,1995,437
ltu,1996,422.07
ltu,1997,409.51
ltu,1998,426.93
ltu,1999,425.2
ltu,2000,423.76
ltu,2001,447.99
ltu,2002,442
ltu,2003,461.78
ltu,2004,460.74
ltu,2005,485.74
ltu,2006,499.21
ltu,2007,514.56
ltu,2008,523.31
ltu,2009,477.32
ltu,2010,482.39
ltu,2011,481.57
ltu,2012,469.27
ltu,2013,465.87
ltu,2014,441.32
ltu,2015,448.53
ltu,2016,448.93
lux,1990,69.03
lux,1991,69.57
lux,1992,70.2
lux,1993,70.11
lux,1994,70.31
lux,1995,68.53
lux,1996,67.53
lux,1997,69.53
lux,1998,68.81
lux,1999,67.63
lux,2000,65.45
lux,2001,65.42
lux,2002,65.83
lux,2003,67.23
lux,2004,64.61
lux,2005,64.47
lux,2006,64.28
lux,2007,63.81
lux,2008,63.6
lux,2009,65.25
lux,2010,65.89
lux,2011,67.84
lux,2012,68.72
lux,2013,67.99
lux,2014,68.6
lux,2015,71.07
lux,2016,72.91
lva,1990,334.79
lva,1991,331.35
lva,1992,340.66
lva,1993,359.33
lva,1994,382.79
lva,1995,372.19
lva,1996,346.8
lva,1997,350.02
lva,1998,369.57
lva,1999,357.01
lva,2000,344.94
lva,2001,368.4
lva,2002,362.94
lva,2003,381.98
lva,2004,378.99
lva,2005,382.38
lva,2006,403.94
lva,2007,400.27
lva,2008,382.92
lva,2009,378.57
lva,2010,372.03
lva,2011,370.84
lva,2012,364.15
lva,2013,371.1
lva,2014,356.27
lva,2015,354.72
lva,2016,354.41
mar,1990,401.82
mar,1991,420.56
mar,1992,441.12
mar,1993,462.14
mar,1994,480.49
mar,1995,495.23
mar,1996,507.57
mar,1997,526.29
mar,1998,537.51
mar,1999,558.31
mar,2000,574.41
mar,2001,590.74
mar,2002,617.07
mar,2003,637.66
mar,2004,658.84
mar,2005,681.51
mar,2006,701.7
mar,2007,722.66
mar,2008,744.07
mar,2009,766.58
mar,2010,790.96
mar,2011,813.24
mar,2012,838.72
mar,2013,863.47
mar,2014,889.28
mar,2015,916.26
mar,2016,941.9
mda,1990,367.86
mda,1991,395.61
mda,1992,370.3
mda,1993,381.46
mda,1994,407.63
mda,1995,398.1
mda,1996,362.77
mda,1997,303.57
mda,1998,294.21
mda,1999,297.05
mda,2000,308.17
mda,2001,300.85
mda,2002,310.42
mda,2003,323.3
mda,2004,323.51
mda,2005,354.31
mda,2006,366.92
mda,2007,377.3
mda,2008,377.51
mda,2009,379.62
mda,2010,392.36
mda,2011,359.55
mda,2012,368.57
mda,2013,357.87
mda,2014,376.66
mda,2015,382.76
mda,2016,383.95
mdg,1990,205.74
mdg,1991,210.77
mdg,1992,217.19
mdg,1993,226.27
mdg,1994,228.44
mdg,1995,235
mdg,1996,240.37
mdg,1997,248.28
mdg,1998,254.56
mdg,1999,258.06
mdg,2000,265.4
mdg,2001,270.4
mdg,2002,280.72
mdg,2003,290.26
mdg,2004,299.84
mdg,2005,305.44
mdg,2006,313.11
mdg,2007,322.33
mdg,2008,336.08
mdg,2009,351.3
mdg,2010,367.17
mdg,2011,380.69
mdg,2012,395.24
mdg,2013,410.02
mdg,2014,425.51
mdg,2015,442.36
mdg,2016,459.24
mdv,1990,2.89
mdv,1991,2.96
mdv,1992,3.02
mdv,1993,3.06
mdv,1994,3.13
mdv,1995,3.21
mdv,1996,3.31
mdv,1997,3.37
mdv,1998,3.47
mdv,1999,3.53
mdv,2000,3.6
mdv,2001,3.65
mdv,2002,3.68
mdv,2003,3.67
mdv,2004,3.65
mdv,2005,3.67
mdv,2006,3.69
mdv,2007,3.66
mdv,2008,3.69
mdv,2009,3.83
mdv,2010,4.01
mdv,2011,4.08
mdv,2012,4.18
mdv,2013,4.39
mdv,2014,4.52
mdv,2015,4.66
mdv,2016,4.86
mex,1990,1228.78
mex,1991,1246.9
mex,1992,1296.57
mex,1993,1358.25
mex,1994,1403.48
mex,1995,1460.21
mex,1996,1507.28
mex,1997,1586.9
mex,1998,1673.62
mex,1999,1752.5
mex,2000,1792.43
mex,2001,1868.71
mex,2002,1961.39
mex,2003,2076.75
mex,2004,2150.22
mex,2005,2274.37
mex,2006,2347.46
mex,2007,2442
mex,2008,2588.83
mex,2009,2736.54
mex,2010,2810.87
mex,2011,2882.82
mex,2012,3021.28
mex,2013,3215.29
mex,2014,3345.33
mex,2015,3396.14
mex,2016,3431.91
mhl,1990,0.54
mhl,1991,0.56
mhl,1992,0.58
mhl,1993,0.6
mhl,1994,0.62
mhl,1995,0.64
mhl,1996,0.66
mhl,1997,0.68
mhl,1998,0.7
mhl,1999,0.72
mhl,2000,0.75
mhl,2001,0.78
mhl,2002,0.82
mhl,2003,0.86
mhl,2004,0.9
mhl,2005,0.95
mhl,2006,0.99
mhl,2007,1.02
mhl,2008,1.05
mhl,2009,1.08
mhl,2010,1.11
mhl,2011,1.14
mhl,2012,1.17
mhl,2013,1.2
mhl,2014,1.23
mhl,2015,1.26
mhl,2016,1.3
mkd,1990,111.69
mkd,1991,112.75
mkd,1992,113.4
mkd,1993,113.96
mkd,1994,115.73
mkd,1995,118.84
mkd,1996,123.91
mkd,1997,130.34
mkd,1998,137.32
mkd,1999,144.8
mkd,2000,153.57
mkd,2001,159.96
mkd,2002,164.77
mkd,2003,171.9
mkd,2004,178.67
mkd,2005,185.63
mkd,2006,192.54
mkd,2007,199.53
mkd,2008,204.79
mkd,2009,210.02
mkd,2010,215.15
mkd,2011,219.38
mkd,2012,222.68
mkd,2013,226.45
mkd,2014,226.62
mkd,2015,226.98
mkd,2016,227.67
mli,1990,114.75
mli,1991,117.37
mli,1992,122.12
mli,1993,125.33
mli,1994,133.46
mli,1995,146.69
mli,1996,147.59
mli,1997,150.39
mli,1998,150.55
mli,1999,151.11
mli,2000,154.88
mli,2001,155.91
mli,2002,157.28
mli,2003,156.43
mli,2004,157.61
mli,2005,158.26
mli,2006,160.92
mli,2007,162.21
mli,2008,163.54
mli,2009,165.28
mli,2010,170.05
mli,2011,173.44
mli,2012,175.82
mli,2013,179.93
mli,2014,184.69
mli,2015,190.15
mli,2016,197
mlt,1990,31.74
mlt,1991,32.27
mlt,1992,32.94
mlt,1993,33.04
mlt,1994,32.45
mlt,1995,32.23
mlt,1996,31.93
mlt,1997,32.48
mlt,1998,32.95
mlt,1999,34.41
mlt,2000,35.9
mlt,2001,36.4
mlt,2002,36.88
mlt,2003,37.88
mlt,2004,39.19
mlt,2005,40.03
mlt,2006,40.15
mlt,2007,40.14
mlt,2008,40
mlt,2009,40.03
mlt,2010,40.03
mlt,2011,41.87
mlt,2012,43.02
mlt,2013,42.25
mlt,2014,41.49
mlt,2015,41.11
mlt,2016,41.39
mmr,1990,2774.7
mmr,1991,2848.19
mmr,1992,2924.48
mmr,1993,3006.86
mmr,1994,3093.59
mmr,1995,3176.49
mmr,1996,3262.86
mmr,1997,3349.57
mmr,1998,3443.64
mmr,1999,3518.96
mmr,2000,3594.44
mmr,2001,3646.64
mmr,2002,3701.08
mmr,2003,3757.07
mmr,2004,3801.57
mmr,2005,3844.6
mmr,2006,3866.46
mmr,2007,3889.51
mmr,2008,3925.46
mmr,2009,3971.72
mmr,2010,4024.23
mmr,2011,4065.17
mmr,2012,4101.54
mmr,2013,4130.93
mmr,2014,4170.9
mmr,2015,4216.86
mmr,2016,4271.35
mne,1990,39.75
mne,1991,40.75
mne,1992,41.79
mne,1993,42.69
mne,1994,43.82
mne,1995,45.09
mne,1996,46.42
mne,1997,47.77
mne,1998,48.99
mne,1999,49.96
mne,2000,50.25
mne,2001,51.07
mne,2002,51.49
mne,2003,52.04
mne,2004,53.21
mne,2005,53.77
mne,2006,53.74
mne,2007,53.71
mne,2008,54.25
mne,2009,55.94
mne,2010,57.13
mne,2011,59.07
mne,2012,60.61
mne,2013,61.46
mne,2014,61.81
mne,2015,62
mne,2016,62.5
mng,1990,34.73
mng,1991,36.64
mng,1992,38.56
mng,1993,40.22
mng,1994,41.61
mng,1995,43.53
mng,1996,45.23
mng,1997,45.96
mng,1998,45.71
mng,1999,44.96
mng,2000,43.74
mng,2001,43.11
mng,2002,43.04
mng,2003,43.5
mng,2004,44.04
mng,2005,44.5
mng,2006,45.02
mng,2007,45.29
mng,2008,46.05
mng,2009,47.63
mng,2010,49.52
mng,2011,50.32
mng,2012,51.19
mng,2013,52.3
mng,2014,53.14
mng,2015,55
mng,2016,57.09
mnp,1990,0.44
mnp,1991,0.45
mnp,1992,0.47
mnp,1993,0.49
mnp,1994,0.51
mnp,1995,0.53
mnp,1996,0.54
mnp,1997,0.55
mnp,1998,0.57
mnp,1999,0.58
mnp,2000,0.56
mnp,2001,0.56
mnp,2002,0.56
mnp,2003,0.57
mnp,2004,0.59
mnp,2005,0.62
mnp,2006,0.64
mnp,2007,0.66
mnp,2008,0.67
mnp,2009,0.7
mnp,2010,0.71
mnp,2011,0.74
mnp,2012,0.77
mnp,2013,0.79
mnp,2014,0.82
mnp,2015,0.85
mnp,2016,0.86
moz,1990,236.13
moz,1991,240.84
moz,1992,249.97
moz,1993,257.89
moz,1994,265.26
moz,1995,271.32
moz,1996,281.16
moz,1997,291.57
moz,1998,290.93
moz,1999,290.31
moz,2000,292.08
moz,2001,280.38
moz,2002,282.64
moz,2003,281.32
moz,2004,284.75
moz,2005,293.39
moz,2006,296.03
moz,2007,307.4
moz,2008,313.58
moz,2009,326.01
moz,2010,341.07
moz,2011,351.87
moz,2012,363.23
moz,2013,380.04
moz,2014,409.1
moz,2015,445.54
moz,2016,474.44
mrt,1990,30.89
mrt,1991,31.56
mrt,1992,32.57
mrt,1993,33.57
mrt,1994,34.97
mrt,1995,36.46
mrt,1996,38.06
mrt,1997,38.89
mrt,1998,40.18
mrt,1999,41.71
mrt,2000,43.24
mrt,2001,44.76
mrt,2002,45.62
mrt,2003,46.67
mrt,2004,48.35
mrt,2005,49.53
mrt,2006,50.74
mrt,2007,51.98
mrt,2008,53.62
mrt,2009,55.41
mrt,2010,57.28
mrt,2011,59
mrt,2012,61.06
mrt,2013,63.15
mrt,2014,65.28
mrt,2015,67.61
mrt,2016,70.24
mus,1990,25.03
mus,1991,26.06
mus,1992,27.27
mus,1993,26.88
mus,1994,28.02
mus,1995,28.8
mus,1996,29.76
mus,1997,30.48
mus,1998,32.2
mus,1999,34.76
mus,2000,37.62
mus,2001,39.74
mus,2002,41.64
mus,2003,44.64
mus,2004,45.58
mus,2005,48.02
mus,2006,49.89
mus,2007,51.35
mus,2008,51.95
mus,2009,54.37
mus,2010,54.91
mus,2011,56.09
mus,2012,57.31
mus,2013,60.61
mus,2014,63.1
mus,2015,63.24
mus,2016,64.04
mwi,1990,91.81
mwi,1991,95
mwi,1992,98.99
mwi,1993,102.65
mwi,1994,108.29
mwi,1995,111.71
mwi,1996,114.83
mwi,1997,119.65
mwi,1998,127.57
mwi,1999,135.29
mwi,2000,140.69
mwi,2001,143.06
mwi,2002,146.36
mwi,2003,152.67
mwi,2004,157.52
mwi,2005,159.17
mwi,2006,157.64
mwi,2007,158.08
mwi,2008,163.14
mwi,2009,169.2
mwi,2010,176.65
mwi,2011,181.66
mwi,2012,187.56
mwi,2013,195.83
mwi,2014,203.95
mwi,2015,212.01
mwi,2016,220.65
mys,1990,542.33
mys,1991,559.7
mys,1992,575.67
mys,1993,588.72
mys,1994,609.95
mys,1995,625.42
mys,1996,637.99
mys,1997,651.18
mys,1998,668.68
mys,1999,690.47
mys,2000,719.07
mys,2001,747.73
mys,2002,786.33
mys,2003,838.89
mys,2004,855.73
mys,2005,891.82
mys,2006,912.65
mys,2007,939.18
mys,2008,972.57
mys,2009,996.26
mys,2010,1010.98
mys,2011,1041.19
mys,2012,1076.42
mys,2013,1113.58
mys,2014,1150.55
mys,2015,1187.37
mys,2016,1232.01
nam,1990,18.08
nam,1991,18.38
nam,1992,18.73
nam,1993,19.15
nam,1994,19.71
nam,1995,20.64
nam,1996,21.06
nam,1997,22.13
nam,1998,23.01
nam,1999,24.64
nam,2000,26.23
nam,2001,26.89
nam,2002,27.39
nam,2003,28.68
nam,2004,29.24
nam,2005,29.49
nam,2006,29.96
nam,2007,30.25
nam,2008,31.08
nam,2009,32.94
nam,2010,32.25
nam,2011,32.29
nam,2012,33.04
nam,2013,33.81
nam,2014,34.9
nam,2015,36.01
nam,2016,36.9
ner,1990,61.57
ner,1991,63.88
ner,1992,67.73
ner,1993,71.04
ner,1994,74.73
ner,1995,79.23
ner,1996,80.49
ner,1997,83.94
ner,1998,86.78
ner,1999,89.57
ner,2000,93.18
ner,2001,97.95
ner,2002,100.52
ner,2003,103.29
ner,2004,106.91
ner,2005,110.59
ner,2006,115.74
ner,2007,118.83
ner,2008,122.5
ner,2009,125.87
ner,2010,129.1
ner,2011,134.61
ner,2012,140.49
ner,2013,147.43
ner,2014,154.64
ner,2015,162.4
ner,2016,170.61
nga,1990,1564.54
nga,1991,1613.49
nga,1992,1665.07
nga,1993,1712.08
nga,1994,1737.84
nga,1995,1789.18
nga,1996,1819.69
nga,1997,1846.39
nga,1998,1848.82
nga,1999,1830.18
nga,2000,1829.28
nga,2001,1823.79
nga,2002,1874.69
nga,2003,1861.19
nga,2004,1869
nga,2005,1853.4
nga,2006,1852.62
nga,2007,1876.93
nga,2008,1842.35
nga,2009,1856.02
nga,2010,1858.5
nga,2011,1865.52
nga,2012,1900.29
nga,2013,1963.26
nga,2014,2027.08
nga,2015,2131.69
nga,2016,2238.95
nic,1990,39.11
nic,1991,41.15
nic,1992,43.86
nic,1993,46.6
nic,1994,49.17
nic,1995,51.6
nic,1996,53.8
nic,1997,55.33
nic,1998,58.38
nic,1999,61.59
nic,2000,64.45
nic,2001,67.59
nic,2002,71.55
nic,2003,75.51
nic,2004,78.98
nic,2005,82.36
nic,2006,86.62
nic,2007,90.32
nic,2008,94.74
nic,2009,100.14
nic,2010,105.71
nic,2011,110.38
nic,2012,115.16
nic,2013,119.04
nic,2014,123.04
nic,2015,126.63
nic,2016,129.74
nld,1990,2249.44
nld,1991,2284.64
nld,1992,2325.51
nld,1993,2385.32
nld,1994,2389.96
nld,1995,2416.25
nld,1996,2451.23
nld,1997,2475.78
nld,1998,2513.63
nld,1999,2578.02
nld,2000,2601.98
nld,2001,2675.69
nld,2002,2722.95
nld,2003,2761.96
nld,2004,2749.18
nld,2005,2743.71
nld,2006,2772.18
nld,2007,2780.38
nld,2008,2813.82
nld,2009,2832.01
nld,2010,2875.53
nld,2011,2918.02
nld,2012,2936.19
nld,2013,2872.99
nld,2014,2841.06
nld,2015,2855.6
nld,2016,2895.55
nor,1990,769.84
nor,1991,779.68
nor,1992,793.59
nor,1993,820.05
nor,1994,819.54
nor,1995,836.96
nor,1996,835.98
nor,1997,844.49
nor,1998,843.72
nor,1999,848
nor,2000,854.75
nor,2001,860.33
nor,2002,863.11
nor,2003,862.28
nor,2004,849.57
nor,2005,846.69
nor,2006,851.23
nor,2007,851.86
nor,2008,849.43
nor,2009,850.19
nor,2010,848.3
nor,2011,846.21
nor,2012,845.4
nor,2013,840.37
nor,2014,829.64
nor,2015,833.12
nor,2016,842.87
npl,1990,294
npl,1991,301.48
npl,1992,306.49
npl,1993,321.79
npl,1994,328.87
npl,1995,334.41
npl,1996,336.53
npl,1997,336.89
npl,1998,347
npl,1999,364.02
npl,2000,371.88
npl,2001,388.58
npl,2002,403.61
npl,2003,415.27
npl,2004,427.91
npl,2005,437.33
npl,2006,445.56
npl,2007,453.76
npl,2008,462.67
npl,2009,472.6
npl,2010,483.21
npl,2011,498.97
npl,2012,516.05
npl,2013,534.29
npl,2014,553.87
npl,2015,575.09
npl,2016,594.77
nzl,1990,565.52
nzl,1991,582.17
nzl,1992,582.7
nzl,1993,588.23
nzl,1994,601.71
nzl,1995,609.15
nzl,1996,616.08
nzl,1997,607.87
nzl,1998,612.89
nzl,1999,621.65
nzl,2000,622.44
nzl,2001,638.14
nzl,2002,642.77
nzl,2003,648.03
nzl,2004,658.39
nzl,2005,658.13
nzl,2006,667.67
nzl,2007,673.58
nzl,2008,677.31
nzl,2009,677.9
nzl,2010,680.42
nzl,2011,687.31
nzl,2012,697.33
nzl,2013,699.15
nzl,2014,711.55
nzl,2015,728.77
nzl,2016,745.5
omn,1990,15.81
omn,1991,16.26
omn,1992,16.72
omn,1993,17.18
omn,1994,17.65
omn,1995,18.1
omn,1996,18.56
omn,1997,19.03
omn,1998,19.49
omn,1999,19.93
omn,2000,20.45
omn,2001,20.8
omn,2002,21.29
omn,2003,21.9
omn,2004,22.41
omn,2005,22.81
omn,2006,23.15
omn,2007,24.18
omn,2008,25.11
omn,2009,27.06
omn,2010,28.81
omn,2011,29.48
omn,2012,30.63
omn,2013,32.28
omn,2014,33.98
omn,2015,35.67
omn,2016,37.21
pak,1990,1494.04
pak,1991,1579.42
pak,1992,1698.57
pak,1993,1816.95
pak,1994,1931.14
pak,1995,2067.89
pak,1996,2133.14
pak,1997,2232.3
pak,1998,2315.61
pak,1999,2407.19
pak,2000,2505.7
pak,2001,2592.97
pak,2002,2689.59
pak,2003,2801.22
pak,2004,2870.26
pak,2005,2946.62
pak,2006,3005.01
pak,2007,3079.47
pak,2008,3159.41
pak,2009,3242.26
pak,2010,3336.51
pak,2011,3412.7
pak,2012,3500.02
pak,2013,3597.54
pak,2014,3701.55
pak,2015,3808.53
pak,2016,3905.79
pan,1990,66.23
pan,1991,68.3
pan,1992,70.59
pan,1993,72.52
pan,1994,74.75
pan,1995,77.81
pan,1996,81.37
pan,1997,80.81
pan,1998,83.57
pan,1999,84.69
pan,2000,87.26
pan,2001,91.31
pan,2002,94.55
pan,2003,98.5
pan,2004,102.68
pan,2005,104.62
pan,2006,108.27
pan,2007,112.82
pan,2008,117.75
pan,2009,123.8
pan,2010,129.05
pan,2011,136.96
pan,2012,144
pan,2013,151.08
pan,2014,157.99
pan,2015,159.08
pan,2016,161.04
per,1990,392.39
per,1991,408.69
per,1992,437.04
per,1993,468.19
per,1994,492.42
per,1995,508.2
per,1996,524.47
per,1997,541.58
per,1998,555.89
per,1999,579.12
per,2000,598.85
per,2001,629.5
per,2002,662.61
per,2003,698.24
per,2004,723.68
per,2005,743.57
per,2006,750.59
per,2007,764.69
per,2008,802.61
per,2009,853.26
per,2010,894.72
per,2011,923.07
per,2012,943.17
per,2013,942.45
per,2014,946.74
per,2015,988.43
per,2016,1031.88
phl,1990,720.42
phl,1991,772.79
phl,1992,841.01
phl,1993,916.41
phl,1994,994.97
phl,1995,1066.94
phl,1996,1147.59
phl,1997,1251.79
phl,1998,1360.24
phl,1999,1481.86
phl,2000,1594.76
phl,2001,1706.21
phl,2002,1815.16
phl,2003,1918.69
phl,2004,1989.56
phl,2005,2120.68
phl,2006,2293.45
phl,2007,2441.26
phl,2008,2590.58
phl,2009,2782.36
phl,2010,2961.47
phl,2011,3067.86
phl,2012,3141.94
phl,2013,3131.39
phl,2014,3155.91
phl,2015,3181.64
phl,2016,3221.77
png,1990,67.6
png,1991,70.12
png,1992,72.55
png,1993,74.9
png,1994,77.33
png,1995,80.13
png,1996,82.6
png,1997,85.11
png,1998,87.93
png,1999,90.94
png,2000,93.77
png,2001,97.61
png,2002,101.86
png,2003,105.57
png,2004,109.86
png,2005,114.46
png,2006,118.87
png,2007,123.23
png,2008,127.61
png,2009,132.02
png,2010,136.39
png,2011,140.75
png,2012,145
png,2013,149.07
png,2014,153.68
png,2015,158.28
png,2016,163.27
pol,1990,5056.83
pol,1991,5283.21
pol,1992,5345.03
pol,1993,5421.58
pol,1994,5527.7
pol,1995,5638.93
pol,1996,5694.9
pol,1997,5906.75
pol,1998,5979.23
pol,1999,6037.16
pol,2000,6057.02
pol,2001,6089.95
pol,2002,6115.53
pol,2003,6208.2
pol,2004,6288.7
pol,2005,6421.99
pol,2006,6521.38
pol,2007,6637.45
pol,2008,6684.11
pol,2009,6791.04
pol,2010,6687.46
pol,2011,6774.54
pol,2012,6930.53
pol,2013,6927.38
pol,2014,6844.83
pol,2015,6857.78
pol,2016,6897.5
pri,1990,201.7
pri,1991,208.52
pri,1992,219.35
pri,1993,229
pri,1994,243.21
pri,1995,252.46
pri,1996,260.91
pri,1997,267.59
pri,1998,272.53
pri,1999,284.61
pri,2000,294.37
pri,2001,303.92
pri,2002,307.7
pri,2003,313.48
pri,2004,322.07
pri,2005,327.67
pri,2006,338.67
pri,2007,344.58
pri,2008,345.59
pri,2009,352.15
pri,2010,356.93
pri,2011,358.06
pri,2012,367.53
pri,2013,366.18
pri,2014,373.04
pri,2015,374.74
pri,2016,376.26
prk,1990,618.54
prk,1991,639.88
prk,1992,661.17
prk,1993,682.49
prk,1994,709.41
prk,1995,739.6
prk,1996,765.43
prk,1997,794.34
prk,1998,826.68
prk,1999,865.02
prk,2000,902.74
prk,2001,937.03
prk,2002,969.12
prk,2003,1000.89
prk,2004,1030.9
prk,2005,1060.48
prk,2006,1083.35
prk,2007,1106.67
prk,2008,1133.72
prk,2009,1163.12
prk,2010,1192.65
prk,2011,1216.56
prk,2012,1239.54
prk,2013,1264.23
prk,2014,1289.61
prk,2015,1315.37
prk,2016,1340.53
prt,1990,1326.15
prt,1991,1340.58
prt,1992,1350.14
prt,1993,1387.43
prt,1994,1401.92
prt,1995,1452.02
prt,1996,1484.16
prt,1997,1500.95
prt,1998,1530.15
prt,1999,1570.53
prt,2000,1588.95
prt,2001,1622.01
prt,2002,1645.07
prt,2003,1683.83
prt,2004,1676.5
prt,2005,1716.33
prt,2006,1715.24
prt,2007,1736.41
prt,2008,1757.41
prt,2009,1762.2
prt,2010,1765.5
prt,2011,1783.9
prt,2012,1795.53
prt,2013,1794.61
prt,2014,1796.25
prt,2015,1808.05
prt,2016,1822.69
pry,1990,65.57
pry,1991,70.5
pry,1992,74.8
pry,1993,79.03
pry,1994,82.63
pry,1995,85.42
pry,1996,88.98
pry,1997,95.03
pry,1998,100.43
pry,1999,107.33
pry,2000,115.59
pry,2001,126.45
pry,2002,135.38
pry,2003,145.38
pry,2004,154.23
pry,2005,162.7
pry,2006,171.98
pry,2007,181.2
pry,2008,190.97
pry,2009,201.23
pry,2010,211.84
pry,2011,222.18
pry,2012,234.04
pry,2013,243.02
pry,2014,250.51
pry,2015,256.47
pry,2016,263.34
pse,1990,30.89
pse,1991,32.11
pse,1992,33.37
pse,1993,34.73
pse,1994,36.17
pse,1995,37.77
pse,1996,39.34
pse,1997,40.72
pse,1998,43.9
pse,1999,48.17
pse,2000,52.41
pse,2001,55.99
pse,2002,58.81
pse,2003,63.3
pse,2004,67.41
pse,2005,72.12
pse,2006,76.25
pse,2007,81.24
pse,2008,86.13
pse,2009,93.62
pse,2010,102.92
pse,2011,113.8
pse,2012,122.28
pse,2013,132.89
pse,2014,141.21
pse,2015,149.33
pse,2016,157.06
pyf,2002,18
qat,1990,7.26
qat,1991,7.66
qat,1992,7.94
qat,1993,8.37
qat,1994,8.71
qat,1995,9.14
qat,1996,8.55
qat,1997,8.22
qat,1998,8.02
qat,1999,7.98
qat,2000,7.97
qat,2001,7.71
qat,2002,8.19
qat,2003,8.63
qat,2004,8.94
qat,2005,8.81
qat,2006,8.96
qat,2007,9.62
qat,2008,10.66
qat,2009,11.15
qat,2010,12.16
qat,2011,12.86
qat,2012,13.7
qat,2013,14.15
qat,2014,15.16
qat,2015,16.08
qat,2016,17.53
rou,1990,1616.33
rou,1991,1647.65
rou,1992,1714.72
rou,1993,1786.15
rou,1994,1887.83
rou,1995,1999.16
rou,1996,2091.42
rou,1997,2138.28
rou,1998,2141.5
rou,1999,2062.98
rou,2000,2066.82
rou,2001,2133.39
rou,2002,2185.85
rou,2003,2230.99
rou,2004,2224.93
rou,2005,2307.21
rou,2006,2335.08
rou,2007,2364.79
rou,2008,2455.08
rou,2009,2526.12
rou,2010,2519.81
rou,2011,2450.49
rou,2012,2514.1
rou,2013,2583.43
rou,2014,2624.17
rou,2015,2586.75
rou,2016,2551.54
rus,1990,16932.86
rus,1991,16942.79
rus,1992,17648.35
rus,1993,19756.72
rus,1994,20915.63
rus,1995,20022.66
rus,1996,18947.3
rus,1997,18267.95
rus,1998,18299.09
rus,1999,19557.66
rus,2000,20216.93
rus,2001,20639.94
rus,2002,21179.54
rus,2003,21598.04
rus,2004,21509.77
rus,2005,21885.21
rus,2006,21208.43
rus,2007,21192.54
rus,2008,21769.81
rus,2009,21332.41
rus,2010,21565.07
rus,2011,21318.82
rus,2012,21106.72
rus,2013,21121.92
rus,2014,21340.18
rus,2015,21705.95
rus,2016,22466.88
rwa,1990,110.1
rwa,1991,111.22
rwa,1992,105.54
rwa,1993,100.01
rwa,1994,96.92
rwa,1995,95.84
rwa,1996,102.64
rwa,1997,110.62
rwa,1998,124.14
rwa,1999,135.89
rwa,2000,142.05
rwa,2001,141.29
rwa,2002,139.41
rwa,2003,136.07
rwa,2004,134.29
rwa,2005,134.44
rwa,2006,139.52
rwa,2007,144.38
rwa,2008,151.12
rwa,2009,158.54
rwa,2010,166.08
rwa,2011,171.34
rwa,2012,175.6
rwa,2013,184.42
rwa,2014,193.62
rwa,2015,204.3
rwa,2016,214.68
sau,1990,162.57
sau,1991,172.47
sau,1992,182.92
sau,1993,194.95
sau,1994,208.71
sau,1995,223.86
sau,1996,239.49
sau,1997,256.79
sau,1998,279.68
sau,1999,302.48
sau,2000,317.02
sau,2001,332.27
sau,2002,344.41
sau,2003,356.83
sau,2004,366.9
sau,2005,376.3
sau,2006,385.46
sau,2007,393.73
sau,2008,402.09
sau,2009,420.48
sau,2010,433.37
sau,2011,447.79
sau,2012,460.34
sau,2013,464.46
sau,2014,465.84
sau,2015,470.79
sau,2016,478.99
scg,2002,1066
sdn,1990,294.77
sdn,1991,309.54
sdn,1992,326.66
sdn,1993,345.72
sdn,1994,365.64
sdn,1995,384.87
sdn,1996,402.4
sdn,1997,418.63
sdn,1998,435.09
sdn,1999,454.28
sdn,2000,473.4
sdn,2001,490.11
sdn,2002,505.7
sdn,2003,522.41
sdn,2004,541.32
sdn,2005,560.54
sdn,2006,577.5
sdn,2007,591.64
sdn,2008,604.73
sdn,2009,616.1
sdn,2010,627.78
sdn,2011,642.29
sdn,2012,661.98
sdn,2013,684.07
sdn,2014,707.11
sdn,2015,729.86
sdn,2016,754.88
sen,1990,83.92
sen,1991,87.57
sen,1992,91.56
sen,1993,94.16
sen,1994,100.46
sen,1995,102.9
sen,1996,106.83
sen,1997,110.79
sen,1998,116
sen,1999,123.81
sen,2000,129.03
sen,2001,135.75
sen,2002,141.06
sen,2003,146.7
sen,2004,155.25
sen,2005,163.26
sen,2006,170.44
sen,2007,177.02
sen,2008,184.74
sen,2009,191.87
sen,2010,199
sen,2011,205.79
sen,2012,212.9
sen,2013,220.64
sen,2014,228.04
sen,2015,236.43
sen,2016,245.52
sgp,1990,207.56
sgp,1991,209.56
sgp,1992,216.35
sgp,1993,221.37
sgp,1994,230.21
sgp,1995,241.11
sgp,1996,251.56
sgp,1997,256.36
sgp,1998,263.32
sgp,1999,267.63
sgp,2000,275.17
sgp,2001,273.67
sgp,2002,280.27
sgp,2003,285.19
sgp,2004,297.65
sgp,2005,310.58
sgp,2006,313.09
sgp,2007,314.23
sgp,2008,318.55
sgp,2009,328.95
sgp,2010,336.96
sgp,2011,347.47
sgp,2012,351.57
sgp,2013,367.07
sgp,2014,373.53
sgp,2015,382.76
sgp,2016,391.23
slb,1990,4.92
slb,1991,5.09
slb,1992,5.26
slb,1993,5.44
slb,1994,5.65
slb,1995,5.83
slb,1996,6.08
slb,1997,6.45
slb,1998,6.76
slb,1999,7.18
slb,2000,7.37
slb,2001,7.73
slb,2002,8.09
slb,2003,8.46
slb,2004,8.83
slb,2005,9.25
slb,2006,9.72
slb,2007,10.25
slb,2008,10.71
slb,2009,11.13
slb,2010,11.45
slb,2011,11.79
slb,2012,12.11
slb,2013,12.46
slb,2014,12.84
slb,2015,13.28
slb,2016,13.62
sle,1990,43.28
sle,1991,43.15
sle,1992,42.84
sle,1993,41.93
sle,1994,41.8
sle,1995,41.87
sle,1996,41.95
sle,1997,43.54
sle,1998,43.15
sle,1999,44.08
sle,2000,44.79
sle,2001,47.29
sle,2002,51.43
sle,2003,54.35
sle,2004,57.74
sle,2005,60.72
sle,2006,63.64
sle,2007,67.34
sle,2008,69.81
sle,2009,72.71
sle,2010,75.68
sle,2011,78.5
sle,2012,81.06
sle,2013,83.22
sle,2014,85.59
sle,2015,88.51
sle,2016,92.63
slv,1990,84.31
slv,1991,88.44
slv,1992,95.56
slv,1993,100.99
slv,1994,108.89
slv,1995,113.93
slv,1996,122.33
slv,1997,131.32
slv,1998,135.68
slv,1999,140.35
slv,2000,144
slv,2001,147.88
slv,2002,154.28
slv,2003,162.02
slv,2004,168.46
slv,2005,173.96
slv,2006,180.73
slv,2007,186.48
slv,2008,191.51
slv,2009,196.56
slv,2010,203.07
slv,2011,208.05
slv,2012,217.1
slv,2013,227.57
slv,2014,233.86
slv,2015,239.84
slv,2016,246.4
som,1990,152.45
som,1991,153.13
som,1992,153.74
som,1993,154.11
som,1994,155.45
som,1995,157.54
som,1996,160.61
som,1997,164.74
som,1998,169.98
som,1999,174.23
som,2000,177.76
som,2001,180.52
som,2002,184.88
som,2003,189.21
som,2004,193.07
som,2005,197.18
som,2006,201.21
som,2007,205.43
som,2008,209.62
som,2009,213.24
som,2010,217.78
som,2011,221.57
som,2012,228.19
som,2013,232.57
som,2014,237.95
som,2015,243.44
som,2016,250.45
srb,1990,1019.07
srb,1991,1049.03
srb,1992,1075.79
srb,1993,1106.35
srb,1994,1151.28
srb,1995,1202.38
srb,1996,1236.63
srb,1997,1258.22
srb,1998,1297.46
srb,1999,1329.57
srb,2000,1367.73
srb,2001,1386.37
srb,2002,1412
srb,2003,1438.29
srb,2004,1455.04
srb,2005,1464.23
srb,2006,1466.65
srb,2007,1475.15
srb,2008,1471.8
srb,2009,1481.38
srb,2010,1494.61
srb,2011,1489.72
srb,2012,1478.36
srb,2013,1459.21
srb,2014,1454.01
srb,2015,1436.41
srb,2016,1425.76
ssd,1990,77.2
ssd,1991,77.6
ssd,1992,78.92
ssd,1993,80.26
ssd,1994,82.05
ssd,1995,84.28
ssd,1996,87.73
ssd,1997,90.26
ssd,1998,95.92
ssd,1999,101.27
ssd,2000,105.72
ssd,2001,106.86
ssd,2002,108.86
ssd,2003,114.15
ssd,2004,120.25
ssd,2005,126.77
ssd,2006,134.11
ssd,2007,141.01
ssd,2008,147.45
ssd,2009,154.62
ssd,2010,161.37
ssd,2011,168.28
ssd,2012,179.02
ssd,2013,190.34
ssd,2014,202.62
ssd,2015,214.74
ssd,2016,225.94
stp,1990,1.47
stp,1991,1.52
stp,1992,1.58
stp,1993,1.64
stp,1994,1.7
stp,1995,1.75
stp,1996,1.84
stp,1997,1.9
stp,1998,1.94
stp,1999,1.97
stp,2000,2.03
stp,2001,2.04
stp,2002,2.06
stp,2003,2.07
stp,2004,2.12
stp,2005,2.12
stp,2006,2.15
stp,2007,2.17
stp,2008,2.18
stp,2009,2.23
stp,2010,2.28
stp,2011,2.3
stp,2012,2.36
stp,2013,2.36
stp,2014,2.39
stp,2015,2.42
stp,2016,2.46
sur,1990,12.41
sur,1991,12.72
sur,1992,13.52
sur,1993,14.32
sur,1994,14.86
sur,1995,15.17
sur,1996,15.65
sur,1997,16.36
sur,1998,17.25
sur,1999,18.63
sur,2000,19.52
sur,2001,20.61
sur,2002,21.75
sur,2003,22.5
sur,2004,23.39
sur,2005,24.14
sur,2006,25.05
sur,2007,25.98
sur,2008,27
sur,2009,27.93
sur,2010,29.06
sur,2011,30
sur,2012,31.15
sur,2013,32.96
sur,2014,34.24
sur,2015,35.04
sur,2016,35.79
svk,1990,615.7
svk,1991,632.98
svk,1992,641.15
svk,1993,654.06
svk,1994,662.81
svk,1995,682.71
svk,1996,690.53
svk,1997,720.7
svk,1998,734.74
svk,1999,748.97
svk,2000,754.21
svk,2001,765.92
svk,2002,772.57
svk,2003,786.74
svk,2004,802.31
svk,2005,817.26
svk,2006,829
svk,2007,845.6
svk,2008,846.97
svk,2009,864.06
svk,2010,862.94
svk,2011,872.24
svk,2012,881.56
svk,2013,891.38
svk,2014,894.14
svk,2015,906.31
svk,2016,921.98
svn,1990,280.43
svn,1991,296.18
svn,1992,303.14
svn,1993,310.18
svn,1994,316.17
svn,1995,321.97
svn,1996,332.04
svn,1997,345.2
svn,1998,354.67
svn,1999,364.92
svn,2000,363.78
svn,2001,363.11
svn,2002,362.96
svn,2003,371.98
svn,2004,378.59
svn,2005,383.32
svn,2006,380.7
svn,2007,388.64
svn,2008,387.38
svn,2009,386.95
svn,2010,385.34
svn,2011,381.85
svn,2012,384.03
svn,2013,380.23
svn,2014,367.54
svn,2015,378.6
svn,2016,382.97
swe,1990,1384.76
swe,1991,1392.08
swe,1992,1397.19
swe,1993,1400.45
swe,1994,1387.94
swe,1995,1395.79
swe,1996,1398.47
swe,1997,1396.13
swe,1998,1410.02
swe,1999,1450.42
swe,2000,1476.25
swe,2001,1501.98
swe,2002,1517.32
swe,2003,1528.34
swe,2004,1565.15
swe,2005,1566.31
swe,2006,1568.38
swe,2007,1587.35
swe,2008,1585.4
swe,2009,1569.62
swe,2010,1551.78
swe,2011,1550.08
swe,2012,1568.71
swe,2013,1568.68
swe,2014,1559.3
swe,2015,1570.48
swe,2016,1583.76
swz,1990,13.2
swz,1991,13.6
swz,1992,13.72
swz,1993,13.43
swz,1994,13.15
swz,1995,13.41
swz,1996,13.16
swz,1997,13.23
swz,1998,14.13
swz,1999,15.42
swz,2000,17.77
swz,2001,19.21
swz,2002,21.05
swz,2003,21.53
swz,2004,22.21
swz,2005,22.99
swz,2006,22.78
swz,2007,22.5
swz,2008,22.12
swz,2009,21.94
swz,2010,21.74
swz,2011,21.28
swz,2012,21.35
swz,2013,21.58
swz,2014,21.68
swz,2015,21.64
swz,2016,21.96
syc,1990,3.35
syc,1991,3.5
syc,1992,3.71
syc,1993,4
syc,1994,4.36
syc,1995,4.76
syc,1996,5.33
syc,1997,5.84
syc,1998,6.22
syc,1999,6.49
syc,2000,6.73
syc,2001,6.89
syc,2002,7.16
syc,2003,7.44
syc,2004,7.61
syc,2005,7.8
syc,2006,7.92
syc,2007,7.93
syc,2008,7.91
syc,2009,8.11
syc,2010,8.41
syc,2011,8.63
syc,2012,8.92
syc,2013,9.2
syc,2014,9.5
syc,2015,9.6
syc,2016,9.74
syr,1990,102.7
syr,1991,106.81
syr,1992,110.84
syr,1993,117.52
syr,1994,124.22
syr,1995,131.01
syr,1996,137.18
syr,1997,143.04
syr,1998,148.73
syr,1999,153.29
syr,2000,154.05
syr,2001,153.71
syr,2002,154.19
syr,2003,158.44
syr,2004,161.8
syr,2005,165.72
syr,2006,172.59
syr,2007,182.64
syr,2008,194.93
syr,2009,206.97
syr,2010,215.31
syr,2011,216.58
syr,2012,217.66
syr,2013,218.15
syr,2014,219.39
syr,2015,222.82
syr,2016,225.55
tcd,1990,71.45
tcd,1991,71.15
tcd,1992,73.42
tcd,1993,76.01
tcd,1994,76.81
tcd,1995,78.49
tcd,1996,80.92
tcd,1997,83.08
tcd,1998,86.72
tcd,1999,89.4
tcd,2000,90.61
tcd,2001,92.25
tcd,2002,94.92
tcd,2003,98.82
tcd,2004,101.2
tcd,2005,102.31
tcd,2006,103.66
tcd,2007,107.07
tcd,2008,111.66
tcd,2009,115.6
tcd,2010,120.81
tcd,2011,123.99
tcd,2012,126.68
tcd,2013,129.48
tcd,2014,133.31
tcd,2015,137.93
tcd,2016,142.51
tgo,1990,49.12
tgo,1991,50.86
tgo,1992,52.15
tgo,1993,53.6
tgo,1994,55.55
tgo,1995,56.54
tgo,1996,57.85
tgo,1997,61.08
tgo,1998,62.9
tgo,1999,63.28
tgo,2000,65.12
tgo,2001,66.38
tgo,2002,68.3
tgo,2003,70.91
tgo,2004,70.92
tgo,2005,73.51
tgo,2006,74.7
tgo,2007,78.78
tgo,2008,81.35
tgo,2009,83.76
tgo,2010,86.88
tgo,2011,90.93
tgo,2012,94.96
tgo,2013,99.32
tgo,2014,103.79
tgo,2015,107.97
tgo,2016,113.26
tha,1990,1812.74
tha,1991,1888.25
tha,1992,1991.11
tha,1993,2062.16
tha,1994,2144.6
tha,1995,2228.41
tha,1996,2318.64
tha,1997,2430.4
tha,1998,2624.65
tha,1999,2707.85
tha,2000,2763.51
tha,2001,2806.84
tha,2002,2859.23
tha,2003,2937.15
tha,2004,3066.44
tha,2005,3216.36
tha,2006,3254.09
tha,2007,3267.33
tha,2008,3262.31
tha,2009,3266.15
tha,2010,3279.71
tha,2011,3286.23
tha,2012,3345.04
tha,2013,3441.31
tha,2014,3521.11
tha,2015,3624.33
tha,2016,3723.54
tjk,1990,87.08
tjk,1991,85.53
tjk,1992,84.5
tjk,1993,81.29
tjk,1994,78.84
tjk,1995,75.16
tjk,1996,72.81
tjk,1997,70.94
tjk,1998,69.56
tjk,1999,69.48
tjk,2000,69.56
tjk,2001,70.53
tjk,2002,71.64
tjk,2003,73.08
tjk,2004,74.4
tjk,2005,75.41
tjk,2006,76.68
tjk,2007,79.07
tjk,2008,82.27
tjk,2009,81.97
tjk,2010,81.79
tjk,2011,81.65
tjk,2012,82.11
tjk,2013,82.61
tjk,2014,84.27
tjk,2015,86.36
tjk,2016,89.49
tkm,1990,60.1
tkm,1991,61.6
tkm,1992,63.74
tkm,1993,66.1
tkm,1994,68.63
tkm,1995,73.2
tkm,1996,75.31
tkm,1997,75.14
tkm,1998,75.14
tkm,1999,71.22
tkm,2000,67.64
tkm,2001,67.86
tkm,2002,67.25
tkm,2003,68.63
tkm,2004,68.97
tkm,2005,69.77
tkm,2006,71.19
tkm,2007,73.09
tkm,2008,74.33
tkm,2009,77.24
tkm,2010,79.87
tkm,2011,82.77
tkm,2012,86.38
tkm,2013,87.37
tkm,2014,88.05
tkm,2015,88.64
tkm,2016,89.66
tls,1990,11.45
tls,1991,12.09
tls,1992,12.75
tls,1993,13.44
tls,1994,14.03
tls,1995,14.41
tls,1996,14.62
tls,1997,14.85
tls,1998,14.94
tls,1999,14.81
tls,2000,14.87
tls,2001,15.18
tls,2002,15.92
tls,2003,16.88
tls,2004,17.3
tls,2005,17.45
tls,2006,18.09
tls,2007,18.97
tls,2008,20.26
tls,2009,21.52
tls,2010,23.01
tls,2011,23.67
tls,2012,24.41
tls,2013,25.05
tls,2014,25.92
tls,2015,26.92
tls,2016,27.64
ton,1990,2.39
ton,1991,2.54
ton,1992,2.62
ton,1993,2.71
ton,1994,2.8
ton,1995,2.88
ton,1996,2.92
ton,1997,2.94
ton,1998,2.95
ton,1999,3.09
ton,2000,3.14
ton,2001,3.16
ton,2002,3.18
ton,2003,3.21
ton,2004,3.25
ton,2005,3.28
ton,2006,3.3
ton,2007,3.34
ton,2008,3.35
ton,2009,3.39
ton,2010,3.47
ton,2011,3.54
ton,2012,3.62
ton,2013,3.68
ton,2014,3.74
ton,2015,3.81
ton,2016,3.87
tto,1990,56.94
tto,1991,59.14
tto,1992,60.01
tto,1993,61.48
tto,1994,61.6
tto,1995,62.2
tto,1996,63.18
tto,1997,63.89
tto,1998,61.95
tto,1999,64.59
tto,2000,65.28
tto,2001,65.85
tto,2002,67.52
tto,2003,69.2
tto,2004,66.95
tto,2005,67.49
tto,2006,68.24
tto,2007,69.83
tto,2008,72.25
tto,2009,71.67
tto,2010,73.66
tto,2011,74.68
tto,2012,76.03
tto,2013,77.38
tto,2014,78.87
tto,2015,80.41
tto,2016,82.2
tun,1990,244.09
tun,1991,251.88
tun,1992,262.45
tun,1993,275.48
tun,1994,284.87
tun,1995,294.92
tun,1996,300.56
tun,1997,307.02
tun,1998,316
tun,1999,326.72
tun,2000,338.48
tun,2001,348.3
tun,2002,358.09
tun,2003,367.94
tun,2004,378.22
tun,2005,390.23
tun,2006,400.23
tun,2007,410.82
tun,2008,421.99
tun,2009,433.27
tun,2010,443.96
tun,2011,452.89
tun,2012,462.13
tun,2013,472.02
tun,2014,482.62
tun,2015,493.99
tun,2016,503.83
tur,1990,1456.8
tur,1991,1556.29
tur,1992,1590.74
tur,1993,1674.72
tur,1994,1719.95
tur,1995,1806.6
tur,1996,1823.4
tur,1997,1865.06
tur,1998,1901.97
tur,1999,2093.84
tur,2000,1985.96
tur,2001,1948.97
tur,2002,1945.84
tur,2003,2199.51
tur,2004,2152.69
tur,2005,2250.27
tur,2006,2262.1
tur,2007,2177.93
tur,2008,2106.88
tur,2009,2382.51
tur,2010,2513.05
tur,2011,2609.2
tur,2012,2659.6
tur,2013,2810.27
tur,2014,2854.68
tur,2015,2912.86
tur,2016,2980.92
twn,1990,825.37
twn,1991,881.21
twn,1992,947.82
twn,1993,1009.48
twn,1994,1076.2
twn,1995,1150.64
twn,1996,1219.82
twn,1997,1291.28
twn,1998,1374.39
twn,1999,1444.13
twn,2000,1504.51
twn,2001,1551.27
twn,2002,1605.92
twn,2003,1661.46
twn,2004,1728.98
twn,2005,1783.97
twn,2006,1833.91
twn,2007,1892.16
twn,2008,1940.81
twn,2009,1991.45
twn,2010,2058.45
twn,2011,2134.94
twn,2012,2210.16
twn,2013,2284.27
twn,2014,2384.29
twn,2015,2488.28
twn,2016,2562.7
tza,1990,407.7
tza,1991,420.56
tza,1992,441.72
tza,1993,462.81
tza,1994,490.09
tza,1995,512.25
tza,1996,527.35
tza,1997,548.36
tza,1998,573.39
tza,1999,579.86
tza,2000,580.44
tza,2001,568.6
tza,2002,561.91
tza,2003,576.07
tza,2004,581.9
tza,2005,592.71
tza,2006,612.53
tza,2007,636.71
tza,2008,662.97
tza,2009,692.46
tza,2010,715.81
tza,2011,744.26
tza,2012,776.03
tza,2013,822.17
tza,2014,862.91
tza,2015,903.74
tza,2016,944.37
uga,1990,276.42
uga,1991,288.42
uga,1992,298.85
uga,1993,332.39
uga,1994,354.57
uga,1995,363.7
uga,1996,377.84
uga,1997,387.7
uga,1998,411.98
uga,1999,423.12
uga,2000,444.4
uga,2001,450.44
uga,2002,455.44
uga,2003,463.1
uga,2004,490.94
uga,2005,507.09
uga,2006,526.13
uga,2007,540
uga,2008,541.7
uga,2009,549.52
uga,2010,566.6
uga,2011,588.5
uga,2012,607.04
uga,2013,636.53
uga,2014,655.94
uga,2015,674.44
uga,2016,694.42
ukr,1990,6810.49
ukr,1991,7116.07
ukr,1992,7259.12
ukr,1993,7407.86
ukr,1994,7470.05
ukr,1995,7602.39
ukr,1996,7305.96
ukr,1997,6986.33
ukr,1998,6596.86
ukr,1999,6718.34
ukr,2000,6713.73
ukr,2001,6576.61
ukr,2002,6530.66
ukr,2003,6522.59
ukr,2004,6517.82
ukr,2005,6542.2
ukr,2006,6280.49
ukr,2007,6433.7
ukr,2008,6468.71
ukr,2009,6057.96
ukr,2010,5889.14
ukr,2011,5738.07
ukr,2012,5883.49
ukr,2013,5870.66
ukr,2014,5622.75
ukr,2015,5673.14
ukr,2016,5790.67
ury,1990,455.98
ury,1991,477.73
ury,1992,479.02
ury,1993,478.38
ury,1994,480.23
ury,1995,494.8
ury,1996,504.07
ury,1997,521.68
ury,1998,526.91
ury,1999,530.41
ury,2000,524.72
ury,2001,527.08
ury,2002,527.97
ury,2003,535.7
ury,2004,535.27
ury,2005,533.03
ury,2006,537.09
ury,2007,550.08
ury,2008,549.57
ury,2009,547.92
ury,2010,560.94
ury,2011,566.39
ury,2012,575.45
ury,2013,575.27
ury,2014,573.49
ury,2015,579.18
ury,2016,584.35
usa,1990,33883.11
usa,1991,33882.27
usa,1992,33993.57
usa,1993,34412.26
usa,1994,34644.27
usa,1995,34914.26
usa,1996,34862.47
usa,1997,34741.38
usa,1998,34987.34
usa,1999,35416.34
usa,2000,35375.65
usa,2001,35305.16
usa,2002,35237.57
usa,2003,35002.51
usa,2004,34568.33
usa,2005,34274.94
usa,2006,34060.22
usa,2007,33948.18
usa,2008,33937.89
usa,2009,33800.97
usa,2010,33902.79
usa,2011,34125.36
usa,2012,34390.91
usa,2013,34813.92
usa,2014,35355.49
usa,2015,36303.73
usa,2016,37085.33
uzb,1990,362.98
uzb,1991,370.84
uzb,1992,385.87
uzb,1993,388.21
uzb,1994,401.4
uzb,1995,408.67
uzb,1996,415.03
uzb,1997,423.43
uzb,1998,424.64
uzb,1999,432.02
uzb,2000,433.66
uzb,2001,446.18
uzb,2002,455.12
uzb,2003,465.43
uzb,2004,474.34
uzb,2005,477.86
uzb,2006,486.03
uzb,2007,488.69
uzb,2008,493.33
uzb,2009,499.85
uzb,2010,508.02
uzb,2011,521.66
uzb,2012,537.09
uzb,2013,553.21
uzb,2014,565.31
uzb,2015,569.4
uzb,2016,575
vct,1990,4.46
vct,1991,4.63
vct,1992,4.77
vct,1993,4.89
vct,1994,5.02
vct,1995,5.1
vct,1996,5.21
vct,1997,5.23
vct,1998,5.16
vct,1999,5.46
vct,2000,5.48
vct,2001,5.51
vct,2002,5.63
vct,2003,5.7
vct,2004,5.78
vct,2005,5.81
vct,2006,5.84
vct,2007,5.9
vct,2008,6.02
vct,2009,6.05
vct,2010,6.15
vct,2011,6.37
vct,2012,6.53
vct,2013,6.98
vct,2014,7.2
vct,2015,7.32
vct,2016,7.32
ven,1990,407.07
ven,1991,431.15
ven,1992,453.87
ven,1993,457.99
ven,1994,493.57
ven,1995,511.36
ven,1996,537.88
ven,1997,552.44
ven,1998,566.2
ven,1999,582.32
ven,2000,597.64
ven,2001,618.54
ven,2002,677.3
ven,2003,698.1
ven,2004,697.16
ven,2005,718.3
ven,2006,751.64
ven,2007,780.91
ven,2008,824.26
ven,2009,855.66
ven,2010,880.16
ven,2011,916.38
ven,2012,947.29
ven,2013,987.97
ven,2014,1013.55
ven,2015,1046.08
ven,2016,1080.09
vnm,1990,3639.55
vnm,1991,3735.47
vnm,1992,3841.56
vnm,1993,3961.85
vnm,1994,4088.3
vnm,1995,4217.13
vnm,1996,4365.07
vnm,1997,4517.54
vnm,1998,4685.45
vnm,1999,4860.08
vnm,2000,5036.68
vnm,2001,5226.35
vnm,2002,5410.12
vnm,2003,5614.49
vnm,2004,5836.7
vnm,2005,6076.3
vnm,2006,6301.73
vnm,2007,6547.2
vnm,2008,6799.9
vnm,2009,7048.15
vnm,2010,7272.56
vnm,2011,7451.35
vnm,2012,7624.12
vnm,2013,7813.47
vnm,2014,8007.76
vnm,2015,8245.69
vnm,2016,8455.31
vut,1990,2.58
vut,1991,2.71
vut,1992,2.83
vut,1993,2.95
vut,1994,3.06
vut,1995,3.16
vut,1996,3.25
vut,1997,3.34
vut,1998,3.42
vut,1999,3.52
vut,2000,3.61
vut,2001,3.72
vut,2002,3.85
vut,2003,3.99
vut,2004,4.14
vut,2005,4.31
vut,2006,4.5
vut,2007,4.7
vut,2008,4.9
vut,2009,5.12
vut,2010,5.37
vut,2011,5.59
vut,2012,5.83
vut,2013,6.12
vut,2014,6.41
vut,2015,6.7
vut,2016,6.96
wsm,1990,4.07
wsm,1991,4.19
wsm,1992,4.3
wsm,1993,4.39
wsm,1994,4.48
wsm,1995,4.56
wsm,1996,4.6
wsm,1997,4.64
wsm,1998,4.67
wsm,1999,4.67
wsm,2000,4.64
wsm,2001,4.68
wsm,2002,4.73
wsm,2003,4.8
wsm,2004,4.88
wsm,2005,4.97
wsm,2006,5.03
wsm,2007,5.13
wsm,2008,5.21
wsm,2009,5.34
wsm,2010,5.48
wsm,2011,5.65
wsm,2012,5.77
wsm,2013,5.88
wsm,2014,6
wsm,2015,6.12
wsm,2016,6.18
yem,1990,174.03
yem,1991,183.57
yem,1992,194.01
yem,1993,206.32
yem,1994,218.64
yem,1995,231.61
yem,1996,242.45
yem,1997,253.88
yem,1998,263.53
yem,1999,275.14
yem,2000,287.37
yem,2001,299.61
yem,2002,312.01
yem,2003,325.46
yem,2004,339.1
yem,2005,352.35
yem,2006,362.82
yem,2007,372.3
yem,2008,382.21
yem,2009,392.85
yem,2010,404.34
yem,2011,416.91
yem,2012,432.55
yem,2013,450.68
yem,2014,470.15
yem,2015,491.2
yem,2016,512.9
zaf,1990,783.65
zaf,1991,801.29
zaf,1992,846.19
zaf,1993,836.68
zaf,1994,877.81
zaf,1995,877.32
zaf,1996,946.5
zaf,1997,1077.47
zaf,1998,1116.65
zaf,1999,1169.56
zaf,2000,1234.51
zaf,2001,1235.19
zaf,2002,1261.64
zaf,2003,1301.07
zaf,2004,1343.1
zaf,2005,1396.43
zaf,2006,1457.19
zaf,2007,1485.96
zaf,2008,1508.95
zaf,2009,1549.48
zaf,2010,1591.97
zaf,2011,1610.08
zaf,2012,1588.03
zaf,2013,1578.33
zaf,2014,1594.08
zaf,2015,1598.82
zaf,2016,1604.13
zmb,1990,139.39
zmb,1991,151.18
zmb,1992,163.23
zmb,1993,174.09
zmb,1994,188.49
zmb,1995,202.33
zmb,1996,213.65
zmb,1997,222.7
zmb,1998,231.87
zmb,1999,236.84
zmb,2000,239.09
zmb,2001,241.01
zmb,2002,241.31
zmb,2003,246.13
zmb,2004,243.95
zmb,2005,245.53
zmb,2006,249.27
zmb,2007,251.49
zmb,2008,254.58
zmb,2009,259.48
zmb,2010,264.14
zmb,2011,269.67
zmb,2012,274.38
zmb,2013,279.96
zmb,2014,284.73
zmb,2015,292.72
zmb,2016,304.27
zwe,1990,211.42
zwe,1991,209.37
zwe,1992,201.55
zwe,1993,197.06
zwe,1994,193.33
zwe,1995,195.45
zwe,1996,198.64
zwe,1997,201.12
zwe,1998,217.38
zwe,1999,237.2
zwe,2000,256.95
zwe,2001,280.83
zwe,2002,309.22
zwe,2003,326.51
zwe,2004,352.86
zwe,2005,345.74
zwe,2006,342.96
zwe,2007,336.09
zwe,2008,338.01
zwe,2009,345.4
zwe,2010,341.22
zwe,2011,336.94
zwe,2012,336.68
zwe,2013,337.89
zwe,2014,355.8
zwe,2015,362.93
zwe,2016,373.05
