geo,time,traffic_mortality_30_44_per_100000_people
alb,1987,14.2886
alb,1988,13.3149
alb,1989,14.4084
alb,1992,19.6804
alb,1993,24.6703
alb,1994,8.1216
alb,1995,9.1101
alb,1996,12.1461
alb,1997,11.5839
alb,1998,13.8077
alb,1999,14.0116
alb,2000,35.7305
alb,2001,16.6541
alb,2002,14.7719
alb,2003,19.0486
alb,2004,15.0768
alb,2007,11.9042
alb,2008,12.0585
alb,2010,13.9224
ant,1981,2.6622
arg,1966,12.8949
arg,1967,16.7707
arg,1968,18.4741
arg,1969,21.3272
arg,1970,21.0927
arg,1977,17.5418
arg,1978,15.7747
arg,1979,14.9521
arg,1980,26.0161
arg,1981,25.4983
arg,1982,14.0514
arg,1983,13.7326
arg,1984,12.1213
arg,1985,8.6083
arg,1986,10.8894
arg,1987,10.6081
arg,1988,9.5182
arg,1989,10.7299
arg,1990,9.6094
arg,1991,9.915
arg,1992,11.3251
arg,1993,11.2524
arg,1994,13.5477
arg,1995,11.7061
arg,1996,11.8156
arm,1981,11.5863
arm,1982,14.1897
arm,1985,14.6497
arm,1986,13.1334
arm,1987,12.8612
arm,1988,16.7367
arm,1989,30.1857
arm,1990,27.4358
arm,1991,24.7727
arm,1992,18.6419
arm,1993,12.2429
arm,1994,7.7468
arm,1995,8.158
arm,1996,9.9158
arm,1997,6.8617
arm,1998,8.5082
arm,1999,5.8778
arm,2000,6.6052
arm,2001,7.9871
arm,2002,7.2494
arm,2003,10.3775
arm,2016,8.3879
atg,1963,10.8006
atg,1973,11.1606
atg,1975,13.7066
atg,1976,13.7066
atg,1977,11.1606
aus,1950,19.1697
aus,1951,22.6154
aus,1952,20.8449
aus,1953,19.1764
aus,1954,19.2242
aus,1955,20.0492
aus,1956,19.8276
aus,1957,22.3184
aus,1958,20.501
aus,1959,23.8823
aus,1960,22.6671
aus,1961,21.0817
aus,1962,22.9665
aus,1963,20.8802
aus,1964,24.1852
aus,1965,23.8921
aus,1966,24.6308
aus,1967,23.0503
aus,1968,24.4488
aus,1969,26.3114
aus,1970,24.6982
aus,1971,24.2648
aus,1972,20.5456
aus,1973,22.5381
aus,1974,21.1329
aus,1975,22.9408
aus,1976,20.227
aus,1977,19.932
aus,1978,19.7932
aus,1979,23.3074
aus,1980,21.0039
aus,1981,20.5862
aus,1982,19.6343
aus,1983,15.4799
aus,1984,16.6536
aus,1985,17.7584
aus,1986,17.0223
aus,1987,16.6722
aus,1988,15.405
aus,1989,17.3732
aus,1990,12.8809
aus,1991,12.3576
aus,1992,12.1082
aus,1993,12.6559
aus,1994,11.2935
aus,1995,11.7156
aus,1996,12.4115
aus,1997,10.9096
aus,1998,8.4781
aus,1999,8.7914
aus,2000,9.4087
aus,2001,8.727
aus,2002,9.4602
aus,2003,7.9924
aus,2004,7.1186
aus,2006,8.513
aus,2007,7.8774
aus,2008,6.9948
aus,2009,7.5236
aus,2010,6.672
aus,2011,5.8453
aus,2012,5.4264
aus,2013,5.0137
aus,2014,5.4349
aus,2015,4.811
aut,1955,9.4766
aut,1956,20.6856
aut,1957,26.759
aut,1958,24.2865
aut,1959,23.4152
aut,1960,23.3939
aut,1961,19.7262
aut,1962,16.9481
aut,1963,20.4788
aut,1964,23.9246
aut,1965,22.3173
aut,1966,25.7138
aut,1967,29.0463
aut,1968,31.2752
aut,1969,28.2248
aut,1970,29.8299
aut,1971,35.9944
aut,1972,35.8374
aut,1973,33.4132
aut,1974,26.295
aut,1975,29.0145
aut,1976,26.0496
aut,1977,23.6122
aut,1978,23.1207
aut,1979,20.9623
aut,1980,26.4397
aut,1981,24.2753
aut,1982,25.7803
aut,1983,26.1289
aut,1984,22.3314
aut,1985,18.4132
aut,1986,19.4248
aut,1987,18.3798
aut,1988,18.9955
aut,1989,16.4685
aut,1990,19.9592
aut,1991,16.9614
aut,1992,14.1413
aut,1993,14.5348
aut,1994,15.2418
aut,1995,15.3077
aut,1996,11.9736
aut,1997,12.2563
aut,1998,11.9332
aut,1999,12.8902
aut,2000,12.1701
aut,2001,12.8491
aut,2002,9.3526
aut,2003,8.2335
aut,2004,9.2452
aut,2005,8.4429
aut,2006,6.8827
aut,2007,6.2768
aut,2008,5.7548
aut,2009,5.782
aut,2010,4.974
aut,2011,4.6607
aut,2012,4.4055
aut,2013,3.5698
aut,2014,3.8724
aut,2015,3.8384
aut,2016,3.7985
aze,1981,19.4979
aze,1982,19.5466
aze,1985,15.3107
aze,1986,24.0324
aze,1987,21.5033
aze,1988,26.6713
aze,1989,26.165
aze,1990,26.0088
aze,1991,25.3307
aze,1992,24.8908
aze,1993,19.691
aze,1994,3.0103
aze,1995,4.0778
aze,1996,9.4948
aze,1997,7.9539
aze,1998,8.0428
aze,1999,7.2818
aze,2000,7.7107
bel,1954,11.0389
bel,1955,11.5822
bel,1956,13.1474
bel,1957,13.2799
bel,1958,16.1769
bel,1959,17.3347
bel,1960,17.9328
bel,1961,17.7525
bel,1962,17.9273
bel,1963,19.3319
bel,1964,21.5601
bel,1965,24.1714
bel,1966,20.9582
bel,1967,23.1574
bel,1968,24.3396
bel,1969,22.8765
bel,1970,28.5767
bel,1971,25.3437
bel,1972,27.368
bel,1973,25.5315
bel,1974,22.5046
bel,1975,19.6136
bel,1976,23.8108
bel,1977,18.9278
bel,1978,20.2303
bel,1979,20.8272
bel,1980,24.8146
bel,1981,23.4545
bel,1982,20.6148
bel,1983,22.4417
bel,1984,21.2454
bel,1985,18.3555
bel,1986,19.5592
bel,1987,19.8668
bel,1988,18.3844
bel,1989,18.7517
bel,1990,20.3419
bel,1991,19.6712
bel,1992,19.3786
bel,1993,18.149
bel,1994,19.2579
bel,1995,19.3781
bel,1996,15.7078
bel,1997,16.8512
bel,1998,2.2156
bel,1999,1.2471
bel,2000,17.2991
bel,2001,16.3081
bel,2002,13.1856
bel,2003,12.5992
bel,2004,12.393
bel,2005,11.9674
bel,2006,11.2486
bel,2007,12.1253
bel,2008,10.8864
bel,2009,10.0295
bel,2010,9.0621
bel,2011,7.5492
bel,2012,6.1096
bel,2013,7.0392
bel,2014,5.9803
bel,2015,5.9225
bgr,1964,8.0997
bgr,1965,8.7571
bgr,1966,14.5239
bgr,1967,17.1372
bgr,1968,16.8461
bgr,1969,13.6825
bgr,1970,15.2731
bgr,1971,14.8696
bgr,1972,15.7162
bgr,1973,16.0975
bgr,1974,12.0412
bgr,1975,14.9746
bgr,1976,13.2939
bgr,1977,13.4933
bgr,1978,16.5193
bgr,1979,15.3224
bgr,1980,24.4036
bgr,1981,22.8151
bgr,1982,24.6061
bgr,1983,25.1047
bgr,1984,22.188
bgr,1985,23.2118
bgr,1986,20.611
bgr,1987,21.308
bgr,1988,21.1985
bgr,1989,25.6881
bgr,1990,27.4874
bgr,1991,22.8621
bgr,1992,27.116
bgr,1993,25.9
bgr,1994,28.5554
bgr,1995,24.3645
bgr,1996,23.5564
bgr,1997,19.8118
bgr,1998,18.7296
bgr,1999,21.9588
bgr,2000,20.6855
bgr,2001,20.2767
bgr,2002,19.2026
bgr,2003,17.8228
bgr,2004,20.178
bgr,2005,2.8497
bgr,2006,4.064
bgr,2007,4.2766
bgr,2008,4.3148
bgr,2009,4.3057
bgr,2010,2.506
bgr,2011,2.5004
bgr,2012,1.8473
bgr,2013,7.6092
bgr,2014,7.7196
bhr,1985,7.8915
bhr,1987,13.404
bhr,1988,7.2556
bhs,1969,4.2303
bhs,1971,6.8788
bhs,1975,24.5702
bhs,1979,25.1765
bhs,1980,20.9961
bhs,1981,11.4039
bhs,1984,16.3069
bhs,1985,26.1093
bhs,1987,19.2879
bhs,1993,9.7917
bhs,1994,15.4739
bhs,1995,11.905
bih,2014,1.7207
blr,1981,18.4287
blr,1982,17.2806
blr,1985,12.0809
blr,1986,11.8524
blr,1987,13.034
blr,1988,18.0292
blr,1989,24.2167
blr,1990,28.0198
blr,1991,29.8903
blr,1992,27.7541
blr,1993,20.4627
blr,1994,21.6862
blr,1995,23.1187
blr,1997,20.2421
blr,1998,22.1914
blr,1999,23.0769
blr,2000,19.262
blr,2001,17.9598
blz,1967,24.4125
blz,1982,14.8003
blz,1984,3.4939
blz,1986,17.2304
blz,1990,3.2397
blz,1991,19.593
blz,1993,18.4602
blz,1995,41.0729
bmu,1968,39.4936
bmu,1969,9.8993
bmu,1970,19.4655
bmu,1971,58.7426
bmu,1975,17.384
bmu,1976,17.0701
bmu,1978,22.4584
bmu,1983,14.9596
bra,1979,25.5032
bra,1980,23.3497
bra,1981,21.9748
bra,1982,22.8544
bra,1983,21.1372
bra,1984,22.3781
bra,1985,24.9766
bra,1986,29.9459
brb,1960,13.2451
brb,1962,2.6364
brb,1963,12.6461
brb,1964,9.4432
brb,1966,6.5389
brb,1967,3.1291
brb,1968,5.9391
brb,1969,27.1672
brb,1970,25.8452
brb,1971,18.7065
brb,1972,9.3275
brb,1973,29.5524
brb,1974,21.9551
brb,1975,18.7582
brb,1976,23.8384
brb,1977,11.1988
brb,1978,10.9469
brb,1979,18.1263
brb,1980,17.6379
brb,1981,2.1998
brb,1982,13.4629
brb,1983,5.1228
brb,1984,5.4547
brb,1985,13.9488
brb,1986,13.0674
brb,1987,6.1697
brb,1988,17.5456
brb,1989,13.6797
brb,1990,9.8571
brb,1991,6.9184
brb,1992,14.796
brb,1993,14.0652
brb,1994,4.7831
brb,1995,6.1203
can,1950,12.7891
can,1951,16.0767
can,1952,17.5561
can,1953,18.1282
can,1954,16.1444
can,1955,16.5221
can,1956,20.3488
can,1957,19.0655
can,1958,19.7258
can,1959,19.0613
can,1960,17.9883
can,1961,19.5084
can,1962,22.7766
can,1963,20.6591
can,1964,23.8025
can,1965,23.0332
can,1966,24.8555
can,1967,23.6889
can,1968,23.6968
can,1969,22.3776
can,1970,21.7843
can,1971,23.4407
can,1972,24.4654
can,1973,22.8879
can,1974,22.394
can,1975,21.3791
can,1976,17.2015
can,1977,17.4848
can,1978,17.7867
can,1979,22.2781
can,1980,22.9434
can,1981,20.9393
can,1982,16.6947
can,1983,17.5498
can,1984,16.4941
can,1985,16.9905
can,1986,15.6829
can,1987,16.2401
can,1988,15.6862
can,1989,17.5816
can,1990,15.3607
can,1991,13.0503
can,1992,12.4476
can,1993,13.2633
can,1994,11.7318
can,1995,12.0757
can,1996,10.5585
can,1997,10.4797
can,1998,10.1579
can,1999,9.499
can,2000,7.7014
can,2001,7.5942
can,2002,7.9935
can,2003,8.3419
can,2004,7.548
can,2005,7.7395
che,1951,13.1188
che,1952,14.2508
che,1953,16.7391
che,1954,15.9084
che,1955,15.3195
che,1956,16.0899
che,1957,18.6149
che,1958,17.5923
che,1959,16.8431
che,1960,19.5406
che,1961,19.4536
che,1962,19.6813
che,1963,17.7981
che,1964,17.276
che,1965,15.8461
che,1966,14.1342
che,1967,17.7286
che,1968,16.1513
che,1969,15.8566
che,1970,17.2686
che,1971,19.5474
che,1972,17.218
che,1973,13.7196
che,1974,12.4288
che,1975,11.2969
che,1976,12.9808
che,1977,13.0246
che,1978,12.3964
che,1979,12.7452
che,1980,11.9317
che,1981,10.9077
che,1982,10.062
che,1983,9.8639
che,1984,9.8397
che,1985,8.9373
che,1986,11.701
che,1987,9.2383
che,1988,10.0595
che,1989,10.41
che,1990,10.2621
che,1991,9.5261
che,1992,9.2375
che,1993,7.9473
che,1994,6.6595
che,1995,7.5728
che,1996,5.2944
che,1997,6.1127
che,1998,5.6036
che,1999,5.348
che,2000,5.8734
che,2001,5.1052
che,2002,6.3293
che,2003,5.4951
che,2004,4.8251
che,2005,3.5559
che,2006,3.5543
che,2007,2.7425
che,2008,3.2173
che,2009,2.5383
che,2010,3.5488
che,2011,1.9375
che,2012,1.9792
che,2013,1.6588
cheslo,1953,7.89
cheslo,1954,9.6272
cheslo,1955,8.7603
cheslo,1956,11.0917
cheslo,1957,11.5822
cheslo,1958,9.0691
cheslo,1959,13.9904
cheslo,1960,13.422
cheslo,1961,13.9912
cheslo,1962,12.6776
cheslo,1963,12.5165
cheslo,1964,14.8907
cheslo,1965,13.8637
cheslo,1966,15.6978
cheslo,1967,16.347
cheslo,1968,20.4883
cheslo,1969,23.4143
cheslo,1970,19.2684
cheslo,1971,18.7729
cheslo,1972,19.6424
cheslo,1973,18.3071
cheslo,1974,16.2135
cheslo,1975,16.2289
cheslo,1976,17.4039
cheslo,1977,16.1235
cheslo,1978,15.7682
cheslo,1979,19.1974
cheslo,1980,17.274
cheslo,1981,19.4403
cheslo,1982,16.7594
cheslo,1983,16.9214
cheslo,1984,16.2407
cheslo,1985,17.3673
cheslo,1986,14.095
cheslo,1987,13.55
cheslo,1988,15.4662
cheslo,1989,16.1253
cheslo,1990,20.9009
cheslo,1991,21.189
chl,1955,4.2418
chl,1956,7.9252
chl,1957,10.3677
chl,1958,9.3307
chl,1959,9.0315
chl,1960,10.3877
chl,1961,12.3596
chl,1962,7.7291
chl,1963,10.0822
chl,1964,7.5664
chl,1965,8.1212
chl,1966,20.2648
chl,1967,9.2786
chl,1968,33.2386
chl,1969,27.5756
chl,1970,22.5435
chl,1971,29.901
chl,1972,29.6932
chl,1973,23.1671
chl,1974,15.8497
chl,1975,12.186
chl,1976,11.3987
chl,1977,10.4092
chl,1978,13.5317
chl,1979,14.0494
chl,1980,15.9037
chl,1981,16.6975
chl,1982,11.9429
chl,1983,19.8256
chl,1984,9.4869
chl,1985,8.5513
chl,1986,7.6111
chl,1987,9.6184
chl,1988,9.4107
chl,1989,10.1406
chl,1990,9.8586
chl,1991,11.7308
chl,1992,13.93
chl,1993,14.3568
chl,1994,13.5844
col,1955,10.7479
col,1956,10.8095
col,1957,9.8964
col,1958,11.505
col,1959,9.6504
col,1960,10.0011
col,1961,9.9347
col,1962,14.8459
col,1963,15.5085
col,1964,14.8492
col,1965,15.3472
col,1966,14.3538
col,1967,12.9706
col,1968,16.0571
col,1969,12.5544
col,1972,15.7054
col,1974,20.1218
col,1975,20.9273
col,1976,19.8913
col,1977,21.4619
col,1984,22.2669
col,1985,20.9208
col,1986,18.1664
col,1991,17.6722
col,1992,19.2748
col,1993,20.071
col,1994,22.1169
cri,1961,10.5608
cri,1962,7.6352
cri,1963,9.9904
cri,1964,9.2099
cri,1965,11.1499
cri,1966,16.9072
cri,1967,11.9259
cri,1968,12.3699
cri,1969,15.4985
cri,1970,17.9574
cri,1971,20.9209
cri,1972,23.9013
cri,1973,18.6445
cri,1974,27.7657
cri,1975,17.6288
cri,1976,30.7565
cri,1977,19.612
cri,1978,23.6541
cri,1979,26.2216
cri,1980,20.9968
cri,1981,16.9442
cri,1982,13.974
cri,1983,9.2736
cri,1984,15.4563
cri,1985,18.6891
cri,1986,19.7143
cri,1987,18.751
cri,1988,17.0144
cri,1989,17.4689
cri,1990,18.3491
cri,1991,19.4211
cri,1992,21.0798
cri,1993,16.5126
cri,1994,20.499
cri,1995,15.559
cub,1964,10.5591
cub,1968,10.5789
cub,1969,11.9536
cub,1970,15.3404
cub,1971,14.2434
cub,1972,12.6536
cub,1973,12.7227
cub,1974,13.8506
cub,1975,15.1815
cub,1976,16.0899
cub,1977,23.2566
cub,1992,20.4725
cub,1993,20.8821
cub,1994,23.7471
cub,1995,24.5943
cub,1996,19.3515
cym,1979,23.7546
cyp,2004,11.4158
cyp,2005,11.0636
cyp,2006,9.7193
cyp,2007,14.1521
cyp,2008,11.4916
cyp,2009,6.4368
cyp,2010,9.5682
cyp,2011,9.0606
cyp,2012,5.709
cyp,2013,2.6128
cyp,2014,5.9261
cyp,2015,8.0658
cyp,2016,4.3333
cze,1986,12.5162
cze,1987,12.5884
cze,1988,14.6177
cze,1989,15.5847
cze,1990,19.0427
cze,1991,20.159
cze,1992,23.0822
cze,1993,22.0739
cze,1994,14.2562
cze,1995,14.3262
cze,1996,15.0079
cze,1997,12.4618
cze,1998,11.5138
cze,1999,9.6241
cze,2000,10.7216
cze,2001,9.9219
cze,2002,9.6467
cze,2003,11.1484
cze,2004,9.7795
cze,2005,7.6199
cze,2006,7.2796
cze,2007,9.0706
cze,2008,8.1806
cze,2009,7.9587
cze,2010,5.6745
cze,2011,5.8846
cze,2012,6.9868
cze,2013,4.6621
cze,2014,5.6769
cze,2015,5.6353
cze,2016,4.4762
deu,1990,12.8138
deu,1991,14.609
deu,1992,14.2562
deu,1993,13.2888
deu,1994,13.3322
deu,1995,12.0763
deu,1996,11.4457
deu,1997,11.0373
deu,1998,8.3315
deu,1999,8.2733
deu,2000,8.1251
deu,2001,7.5983
deu,2002,7.3344
deu,2003,7.0708
deu,2004,6.2469
deu,2005,5.7458
deu,2006,5.2988
deu,2007,5.0549
deu,2008,4.1029
deu,2009,3.9209
deu,2010,3.5203
deu,2011,3.7269
deu,2012,3.3632
deu,2013,3.3382
deu,2014,3.147
deu,2015,3.414
deu_east,1973,11.9479
deu_east,1974,11.3907
deu_east,1977,14.4339
deu_east,1980,12.3228
deu_east,1981,11.1837
deu_east,1982,10.6069
deu_east,1983,10.7073
deu_east,1984,11.0211
deu_east,1985,10.731
deu_east,1986,10.5615
deu_east,1987,11.2426
deu_east,1988,10.6471
deu_east,1989,11.8965
deu_east,1990,19.5611
deu_west,1952,13.9425
deu_west,1953,17.5013
deu_west,1954,18.2153
deu_west,1955,19.504
deu_west,1956,19.454
deu_west,1957,18.3761
deu_west,1958,16.5471
deu_west,1959,18.1644
deu_west,1960,19.0757
deu_west,1961,18.5685
deu_west,1962,18.8174
deu_west,1963,18.0837
deu_west,1964,20.959
deu_west,1965,19.744
deu_west,1966,20.9008
deu_west,1967,21.797
deu_west,1968,19.8292
deu_west,1969,21.4551
deu_west,1970,25.6587
deu_west,1971,24.3464
deu_west,1972,24.5226
deu_west,1973,20.7641
deu_west,1974,17.6139
deu_west,1975,17.8657
deu_west,1976,17.432
deu_west,1977,17.4674
deu_west,1978,17.3259
deu_west,1979,19.1573
deu_west,1980,18.8725
deu_west,1981,16.577
deu_west,1982,16.1572
deu_west,1983,16.068
deu_west,1984,13.4726
deu_west,1985,11.3778
deu_west,1986,12.4421
deu_west,1987,10.3316
deu_west,1988,11.3598
deu_west,1989,10.687
deu_west,1990,11.1461
dma,1962,11.8791
dma,1973,24.6854
dma,1984,6.5995
dnk,1951,6.4079
dnk,1952,7.1944
dnk,1953,9.8158
dnk,1954,10.4669
dnk,1955,10.0782
dnk,1956,7.9953
dnk,1957,10.1589
dnk,1958,8.1445
dnk,1959,9.968
dnk,1960,10.5067
dnk,1961,8.0638
dnk,1962,10.8749
dnk,1963,9.9186
dnk,1964,10.7106
dnk,1965,12.4087
dnk,1966,11.6866
dnk,1967,10.826
dnk,1968,16.615
dnk,1969,15.4907
dnk,1970,14.0488
dnk,1971,14.4883
dnk,1972,16.4386
dnk,1973,14.5571
dnk,1974,8.2675
dnk,1975,9.0127
dnk,1976,8.0694
dnk,1977,8.2122
dnk,1978,9.5415
dnk,1979,8.9286
dnk,1980,8.6886
dnk,1981,7.5966
dnk,1982,7.3418
dnk,1983,9.1342
dnk,1984,7.7386
dnk,1985,11.0028
dnk,1986,10.4798
dnk,1987,9.5219
dnk,1988,10.292
dnk,1989,8.0793
dnk,1990,7.0954
dnk,1991,7.8741
dnk,1992,8.8368
dnk,1993,7.8974
dnk,1994,8.4964
dnk,1995,7.0679
dnk,1996,7.9831
dnk,1997,8.1965
dnk,1998,8.9308
dnk,1999,10.5177
dnk,2000,6.1423
dnk,2001,6.7477
dnk,2002,6.0471
dnk,2003,7.9349
dnk,2004,5.6645
dnk,2005,4.9123
dnk,2006,4.3632
dnk,2007,5.8342
dnk,2008,7.0011
dnk,2009,5.7133
dnk,2010,3.0922
dnk,2011,3.1374
dnk,2012,1.7251
dnk,2013,2.9682
dnk,2014,3.6079
dnk,2015,3.0808
dom,1965,7.0282
dom,1966,5.814
dom,1967,9.6524
dom,1968,8.7323
dom,1969,8.0941
dom,1970,13.4252
dom,1971,15.4472
dom,1972,14.7843
dom,1973,13.7013
dom,1974,13.6106
dom,1975,11.9538
dom,1976,11.5563
dom,1977,16.0481
dom,1978,11.8711
dom,1979,7.3004
dom,1980,9.2933
dom,1981,15.0921
dom,1982,12.4034
dom,1983,18.3626
dom,1984,15.2433
dom,1985,13.2055
ecu,1961,7.6889
ecu,1963,9.5401
ecu,1964,8.3388
ecu,1965,7.697
ecu,1966,6.5449
ecu,1967,8.966
ecu,1968,16.6135
ecu,1969,19.3465
ecu,1970,24.9158
ecu,1971,22.578
ecu,1972,21.6156
ecu,1973,24.965
ecu,1974,27.6803
ecu,1975,28.0845
ecu,1977,32.2856
ecu,1978,32.3815
ecu,1979,32.0931
ecu,1980,37.2597
ecu,1982,32.6144
ecu,1984,29.8605
ecu,1985,26.9809
ecu,1986,27.0406
ecu,1987,24.6781
ecu,1988,28.2598
ecu,1991,30.0092
egy,1955,0.1471
egy,1956,0.0852
egy,1957,0.1798
egy,1958,0.3161
egy,1959,2.0011
egy,1960,1.2121
egy,1961,1.172
egy,1962,1.6471
egy,1963,1.0782
egy,1964,0.3723
egy,1965,0.0343
egy,1966,0.0209
egy,1967,0.0951
egy,1970,1.3135
egy,1971,1.3974
egy,1972,1.4497
egy,1973,1.0169
egy,1974,1.4502
egy,1975,1.5657
egy,1976,1.9749
egy,1977,1.6807
egy,1978,2.2954
egy,1979,2.4606
egy,1980,17.0777
egy,1987,17.5428
egy,2001,0.1959
egy,2002,0.0485
egy,2003,0.0076
egy,2004,0.0309
egy,2005,0.0297
egy,2006,0.0522
egy,2007,0.1993
egy,2008,0.0578
egy,2009,0.0208
egy,2010,0.0415
egy,2011,0.0602
egy,2012,0.1505
egy,2013,0.0614
egy,2014,0.2804
egy,2015,0.2877
esp,1951,5.5765
esp,1952,4.8631
esp,1953,5.3049
esp,1954,7.5475
esp,1955,7.6916
esp,1956,8.9706
esp,1957,8.3275
esp,1958,8.1278
esp,1959,9.0674
esp,1960,12.7573
esp,1961,14.8089
esp,1962,14.9731
esp,1963,10.186
esp,1964,11.8067
esp,1965,12.0529
esp,1966,14.0545
esp,1967,16.0309
esp,1968,11.1854
esp,1969,15.0389
esp,1971,13.3232
esp,1972,16.4367
esp,1973,18.0358
esp,1974,14.6926
esp,1975,14.4507
esp,1976,16.7072
esp,1977,16.4277
esp,1978,17.1184
esp,1979,17.1408
esp,1980,23.4646
esp,1981,21.8836
esp,1982,18.7149
esp,1983,19.5009
esp,1984,21.2669
esp,1985,20.8373
esp,1986,22.5966
esp,1987,24.3959
esp,1988,25.8154
esp,1989,28.0054
esp,1990,25.8752
esp,1991,26.4458
esp,1992,24.2052
esp,1993,21.5459
esp,1994,19.3055
esp,1995,19.8664
esp,1996,17.8043
esp,1997,18.7012
esp,1998,19.1609
esp,1999,15.0831
esp,2000,14.8159
esp,2001,13.9857
esp,2002,12.9741
esp,2003,13.101
esp,2004,11.4778
esp,2005,10.1494
esp,2006,9.8955
esp,2007,8.8888
esp,2008,6.7582
esp,2009,5.7464
esp,2010,5.1712
esp,2011,4.7101
esp,2012,4.1369
esp,2013,3.7725
esp,2014,3.8142
esp,2015,3.7683
est,1981,25.1672
est,1982,23.3898
est,1985,17.05
est,1986,13.3156
est,1987,18.3993
est,1988,21.7114
est,1989,26.3932
est,1990,37.9529
est,1991,44.8774
est,1992,22.5272
est,1993,32.5612
est,1994,52.6938
est,1995,52.2494
est,1996,31.6283
est,1997,0.6342
est,1999,0.3099
est,2001,1.043
est,2002,0.7366
est,2003,0.7325
est,2004,0.736
est,2005,0.3696
est,2007,0.7036
est,2009,9.5169
est,2010,5.1456
est,2011,7.2506
est,2012,3.9729
est,2014,4.3281
fin,1952,6.6726
fin,1953,8.9095
fin,1954,7.719
fin,1955,8.8452
fin,1956,11.0879
fin,1957,9.2934
fin,1958,12.1774
fin,1959,14.6912
fin,1960,16.8236
fin,1961,16.0202
fin,1962,17.9881
fin,1963,22.1242
fin,1964,18.9029
fin,1965,21.6286
fin,1966,21.0073
fin,1967,17.7311
fin,1968,19.8639
fin,1969,21.2636
fin,1970,20.3986
fin,1971,24.4435
fin,1972,21.7315
fin,1973,19.8426
fin,1974,13.8751
fin,1975,15.2026
fin,1976,11.3058
fin,1977,13.4862
fin,1978,9.596
fin,1979,10.2485
fin,1980,9.1108
fin,1981,9.946
fin,1982,8.1037
fin,1983,10.1294
fin,1984,6.5042
fin,1985,7.1245
fin,1986,7.8783
fin,1987,11.3619
fin,1988,12.2967
fin,1989,12.1015
fin,1990,8.2119
fin,1991,8.5779
fin,1992,7.4245
fin,1993,8.7254
fin,1994,9.8131
fin,1995,5.8608
fji,1978,6.9378
fji,2009,6.183
fra,1950,9.2136
fra,1952,11.1577
fra,1953,15.5902
fra,1954,20.5072
fra,1955,21.2615
fra,1956,21.7264
fra,1957,23.1229
fra,1958,20.3257
fra,1959,21.0424
fra,1960,19.6009
fra,1961,21.6648
fra,1962,22.6805
fra,1963,23.4397
fra,1964,23.7704
fra,1965,27.1409
fra,1966,25.6696
fra,1967,26.3676
fra,1968,29.9071
fra,1969,21.9767
fra,1970,21.9719
fra,1971,24.457
fra,1972,27.0263
fra,1973,25.1574
fra,1974,21.7004
fra,1975,19.8338
fra,1976,21.0343
fra,1977,19.3317
fra,1978,16.8531
fra,1979,28.2436
fra,1980,27.0718
fra,1981,27.3715
fra,1982,27.1223
fra,1983,25.8724
fra,1984,26.0998
fra,1985,23.7953
fra,1986,24.3938
fra,1987,22.1049
fra,1988,22.8824
fra,1989,23.2915
fra,1990,21.9101
fra,1991,21.642
fra,1992,20.138
fra,1993,19.1557
fra,1994,18.0542
fra,1995,18.1131
fra,1996,18.2575
fra,1997,17.5469
fra,1998,19.0716
fra,1999,17.8901
fra,2000,12.0598
fra,2001,12.7341
fra,2002,11.9672
fra,2003,9.9753
fra,2004,8.9618
fra,2005,8.3092
fra,2006,7.4195
fra,2007,7.6968
fra,2008,6.7998
fra,2009,7.1548
fra,2010,6.3677
fra,2011,6.0252
fra,2012,5.1725
fra,2013,4.72
fra,2014,4.6553
gbr,1950,6.4871
gbr,1951,6.9869
gbr,1952,6.7776
gbr,1953,6.6333
gbr,1954,7.3088
gbr,1955,7.8323
gbr,1956,7.7728
gbr,1957,7.5418
gbr,1958,8.4145
gbr,1959,8.4788
gbr,1960,9.5288
gbr,1961,9.6007
gbr,1962,8.4485
gbr,1963,8.9509
gbr,1964,10.2417
gbr,1965,9.5953
gbr,1966,10.2684
gbr,1967,9.6844
gbr,1968,7.5195
gbr,1969,9.4109
gbr,1970,9.3469
gbr,1971,9.8871
gbr,1972,10.2793
gbr,1973,10.6716
gbr,1974,9.2934
gbr,1975,8.5394
gbr,1976,8.8992
gbr,1977,8.4533
gbr,1978,9.0271
gbr,1979,10.4049
gbr,1980,9.8422
gbr,1981,8.6711
gbr,1982,9.4633
gbr,1983,9.371
gbr,1984,8.5826
gbr,1985,8.5243
gbr,1986,8.4407
gbr,1987,8.3472
gbr,1988,8.3602
gbr,1989,8.3755
gbr,1990,9.1797
gbr,1991,8.2113
gbr,1992,8.0903
gbr,1993,6.8667
gbr,1994,6.9939
gbr,1995,6.4022
gbr,1996,7.0313
gbr,1997,7.0539
gbr,1998,6.7158
gbr,1999,6.9776
gbr,2001,6.0473
gbr,2002,6.1841
gbr,2003,6.1013
gbr,2004,6.2634
gbr,2005,5.7376
gbr,2006,5.8629
gbr,2007,5.5091
gbr,2008,4.6963
gbr,2009,4.1688
gbr,2010,3.5284
gbr,2011,3.1527
gbr,2012,2.7422
gbr,2013,2.531
gbr,2014,2.7846
gbr,2015,2.4207
geo,1981,3.1802
geo,1982,6.6999
geo,1985,13.6943
geo,1986,14.8582
geo,1987,14.7859
geo,1988,25.3471
geo,1989,27.4809
geo,1990,20.1454
geo,1991,8.8143
geo,1992,14.856
geo,1994,2.4128
geo,1995,2.0166
geo,1996,6.9577
geo,1997,9.7628
geo,1998,1.6877
geo,1999,2.2402
geo,2000,1.501
geo,2001,4.4169
geo,2004,12.6201
geo,2005,5.2835
geo,2006,6.1773
geo,2007,6.0882
geo,2009,10.8623
geo,2010,3.6583
geo,2011,2.0217
geo,2012,1.4987
geo,2013,1.3586
geo,2014,16.8545
geo,2015,16.8751
glp,1974,55.2923
glp,1981,37.4329
glp,2011,13.0563
grc,1961,7.0649
grc,1962,10.5814
grc,1963,8.8535
grc,1964,11.2644
grc,1965,11.6801
grc,1966,13.428
grc,1967,12.8551
grc,1968,11.5286
grc,1969,11.0983
grc,1970,12.0846
grc,1971,12.5182
grc,1972,12.5779
grc,1973,14.742
grc,1974,13.7933
grc,1975,17.9318
grc,1976,17.1685
grc,1977,19.7912
grc,1978,22.0424
grc,1979,20.5459
grc,1980,19.5617
grc,1981,17.6492
grc,1982,21.0064
grc,1983,23.0379
grc,1984,21.7232
grc,1985,21.1268
grc,1986,20.6944
grc,1987,20.789
grc,1988,22.7382
grc,1989,23.3609
grc,1990,20.3408
grc,1991,22.4337
grc,1992,21.8944
grc,1993,20.432
grc,1994,21.7588
grc,1995,23.9965
grc,1996,25.3181
grc,1997,22.0655
grc,1998,22.1534
grc,1999,20.9467
grc,2000,20.493
grc,2001,18.1758
grc,2002,17.4181
grc,2003,16.0966
grc,2004,17.8712
grc,2005,17.1124
grc,2006,17.2341
grc,2007,16.5307
grc,2008,15.819
grc,2009,16.1538
grc,2010,12.5342
grc,2011,12.5696
grc,2012,12.8204
grc,2013,9.592
grc,2014,8.5089
grc,2015,8.6748
grd,1988,25.8234
grd,1991,29.1714
gtm,1963,15.0113
gtm,1964,11.9036
gtm,1965,10.9889
gtm,1966,11.0237
gtm,1967,9.1749
gtm,1968,10.5489
gtm,1969,8.8453
gtm,1970,11.7282
gtm,1971,12.0847
gtm,1974,3.8027
gtm,1977,7.4628
gtm,1979,29.7325
gtm,1980,30.9802
gtm,1981,20.7574
gtm,1984,2.1952
guf,1970,45.1713
guf,1971,100.796
guf,1972,42.5799
guf,1973,41.0672
guf,1974,20.3642
guf,1975,66.1528
guf,1976,37.4519
guf,1977,35.8975
guf,1978,70.0731
guf,1979,19.7209
guf,2011,21.7263
hkg,1960,4.3552
hkg,1961,5.4112
hkg,1962,9.0725
hkg,1963,6.8299
hkg,1964,5.9243
hkg,1965,6.2871
hkg,1966,5.9209
hkg,1967,6.4353
hkg,1968,5.3941
hkg,1969,3.8748
hkg,1970,8.3042
hkg,1971,4.7769
hkg,1972,7.8753
hkg,1973,7.9417
hkg,1974,8.1878
hkg,1975,5.525
hkg,1976,6.7313
hkg,1977,6.1809
hkg,1978,5.2309
hkg,1979,10.277
hkg,1980,7.6209
hkg,1981,9.6051
hkg,1982,10.674
hkg,1983,7.0818
hkg,1984,4.0971
hkg,1985,4.7827
hkg,1986,6.4576
hkg,1987,5.1951
hkg,1988,4.8675
hkg,1989,5.5154
hkg,1990,4.9393
hkg,1991,5.2918
hkg,1992,4.0078
hkg,1993,5.2258
hkg,1994,3.7307
hkg,1995,4.0722
hkg,1996,3.5578
hkg,1997,3.4834
hkg,1998,2.7183
hkg,1999,3.1046
hkg,2000,2.6351
hkg,2001,1.6358
hkg,2002,1.438
hkg,2003,1.6486
hkg,2004,1.4459
hkg,2005,2.4013
hkg,2006,1.5573
hkg,2007,1.4082
hkg,2008,1.2981
hkg,2009,1.1352
hkg,2010,1.0978
hkg,2011,0.8964
hkg,2012,0.9492
hkg,2013,0.6598
hkg,2014,0.7594
hkg,2015,0.4565
hnd,1976,0.215
hrv,1985,31.9517
hrv,1986,27.9322
hrv,1987,31.8051
hrv,1988,32.7227
hrv,1989,32.2508
hrv,1990,31.3949
hrv,1991,30.0682
hrv,1992,33.7734
hrv,1993,25.3951
hrv,1994,24.6526
hrv,1995,10.5136
hrv,1996,10.8224
hrv,1997,9.8692
hrv,1998,11.6142
hrv,1999,11.4398
hrv,2000,12.7941
hrv,2001,11.4179
hrv,2002,10.7589
hrv,2003,14.8058
hrv,2004,13.93
hrv,2005,13.2477
hrv,2006,11.7217
hrv,2007,13.4793
hrv,2008,15.5938
hrv,2009,10.7609
hrv,2010,10.3411
hrv,2011,10.9922
hrv,2012,9.6934
hrv,2013,9.0483
hrv,2014,7.2216
hrv,2015,10.8918
hrv,2016,6.8151
hun,1955,5.7422
hun,1956,9.7538
hun,1957,9.5265
hun,1958,6.4026
hun,1959,7.4405
hun,1960,7.4987
hun,1961,9.3796
hun,1962,9.6872
hun,1963,10.7833
hun,1964,11.0489
hun,1965,11.1453
hun,1966,9.9408
hun,1967,10.6176
hun,1968,13.5014
hun,1969,12.5732
hun,1970,15.9002
hun,1971,16.8694
hun,1972,18.226
hun,1973,16.5841
hun,1974,17.3199
hun,1975,15.6592
hun,1976,14.6487
hun,1977,15.7422
hun,1978,18.2031
hun,1979,22.039
hun,1980,20.5806
hun,1981,21.4947
hun,1982,19.8292
hun,1983,21.1998
hun,1984,19.8411
hun,1985,22.6795
hun,1986,20.9615
hun,1987,19.7746
hun,1988,23.0679
hun,1989,26.707
hun,1990,31.4282
hun,1991,30.1375
hun,1992,29.8486
hun,1993,25.4725
hun,1994,24.7832
hun,1995,26.1987
hun,1996,13.9654
hun,1997,14.8209
hun,1998,15.3758
hun,1999,14.5584
hun,2000,13.2707
hun,2001,13.6844
hun,2002,19.321
hun,2003,16.4153
hun,2004,17.4399
hun,2005,15.7747
hun,2006,15.8845
hun,2007,17.3272
hun,2008,11.9023
hun,2009,11.389
hun,2010,8.8652
hun,2011,6.871
hun,2012,7.6254
hun,2013,6.8677
hun,2014,7.095
hun,2015,7.2995
hun,2016,6.958
irl,1950,3.6901
irl,1951,5.7449
irl,1952,6.0232
irl,1953,5.937
irl,1954,8.1298
irl,1955,7.2534
irl,1956,6.4527
irl,1957,5.4182
irl,1958,8.8324
irl,1959,8.0835
irl,1960,7.4338
irl,1961,12.4585
irl,1962,7.4641
irl,1963,7.7483
irl,1964,10.0815
irl,1965,7.95
irl,1966,11.8761
irl,1967,9.7168
irl,1968,12.206
irl,1969,10.9579
irl,1970,13.5392
irl,1971,12.1105
irl,1972,18.1634
irl,1973,19.2257
irl,1974,17.4283
irl,1975,14.2777
irl,1976,13.3175
irl,1977,14.7035
irl,1978,14.2888
irl,1979,19.4304
irl,1980,16.6818
irl,1981,17.9901
irl,1982,16.3636
irl,1983,15.5291
irl,1984,12.2222
irl,1985,12.3136
irl,1986,10.4733
irl,1987,10.4048
irl,1988,11.7797
irl,1989,14.607
irl,1990,12.7196
irl,1991,10.5117
irl,1992,9.4225
irl,1993,10.4933
irl,1994,10.1607
irl,1995,11.6465
irl,1996,13.7136
irl,1997,10.0496
irl,1998,12.4888
irl,1999,10.2512
irl,2000,12.0518
irl,2001,10.5434
irl,2002,11.3166
irl,2003,8.7034
irl,2004,8.6161
irl,2005,8.745
irl,2006,6.4627
irl,2007,5.7209
irl,2008,4.312
irl,2009,5.4149
irl,2011,3.3127
irl,2012,2.3785
irl,2013,2.8347
isl,1953,14.1227
isl,1954,6.7393
isl,1956,10.0899
isl,1957,3.2194
isl,1958,6.2576
isl,1959,6.2576
isl,1960,3.2168
isl,1961,3.0717
isl,1962,9.0328
isl,1963,5.9857
isl,1965,8.6588
isl,1966,5.6968
isl,1967,5.6272
isl,1968,5.9673
isl,1969,3.1819
isl,1970,15.137
isl,1971,8.9183
isl,1972,14.9245
isl,1973,14.795
isl,1974,5.5131
isl,1975,16.5457
isl,1977,5.2837
isl,1978,13.2435
isl,1980,2.5559
isl,1981,7.2263
isl,1982,8.9637
isl,1983,2.2027
isl,1984,5.9927
isl,1985,10.9176
isl,1986,6.0797
isl,1987,5.852
isl,1988,5.6607
isl,1989,9.0174
isl,1990,7.16
isl,1991,6.9592
isl,1992,6.7879
isl,1993,6.7732
isl,1994,6.5573
isl,1995,13.0999
isl,1996,1.6731
isl,1997,3.1983
isl,1998,9.7198
isl,1999,4.8705
isl,2000,4.7946
isl,2001,7.9004
isl,2002,4.7727
isl,2003,1.7421
isl,2004,2.8362
isl,2005,1.6197
isl,2006,4.7986
isl,2007,7.3621
isl,2008,1.55
isl,2009,4.6021
isr,1975,12.542
isr,1976,15.1547
isr,1977,14.0759
isr,1978,13.8488
isr,1979,18.4663
isr,1980,12.1638
isr,1981,10.0562
isr,1982,12.5792
isr,1983,12.3651
isr,1984,11.8787
isr,1985,10.0958
isr,1986,8.7121
isr,1987,11.5186
isr,1988,10.7663
isr,1989,8.8855
isr,1990,7.7221
isr,1991,6.463
isr,1992,6.9048
isr,1993,10.213
isr,1994,10.5195
isr,1995,10.6391
isr,1996,10.421
isr,1997,7.2618
isr,1998,6.2415
isr,1999,6.6412
isr,2000,5.69
isr,2001,4.5808
isr,2002,6.4057
isr,2003,6.6258
isr,2004,5.1132
isr,2005,5.5816
isr,2006,3.5493
isr,2007,4.4544
isr,2008,4.0243
isr,2009,3.413
isr,2010,4.2689
isr,2011,2.9554
isr,2012,2.6266
isr,2013,2.1986
isr,2014,2.4065
isr,2015,2.7929
ita,1951,10.608
ita,1952,11.6451
ita,1953,12.7995
ita,1954,14.6094
ita,1955,16.7608
ita,1956,15.796
ita,1957,16.3835
ita,1958,15.8155
ita,1959,15.6082
ita,1960,16.9862
ita,1961,17.8877
ita,1962,19.5448
ita,1963,19.9286
ita,1964,20.4112
ita,1965,18.9726
ita,1966,18.7388
ita,1967,19.3627
ita,1968,19.8189
ita,1969,20.6137
ita,1970,20.1864
ita,1971,20.6432
ita,1972,21.3296
ita,1973,20.3345
ita,1974,18.9124
ita,1975,16.9491
ita,1976,16.8589
ita,1977,14.8369
ita,1978,14.9931
ita,1979,16.2428
ita,1980,17.3792
ita,1981,16.0624
ita,1982,15.4002
ita,1983,14.7795
ita,1984,14.1282
ita,1985,14.9295
ita,1986,14.6742
ita,1987,14.4509
ita,1988,13.833
ita,1989,13.2038
ita,1990,14.1161
ita,1991,15.4465
ita,1992,15.7825
ita,1993,13.4686
ita,1994,13.953
ita,1995,12.8296
ita,1996,11.6704
ita,1997,12.97
ita,1998,14.5324
ita,1999,14.4088
ita,2000,12.6757
ita,2001,14.642
ita,2002,12.9912
ita,2003,10.7116
ita,2004,10.4405
ita,2005,9.5481
ita,2006,10.4157
ita,2007,9.2753
ita,2008,8.6817
ita,2009,7.2816
ita,2010,6.969
ita,2011,6.8309
ita,2012,6.4419
ita,2013,5.2628
ita,2014,5.0443
ita,2015,5.2691
jam,1960,6.8877
jam,1961,8.2525
jam,1964,4.0393
jam,1965,15.4765
jam,1967,9.5923
jam,1977,2.7835
jam,1983,4.0986
jam,1984,2.6724
jam,1985,2.7673
jor,2008,11.5209
jor,2009,11.2385
jor,2010,12.6117
jor,2011,10.8571
jor,2012,12.0977
jpn,1950,3.3008
jpn,1951,3.4805
jpn,1952,4.0513
jpn,1953,5.3905
jpn,1954,6.405
jpn,1955,6.7984
jpn,1956,7.1724
jpn,1957,8.2022
jpn,1958,9.395
jpn,1959,11.5809
jpn,1960,13.9175
jpn,1961,15.6649
jpn,1962,14.9237
jpn,1963,16.807
jpn,1964,17.8758
jpn,1965,16.623
jpn,1966,18.0452
jpn,1967,17.0066
jpn,1968,16.7764
jpn,1969,18.1517
jpn,1970,17.5795
jpn,1971,16.3847
jpn,1972,15.4708
jpn,1973,13.6629
jpn,1974,10.989
jpn,1975,9.6339
jpn,1976,8.6911
jpn,1977,7.6372
jpn,1978,7.0032
jpn,1979,8.5104
jpn,1980,8.5771
jpn,1981,8.3643
jpn,1982,7.9944
jpn,1983,8.7084
jpn,1984,8.0049
jpn,1985,7.672
jpn,1986,7.4517
jpn,1987,7.0743
jpn,1988,7.2697
jpn,1989,7.8454
jpn,1990,7.8887
jpn,1991,7.8705
jpn,1992,7.6649
jpn,1993,7.5759
jpn,1994,7.0861
jpn,1995,5.7349
jpn,1996,5.7905
jpn,1997,5.4858
jpn,1998,4.9981
jpn,1999,5.2448
jpn,2000,5.4776
jpn,2001,5.3097
jpn,2002,4.9596
jpn,2003,4.4848
jpn,2004,4.3395
jpn,2005,4.1883
jpn,2006,3.5697
jpn,2007,3.093
jpn,2008,2.7941
jpn,2009,2.5679
jpn,2010,2.5816
jpn,2011,2.4865
jpn,2012,2.3672
jpn,2013,2.1151
jpn,2014,1.9305
jpn,2015,2.041
kaz,1981,19.5594
kaz,1982,20.8393
kaz,1985,16.1811
kaz,1986,14.537
kaz,1987,15.8238
kaz,1988,26.5203
kaz,1989,34.852
kaz,1990,32.2287
kaz,1991,56.0033
kaz,1992,51.3842
kaz,1993,32.296
kaz,1994,22.5488
kaz,1995,24.9558
kaz,1996,20.9433
kaz,1997,23.1019
kaz,1998,26.0063
kaz,1999,20.6364
kaz,2000,20.509
kaz,2001,22.0025
kaz,2002,21.1268
kaz,2003,21.4279
kaz,2013,1.9976
kaz,2014,0.8782
kaz,2015,0.8339
kgz,1981,32.0906
kgz,1982,32.5497
kgz,1985,20.4312
kgz,1986,23.8996
kgz,1987,26.8346
kgz,1988,28.6584
kgz,1989,45.827
kgz,1990,41.3065
kgz,1991,39.9896
kgz,1992,29.5825
kgz,1993,26.6655
kgz,1994,18.5365
kgz,1995,19.4701
kgz,1996,19.0928
kgz,1997,20.7208
kgz,1998,15.142
kgz,1999,15.6472
kgz,2000,14.3766
kgz,2001,18.0128
kgz,2002,19.9376
kgz,2003,25.0744
kgz,2004,24.6709
kgz,2005,25.9694
kgz,2006,22.2584
kgz,2007,30.332
kgz,2008,29.5223
kgz,2009,27.802
kgz,2010,28.299
kgz,2011,28.7336
kgz,2012,26.6836
kgz,2013,28.5517
kgz,2014,23.6683
kgz,2015,24.8443
kna,1990,23.7546
kor,1985,31.0871
kor,1986,30.7254
kor,1987,35.8605
kor,1988,36.8899
kor,1989,43.4714
kor,1990,48.4651
kor,1991,52.4336
kor,1992,50.6716
kor,1993,46.3766
kor,1994,43.8439
kor,1995,36.3839
kor,1996,37.2804
kor,1997,29.5977
kwt,1975,49.3559
kwt,1976,50.9909
kwt,1977,42.2751
kwt,1978,44.782
kwt,1979,50.0463
kwt,1980,37.14
kwt,1981,40.8605
kwt,1982,41.1299
kwt,1983,29.3829
kwt,1984,30.5953
kwt,1985,32.6509
kwt,1986,19.6905
kwt,1987,21.071
kwt,1993,27.3452
kwt,1994,21.4141
kwt,1995,15.7289
kwt,1996,18.1584
kwt,1997,19.249
kwt,1998,16.7768
kwt,1999,15.3479
kwt,2000,13.1062
kwt,2001,11.6896
kwt,2002,12.6044
kwt,2007,13.2832
kwt,2008,11.3192
kwt,2009,11.6373
kwt,2010,7.9429
kwt,2011,10.1776
kwt,2012,10.0732
kwt,2013,8.7583
kwt,2014,7.507
lca,1979,7.2786
lca,1981,13.3927
lca,1983,24.355
lca,1986,26.5489
lca,1987,4.3997
lca,1988,18.032
lka,1950,2.6078
lka,1951,3.185
lka,1952,2.5623
lka,1953,3.5765
lka,1954,3.4557
lka,1955,2.8722
lka,1956,2.3496
lka,1957,3.2748
lka,1958,3.3287
lka,1959,3.0934
lka,1960,2.0035
lka,1961,2.3112
lka,1962,2.6063
lka,1963,2.3123
lka,1964,3.0488
lka,1965,1.7242
lka,1966,2.3577
lka,1967,1.8891
lka,1968,2.1894
lka,1977,4.2138
lka,1980,10.4838
lka,1981,12.5591
lka,1983,16.3554
lka,1984,15.4077
lka,1985,12.7483
lka,1986,9.5463
ltu,1981,25.355
ltu,1982,28.8893
ltu,1985,24.0859
ltu,1986,19.9505
ltu,1987,18.1533
ltu,1988,24.2997
ltu,1989,35.3332
ltu,1990,32.1477
ltu,1991,41.8107
ltu,1992,28.7677
ltu,1993,46.0192
ltu,1994,41.1142
ltu,1995,40.3411
ltu,1996,36.8925
ltu,1997,35.3912
ltu,1998,0.7476
ltu,1999,22.6236
ltu,2000,0.7611
ltu,2001,23.259
ltu,2002,25.4792
ltu,2003,25.2689
ltu,2004,24.0452
ltu,2005,23.4724
ltu,2006,26.882
ltu,2007,24.7468
ltu,2008,17.9472
ltu,2009,12.0118
ltu,2010,10.3947
ltu,2011,8.8401
ltu,2012,11.5075
ltu,2013,9.8852
ltu,2014,9.056
ltu,2015,10.5202
ltu,2016,6.7249
lux,1967,19.8723
lux,1968,24.5031
lux,1969,26.3653
lux,1970,30.2699
lux,1971,26.5615
lux,1972,35.4042
lux,1973,27.3507
lux,1974,31.0282
lux,1975,37.1546
lux,1976,22.9329
lux,1977,33.4529
lux,1978,21.936
lux,1979,30.7677
lux,1980,19.5395
lux,1981,36.1356
lux,1982,23.1125
lux,1983,26.6771
lux,1984,23.9164
lux,1985,23.8185
lux,1986,20.9309
lux,1987,23.6194
lux,1988,22.1741
lux,1989,19.0779
lux,1990,18.7491
lux,1991,32.3009
lux,1992,23.1572
lux,1993,22.7241
lux,1994,25.2718
lux,1995,21.844
lux,1996,24.2236
lux,1997,16.1803
lux,1998,15.9423
lux,1999,9.4039
lux,2000,12.2495
lux,2001,8.9416
lux,2002,12.9068
lux,2003,13.3311
lux,2004,8.2713
lux,2005,7.8725
lux,2006,12.1452
lux,2007,6.365
lux,2008,3.6627
lux,2009,3.1557
lux,2010,0.8447
lux,2011,1.6806
lux,2013,2.3792
lux,2014,9.4483
lux,2015,1.5243
lva,1980,34.6631
lva,1981,35.3182
lva,1982,32.9142
lva,1983,37.7062
lva,1984,31.9948
lva,1985,23.1617
lva,1986,19.5459
lva,1987,19.6585
lva,1988,26.1662
lva,1989,42.1317
lva,1990,47.4716
lva,1991,48.2623
lva,1992,36.9674
lva,1993,38.0685
lva,1994,45.8491
lva,1995,39.9986
lva,1998,0.177
lva,2008,15.1598
lva,2009,14.9551
lva,2010,9.627
lva,2011,8.0885
lva,2012,9.5569
lva,2013,8.8911
lva,2014,13.861
lva,2015,8.8104
mda,1981,27.8771
mda,1982,32.2659
mda,1985,22.3723
mda,1986,23.2385
mda,1987,19.0079
mda,1988,29.9576
mda,1989,39.5982
mda,1990,37.1734
mda,1991,46.1482
mda,1992,44.3859
mda,1993,37.7922
mda,1994,39.4086
mda,1995,38.7867
mda,1996,0.2795
mda,1997,0.1107
mda,2001,0.1617
mda,2007,14.954
mda,2008,17.1094
mda,2009,15.0148
mda,2010,12.583
mda,2011,13.4623
mda,2012,12.6515
mda,2013,9.4997
mda,2014,8.8392
mda,2015,8.9072
mda,2016,7.7741
mdv,2008,1.6103
mex,1958,3.9935
mex,1959,3.9531
mex,1960,4.3401
mex,1961,4.5305
mex,1962,4.8757
mex,1963,9.5687
mex,1964,10.917
mex,1965,10.5982
mex,1966,9.7866
mex,1967,11.2889
mex,1968,11.5798
mex,1969,10.5173
mex,1970,10.5352
mex,1971,11.6535
mex,1972,11.4602
mex,1973,12.2892
mex,1974,22.3911
mex,1975,22.1669
mex,1976,26.1231
mex,1978,26.8273
mex,1979,29.9534
mex,1980,31.9287
mex,1981,34.9613
mex,1982,31.5125
mex,1983,29.429
mex,1985,22.2884
mex,1986,22.5177
mex,1987,22.166
mex,1988,22.1972
mex,1989,22.3363
mex,1990,22.2519
mex,1991,21.9734
mex,1992,22.1102
mex,1993,22.1219
mex,1994,22.6116
mex,1995,19.7938
mkd,1991,17.2486
mkd,1992,19.4089
mkd,1993,20.3113
mkd,1994,18.7182
mkd,1995,10.6084
mkd,1996,15.2841
mkd,1997,18.6103
mkd,1998,20.3579
mkd,1999,18.5156
mkd,2000,20.4561
mkd,2001,16.9016
mkd,2002,17.8197
mkd,2003,15.2756
mkd,2004,12.7453
mkd,2005,9.3415
mkd,2006,0.235
mkd,2008,0.8967
mkd,2012,0.2111
mlt,1965,1.8397
mlt,1967,1.8705
mlt,1968,3.4782
mlt,1969,8.768
mlt,1970,8.8139
mlt,1972,1.7259
mlt,1974,3.7206
mlt,1975,7.4957
mlt,1977,6.1964
mlt,1978,5.0566
mlt,1979,9.1547
mlt,1980,11.9964
mlt,1981,8.298
mlt,1982,2.4208
mlt,1983,8.4028
mlt,1984,6.9379
mlt,1985,5.5283
mlt,1986,8.5523
mlt,1987,1.2866
mlt,1988,7.1532
mlt,1989,4.673
mlt,1990,1.2131
mlt,1991,7.9924
mlt,1992,8.3152
mlt,1993,3.3261
mlt,1994,4.7692
mlt,1995,3.5376
mlt,1996,5.0425
mlt,1997,4.7995
mlt,1998,4.0961
mlt,1999,2.7626
mlt,2000,2.7734
mlt,2002,2.8884
mlt,2003,3.7282
mlt,2004,2.7333
mlt,2005,1.301
mlt,2006,3.8352
mlt,2007,6.1523
mlt,2008,4.9112
mlt,2009,2.3668
mlt,2010,5.9207
mlt,2011,8.2638
mlt,2013,3.4164
mlt,2014,5.6149
mlt,2015,1.1182
mne,2005,3.0546
mne,2007,0.8153
mne,2008,0.8011
mne,2009,3.9349
mng,2016,17.2159
mtq,1970,15.5953
mtq,1971,13.5773
mtq,1974,12.8369
mtq,1975,12.6587
mtq,1981,2.5755
mtq,1982,9.7757
mtq,1985,18.1249
mtq,2011,4.2527
mus,1961,21.777
mus,1962,10.92
mus,1963,6.5619
mus,1964,17.9002
mus,1965,14.156
mus,1966,15.7343
mus,1967,10.6045
mus,1968,14.0349
mus,1969,14.5702
mus,1970,13.0682
mus,1971,14.2318
mus,1972,23.3611
mus,1973,24.4148
mus,1974,18.3421
mus,1975,24.1995
mus,1976,25.3132
mus,1977,15.5648
mus,1978,19.3775
mus,1979,16.8769
mus,1980,4.8628
mus,1981,14.3549
mus,1982,11.2574
mus,1983,1.9845
mus,1984,2.0064
mus,1985,4.9821
mus,1986,12.3241
mus,1987,13.2496
mus,1988,23.1164
mus,1989,19.0401
mus,1990,22.0373
mus,1991,27.8315
mus,1992,20.7826
mus,1993,27.25
mus,1994,28.0033
mus,1995,29.1134
mus,1996,20.3856
mus,1997,21.6661
mus,1998,20.2553
mus,1999,21.6171
mus,2000,24.5252
mus,2001,16.142
mus,2002,22.7826
mus,2003,22.2459
mus,2004,17.7953
mus,2005,10.591
mus,2006,12.4807
mus,2007,11.5807
mus,2008,15.3642
mus,2010,10.3258
mus,2011,14.5007
mus,2012,11.1543
mus,2013,10.2898
mus,2014,12.7001
mus,2015,15.7489
mus,2016,11.8715
nic,1961,5.7534
nic,1962,9.1092
nic,1963,12.8457
nic,1964,12.8559
nic,1965,14.6529
nic,1968,18.1332
nic,1969,15.793
nic,1973,24.3389
nic,1974,24.9789
nic,1975,28.6803
nic,1976,20.8307
nic,1977,24.0768
nic,1978,10.3988
nld,1950,5.8508
nld,1951,8.1749
nld,1952,7.5863
nld,1953,8.8601
nld,1954,11.8292
nld,1955,10.6866
nld,1956,11.2698
nld,1957,13.7176
nld,1958,10.0208
nld,1959,11.6605
nld,1960,11.9328
nld,1961,11.8562
nld,1962,13.1954
nld,1963,12.3847
nld,1964,15.1872
nld,1965,14.0113
nld,1966,15.6656
nld,1967,16.4658
nld,1968,16.42
nld,1969,16.6805
nld,1970,18.9398
nld,1971,17.7273
nld,1972,16.5739
nld,1973,16.505
nld,1974,13.1046
nld,1975,12.5115
nld,1976,12.6366
nld,1977,12.5305
nld,1978,11.4017
nld,1979,11.8
nld,1980,10.4787
nld,1981,9.049
nld,1982,9.6452
nld,1983,8.6341
nld,1984,9.1817
nld,1985,7.9117
nld,1986,8.3901
nld,1987,7.7616
nld,1988,7.1258
nld,1989,7.779
nld,1990,6.6464
nld,1991,6.6171
nld,1992,6.6183
nld,1993,6.9483
nld,1994,6.9589
nld,1995,8.0306
nld,1996,5.6065
nld,1997,5.7872
nld,1998,4.9836
nld,1999,4.9517
nld,2000,5.173
nld,2001,5.499
nld,2002,5.0503
nld,2003,5.6085
nld,2004,3.9871
nld,2005,4.1344
nld,2006,3.7667
nld,2007,3.7714
nld,2008,3.7935
nld,2009,3.1213
nld,2010,2.7578
nld,2011,2.7622
nld,2012,2.8777
nld,2013,1.8327
nld,2014,2.2642
nld,2015,2.168
nld,2016,1.9755
nor,1951,2.1332
nor,1952,4.2136
nor,1953,3.2761
nor,1954,4.4181
nor,1955,3.877
nor,1956,4.9428
nor,1957,6.3879
nor,1958,5.8274
nor,1959,5.0285
nor,1960,5.8924
nor,1961,6.9254
nor,1962,6.1921
nor,1963,6.0557
nor,1964,6.3594
nor,1965,8.3965
nor,1966,7.4785
nor,1967,10.8099
nor,1968,10.3887
nor,1969,9.2774
nor,1970,8.4018
nor,1971,8.1118
nor,1972,9.815
nor,1973,7.7367
nor,1974,8.7492
nor,1975,8.1648
nor,1976,8.8156
nor,1977,5.3595
nor,1978,7.5891
nor,1979,7.4874
nor,1980,5.7779
nor,1981,4.6222
nor,1982,5.6781
nor,1983,6.072
nor,1984,6.3623
nor,1985,6.9575
nor,1986,7.3797
nor,1987,9.6429
nor,1988,8.2623
nor,1989,8.0872
nor,1990,9.3774
nor,1991,7.2328
nor,1992,7.8945
nor,1993,5.2755
nor,1994,5.559
nor,1995,5.4726
nor,1996,3.8601
nor,1997,4.1477
nor,1998,7.13
nor,1999,6.0931
nor,2000,7.6072
nor,2001,5.6575
nor,2002,7.2372
nor,2003,7.0729
nor,2004,5.2047
nor,2005,5.0042
nor,2006,3.0328
nor,2007,4.2849
nor,2008,5.2781
nor,2009,4.0741
nor,2010,2.7719
nor,2011,3.5091
nor,2012,2.3444
nor,2013,2.5808
nor,2014,2.0265
nor,2015,2.1819
nzl,1950,11.4236
nzl,1951,10.7394
nzl,1952,13.8929
nzl,1953,13.1174
nzl,1954,12.0067
nzl,1955,14.0909
nzl,1956,13.7091
nzl,1957,15.3192
nzl,1958,11.5563
nzl,1959,11.0165
nzl,1960,10.7436
nzl,1961,13.502
nzl,1962,13.8246
nzl,1963,13.1278
nzl,1964,10.4709
nzl,1965,18.2969
nzl,1966,15.0196
nzl,1967,17.7133
nzl,1968,14.2963
nzl,1969,18.1943
nzl,1970,19.7765
nzl,1971,21.1338
nzl,1972,16.2447
nzl,1973,24.9686
nzl,1974,19.0926
nzl,1975,15.8273
nzl,1976,17.9745
nzl,1977,17.9927
nzl,1978,16.3036
nzl,1979,14.6804
nzl,1980,14.2909
nzl,1981,18.4443
nzl,1982,20.3486
nzl,1983,13.7692
nzl,1984,17.6292
nzl,1985,18.9168
nzl,1986,22.1258
nzl,1987,22.3819
nzl,1988,22.34
nzl,1989,20.2291
nzl,1990,17.8363
nzl,1991,21.3546
nzl,1992,17.5987
nzl,1993,18.204
nzl,1994,18.775
nzl,1995,16.6276
nzl,1996,11.8616
nzl,1997,14.9806
nzl,1998,14.4592
nzl,1999,13.2765
nzl,2000,13.2718
nzl,2001,11.5606
nzl,2002,10.659
nzl,2003,13.259
nzl,2004,10.4706
nzl,2005,8.1863
nzl,2006,9.9878
nzl,2007,10.2017
nzl,2008,7.7678
nzl,2009,9.9454
nzl,2010,7.6194
nzl,2011,6.5902
nzl,2012,7.9386
nzl,2013,4.8244
omn,2014,7.5227
pan,1955,6.9689
pan,1956,4.3406
pan,1957,7.8704
pan,1958,5.7521
pan,1959,9.7016
pan,1960,7.9933
pan,1961,10.5927
pan,1962,15.7087
pan,1963,15.3323
pan,1964,11.8079
pan,1965,13.3312
pan,1966,11.707
pan,1967,14.1014
pan,1968,19.8561
pan,1969,11.1078
pan,1970,17.9944
pan,1971,25.428
pan,1972,16.0966
pan,1973,16.8243
pan,1974,19.8372
pan,1975,21.3912
pan,1976,24.6642
pan,1977,26.7075
pan,1978,26.1337
pan,1979,21.7897
pan,1980,27.1376
pan,1981,28.7368
pan,1982,28.5472
pan,1983,25.3587
pan,1984,24.8717
pan,1985,22.6542
pan,1986,28.1407
pan,1987,23.9375
per,1966,16.6615
per,1967,19.8675
per,1968,15.9442
per,1969,9.1314
per,1970,12.4956
per,1971,15.2843
per,1972,9.7485
per,1973,9.6241
per,1977,8.3338
per,1978,6.4818
per,1983,9.2573
phl,1963,2.8188
phl,1964,2.9129
phl,1965,3.3747
phl,1966,1.8961
phl,1967,2.6612
phl,1968,3.7456
phl,1969,4.8972
phl,1970,4.0994
phl,1971,3.3966
phl,1972,3.5007
phl,1973,2.4842
phl,1974,3.5985
phl,1975,4.6204
phl,1976,4.9676
phl,1978,6.6741
phl,1981,5.0743
png,1977,0.9005
pol,1959,5.3147
pol,1960,4.9596
pol,1961,7.3308
pol,1962,8.3861
pol,1963,7.0469
pol,1964,8.257
pol,1965,8.4051
pol,1966,10.1111
pol,1967,10.4167
pol,1968,12.265
pol,1969,11.9116
pol,1970,12.7604
pol,1971,13.0538
pol,1983,19.1048
pol,1984,16.7245
pol,1985,16.2207
pol,1986,15.4022
pol,1987,14.7289
pol,1988,16.994
pol,1989,22.1219
pol,1990,24.9951
pol,1991,27.1046
pol,1992,21.9174
pol,1993,20.3761
pol,1994,21.4874
pol,1995,21.1241
pol,1996,19.3874
pol,1999,18.8669
pol,2000,17.9353
pol,2001,15.6717
pol,2002,16.5113
pol,2003,16.4977
pol,2004,16.2993
pol,2005,14.5707
pol,2006,13.3003
pol,2007,14.2268
pol,2008,12.8324
pol,2009,11.3799
pol,2010,10.0512
pol,2011,11.25
pol,2012,9.2438
pol,2013,8.6324
pol,2014,8.0176
pol,2015,7.7194
pri,1961,16.3808
pri,1962,17.1512
pri,1963,16.489
pri,1964,17.8294
pri,1965,19.1918
pri,1969,27.123
pri,1970,23.4659
pri,1971,21.8335
pri,1972,25.7095
pri,1973,27.2053
pri,1974,26.162
pri,1975,18.0389
pri,1976,18.8455
pri,1977,19.5776
pri,1979,20.8537
pri,1980,18.4627
pri,1981,18.9502
pri,1982,17.2387
pri,1983,17.2943
pri,1984,22.345
pri,1985,22.6421
pri,1986,23.8265
pri,1987,24.3602
pri,1988,23.784
pri,1989,19.9002
pri,1990,18.0265
pri,1991,16.0602
pri,1992,17.4462
prt,1955,7.8633
prt,1956,7.3133
prt,1957,6.8195
prt,1958,8.3969
prt,1959,10.137
prt,1960,9.9017
prt,1961,13.6671
prt,1962,11.4668
prt,1963,13.1909
prt,1964,16.6468
prt,1965,16.3799
prt,1966,19.9213
prt,1967,19.4571
prt,1968,19.9729
prt,1969,23.3314
prt,1970,24.9792
prt,1971,29.1242
prt,1972,26.0867
prt,1973,31.7532
prt,1974,30.8304
prt,1975,36.7391
prt,1976,35.3939
prt,1977,27.1615
prt,1978,26.8735
prt,1979,28.4823
prt,1980,29.8496
prt,1981,34.9154
prt,1982,34.1134
prt,1983,32.269
prt,1984,29.2067
prt,1985,29.8481
prt,1986,26.263
prt,1987,26.8958
prt,1988,28.4824
prt,1989,28.6517
prt,1990,28.9892
prt,1991,29.4187
prt,1992,29.7185
prt,1993,24.9721
prt,1994,22.2894
prt,1995,24.8616
prt,1996,23.6231
prt,1997,21.5228
prt,1998,19.0745
prt,1999,16.9719
prt,2000,13.7879
prt,2001,21.2451
prt,2002,20.4367
prt,2003,17.7948
prt,2007,9.9841
prt,2008,9.0382
prt,2009,8.7581
prt,2010,9.066
prt,2011,7.4697
prt,2012,6.9305
prt,2013,5.5088
prt,2014,6.3383
reu,2011,4.2869
rou,1989,24.1293
rou,1990,37.8427
rou,1991,32.8357
rou,1992,30.9254
rou,1993,30.2311
rou,1994,32.3607
rou,1995,34.1231
rou,1996,34.4792
rou,1997,28.576
rou,1998,25.5806
rou,1999,11.5771
rou,2000,12.5212
rou,2001,12.4802
rou,2002,11.6526
rou,2003,11.6082
rou,2004,11.9534
rou,2005,13.5043
rou,2006,12.6926
rou,2007,13.1466
rou,2008,14.0473
rou,2009,12.0805
rou,2010,9.6099
rou,2011,8.5511
rou,2012,8.9835
rou,2013,8.5166
rou,2014,7.726
rou,2015,7.9979
rou,2016,7.5888
rus,1980,22.0365
rus,1981,23.3885
rus,1982,21.8223
rus,1983,20.6472
rus,1984,19.5708
rus,1985,16.1739
rus,1986,14.3746
rus,1987,15.8254
rus,1988,23.2211
rus,1989,29.7704
rus,1990,32.2139
rus,1991,34.3427
rus,1992,33.4295
rus,1993,33.4294
rus,1994,30.6663
rus,1995,28.9971
rus,1996,24.8857
rus,1997,23.9889
rus,1998,26.3785
scg,1997,12.4108
scg,1998,12.1022
scg,1999,9.0941
scg,2000,8.3579
scg,2001,11.0313
scg,2002,6.6875
sgp,1963,14.7787
sgp,1964,15.0628
sgp,1965,14.9697
sgp,1966,15.3963
sgp,1967,12.3562
sgp,1968,16.9133
sgp,1969,15.2946
sgp,1970,12.4568
sgp,1971,12.644
sgp,1972,13.5648
sgp,1973,12.8815
sgp,1974,12.1101
sgp,1975,12.4369
sgp,1976,9.1207
sgp,1977,10.345
sgp,1978,11.002
sgp,1979,9.9026
sgp,1980,7.7381
sgp,1981,10.0388
sgp,1982,11.4904
sgp,1983,15.2612
sgp,1984,14.4694
sgp,1985,12.8082
sgp,1986,12.1698
sgp,1987,10.2886
sgp,1988,10.5835
sgp,1989,9.2825
sgp,1990,8.6996
sgp,1991,6.6347
sgp,1992,5.431
sgp,1993,5.5421
sgp,1994,5.8097
sgp,1995,4.445
sgp,1996,3.6695
sgp,1997,5.2096
sgp,1998,4.0979
sgp,1999,2.7315
sgp,2000,4.2144
sgp,2001,3.7202
sgp,2002,2.7457
sgp,2003,3.4129
sgp,2004,4.4333
sgp,2005,3.3037
sgp,2006,3.7888
sgp,2007,4.0651
sgp,2008,2.2697
sgp,2009,2.9296
sgp,2010,3.114
sgp,2011,2.8508
sgp,2012,2.5042
sgp,2013,3.1602
sgp,2014,2.6189
sgp,2015,2.32
slv,1958,13.5907
slv,1959,9.6831
slv,1960,6.6582
slv,1961,9.6326
slv,1962,12.0846
slv,1963,8.5261
slv,1964,11.1067
slv,1965,13.2916
slv,1966,11.8489
slv,1967,12.3867
slv,1968,12.5844
slv,1969,12.5609
slv,1970,16.4509
slv,1971,15.6864
slv,1972,19.3404
slv,1973,19.992
slv,1974,21.6963
slv,1981,46.4781
slv,1982,20.5819
slv,1983,23.0827
slv,1984,19.3509
slv,1992,31.4384
slv,1993,36.7977
smr,2005,11.7028
srb,1998,3.5311
srb,1999,2.1279
srb,2000,1.6424
srb,2001,2.2504
srb,2002,1.5696
srb,2003,0.5935
srb,2004,0.7311
srb,2005,1.6679
srb,2006,2.8798
srb,2007,2.647
srb,2008,1.4108
srb,2009,0.4708
srb,2010,0.4762
srb,2011,1.9121
srb,2012,1.3745
srb,2013,1.4416
srb,2014,1.7206
srb,2015,5.6626
stp,1984,41.1594
stp,1985,16.1988
stp,1987,7.7865
sur,1971,21.3169
sur,1975,16.1036
sur,1976,21.7182
sur,1977,37.6892
sur,1978,40.432
sur,1979,50.6129
sur,1980,38.8178
sur,1981,58.8503
sur,1982,20.4289
sur,1984,25.5784
sur,1985,53.4444
sur,1990,13.206
svk,1992,25.5989
svk,1993,20.2983
svk,1994,0.0906
svk,1995,0.0735
svk,1996,0.1546
svk,1998,0.3373
svk,1999,0.6075
svk,2000,0.8577
svk,2001,0.9915
svk,2002,1.1306
svk,2003,0.8097
svk,2004,0.612
svk,2005,1.6494
svk,2008,0.5733
svk,2009,0.5013
svk,2010,7.1723
svk,2012,6.8092
svk,2013,4.7248
svk,2014,4.5644
svn,1985,24.3641
svn,1986,23.264
svn,1987,27.1885
svn,1988,30.857
svn,1989,27.201
svn,1990,20.4808
svn,1991,24.1069
svn,1992,29.3744
svn,1993,28.8357
svn,1994,25.2043
svn,1995,20.8277
svn,1996,19.7335
svn,2001,0.245
svn,2005,0.1988
swe,1951,8.3851
swe,1952,7.7795
swe,1953,10.0383
swe,1954,10.35
swe,1955,8.8283
swe,1956,9.2067
swe,1957,8.5329
swe,1958,9.0847
swe,1959,8.6698
swe,1960,10.3504
swe,1961,10.0163
swe,1962,10.5935
swe,1963,9.4936
swe,1964,12.3943
swe,1965,11.2793
swe,1966,11.8348
swe,1967,10.6263
swe,1968,10.5235
swe,1969,11.6289
swe,1970,10.7794
swe,1971,11.345
swe,1972,10.6485
swe,1973,11.2217
swe,1974,11.0976
swe,1975,10.7538
swe,1976,10.7908
swe,1977,9.3724
swe,1978,9.6449
swe,1979,8.0248
swe,1980,8.7884
swe,1981,7.405
swe,1982,6.5697
swe,1983,7.4562
swe,1984,6.9345
swe,1985,7.4365
swe,1986,7.1049
swe,1987,8.7285
swe,1988,8.1915
swe,1989,8.9672
swe,1990,7.0231
swe,1991,8.3931
swe,1992,8.4385
swe,1993,6.8349
swe,1994,7.0905
swe,1995,5.9466
swe,1996,5.0333
swe,1997,5.8489
swe,1998,4.9207
swe,1999,4.9927
swe,2000,5.6491
swe,2001,5.6633
swe,2002,5.2612
swe,2003,5.4033
swe,2004,4.7671
swe,2005,4.5853
swe,2006,4.1045
swe,2007,4.3356
swe,2008,3.79
swe,2009,3.3173
swe,2010,2.0329
swe,2011,2.5351
swe,2012,2.6063
swe,2013,1.8698
swe,2014,2.2673
swe,2015,1.5642
syc,1985,42.288
syc,1987,11.9578
syr,2010,7.6655
tha,1957,3.7201
tha,1958,4.6673
tha,1959,3.8233
tha,1960,3.8997
tha,1961,4.5239
tha,1962,5.2256
tha,1963,5.5127
tha,1964,6.3782
tha,1965,9.4532
tha,1966,11.3826
tha,1967,12.9246
tha,1968,11.5572
tha,1969,12.7028
tha,1970,13.0596
tha,1971,13.9858
tha,1972,15.7398
tha,1973,20.2108
tha,1974,18.7541
tha,1975,19.3777
tha,1976,15.5917
tha,1977,20.2567
tha,1978,20.5954
tha,1979,36.1534
tha,1980,36.2638
tha,1981,34.1998
tha,1982,33.5028
tha,1983,35.3057
tha,1984,31.6153
tha,1985,29.9779
tha,1986,24.1282
tha,1987,25.3448
tha,2002,21.2938
tjk,1981,20.0753
tjk,1982,22.8346
tjk,1985,13.884
tjk,1986,13.0637
tjk,1987,15.1216
tjk,1988,20.7038
tjk,1989,21.2612
tjk,1990,21.2841
tjk,1991,24.8332
tjk,1992,14.014
tjk,1993,17.1503
tjk,1994,11.922
tjk,1995,10.6195
tjk,1996,6.7043
tjk,1997,5.302
tjk,1998,4.9242
tjk,1999,6.2765
tjk,2000,5.8663
tjk,2001,4.1851
tjk,2002,5.2791
tjk,2003,5.2588
tjk,2004,6.4611
tkm,1981,22.1499
tkm,1982,17.1273
tkm,1985,15.964
tkm,1986,14.7761
tkm,1987,19.3756
tkm,1988,25.6737
tkm,1989,21.0642
tkm,1990,22.6767
tkm,1991,30.7686
tkm,1992,27.6212
tkm,1993,35.1185
tkm,1994,14.9519
tkm,1995,11.0906
tkm,1996,8.8347
tkm,1997,11.1847
tkm,1998,12.151
tto,1951,0.7878
tto,1952,3.1191
tto,1953,18.6741
tto,1954,15.0178
tto,1955,18.8201
tto,1956,14.1911
tto,1957,13.9361
tto,1958,12.9928
tto,1960,15.9539
tto,1961,18.3737
tto,1962,12.2857
tto,1963,11.3233
tto,1967,18.796
tto,1968,18.1725
tto,1970,19.6733
tto,1971,18.7584
tto,1972,27.5017
tto,1973,29.2452
tto,1974,24.341
tto,1975,22.5226
tto,1976,24.7084
tto,1977,22.4241
tto,1978,23.1044
tto,1979,21.5087
tto,1980,21.0517
tto,1981,17.5562
tto,1982,24.313
tto,1983,21.3611
tto,1984,20.5799
tto,1985,22.8755
tto,1986,18.2916
tto,1987,18.1112
tto,1988,9.0986
tto,1989,8.606
tto,1990,15.6859
tto,1991,14.7627
tto,1992,11.3219
tto,1993,12.5786
tto,1994,11.4691
tun,2009,2.4602
tur,2009,4.2852
tur,2010,5.8116
tur,2011,5.1645
tur,2012,4.4783
tur,2013,7.1644
tur,2014,6.6713
tur,2015,6.3063
twn,1964,6.9239
twn,1965,10.7767
twn,1966,12.9974
twn,1967,14.8607
twn,1968,18.9062
twn,1969,19.8112
ukr,1981,18.3401
ukr,1982,16.0398
ukr,1985,12.7333
ukr,1986,13.8867
ukr,1987,14.2892
ukr,1988,21.7533
ukr,1989,26.3495
ukr,1990,27.8381
ukr,1991,27.1362
ukr,1992,25.1059
ukr,1993,22.4661
ukr,1994,21.2771
ukr,1995,20.046
ukr,1996,16.7563
ukr,1997,15.6703
ukr,1998,14.3757
ukr,1999,13.5504
ukr,2000,13.2951
ukr,2001,18.5605
ukr,2002,20.3647
ukr,2003,19.8916
ukr,2004,21.858
ury,1955,6.2658
ury,1956,7.7115
ury,1957,6.2382
ury,1958,5.973
ury,1959,4.0255
ury,1960,4.3778
ury,1963,8.9095
ury,1964,7.4119
ury,1965,7.4928
ury,1966,8.264
ury,1967,6.2684
ury,1968,6.5826
ury,1969,5.351
ury,1970,7.8405
ury,1971,6.9445
ury,1972,8.7546
ury,1973,7.6424
ury,1974,7.9399
ury,1975,7.9301
ury,1976,4.6071
ury,1977,5.767
ury,1978,8.1685
ury,1980,15.7362
ury,1981,13.537
ury,1982,14.0143
ury,1983,14.3285
ury,1984,9.6386
ury,1985,9.5194
ury,1986,12.4962
ury,1987,11.2584
ury,1988,12.1331
ury,1989,17.8338
ury,1990,10.9376
usa,1950,20.7946
usa,1951,23.0313
usa,1952,22.7761
usa,1953,22.6629
usa,1954,20.7589
usa,1955,22.5404
usa,1956,22.6543
usa,1957,22.1176
usa,1958,20.678
usa,1959,20.3855
usa,1960,20.0087
usa,1961,20.2454
usa,1962,21.3312
usa,1963,22.6098
usa,1964,24.6991
usa,1965,25.2862
usa,1966,26.2726
usa,1967,25.5965
usa,1968,25.9945
usa,1969,26.6947
usa,1970,25.8867
usa,1971,25.0656
usa,1972,25.328
usa,1973,24.9198
usa,1974,20.105
usa,1975,19.5318
usa,1976,19.3359
usa,1977,19.9002
usa,1978,21.4352
usa,1979,25.398
usa,1980,25.0645
usa,1981,24.6594
usa,1982,21.7051
usa,1983,21.3298
usa,1984,21.0969
usa,1985,20.5141
usa,1986,20.6153
usa,1987,21.0184
usa,1988,21.1082
usa,1989,20.7176
usa,1990,20.5281
usa,1991,18.8423
usa,1992,17.848
usa,1993,18.2342
usa,1994,17.9269
usa,1995,18.4239
usa,1996,18.1246
usa,1997,17.8929
usa,1998,18.0104
usa,1999,15.5007
usa,2000,15.3791
usa,2001,15.6208
usa,2002,15.7968
usa,2003,15.62
usa,2004,15.2336
usa,2005,15.6841
usa,2006,15.6341
usa,2007,14.9166
ussr,1982,20.4244
ussr,1983,19.6592
ussr,1984,18.9618
ussr,1985,15.7367
ussr,1986,14.927
ussr,1987,15.7954
ussr,1988,23.129
ussr,1989,29.2296
ussr,1990,30.6175
uzb,1981,19.2497
uzb,1982,19.4435
uzb,1985,18.9042
uzb,1986,18.4823
uzb,1987,15.994
uzb,1988,22.2623
uzb,1989,25.6887
uzb,1990,25.4443
uzb,1991,24.6544
uzb,1992,18.2714
uzb,1993,13.9426
uzb,1994,10.3064
uzb,1995,10.8944
uzb,1996,12.9409
uzb,1997,12.6204
uzb,1998,11.2778
uzb,1999,13.0543
uzb,2000,12.6377
uzb,2001,12.0334
uzb,2002,7.011
uzb,2003,11.6057
uzb,2004,0.3693
uzb,2005,0.3077
vct,1971,17.6463
vct,1972,15.3426
vct,1977,9.6503
ven,1955,14.7828
ven,1956,17.2166
ven,1957,17.8316
ven,1958,28.5321
ven,1959,30.0883
ven,1960,24.847
ven,1961,24.6588
ven,1962,23.6914
ven,1963,27.0941
ven,1964,29.7837
ven,1965,31.3692
ven,1966,33.4811
ven,1967,31.2864
ven,1968,32.6947
ven,1969,35.8204
ven,1970,33.9637
ven,1971,36.3576
ven,1972,39.4132
ven,1973,45.123
ven,1974,49.0907
ven,1975,52.3288
ven,1976,49.1756
ven,1977,51.3802
ven,1978,52.0842
ven,1979,45.5127
ven,1980,52.4663
ven,1981,42.1677
ven,1982,41.2965
ven,1983,38.353
ven,1985,31.2489
ven,1986,33.0399
ven,1987,33.3286
ven,1988,31.5488
ven,1989,29.3212
ven,1990,28.8498
ven,1992,34.1069
ven,1993,32.7596
ven,1994,31.6749
yug,1968,17.9156
yug,1969,19.6777
yug,1978,26.9909
yug,1979,35.8488
yug,1980,32.1547
yug,1981,32.4683
yug,1982,31.4483
yug,1983,27.0475
yug,1984,26.3027
yug,1985,25.9635
yug,1986,26.0583
yug,1987,27.2662
yug,1988,28.0317
yug,1989,27.6909
yug,1990,25.5258
