geo,time,broadband_subscribers_per_100_people
abw,2003,1.51555
abw,2004,7.46999
abw,2005,13.02558
abw,2006,14.62701
abw,2007,16.56123
abw,2008,18.80885
abw,2009,18.9851
abw,2010,19.19512
abw,2013,18.72111
abw,2014,18.57352
abw,2015,18.23697
abw,2019,17.74441
abw,2020,17.69088
abw,2021,17.66489
abw,2022,17.48622
afg,2004,0.00085
afg,2005,0.0009
afg,2006,0.00197
afg,2007,0.00193
afg,2008,0.00189
afg,2009,0.00364
afg,2010,0.0053
afg,2012,0.00491
afg,2013,0.00474
afg,2014,0.00457
afg,2015,0.02089
afg,2016,0.02536
afg,2017,0.02573
afg,2018,0.04354
afg,2019,0.05199
afg,2020,0.06801
afg,2021,0.06642
afg,2022,0.07963
afg,2023,0.08009
ago,2006,0.03726
ago,2007,0.05631
ago,2008,0.07388
ago,2009,0.06692
ago,2010,0.06439
ago,2011,0.06531
ago,2012,0.08147
ago,2013,0.08516
ago,2014,0.32308
ago,2015,0.54539
ago,2016,0.29032
ago,2017,0.32055
ago,2018,0.35007
ago,2019,0.36777
ago,2020,0.36326
ago,2021,0.39093
ago,2022,0.3867
ago,2023,0.37367
ago,2024,0.36285
alb,2005,0.00884
alb,2007,0.33081
alb,2008,2.13837
alb,2009,3.10656
alb,2010,3.60359
alb,2011,4.40357
alb,2012,5.5013
alb,2013,6.27864
alb,2014,7.16191
alb,2015,8.37878
alb,2016,9.19224
alb,2017,10.47573
alb,2018,12.50581
alb,2019,15.11925
alb,2020,17.72093
alb,2021,19.63037
alb,2022,20.69894
alb,2023,22.50486
alb,2024,24.88157
and,2002,1.72616
and,2003,5.18234
and,2004,8.45207
and,2005,13.35684
and,2006,18.36527
and,2007,22.62662
and,2008,24.75837
and,2009,27.34718
and,2010,30.35958
and,2011,33.12163
and,2012,35.01705
and,2013,36.88326
and,2014,39.01705
and,2015,42.52778
and,2016,45.01185
and,2017,46.47859
and,2018,47.44818
and,2019,47.54296
and,2020,48.65598
and,2021,50.27691
and,2022,51.20507
and,2023,51.74013
and,2024,52.35544
are,1999,0.01185
are,2000,0.05648
are,2001,0.22489
are,2002,0.42034
are,2003,0.72337
are,2004,1.2677
are,2005,2.77226
are,2006,4.80366
are,2007,6.75244
are,2008,8.84669
are,2009,10.29399
are,2010,11.34011
are,2011,12.04219
are,2012,12.73807
are,2013,13.30381
are,2014,13.25458
are,2015,14.23054
are,2016,14.36832
are,2017,29.9083
are,2018,32.35912
are,2019,32.48034
are,2020,34.34529
are,2021,36.50054
are,2022,36.84859
are,2023,37.09682
are,2024,40.84011
arg,2001,0.24984
arg,2002,0.38917
arg,2003,0.67366
arg,2004,1.3986
arg,2005,2.36307
arg,2006,3.99704
arg,2007,6.49728
arg,2008,7.70515
arg,2009,8.59391
arg,2010,9.75627
arg,2011,10.95603
arg,2012,12.21151
arg,2013,14.6798
arg,2014,15.15305
arg,2015,15.76888
arg,2016,16.5185
arg,2017,17.70823
arg,2018,18.97588
arg,2019,19.55193
arg,2020,21.17979
arg,2021,23.15
arg,2022,24.68318
arg,2023,25.35807
arg,2024,26.09764
arm,2001,0.00019
arm,2002,0.00026
arm,2003,0.00033
arm,2004,0.03308
arm,2005,0.06619
arm,2007,0.1311
arm,2008,0.46618
arm,2009,1.35419
arm,2010,3.19289
arm,2011,5.49292
arm,2012,7.25581
arm,2013,8.31673
arm,2014,9.33763
arm,2015,9.80149
arm,2016,10.24978
arm,2017,10.81726
arm,2018,11.93994
arm,2019,13.28195
arm,2020,14.88838
arm,2021,16.25659
arm,2022,17.73007
arm,2023,18.54581
arm,2024,20.3091
atg,2004,2.11131
atg,2005,7.28668
atg,2006,1.91182
atg,2007,2.77343
atg,2008,6.0136
atg,2009,19.0251
atg,2010,8.34388
atg,2011,6.94991
atg,2012,14.97823
atg,2013,17.76776
atg,2014,12.11514
atg,2015,11.18456
atg,2016,10.29355
atg,2017,9.94827
atg,2019,8.75618
atg,2020,8.71023
atg,2021,8.66279
atg,2022,10.68182
aus,2001,0.63412
aus,2002,1.31715
aus,2003,2.60754
aus,2004,5.04822
aus,2005,9.93373
aus,2006,18.94072
aus,2008,24.87063
aus,2009,23.96822
aus,2010,24.88531
aus,2011,24.69776
aus,2012,25.09556
aus,2013,25.73993
aus,2014,27.70008
aus,2015,28.51177
aus,2016,30.30831
aus,2017,32.03262
aus,2018,33.54863
aus,2019,34.54342
aus,2020,35.34685
aus,2021,35.83599
aus,2022,36.39332
aus,2023,36.62743
aus,2024,36.47883
aut,1999,0.63694
aut,2000,2.37741
aut,2001,3.98646
aut,2002,5.58055
aut,2003,7.39911
aut,2004,10.64417
aut,2005,14.26626
aut,2006,17.31581
aut,2007,19.54935
aut,2008,20.77313
aut,2009,22.51059
aut,2010,24.51139
aut,2011,24.99264
aut,2012,25.26448
aut,2013,26.32229
aut,2014,27.59769
aut,2015,28.40686
aut,2016,28.8776
aut,2017,28.5426
aut,2018,28.51504
aut,2019,28.36319
aut,2020,29.21065
aut,2021,29.25373
aut,2022,29.23426
aut,2023,29.37254
aut,2024,30.1278
aze,2002,0.01201
aze,2005,0.0254
aze,2006,0.0454
aze,2007,0.16538
aze,2008,0.67094
aze,2009,1.10542
aze,2010,5.19627
aze,2011,10.52132
aze,2012,14.60716
aze,2013,18.01456
aze,2014,19.70764
aze,2015,19.47591
aze,2016,18.2771
aze,2017,18.10917
aze,2018,18.8342
aze,2019,19.21782
aze,2020,19.59858
aze,2021,20.0857
aze,2022,20.3656
aze,2023,20.8825
aze,2024,21.75341
bdi,2008,0.00188
bdi,2009,0.00179
bdi,2010,0.00375
bdi,2011,0.00511
bdi,2012,0.00697
bdi,2013,0.01469
bdi,2014,0.01574
bdi,2015,0.02508
bdi,2016,0.02887
bdi,2017,0.03401
bdi,2018,0.03318
bdi,2019,0.03175
bdi,2020,0.03353
bdi,2021,0.03049
bdi,2022,0.03007
bdi,2023,0.02034
bel,1998,0.10722
bel,1999,0.22496
bel,2000,1.40674
bel,2001,4.47177
bel,2002,7.89142
bel,2003,11.97857
bel,2004,15.54456
bel,2005,19.187
bel,2006,23.2412
bel,2007,25.68939
bel,2008,27.84857
bel,2009,29.16194
bel,2010,30.84263
bel,2011,32.10325
bel,2012,33.23883
bel,2013,34.30845
bel,2014,35.78197
bel,2015,36.54924
bel,2016,37.6813
bel,2017,38.49112
bel,2018,39.4007
bel,2019,39.95179
bel,2020,41.02397
bel,2021,43.02181
bel,2022,43.56571
bel,2023,43.70264
bel,2024,44.23216
ben,2002,0.00027
ben,2003,0.00027
ben,2004,0.00099
ben,2005,0.00233
ben,2006,0.01723
ben,2007,0.00793
ben,2008,0.09128
ben,2009,0.20044
ben,2010,0.27593
ben,2011,0.37187
ben,2012,0.40164
ben,2013,0.39665
ben,2014,0.41178
ben,2015,0.64488
ben,2016,0.19062
ben,2017,0.23767
ben,2018,0.21831
ben,2019,0.19985
ben,2020,0.22938
ben,2021,0.15417
ben,2022,0.15307
ben,2023,0.17088
ben,2024,0.27738
bfa,2002,0.00039
bfa,2003,0.00111
bfa,2004,0.00114
bfa,2005,0.00276
bfa,2006,0.01193
bfa,2007,0.04544
bfa,2008,0.06728
bfa,2009,0.07605
bfa,2010,0.08472
bfa,2011,0.0844
bfa,2012,0.08344
bfa,2013,0.07325
bfa,2014,0.02967
bfa,2015,0.04981
bfa,2016,0.06405
bfa,2017,0.06213
bfa,2018,0.06761
bfa,2019,0.05732
bfa,2020,0.06508
bfa,2021,0.07407
bfa,2022,0.2144
bfa,2023,0.45946
bfa,2024,0.85136
bgd,2007,0.02954
bgd,2008,0.03345
bgd,2009,0.20991
bgd,2010,0.27238
bgd,2011,0.30503
bgd,2012,0.38722
bgd,2013,0.97445
bgd,2014,1.95814
bgd,2015,3.06992
bgd,2016,4.09944
bgd,2017,4.50131
bgd,2018,4.92462
bgd,2019,4.90289
bgd,2020,6.04506
bgd,2021,6.64247
bgd,2022,7.1702
bgd,2023,7.89246
bgd,2024,8.08931
bgr,2004,0.08583
bgr,2005,2.15033
bgr,2006,5.03478
bgr,2007,8.29162
bgr,2008,11.19424
bgr,2009,13.32844
bgr,2010,15.12212
bgr,2011,17.0297
bgr,2012,18.20068
bgr,2013,19.56821
bgr,2014,20.50113
bgr,2015,22.49442
bgr,2016,23.81769
bgr,2017,25.39252
bgr,2018,27.10342
bgr,2019,28.88368
bgr,2020,30.50429
bgr,2021,32.76884
bgr,2022,34.9668
bgr,2023,37.02357
bhr,2001,0.16801
bhr,2002,0.66206
bhr,2003,1.20021
bhr,2004,1.71624
bhr,2005,2.29808
bhr,2006,3.8837
bhr,2007,6.45476
bhr,2008,8.35342
bhr,2009,11.78712
bhr,2010,12.76841
bhr,2011,24.15797
bhr,2012,24.28564
bhr,2013,23.86695
bhr,2014,21.90444
bhr,2015,18.47487
bhr,2016,16.2552
bhr,2017,13.10146
bhr,2018,8.43442
bhr,2019,9.49013
bhr,2020,10.18241
bhr,2021,16.50579
bhr,2022,18.00257
bhr,2023,17.15824
bhr,2024,16.99158
bhs,2001,1.26252
bhs,2002,2.27373
bhs,2003,3.25996
bhs,2004,3.768
bhs,2005,3.89132
bhs,2006,4.7624
bhs,2007,5.80188
bhs,2008,7.12052
bhs,2009,8.70676
bhs,2010,6.72204
bhs,2011,4.16863
bhs,2012,20.75538
bhs,2013,19.12902
bhs,2014,20.1853
bhs,2015,21.02474
bhs,2016,21.9371
bhs,2017,22.24618
bhs,2018,20.6785
bhs,2019,20.85133
bhs,2020,20.96685
bhs,2021,20.74233
bhs,2022,21.13559
bhs,2023,23.81634
bhs,2024,25.26795
bih,2000,0.00065
bih,2001,0.00163
bih,2002,0.00509
bih,2003,0.0359
bih,2004,0.16028
bih,2005,0.33448
bih,2006,0.98443
bih,2007,2.11019
bih,2008,4.77411
bih,2009,7.52909
bih,2010,10.25593
bih,2011,11.4984
bih,2012,12.78972
bih,2013,14.29311
bih,2014,15.21546
bih,2015,18.04688
bih,2016,19.07479
bih,2017,20.42613
bih,2018,21.15046
bih,2019,22.29501
bih,2020,23.35079
bih,2021,24.58909
bih,2022,27.31904
bih,2023,28.44013
bih,2024,29.39092
blr,2002,0.0002
blr,2003,0.00125
blr,2004,0.0077
blr,2005,0.01618
blr,2006,0.11885
blr,2007,1.77563
blr,2008,5.01587
blr,2009,11.48892
blr,2010,17.56058
blr,2011,22.14849
blr,2012,26.75496
blr,2013,29.43479
blr,2014,28.33769
blr,2015,30.60406
blr,2016,32.29296
blr,2017,33.31251
blr,2018,33.77119
blr,2019,34.07235
blr,2020,34.81522
blr,2021,35.00976
blr,2022,34.06718
blr,2023,35.09319
blr,2024,36.26271
blz,2003,0.35636
blz,2004,1.04053
blz,2005,1.7953
blz,2006,2.51669
blz,2007,2.52617
blz,2008,2.6439
blz,2009,2.66783
blz,2010,2.78381
blz,2011,2.96305
blz,2012,2.98223
blz,2013,2.8979
blz,2014,2.8373
blz,2015,4.87718
blz,2016,5.03804
blz,2017,5.09268
blz,2018,6.48509
blz,2019,7.67179
blz,2020,9.21159
blz,2021,9.10595
blz,2022,9.75386
bmu,2005,29.47968
bmu,2006,37.62772
bmu,2007,45.70544
bmu,2008,53.64139
bmu,2009,62.92771
bmu,2010,62.92664
bmu,2013,63.0761
bmu,2014,54.66952
bmu,2015,47.27089
bmu,2016,35.92964
bmu,2017,35.87404
bmu,2019,35.87752
bmu,2020,35.72427
bmu,2021,35.57728
bmu,2022,35.58047
bmu,2024,51.30268
bol,2002,0.03741
bol,2003,0.06342
bol,2004,0.09477
bol,2005,0.13859
bol,2006,0.18473
bol,2007,0.35079
bol,2008,0.80515
bol,2009,0.95978
bol,2010,0.9423
bol,2011,0.71062
bol,2012,1.10983
bol,2013,1.44251
bol,2014,1.59263
bol,2015,1.64281
bol,2016,2.57235
bol,2017,3.34958
bol,2018,4.38026
bol,2019,6.39917
bol,2020,7.88672
bol,2021,9.44574
bol,2022,10.99752
bol,2023,11.15294
bol,2024,12.07114
bra,1998,0.00058
bra,1999,0.00403
bra,2000,0.05747
bra,2001,0.18775
bra,2002,0.40952
bra,2003,0.53496
bra,2004,1.72846
bra,2005,1.75095
bra,2006,2.55394
bra,2007,4.03572
bra,2008,5.26189
bra,2009,6.10683
bra,2010,7.27968
bra,2011,9.13182
bra,2012,9.71151
bra,2013,10.7622
bra,2014,11.97908
bra,2015,12.63538
bra,2016,13.21771
bra,2017,14.12183
bra,2018,15.15376
bra,2019,15.8622
bra,2020,17.41806
bra,2021,19.83632
bra,2022,20.95345
bra,2023,22.41923
bra,2024,24.0792
brb,2003,10.27896
brb,2004,11.08501
brb,2005,11.88734
brb,2006,14.37026
brb,2007,17.37379
brb,2008,18.04674
brb,2009,20.90485
brb,2010,20.41469
brb,2011,22.68206
brb,2012,24.15125
brb,2013,24.41719
brb,2014,27.92547
brb,2015,28.05441
brb,2016,31.07569
brb,2017,31.88767
brb,2018,31.82633
brb,2019,37.98021
brb,2020,45.43873
brb,2021,36.35126
brb,2022,37.48433
brn,2001,0.56878
brn,2002,0.81065
brn,2003,1.10721
brn,2004,1.77439
brn,2005,2.26404
brn,2006,2.45816
brn,2007,3.13234
brn,2008,4.47097
brn,2009,5.20299
brn,2010,5.53077
brn,2011,5.80512
brn,2012,4.89426
brn,2013,6.70157
brn,2014,7.26071
brn,2015,8.15349
brn,2016,8.44786
brn,2017,9.49045
brn,2018,11.29531
brn,2019,12.24248
brn,2020,15.88676
brn,2021,17.58098
brn,2022,19.80499
brn,2023,20.21205
brn,2024,21.17712
btn,2008,0.30014
btn,2009,0.48675
btn,2010,1.2364
btn,2011,1.86544
btn,2012,2.33744
btn,2013,2.8239
btn,2014,3.40713
btn,2015,3.76361
btn,2016,2.20481
btn,2017,2.2148
btn,2018,1.42177
btn,2019,1.14719
btn,2020,0.41415
btn,2021,0.36457
btn,2022,0.63182
btn,2023,1.31882
btn,2024,2.92069
bwa,2005,0.08696
bwa,2006,0.09602
bwa,2007,0.18522
bwa,2008,0.45642
bwa,2009,0.50234
bwa,2010,0.58915
bwa,2011,0.92234
bwa,2012,1.05453
bwa,2013,1.00856
bwa,2014,1.53266
bwa,2015,1.67228
bwa,2016,2.64264
bwa,2017,1.43086
bwa,2018,1.74169
bwa,2019,2.10301
bwa,2020,3.58604
bwa,2021,5.54838
bwa,2022,4.53192
bwa,2023,6.16496
bwa,2024,7.44096
caf,2011,0.01774
caf,2012,0.01312
caf,2015,0.04014
caf,2016,0.01561
caf,2017,0.01291
caf,2018,0.01246
caf,2019,0.01009
caf,2021,0.00976
caf,2022,0.01608
can,1998,0.46442
can,1999,1.91449
can,2000,4.56733
can,2001,9.08579
can,2002,11.14614
can,2003,14.17556
can,2004,16.85512
can,2005,21.59051
can,2006,24.55496
can,2007,27.42438
can,2008,29.42473
can,2009,30.42005
can,2010,31.63182
can,2011,32.65065
can,2012,33.47386
can,2013,34.2683
can,2014,35.26942
can,2015,36.46986
can,2016,36.82329
can,2017,37.82769
can,2018,38.73335
can,2019,40.07676
can,2020,40.79498
can,2021,41.6931
can,2022,42.17921
can,2023,42.52418
can,2024,42.52382
che,2000,0.7853
che,2001,1.93734
che,2002,6.25409
che,2003,10.68903
che,2004,16.62195
che,2005,22.4604
che,2006,27.41434
che,2007,31.55027
che,2008,33.45182
che,2009,35.42679
che,2010,37.22986
che,2011,38.89554
che,2012,40.16003
che,2013,42.49176
che,2014,43.17319
che,2015,44.67157
che,2016,45.0861
che,2017,46.33182
che,2018,45.60499
che,2019,46.91237
che,2020,46.48137
che,2021,47.94331
che,2022,46.67475
che,2023,46.83646
che,2024,47.01978
chl,2000,0.04954
chl,2001,0.42542
chl,2002,1.18839
chl,2003,2.19806
chl,2004,2.95838
chl,2005,4.33405
chl,2006,6.12777
chl,2007,7.81156
chl,2008,8.47544
chl,2009,9.72782
chl,2010,10.41445
chl,2011,11.59097
chl,2012,12.36552
chl,2013,12.97658
chl,2014,13.93691
chl,2015,15.06813
chl,2016,15.9005
chl,2017,16.50096
chl,2018,17.20666
chl,2019,17.86495
chl,2020,19.43059
chl,2021,22.01404
chl,2022,22.79019
chl,2023,22.99542
chl,2024,23.73141
chn,2000,0.00178
chn,2001,0.0263
chn,2002,0.25632
chn,2003,0.86666
chn,2004,1.91534
chn,2005,2.85109
chn,2006,3.85819
chn,2007,5.0093
chn,2008,6.21365
chn,2009,7.74497
chn,2010,9.34748
chn,2011,11.50428
chn,2012,12.79155
chn,2013,13.6989
chn,2014,14.44452
chn,2015,19.84379
chn,2016,22.97613
chn,2017,27.91013
chn,2018,28.70891
chn,2019,31.56112
chn,2020,33.90698
chn,2021,37.56118
chn,2022,41.37362
chn,2023,44.72889
chn,2024,47.1934
civ,2003,0.00216
civ,2004,0.00422
civ,2005,0.00617
civ,2006,0.04867
civ,2007,0.04755
civ,2008,0.04648
civ,2009,0.04546
civ,2012,0.19673
civ,2013,0.23509
civ,2014,0.51721
civ,2015,0.43455
civ,2016,0.52475
civ,2017,0.53426
civ,2018,0.64054
civ,2019,0.76871
civ,2020,0.90391
civ,2021,1.13038
civ,2022,1.25179
civ,2023,1.36337
civ,2024,1.60153
cmr,2005,0.00118
cmr,2006,0.0024
cmr,2007,0.00355
cmr,2008,0.00463
cmr,2009,0.00471
cmr,2010,0.03027
cmr,2011,0.05295
cmr,2012,0.06654
cmr,2013,0.07896
cmr,2014,0.0763
cmr,2015,0.08982
cmr,2016,1.55529
cmr,2017,1.58467
cmr,2018,1.59561
cmr,2019,1.57189
cmr,2020,2.75682
cmr,2021,2.23385
cmr,2022,2.12862
cod,2010,0
cod,2013,0.00059
cod,2014,0.00064
cod,2015,0.00123
cod,2016,0.00119
cod,2017,0.00115
cod,2018,0.00513
cod,2019,0.0128
cod,2020,0.0323
cod,2021,0.03127
cod,2022,0.03223
cod,2023,0.02199
cod,2024,0.03203
cog,2009,0.00292
cog,2010,0.0056
cog,2011,0.02844
cog,2012,0.02936
cog,2013,0.00902
cog,2014,0.01005
cog,2021,0.2569
cog,2022,0.43588
cog,2023,1.26798
col,2000,0.0227
col,2001,0.03483
col,2002,0.08652
col,2003,0.1574
col,2004,0.30598
col,2005,0.75645
col,2006,1.47121
col,2007,2.7919
col,2008,4.04967
col,2009,4.77684
col,2010,5.90262
col,2011,7.39764
col,2012,8.61552
col,2013,9.83199
col,2014,10.79899
col,2015,11.76447
col,2016,12.46475
col,2017,13.15373
col,2018,13.62288
col,2019,13.92533
col,2020,15.33631
col,2021,16.47679
col,2022,17.00747
col,2023,17.03698
col,2024,17.22442
com,2004,0.00017
com,2005,0.00067
com,2007,0.01329
com,2008,0.01748
com,2009,0.01028
com,2010,0.05024
com,2011,0.05988
com,2012,0.18089
com,2013,0.18673
com,2014,0.22249
com,2015,0.22018
com,2016,0.22029
com,2017,0.21727
com,2018,0.19842
com,2019,0.16248
com,2020,0.1481
com,2021,0.15046
com,2022,0.21938
com,2023,0.38794
cpv,2004,0.05904
cpv,2005,0.19315
cpv,2006,0.36965
cpv,2007,0.77249
cpv,2008,1.47201
cpv,2009,2.16778
cpv,2010,3.15251
cpv,2011,4.17091
cpv,2012,3.87788
cpv,2013,4.1392
cpv,2014,3.72341
cpv,2015,3.23345
cpv,2016,3.03207
cpv,2017,2.92322
cpv,2018,3.04958
cpv,2019,3.93928
cpv,2020,4.82611
cpv,2021,5.90962
cpv,2022,6.56769
cpv,2023,7.23009
cpv,2024,8.30537
cri,2002,0.22055
cri,2003,0.35948
cri,2004,0.66501
cri,2005,1.05401
cri,2006,1.92827
cri,2007,2.16883
cri,2008,2.47607
cri,2009,4.05917
cri,2010,8.69766
cri,2011,9.10623
cri,2012,9.61836
cri,2013,10.28134
cri,2014,10.83122
cri,2015,11.59509
cri,2016,13.13103
cri,2017,15.14379
cri,2018,16.83773
cri,2019,18.0963
cri,2020,19.71915
cri,2021,20.9243
cri,2022,21.7576
cri,2023,22.52313
cri,2024,23.2877
cub,2007,0.01724
cub,2008,0.01989
cub,2009,0.02553
cub,2010,0.0328
cub,2011,0.03912
cub,2012,0.04435
cub,2013,0.04744
cub,2014,0.06905
cub,2015,0.07235
cub,2016,0.12807
cub,2017,0.29816
cub,2018,0.88035
cub,2019,1.63112
cub,2020,2.07272
cub,2021,2.67323
cub,2022,2.892
cub,2023,2.97118
cub,2024,3.08298
cym,2008,34.27108
cym,2009,34.76947
cym,2010,34.84722
cym,2011,33.83808
cym,2012,33.82281
cym,2013,34.66883
cym,2014,39.01097
cym,2015,44.42263
cym,2016,38.88273
cym,2017,48.39544
cym,2019,75.7497
cym,2020,46.59018
cym,2021,45.64386
cym,2022,56.36044
cyp,2001,0.35436
cyp,2002,0.82374
cyp,2003,1.38788
cyp,2004,2.32879
cyp,2005,4.28172
cyp,2006,8.32353
cyp,2007,12.57251
cyp,2008,18.48111
cyp,2009,21.48993
cyp,2010,23.15492
cyp,2011,24.61125
cyp,2012,25.56264
cyp,2013,26.65058
cyp,2014,28.30053
cyp,2015,30.17365
cyp,2016,32.01322
cyp,2017,33.65422
cyp,2018,35.23557
cyp,2019,36.1885
cyp,2020,36.31274
cyp,2021,36.65025
cyp,2022,36.76567
cyp,2023,36.90056
cyp,2024,37.56271
cze,2000,0.02442
cze,2001,0.06059
cze,2002,0.14942
cze,2003,0.33847
cze,2004,2.29983
cze,2005,6.8974
cze,2006,10.79616
cze,2007,14.47849
cze,2008,16.95449
cze,2009,19.53856
cze,2010,21.60905
cze,2011,23.90641
cze,2012,25.28691
cze,2013,27.17271
cze,2014,28.47536
cze,2015,27.998
cze,2016,29.14912
cze,2017,29.84526
cze,2018,30.55128
cze,2019,35.43021
cze,2020,36.44909
cze,2021,37.49848
cze,2022,37.71369
cze,2023,37.90998
cze,2024,38.86564
deu,2000,0.32397
deu,2001,2.56304
deu,2002,3.90528
deu,2003,5.44381
deu,2004,8.52694
deu,2005,13.14714
deu,2006,18.3315
deu,2007,24.2949
deu,2008,27.99891
deu,2009,30.84514
deu,2010,32.36626
deu,2011,33.70988
deu,2012,34.55011
deu,2013,35.3423
deu,2014,36.34092
deu,2015,37.4127
deu,2016,38.49911
deu,2017,39.9888
deu,2018,40.96515
deu,2019,42.11556
deu,2020,43.30487
deu,2021,44.06434
deu,2022,44.61863
deu,2023,45.38052
deu,2024,45.60692
dji,2000,0.00054
dji,2001,0.00065
dji,2002,0.00075
dji,2005,0.005
dji,2006,0.01776
dji,2007,0.12487
dji,2008,0.27455
dji,2009,0.5798
dji,2010,0.86622
dji,2011,1.19149
dji,2012,1.54198
dji,2013,1.79778
dji,2014,2.00475
dji,2015,2.36839
dji,2016,2.33941
dji,2017,2.3121
dji,2018,2.37974
dji,2019,2.24266
dji,2020,2.26685
dji,2021,1.39113
dji,2022,1.41246
dji,2023,1.47206
dma,2000,0.11677
dma,2001,0.25627
dma,2002,3.27351
dma,2003,3.86832
dma,2004,4.7386
dma,2005,4.94661
dma,2006,6.24945
dma,2007,7.26248
dma,2008,10.16644
dma,2009,10.6006
dma,2010,12.06959
dma,2011,12.02989
dma,2012,12.29781
dma,2013,15.30087
dma,2014,15.32548
dma,2015,21.52961
dma,2016,22.24952
dma,2017,22.51664
dma,2018,16.88914
dma,2019,22.39982
dma,2020,27.0611
dma,2021,20.95622
dma,2022,20.86014
dnk,2000,1.25476
dnk,2001,4.44127
dnk,2002,8.39473
dnk,2003,13.32498
dnk,2004,18.8283
dnk,2005,24.79641
dnk,2006,31.91435
dnk,2007,34.85313
dnk,2008,36.50832
dnk,2009,36.62223
dnk,2010,38.07603
dnk,2011,38.47254
dnk,2012,38.97671
dnk,2013,40.46779
dnk,2014,41.49264
dnk,2015,42.31331
dnk,2016,42.96991
dnk,2017,43.56978
dnk,2018,43.76909
dnk,2019,43.62295
dnk,2020,44.41857
dnk,2021,44.95984
dnk,2022,44.88636
dnk,2023,44.03521
dnk,2024,43.39333
dom,2003,0.16703
dom,2004,0.4092
dom,2005,0.65771
dom,2006,1.10136
dom,2007,1.83755
dom,2008,2.4978
dom,2009,3.25513
dom,2010,3.97656
dom,2011,4.26237
dom,2012,4.80244
dom,2013,5.1669
dom,2014,5.81644
dom,2015,6.57516
dom,2016,7.21471
dom,2017,7.69279
dom,2018,7.98202
dom,2019,8.5357
dom,2020,9.37345
dom,2021,10.31953
dom,2022,10.67445
dom,2023,11.13456
dom,2024,11.20456
dza,2003,0.05594
dza,2004,0.11033
dza,2005,0.40774
dza,2006,0.5056
dza,2007,0.83956
dza,2008,1.393
dza,2009,2.30485
dza,2010,2.487
dza,2011,2.65762
dza,2012,3.06737
dza,2013,3.3321
dza,2014,4.08032
dza,2015,5.6706
dza,2016,7.00004
dza,2017,7.70046
dza,2018,7.21567
dza,2019,8.27527
dza,2020,8.60645
dza,2021,9.33184
dza,2022,10.35172
dza,2023,12.00868
dza,2024,13.31731
ecu,2001,0.02032
ecu,2002,0.04947
ecu,2003,0.05172
ecu,2004,0.08539
ecu,2005,0.19345
ecu,2006,0.32656
ecu,2007,0.6979
ecu,2008,1.0703
ecu,2009,1.6271
ecu,2010,1.46796
ecu,2011,4.29932
ecu,2012,5.41802
ecu,2013,6.69605
ecu,2014,8.2296
ecu,2015,9.14528
ecu,2016,9.75203
ecu,2017,10.61252
ecu,2018,11.45841
ecu,2019,12.06722
ecu,2020,13.51469
ecu,2021,14.02844
ecu,2022,15.11288
ecu,2023,16.06789
ecu,2024,17.24639
egy,2002,0.06681
egy,2003,0.07045
egy,2004,0.09967
egy,2005,0.17386
egy,2006,0.31261
egy,2007,0.56651
egy,2008,0.89646
egy,2009,1.23139
egy,2010,1.62746
egy,2011,2.02567
egy,2012,2.45679
egy,2013,2.80726
egy,2014,3.14562
egy,2015,3.84188
egy,2016,4.39685
egy,2017,5.04732
egy,2018,6.26825
egy,2019,7.04131
egy,2020,8.53963
egy,2021,9.76582
egy,2022,10.68325
egy,2023,10.86425
egy,2024,11.68712
eri,2008,0.00156
eri,2009,0.00242
eri,2010,0.00401
eri,2011,0.0047
eri,2012,0.00609
eri,2013,0.00475
eri,2014,0.00646
eri,2015,0.0161
eri,2016,0.0192
eri,2017,0.03174
eri,2019,0.09259
eri,2020,0.15192
eri,2021,0.14925
eri,2022,0.16539
esp,2000,0.18615
esp,2001,1.13127
esp,2002,2.98761
esp,2003,4.99201
esp,2004,7.86734
esp,2005,11.45435
esp,2006,15.07784
esp,2007,17.69859
esp,2008,19.75981
esp,2009,21.01546
esp,2010,22.74181
esp,2011,23.76229
esp,2012,24.51075
esp,2013,26.14588
esp,2014,27.83587
esp,2015,29.00993
esp,2016,30.19863
esp,2017,31.29646
esp,2018,32.22774
esp,2019,32.922
esp,2020,33.95276
esp,2021,34.93024
esp,2022,35.78464
esp,2023,37.21482
esp,2024,39.23375
est,2001,1.25878
est,2002,3.37095
est,2003,6.58715
est,2004,10.17681
est,2005,13.22658
est,2006,18.32383
est,2007,19.76192
est,2008,22.03767
est,2009,23.50082
est,2010,26.12817
est,2011,26.28876
est,2012,26.42543
est,2013,27.38772
est,2014,28.22537
est,2015,29.68828
est,2016,31.4989
est,2017,32.522
est,2018,33.37252
est,2019,33.85081
est,2020,34.27003
est,2021,37.35719
est,2022,39.72192
est,2023,35.25398
est,2024,35.35272
eth,2003,0.00008
eth,2004,0.00005
eth,2005,0.00008
eth,2006,0.00032
eth,2007,0.00125
eth,2008,0.00175
eth,2009,0.00397
eth,2010,0.00454
eth,2011,0.00682
eth,2012,0.00891
eth,2013,0.24184
eth,2014,0.46609
eth,2015,0.4602
eth,2016,0.52381
eth,2017,0.0574
eth,2019,0.13738
eth,2020,0.17827
eth,2021,0.39938
eth,2022,0.45158
eth,2023,0.53482
eth,2024,0.59392
fin,2000,0.67617
fin,2001,2.5829
fin,2002,5.25906
fin,2003,9.42076
fin,2004,15.30179
fin,2005,22.38242
fin,2006,27.13507
fin,2007,30.57456
fin,2008,30.45144
fin,2009,29.32463
fin,2010,29.07511
fin,2011,29.80565
fin,2012,30.43238
fin,2013,31.62683
fin,2014,32.19703
fin,2015,31.56909
fin,2016,31.15294
fin,2017,31.04352
fin,2018,31.49172
fin,2019,32.54398
fin,2020,33.3839
fin,2021,33.63968
fin,2022,34.29516
fin,2023,35.33181
fin,2024,36.47653
fji,2005,0.79331
fji,2006,0.95466
fji,2007,1.28086
fji,2008,1.44244
fji,2009,1.41418
fji,2010,2.55377
fji,2011,2.54658
fji,2012,1.47729
fji,2013,1.19245
fji,2014,1.35432
fji,2015,1.38627
fji,2016,1.34165
fji,2017,1.3208
fji,2018,2.08214
fji,2019,2.34496
fji,2020,2.52054
fji,2021,2.51573
fji,2022,2.53377
fji,2023,1.82947
fji,2024,1.8001
fra,1998,0.02318
fra,1999,0.09426
fra,2000,0.33051
fra,2001,1.00409
fra,2002,2.74337
fra,2003,5.87638
fra,2004,10.72498
fra,2005,15.36875
fra,2006,20.48515
fra,2007,25.22727
fra,2008,28.40068
fra,2009,31.45795
fra,2010,33.64536
fra,2011,35.69379
fra,2012,37.43455
fra,2013,38.73409
fra,2014,40.14222
fra,2015,41.38712
fra,2016,42.52779
fra,2017,43.62426
fra,2018,44.41423
fra,2019,45.2765
fra,2020,46.47124
fra,2021,47.64423
fra,2022,48.25023
fra,2023,48.66883
fra,2024,48.9252
fro,2001,0.11678
fro,2002,0.24345
fro,2003,0.83082
fro,2004,6.52686
fro,2005,12.13374
fro,2006,27.10828
fro,2007,29.83661
fro,2008,30.67755
fro,2009,32.75382
fro,2010,33.58799
fro,2011,33.49814
fro,2012,33.94398
fro,2013,34.59061
fro,2014,35.80738
fro,2015,36.38892
fro,2016,36.29223
fro,2017,35.90749
fro,2018,35.62527
fro,2019,35.06809
fro,2020,35.07141
fro,2021,34.60225
fro,2022,34.5874
fsm,2003,0.00534
fsm,2004,0.02323
fsm,2005,0.04129
fsm,2006,0.0858
fsm,2007,0.10557
fsm,2010,0.92803
fsm,2013,1.90805
fsm,2014,2.8525
fsm,2015,3.01428
fsm,2016,2.90534
fsm,2017,3.449
fsm,2019,4.53383
fsm,2020,5.4095
fsm,2021,5.37519
fsm,2022,5.81819
gab,2003,0.0123
gab,2004,0.04572
gab,2005,0.10454
gab,2006,0.11688
gab,2007,0.12742
gab,2008,0.13689
gab,2009,0.2225
gab,2010,0.23734
gab,2011,0.25253
gab,2012,0.27073
gab,2013,0.46522
gab,2014,0.5459
gab,2015,0.54297
gab,2016,0.71504
gab,2017,0.68371
gab,2018,0.95312
gab,2019,1.07496
gab,2020,1.92061
gab,2021,2.65142
gab,2022,3.30549
gab,2023,3.97293
gab,2024,4.6941
gbr,2000,0.08956
gbr,2001,0.55822
gbr,2002,2.27824
gbr,2003,5.20509
gbr,2004,10.17768
gbr,2005,16.33546
gbr,2006,21.31493
gbr,2007,25.36082
gbr,2008,27.9071
gbr,2009,28.60071
gbr,2010,30.39609
gbr,2011,32.41873
gbr,2012,33.90479
gbr,2013,35.78199
gbr,2014,36.58285
gbr,2015,37.72149
gbr,2016,38.65886
gbr,2017,39.24895
gbr,2018,39.8294
gbr,2019,40.02277
gbr,2020,40.57752
gbr,2021,41.11349
gbr,2022,41.28672
gbr,2023,41.43677
gbr,2024,42.16483
geo,2001,0.01021
geo,2002,0.02229
geo,2003,0.03451
geo,2004,0.04684
geo,2005,0.05936
geo,2006,0.67558
geo,2007,1.17792
geo,2008,2.8451
geo,2009,3.82756
geo,2010,4.68264
geo,2011,6.42341
geo,2012,12.06113
geo,2013,13.57086
geo,2014,15.84074
geo,2015,16.76465
geo,2016,17.95959
geo,2017,20.46443
geo,2018,22.59114
geo,2019,24.68061
geo,2020,25.51204
geo,2021,26.64638
geo,2022,28.33371
geo,2023,29.30864
geo,2024,30.41577
gha,2004,0.00412
gha,2005,0.00848
gha,2006,0.05533
gha,2007,0.06851
gha,2008,0.09476
gha,2009,0.11423
gha,2010,0.20446
gha,2011,0.24966
gha,2012,0.25485
gha,2013,0.2512
gha,2014,0.25024
gha,2015,0.25485
gha,2016,0.29498
gha,2017,0.18931
gha,2018,0.19998
gha,2019,0.1872
gha,2020,0.24577
gha,2021,0.35224
gha,2022,0.62495
gha,2023,0.55548
gha,2024,0.66473
gib,2009,30.16254
gib,2010,33.38774
gib,2011,35.64119
gib,2012,37.40048
gib,2014,39.61844
gib,2015,46.92857
gib,2016,48.7373
gib,2017,50.73149
gib,2018,54.45286
gib,2019,54.93041
gib,2020,58.07923
gib,2021,59.85675
gib,2022,60.97477
gin,2010,0.00481
gin,2011,0.00563
gin,2012,0.00641
gin,2013,0.00715
gin,2014,0.00784
gin,2015,0.0085
gin,2016,0.00911
gin,2017,0.0091
gin,2018,0.00955
gin,2019,0.00959
gin,2020,0.00748
gin,2021,0.00729
gin,2022,0.00628
gmb,2004,0.00222
gmb,2005,0.00426
gmb,2007,0.01523
gmb,2008,0.0165
gmb,2009,0.01603
gmb,2010,0.01817
gmb,2011,0.02203
gmb,2012,0.02447
gmb,2013,0.02082
gmb,2014,0.12673
gmb,2015,0.16062
gmb,2016,0.1642
gmb,2017,0.17078
gmb,2018,0.18474
gmb,2019,0.20351
gmb,2020,0.19875
gmb,2021,0.1941
gmb,2022,0.21582
gmb,2023,0.50214
gmb,2024,0.51855
gnb,2010,0.05107
gnb,2011,0.06219
gnb,2012,0.07285
gnb,2013,0.08561
gnb,2014,0.08012
gnb,2015,0.05883
gnb,2016,0.04837
gnb,2017,0.04544
gnb,2018,0.06264
gnb,2019,0.06236
gnb,2020,0.11837
gnb,2021,0.16043
gnb,2022,0.21918
gnb,2023,0.31045
gnb,2024,0.38608
gnq,2005,0.019
gnq,2006,0.01818
gnq,2007,0.01737
gnq,2008,0.0166
gnq,2009,0.01585
gnq,2010,0.09974
gnq,2011,0.10839
gnq,2012,0.11442
gnq,2013,0.26132
gnq,2014,0.27725
gnq,2015,0.26129
gnq,2016,0.22424
gnq,2017,0.12142
gnq,2018,0.10022
gnq,2019,0.05987
gnq,2020,0.10737
gnq,2021,0.09768
gnq,2022,0.10069
grc,2003,0.09595
grc,2004,0.47002
grc,2005,1.45805
grc,2006,4.43151
grc,2007,9.21147
grc,2008,13.60492
grc,2009,17.25439
grc,2010,20.24917
grc,2011,22.18306
grc,2012,24.34246
grc,2013,26.56194
grc,2014,28.97295
grc,2015,31.7814
grc,2016,33.54858
grc,2017,35.13513
grc,2018,36.92034
grc,2019,38.35657
grc,2020,39.78764
grc,2021,41.9213
grc,2022,42.92304
grc,2023,43.85396
grc,2024,44.67598
grd,2002,0.51935
grd,2004,0.55706
grd,2005,2.93619
grd,2006,5.03382
grd,2007,6.87646
grd,2008,8.07423
grd,2009,11.1196
grd,2010,12.938
grd,2011,13.09255
grd,2012,14.18754
grd,2013,15.86085
grd,2014,16.48179
grd,2015,17.22854
grd,2016,18.08477
grd,2017,19.26142
grd,2018,23.32679
grd,2019,27.40708
grd,2020,27.46409
grd,2021,26.11751
grd,2022,29.76743
grl,2003,0.20965
grl,2004,5.83408
grl,2005,12.51624
grl,2006,16.20168
grl,2007,18.57455
grl,2008,21.20153
grl,2009,22.18605
grl,2010,21.88505
grl,2011,20.92234
grl,2012,20.04297
grl,2013,19.11065
grl,2014,18.51423
grl,2015,17.85045
grl,2017,21.72781
grl,2018,24.06106
grl,2019,26.10014
grl,2020,27.91904
grl,2021,29.94415
grl,2022,31.98428
gtm,2005,0.20711
gtm,2006,0.29175
gtm,2007,0.41752
gtm,2008,0.67814
gtm,2009,1.09739
gtm,2010,1.78619
gtm,2012,1.85758
gtm,2013,2.29296
gtm,2014,2.76586
gtm,2015,2.87913
gtm,2016,3.11026
gtm,2017,3.2051
gtm,2019,3.42029
gtm,2020,3.52589
gtm,2021,3.47754
gtm,2022,5.02439
gtm,2023,5.08083
gtm,2024,5.33792
gum,2001,1.08474
gum,2007,1.63372
gum,2008,1.62952
gum,2009,1.80535
gum,2010,1.80156
gum,2013,1.8076
gum,2014,1.81284
gum,2019,1.85405
gum,2020,1.85005
gum,2021,1.83228
gum,2022,1.83921
guy,2005,0.26284
guy,2007,0.31208
guy,2008,0.67373
guy,2009,0.9072
guy,2010,1.49388
guy,2011,2.75279
guy,2012,4.01735
guy,2013,4.91986
guy,2014,5.99619
guy,2015,7.07543
guy,2016,7.49174
guy,2017,8.44382
guy,2019,10.27654
guy,2020,11.76498
guy,2021,11.64955
guy,2022,12.93564
hkg,1998,0.16804
hkg,1999,1.30183
hkg,2000,6.62897
hkg,2001,10.57587
hkg,2002,15.23139
hkg,2003,18.48641
hkg,2004,22.03405
hkg,2005,24.01536
hkg,2006,25.91569
hkg,2007,27.23913
hkg,2008,27.56831
hkg,2009,29.06623
hkg,2010,30.52423
hkg,2011,32.18549
hkg,2012,31.31537
hkg,2013,30.76982
hkg,2014,31.16708
hkg,2015,31.87215
hkg,2016,35.44849
hkg,2017,35.70325
hkg,2018,36.33528
hkg,2019,37.46807
hkg,2020,38.52464
hkg,2021,39.2189
hkg,2022,39.95178
hkg,2023,39.88397
hkg,2024,40.2724
hnd,2010,0.01195
hnd,2011,0.6708
hnd,2012,0.70311
hnd,2013,0.77611
hnd,2014,1.7417
hnd,2015,2.13676
hnd,2016,2.34145
hnd,2017,2.48527
hnd,2018,3.63393
hnd,2019,3.9259
hnd,2020,3.92223
hnd,2021,4.09584
hnd,2022,4.4098
hnd,2023,4.36213
hnd,2024,4.57915
hrv,2003,0.07895
hrv,2004,0.60788
hrv,2005,2.69359
hrv,2006,5.83438
hrv,2007,8.96789
hrv,2008,12.23718
hrv,2009,16.6419
hrv,2010,19.47998
hrv,2011,20.85662
hrv,2012,21.58185
hrv,2013,22.50425
hrv,2014,23.33191
hrv,2015,23.57263
hrv,2016,25.23411
hrv,2017,26.8651
hrv,2018,28.0156
hrv,2019,28.9683
hrv,2020,26.07446
hrv,2021,26.71575
hrv,2022,27.66067
hrv,2023,28.47096
hrv,2024,29.59974
hti,2012,0
hti,2013,0
hti,2014,0
hti,2015,0.01281
hti,2016,0.01263
hti,2017,0.2764
hti,2018,0.2837
hti,2019,0.28005
hti,2020,0.27571
hti,2021,0.27254
hti,2022,0.30679
hun,2000,0.03336
hun,2001,0.30869
hun,2002,1.09936
hun,2003,2.61462
hun,2004,4.07614
hun,2005,6.47435
hun,2006,11.93231
hun,2007,14.49571
hun,2008,17.6763
hun,2009,19.76451
hun,2010,21.63937
hun,2011,23.25492
hun,2012,24.1618
hun,2013,26.26219
hun,2014,26.16423
hun,2015,27.63224
hun,2016,28.68879
hun,2017,30.21362
hun,2018,31.50629
hun,2019,32.64663
hun,2020,33.4922
hun,2021,34.83919
hun,2022,36.53381
hun,2023,36.79019
hun,2024,37.54226
idn,2000,0.00185
idn,2001,0.00685
idn,2002,0.01725
idn,2003,0.02737
idn,2004,0.03725
idn,2005,0.04687
idn,2006,0.08308
idn,2007,0.32851
idn,2008,0.40872
idn,2009,0.76631
idn,2010,0.92581
idn,2011,1.09688
idn,2012,1.18046
idn,2013,1.27097
idn,2014,1.31336
idn,2015,1.52139
idn,2016,1.97538
idn,2017,2.32504
idn,2018,3.2873
idn,2019,3.77423
idn,2020,3.92994
idn,2021,4.48746
idn,2022,4.82152
idn,2023,4.81664
idn,2024,4.92197
ind,2001,0.00464
ind,2002,0.00751
ind,2003,0.01257
ind,2004,0.02069
ind,2005,0.11674
ind,2006,0.1961
ind,2007,0.26288
ind,2008,0.43711
ind,2009,0.63203
ind,2010,0.88381
ind,2011,1.05859
ind,2012,1.1717
ind,2013,1.15198
ind,2014,1.2002
ind,2015,1.27579
ind,2016,1.38795
ind,2017,1.31327
ind,2018,1.32178
ind,2019,1.37913
ind,2020,1.63623
ind,2021,1.9488
ind,2022,2.35232
ind,2023,2.74535
ind,2024,3.15046
irl,2002,0.26983
irl,2003,1.04685
irl,2004,3.74072
irl,2005,7.7612
irl,2006,13.15833
irl,2007,17.26914
irl,2008,19.86721
irl,2009,21.53583
irl,2010,22.37215
irl,2011,23.38142
irl,2012,24.175
irl,2013,25.71444
irl,2014,27.02219
irl,2015,27.84627
irl,2016,28.61477
irl,2017,29.07946
irl,2018,29.35133
irl,2019,29.64532
irl,2020,30.43534
irl,2021,31.36164
irl,2022,31.53628
irl,2023,31.89078
irl,2024,32.30237
irn,2000,0.00026
irn,2001,0.00098
irn,2002,0.02378
irn,2003,0.02719
irn,2006,0.13625
irn,2007,0.26809
irn,2008,0.39728
irn,2009,0.52316
irn,2010,1.27556
irn,2011,2.70427
irn,2012,4.79232
irn,2013,6.41818
irn,2014,7.53996
irn,2015,7.99893
irn,2016,9.0781
irn,2017,10.1144
irn,2018,11.38757
irn,2019,9.90927
irn,2020,10.90267
irn,2021,12.0681
irn,2022,12.21025
irn,2023,12.02059
irn,2024,12.06039
irq,2006,0.00009
irq,2007,0.00035
irq,2008,0.00019
irq,2009,0.0004
irq,2010,0.01004
irq,2017,10.91052
irq,2018,11.15673
irq,2019,11.06777
irq,2020,14.84949
irq,2021,14.82752
irq,2022,14.4913
irq,2023,17.23126
irq,2024,17.63333
isl,1999,0.02918
isl,2000,0.83831
isl,2001,3.65686
isl,2002,8.4386
isl,2003,14.35438
isl,2004,19.08628
isl,2005,26.28304
isl,2006,28.87315
isl,2007,32.09552
isl,2008,33.38971
isl,2009,33.60577
isl,2010,34.32634
isl,2011,34.96429
isl,2012,35.35084
isl,2013,36.26812
isl,2014,36.5321
isl,2015,37.59941
isl,2016,38.15045
isl,2017,39.18831
isl,2018,39.10654
isl,2019,38.60299
isl,2020,38.68265
isl,2021,38.4077
isl,2022,37.42126
isl,2023,37.42459
isl,2024,37.52428
isr,2001,0.70072
isr,2002,3.62669
isr,2003,9.73578
isr,2004,14.81462
isr,2005,18.27569
isr,2006,20.76261
isr,2007,21.95346
isr,2008,23.77651
isr,2009,23.91031
isr,2010,24.01613
isr,2011,25.15089
isr,2012,25.46078
isr,2013,25.84723
isr,2014,26.98432
isr,2015,26.98404
isr,2016,27.50303
isr,2017,28.00833
isr,2018,28.61317
isr,2019,28.65677
isr,2020,29.56782
isr,2021,29.70788
isr,2022,29.16767
isr,2023,29.43572
isr,2024,29.18371
ita,2000,0.2008
ita,2001,0.68056
ita,2002,1.4803
ita,2003,3.8968
ita,2004,8.12094
ita,2005,11.65797
ita,2006,14.46261
ita,2007,17.12459
ita,2008,18.93207
ita,2009,20.17317
ita,2010,21.77046
ita,2011,22.39388
ita,2012,22.73751
ita,2013,23.10319
ita,2014,23.70837
ita,2015,24.59776
ita,2016,25.73374
ita,2017,27.46529
ita,2018,28.46485
ita,2019,29.05446
ita,2020,30.25864
ita,2021,31.28529
ita,2022,31.19137
ita,2023,31.84109
ita,2024,31.78077
jam,2001,0.12327
jam,2002,0.34084
jam,2003,0.33878
jam,2004,1.01039
jam,2005,1.67469
jam,2006,2.52661
jam,2007,3.41838
jam,2008,3.57065
jam,2009,4.09942
jam,2010,4.2453
jam,2011,4.28434
jam,2012,4.4382
jam,2013,5.05861
jam,2014,5.42475
jam,2015,8.16725
jam,2016,10.18066
jam,2017,8.49219
jam,2018,10.09738
jam,2019,11.26024
jam,2020,13.62199
jam,2021,14.57175
jam,2022,14.96018
jam,2023,15.7852
jam,2024,15.98161
jor,2001,0.00744
jor,2002,0.05657
jor,2003,0.08701
jor,2004,0.17722
jor,2005,0.39059
jor,2006,0.75648
jor,2007,1.30094
jor,2008,2.08642
jor,2009,3.33246
jor,2010,4.01911
jor,2011,3.96518
jor,2012,3.95794
jor,2013,4.10898
jor,2014,4.0013
jor,2015,3.245
jor,2016,2.97135
jor,2017,3.24328
jor,2018,3.81939
jor,2019,4.28693
jor,2020,5.80333
jor,2021,6.45877
jor,2022,7.07365
jor,2023,7.03749
jor,2024,7.01801
jpn,1998,0.02533
jpn,1999,0.17068
jpn,2000,0.67281
jpn,2001,3.01351
jpn,2002,7.37142
jpn,2003,11.68404
jpn,2004,15.30104
jpn,2005,18.21632
jpn,2006,20.65581
jpn,2007,22.09658
jpn,2008,23.5008
jpn,2009,25.63583
jpn,2010,26.60351
jpn,2011,27.86667
jpn,2012,28.24427
jpn,2013,28.9051
jpn,2014,29.64149
jpn,2015,30.54199
jpn,2016,31.30356
jpn,2017,31.89908
jpn,2018,32.69653
jpn,2019,33.54592
jpn,2020,34.83706
jpn,2021,35.93917
jpn,2022,36.84142
jpn,2023,38.63124
kaz,2003,0.00634
kaz,2004,0.0126
kaz,2005,0.01876
kaz,2006,0.1894
kaz,2007,1.66308
kaz,2008,2.05339
kaz,2009,3.47382
kaz,2010,5.16487
kaz,2011,6.99285
kaz,2012,9.46082
kaz,2013,11.15725
kaz,2014,12.05639
kaz,2015,12.72384
kaz,2016,12.79651
kaz,2017,13.81144
kaz,2018,13.00024
kaz,2019,13.07995
kaz,2020,13.45028
kaz,2021,13.9468
kaz,2022,14.47395
kaz,2023,14.34572
kaz,2024,15.3162
ken,2005,0.01508
ken,2006,0.04802
ken,2007,0.04663
ken,2008,0.00837
ken,2009,0.04504
ken,2010,0.01651
ken,2011,0.12663
ken,2012,0.12383
ken,2013,0.16481
ken,2014,0.22109
ken,2015,0.28692
ken,2016,0.27566
ken,2017,0.58601
ken,2018,0.73993
ken,2019,0.95929
ken,2020,1.29112
ken,2021,1.48254
ken,2022,1.47647
ken,2023,2.38883
ken,2024,3.04383
kgz,2002,0.0007
kgz,2003,0.00269
kgz,2004,0.03665
kgz,2005,0.04369
kgz,2006,0.05229
kgz,2007,0.05863
kgz,2008,0.35624
kgz,2009,0.32151
kgz,2010,0.41977
kgz,2011,0.69782
kgz,2012,0.95873
kgz,2013,2.34937
kgz,2014,2.89415
kgz,2015,3.52424
kgz,2016,3.94327
kgz,2017,4.14802
kgz,2018,3.95179
kgz,2019,4.14366
kgz,2020,4.33664
kgz,2021,4.43258
kgz,2022,5.60484
kgz,2023,6.44653
kgz,2024,7.79696
khm,2002,0.00039
khm,2003,0.00321
khm,2004,0.00589
khm,2005,0.00744
khm,2006,0.02126
khm,2007,0.06105
khm,2008,0.11808
khm,2009,0.21013
khm,2010,0.24596
khm,2011,0.14943
khm,2012,0.19896
khm,2013,0.21521
khm,2014,0.42938
khm,2015,0.53449
khm,2016,0.61592
khm,2017,0.83139
khm,2018,1.02123
khm,2019,1.11872
khm,2020,1.3977
khm,2021,1.98089
khm,2022,2.96383
khm,2023,3.64182
khm,2024,4.14566
kir,2005,0.32845
kir,2006,0.40193
kir,2007,0.49379
kir,2008,0.65725
kir,2009,0.71853
kir,2010,0.77826
kir,2011,0.76821
kir,2012,0.71248
kir,2013,0.61491
kir,2014,0.43355
kir,2015,0.10016
kir,2016,0.09284
kir,2017,0.09229
kir,2018,0.07126
kir,2019,0.08473
kir,2020,0.14671
kir,2021,0.08646
kir,2022,0.06898
kir,2023,0.03999
kir,2024,0.03494
kna,2002,1.08648
kna,2003,4.33125
kna,2004,9.50016
kna,2005,13.99746
kna,2006,18.89669
kna,2007,20.5541
kna,2008,23.70876
kna,2009,27.7091
kna,2010,31.16595
kna,2011,26.87369
kna,2012,27.64017
kna,2013,28.25639
kna,2014,29.76916
kna,2015,34.77818
kna,2016,30.1179
kna,2017,62.21467
kna,2018,34.84726
kna,2019,43.4039
kna,2020,45.9569
kna,2021,43.02547
kna,2022,46.74474
kor,1998,0.03027
kor,1999,0.59759
kor,2000,8.27513
kor,2001,16.61872
kor,2002,21.99932
kor,2003,23.52667
kor,2004,24.99407
kor,2005,25.47605
kor,2006,29.25165
kor,2007,30.53253
kor,2008,32.00176
kor,2009,33.67598
kor,2010,35.25632
kor,2011,36.35331
kor,2012,36.80003
kor,2013,37.42177
kor,2014,37.98831
kor,2015,39.27596
kor,2016,40.07125
kor,2017,41.1681
kor,2018,41.219
kor,2019,42.03735
kor,2020,43.05406
kor,2021,44.25261
kor,2022,45.45421
kor,2023,46.56764
kor,2024,47.8015
kwt,2001,0.24899
kwt,2002,0.50972
kwt,2003,0.61615
kwt,2004,0.92708
kwt,2005,1.11767
kwt,2006,1.26864
kwt,2007,1.3956
kwt,2008,1.50862
kwt,2009,1.60974
kwt,2010,1.56283
kwt,2011,1.50025
kwt,2012,1.40844
kwt,2013,1.33989
kwt,2014,1.30941
kwt,2015,1.43436
kwt,2016,2.53224
kwt,2017,2.8334
kwt,2018,2.40138
kwt,2019,1.90435
kwt,2020,1.68058
kwt,2021,1.61587
kwt,2022,1.36328
kwt,2023,1.01366
lao,2003,0.00044
lao,2004,0.00086
lao,2005,0.00535
lao,2006,0.01243
lao,2007,0.01874
lao,2008,0.0471
lao,2009,0.06916
lao,2010,0.09291
lao,2011,0.10186
lao,2012,0.11625
lao,2013,0.13651
lao,2014,0.24047
lao,2015,0.21392
lao,2016,0.35355
lao,2017,0.38781
lao,2018,0.63663
lao,2019,1.05394
lao,2020,1.67211
lao,2021,2.02269
lao,2022,2.38186
lao,2023,2.72021
lbn,2002,0
lbn,2003,0
lbn,2004,0
lbn,2005,0
lbn,2006,0
lbn,2007,1.03218
lbn,2008,2.03031
lbn,2009,3.94609
lbn,2010,6.56755
lbn,2011,7.89497
lbn,2012,9.09489
lbn,2013,8.35737
lbn,2014,17.83742
lbn,2019,7.24814
lbn,2020,7.57699
lbn,2021,7.55615
lbn,2022,7.29167
lbr,2008,0.00288
lbr,2009,0.0038
lbr,2010,0.00458
lbr,2011,0.00149
lbr,2012,0.01198
lbr,2013,0.11364
lbr,2014,0.13146
lbr,2015,0.15023
lbr,2016,0.16822
lbr,2017,0.18561
lbr,2019,0.21809
lbr,2020,0.25245
lbr,2021,0.24718
lbr,2022,0.27467
lby,2008,0.7416
lby,2009,0.98953
lby,2010,1.12037
lby,2011,1.10354
lby,2012,1.08912
lby,2013,1.02623
lby,2014,0.97709
lby,2015,0.93389
lby,2016,2.547
lby,2017,4.71896
lby,2019,4.57486
lby,2020,4.7123
lby,2021,4.653
lby,2022,4.51841
lca,2003,0.85902
lca,2004,2.3137
lca,2005,4.23089
lca,2006,4.30631
lca,2007,6.60356
lca,2008,9.19802
lca,2009,10.94137
lca,2010,11.98963
lca,2011,12.42135
lca,2012,14.23804
lca,2013,14.24938
lca,2014,16.19348
lca,2015,16.25225
lca,2016,16.95797
lca,2017,18.04902
lca,2018,18.22706
lca,2019,8.8849
lca,2020,19.97251
lca,2021,10.67543
lca,2022,13.57191
lie,2002,4.25879
lie,2003,4.40399
lie,2004,13.78639
lie,2005,24.8393
lie,2006,28.59185
lie,2007,40.31113
lie,2008,43.87202
lie,2009,44.749
lie,2010,42.36229
lie,2011,37.48277
lie,2012,39.39228
lie,2013,40.68274
lie,2014,42.00414
lie,2015,41.96791
lie,2016,42.36342
lie,2017,42.94055
lie,2018,43.83016
lie,2019,44.67482
lie,2020,46.56022
lie,2021,47.52075
lie,2022,48.93049
lie,2023,49.40654
lie,2024,50.00502
lka,2001,0.00167
lka,2002,0.00299
lka,2003,0.01713
lka,2004,0.1018
lka,2005,0.10388
lka,2006,0.11249
lka,2007,0.30871
lka,2008,0.49406
lka,2009,0.8171
lka,2010,1.09352
lka,2011,1.70879
lka,2012,1.67222
lka,2013,1.9868
lka,2014,2.63419
lka,2015,2.88043
lka,2016,4.0719
lka,2017,5.52576
lka,2018,6.93976
lka,2019,7.43541
lka,2020,7.89622
lka,2021,10.54015
lka,2022,9.6361
lka,2023,8.76545
lka,2024,8.46827
lso,2004,0.00112
lso,2005,0.0023
lso,2007,0.00563
lso,2008,0.00712
lso,2009,0.02019
lso,2010,0.02004
lso,2011,0.06648
lso,2012,0.08042
lso,2013,0.11062
lso,2014,0.07221
lso,2015,0.09798
lso,2016,0.10467
lso,2017,0.22349
lso,2018,0.26392
lso,2019,0.20902
lso,2020,0.22632
lso,2021,0.35365
lso,2022,0.39753
lso,2023,0.38374
lso,2024,0.37943
ltu,2001,0.06988
ltu,2002,0.58071
ltu,2003,1.95562
ltu,2004,3.82181
ltu,2005,7.04583
ltu,2006,11.27635
ltu,2007,17.30026
ltu,2008,18.44948
ltu,2009,20.03567
ltu,2010,21.92971
ltu,2011,24.02724
ltu,2012,25.72879
ltu,2013,28.26566
ltu,2014,27.33778
ltu,2015,28.67741
ltu,2016,29.89641
ltu,2017,28.23191
ltu,2018,28.14448
ltu,2019,28.27916
ltu,2020,28.49885
ltu,2021,28.7127
ltu,2022,28.44004
ltu,2023,27.96382
ltu,2024,27.84601
lux,2001,0.27504
lux,2002,1.30536
lux,2003,3.39746
lux,2004,7.96429
lux,2005,15.06351
lux,2006,20.92136
lux,2007,26.79326
lux,2008,29.28485
lux,2009,31.33763
lux,2010,33.18185
lux,2011,32.73394
lux,2012,31.96176
lux,2013,32.48343
lux,2014,33.58027
lux,2015,34.29107
lux,2016,34.80684
lux,2017,35.97683
lux,2018,36.88532
lux,2019,37.36115
lux,2020,37.29609
lux,2021,38.03996
lux,2022,38.32696
lux,2023,38.37931
lux,2024,40.31746
lva,2000,0.01199
lva,2001,0.13835
lva,2002,0.43265
lva,2003,0.85335
lva,2004,2.17064
lva,2005,2.71321
lva,2006,4.94243
lva,2007,15.38362
lva,2008,18.92391
lva,2009,21.22805
lva,2010,20.72979
lva,2011,22.20559
lva,2012,23.40181
lva,2013,24.63972
lva,2014,25.32409
lva,2015,25.45687
lva,2016,26.4893
lva,2017,27.08862
lva,2018,27.28773
lva,2019,26.5859
lva,2020,25.80417
lva,2021,25.97615
lva,2022,25.98924
lva,2023,25.99485
lva,2024,25.75429
mac,2000,0.85317
mac,2001,2.19893
mac,2002,3.71787
mac,2003,5.92129
mac,2004,9.37744
mac,2005,13.73203
mac,2006,18.1263
mac,2007,21.15705
mac,2008,22.68375
mac,2009,22.95649
mac,2010,23.4683
mac,2011,23.91472
mac,2012,24.61435
mac,2013,25.35245
mac,2014,26.46189
mac,2015,27.31352
mac,2016,28.05544
mac,2017,28.7679
mac,2018,29.30559
mac,2019,29.80741
mac,2020,30.45089
mac,2021,29.61584
mac,2022,29.60662
mac,2023,29.67593
mac,2024,29.85539
mar,2002,0.00685
mar,2003,0.00917
mar,2004,0.21587
mar,2005,0.82066
mar,2006,1.27345
mar,2007,1.53066
mar,2008,1.56051
mar,2009,1.49701
mar,2010,1.55388
mar,2011,1.80845
mar,2012,2.06726
mar,2013,2.49778
mar,2014,2.90442
mar,2015,3.31584
mar,2016,3.58453
mar,2017,3.89001
mar,2018,4.33206
mar,2019,4.8365
mar,2020,5.74683
mar,2021,6.14618
mar,2022,6.4715
mar,2023,7.02184
mar,2024,7.30282
mco,2000,2.46495
mco,2001,8.19182
mco,2002,15.12553
mco,2003,20.18595
mco,2004,23.54289
mco,2005,29.49395
mco,2006,34.31388
mco,2007,38.63429
mco,2008,40.83428
mco,2009,41.40403
mco,2010,41.61264
mco,2011,46.89801
mco,2012,46.83818
mco,2013,47.66553
mco,2014,49.26926
mco,2015,49.93335
mco,2016,49.93562
mco,2017,51.11205
mco,2018,51.59092
mco,2019,53.73009
mco,2020,54.86728
mco,2021,54.91733
mco,2022,55.22848
mco,2023,55.88356
mco,2024,55.67808
mda,2001,0.0057
mda,2002,0.01009
mda,2003,0.01458
mda,2004,0.06002
mda,2005,0.26061
mda,2006,0.55573
mda,2007,1.37109
mda,2008,3.04873
mda,2009,5.06353
mda,2010,7.45475
mda,2011,10.01679
mda,2012,12.01734
mda,2013,13.76952
mda,2014,15.233
mda,2015,16.25696
mda,2016,17.21552
mda,2017,18.2975
mda,2018,19.7584
mda,2019,21.5427
mda,2020,23.42686
mda,2021,25.21128
mda,2022,26.31779
mda,2023,27.30864
mda,2024,29.63244
mdg,2006,0.0069
mdg,2007,0.01159
mdg,2008,0.01667
mdg,2009,0.02124
mdg,2010,0.0243
mdg,2011,0.03002
mdg,2012,0.13245
mdg,2013,0.15757
mdg,2014,0.10029
mdg,2015,0.09319
mdg,2016,0.10109
mdg,2017,0.09356
mdg,2018,0.09897
mdg,2019,0.10631
mdg,2020,0.11052
mdg,2021,0.10418
mdg,2022,0.10749
mdg,2023,0.12449
mdv,2002,0.06515
mdv,2003,0.16965
mdv,2004,0.23788
mdv,2005,1.06387
mdv,2006,1.99904
mdv,2007,3.20668
mdv,2008,4.56882
mdv,2009,4.41605
mdv,2010,4.31079
mdv,2011,4.72016
mdv,2012,4.6686
mdv,2013,5.08686
mdv,2014,4.79719
mdv,2015,5.41277
mdv,2016,6.61143
mdv,2017,7.97186
mdv,2018,10.01799
mdv,2019,10.9013
mdv,2020,12.68327
mdv,2021,14.82465
mdv,2022,17.39972
mdv,2023,18.6293
mdv,2024,19.64896
mex,2000,0.01521
mex,2001,0.04995
mex,2002,0.22796
mex,2003,0.41598
mex,2004,1.01278
mex,2005,1.81677
mex,2006,2.81575
mex,2007,4.14107
mex,2008,6.82463
mex,2009,8.60821
mex,2010,9.31394
mex,2011,10.0362
mex,2012,11.19455
mex,2013,10.77192
mex,2014,10.87999
mex,2015,12.18915
mex,2016,13.0256
mex,2017,13.77672
mex,2018,14.7374
mex,2019,15.38852
mex,2020,17.75206
mex,2021,19.27967
mex,2022,20.60703
mex,2023,20.75292
mex,2024,21.73672
mhl,2013,2.53349
mhl,2014,2.75524
mhl,2015,2.04918
mhl,2016,2.09604
mhl,2017,2.1492
mhl,2018,2.20824
mhl,2019,2.27237
mhl,2020,2.34159
mhl,2021,2.27718
mhl,2022,2.35048
mkd,2005,0.59508
mkd,2006,1.74633
mkd,2007,4.82749
mkd,2008,8.74102
mkd,2009,11.29686
mkd,2010,12.61225
mkd,2011,13.79919
mkd,2012,15.40343
mkd,2013,16.81266
mkd,2014,17.7239
mkd,2015,18.4017
mkd,2016,19.45337
mkd,2017,20.41833
mkd,2018,22.29295
mkd,2019,23.94025
mkd,2020,25.40412
mkd,2021,26.94489
mkd,2022,28.00357
mkd,2023,29.17717
mkd,2024,29.89217
mli,2006,0.02205
mli,2007,0.02213
mli,2008,0.03529
mli,2009,0.05341
mli,2010,0.05029
mli,2011,0.0515
mli,2012,0.02548
mli,2013,0.01666
mli,2015,0.01882
mli,2016,0.11174
mli,2017,0.07773
mli,2018,0.59159
mli,2019,0.67647
mli,2020,1.12281
mli,2021,0.64834
mli,2022,0.77422
mlt,2000,0.41411
mlt,2001,2.27343
mlt,2002,4.3591
mlt,2003,5.56946
mlt,2004,9.16314
mlt,2005,12.43806
mlt,2006,12.74461
mlt,2007,20.13006
mlt,2008,23.44064
mlt,2009,27.00983
mlt,2010,29.78557
mlt,2011,30.3037
mlt,2012,31.82243
mlt,2013,33.3783
mlt,2014,34.88199
mlt,2015,36.67685
mlt,2016,37.61798
mlt,2017,38.75128
mlt,2018,39.58928
mlt,2019,40.17995
mlt,2020,41.10944
mlt,2021,42.18309
mlt,2022,43.445
mlt,2023,44.28245
mlt,2024,44.50684
mmr,2005,0.00051
mmr,2006,0.00829
mmr,2007,0.01344
mmr,2008,0.02065
mmr,2009,0.04776
mmr,2010,0.04681
mmr,2011,0.04431
mmr,2015,0.06444
mmr,2016,0.17416
mmr,2017,0.21499
mmr,2018,0.24688
mmr,2019,0.92296
mmr,2020,1.29925
mmr,2021,1.67276
mmr,2022,2.09695
mmr,2023,2.7983
mmr,2024,2.86966
mne,2005,1.2089
mne,2007,2.81853
mne,2008,6.281
mne,2009,9.381
mne,2010,10.23038
mne,2011,10.22811
mne,2012,13.85358
mne,2013,15.11698
mne,2014,16.45029
mne,2015,17.893
mne,2016,18.39779
mne,2017,22.16141
mne,2018,25.82499
mne,2019,29.22849
mne,2020,30.29534
mne,2021,31.18087
mne,2022,31.89224
mne,2023,32.01553
mne,2024,32.30537
mng,2001,0.00198
mng,2002,0.0036
mng,2003,0.01983
mng,2004,0.03539
mng,2005,0.07022
mng,2006,0.13541
mng,2007,0.28355
mng,2008,1.23382
mng,2009,1.50364
mng,2010,2.84092
mng,2011,3.42608
mng,2012,3.94086
mng,2013,4.89954
mng,2014,6.77118
mng,2015,6.98959
mng,2016,7.43706
mng,2017,9.18362
mng,2018,9.66655
mng,2019,9.83638
mng,2020,9.34756
mng,2021,11.393
mng,2022,12.90083
mng,2023,14.55291
mng,2024,15.78373
moz,2006,0.01059
moz,2007,0.02991
moz,2008,0.05103
moz,2009,0.0614
moz,2010,0.07532
moz,2011,0.11998
moz,2012,0.12096
moz,2013,0.11517
moz,2014,0.14342
moz,2015,0.16035
moz,2016,0.17046
moz,2017,0.21885
moz,2018,0.24171
moz,2019,0.23415
moz,2020,0.22739
moz,2021,0.20656
moz,2022,0.19778
moz,2023,0.149
moz,2024,0.142
mrt,2005,0.00558
mrt,2006,0.03229
mrt,2007,0.12932
mrt,2008,0.18459
mrt,2009,0.20628
mrt,2010,0.17131
mrt,2011,0.17472
mrt,2012,0.18505
mrt,2013,0.2017
mrt,2014,0.20787
mrt,2015,0.24302
mrt,2016,0.27262
mrt,2017,0.30012
mrt,2018,0.30486
mrt,2019,0.24207
mrt,2020,0.40123
mrt,2021,0.4059
mrt,2022,0.41523
mrt,2023,0.59041
mrt,2024,0.94651
mus,2002,0.02309
mus,2003,0.09532
mus,2004,0.20515
mus,2005,0.42936
mus,2006,2.20727
mus,2007,2.76735
mus,2008,4.11969
mus,2009,5.69794
mus,2010,7.32216
mus,2011,9.1921
mus,2012,10.92176
mus,2013,12.57955
mus,2014,14.08663
mus,2015,15.27539
mus,2016,16.45762
mus,2017,19.06009
mus,2018,21.31386
mus,2019,23.88301
mus,2020,25.18658
mus,2021,25.70288
mus,2022,26.19639
mus,2023,26.90823
mus,2024,27.97425
mwi,2003,0.00057
mwi,2004,0.0011
mwi,2005,0.00315
mwi,2007,0.00688
mwi,2008,0.00705
mwi,2009,0.00718
mwi,2010,0.00732
mwi,2011,0.01133
mwi,2012,0.00788
mwi,2013,0.05431
mwi,2014,0.05151
mwi,2015,0.03427
mwi,2016,0.04951
mwi,2017,0.05996
mwi,2018,0.0613
mwi,2019,0.0597
mwi,2020,0.06274
mwi,2021,0.06708
mwi,2022,0.07241
mwi,2023,0.07956
mwi,2024,0.08639
mys,2001,0.017
mys,2002,0.08008
mys,2003,0.44734
mys,2004,0.99973
mys,2005,1.86987
mys,2006,2.84277
mys,2007,3.8343
mys,2008,4.82153
mys,2009,5.52395
mys,2010,7.32069
mys,2011,8.59576
mys,2012,9.847
mys,2013,9.73943
mys,2014,9.97194
mys,2015,9.80956
mys,2016,8.55246
mys,2017,8.30705
mys,2018,8.1918
mys,2019,8.86497
mys,2020,9.91102
mys,2021,10.89218
mys,2022,12.17536
mys,2023,13.0287
mys,2024,13.54644
nam,2005,0.00681
nam,2006,0.00994
nam,2007,0.01268
nam,2008,0.01563
nam,2009,0.02296
nam,2010,0.4472
nam,2011,0.82047
nam,2012,1.09598
nam,2013,1.58668
nam,2014,1.78242
nam,2015,2.96542
nam,2016,2.63786
nam,2017,2.62397
nam,2018,2.43865
nam,2019,2.60178
nam,2020,2.88695
nam,2021,3.17813
nam,2022,3.29191
nam,2023,3.52007
nam,2024,2.83463
ncl,2001,0.05797
ncl,2002,0.30142
ncl,2003,0.70475
ncl,2004,2.13658
ncl,2005,3.92829
ncl,2006,6.30224
ncl,2007,8.1025
ncl,2008,10.02856
ncl,2009,12.87502
ncl,2010,14.60192
ncl,2011,16.04507
ncl,2012,17.63409
ncl,2013,19.36262
ncl,2014,20.73081
ncl,2015,19.55412
ncl,2019,19.3931
ncl,2020,19.3542
ncl,2021,19.28377
ncl,2022,19.37288
ner,2004,0.00058
ner,2005,0.00154
ner,2006,0.00243
ner,2007,0.00326
ner,2008,0.00402
ner,2009,0.00627
ner,2010,0.00906
ner,2011,0.01231
ner,2012,0.02057
ner,2013,0.03456
ner,2014,0.15588
ner,2015,0.13635
ner,2016,0.03726
ner,2017,0.04035
ner,2019,0.04793
ner,2020,0.0506
ner,2023,0.10762
ner,2024,0.11127
nga,2005,0.00034
nga,2007,0.03497
nga,2008,0.04301
nga,2009,0.05058
nga,2010,0.05947
nga,2012,0.0081
nga,2013,0.00831
nga,2014,0.00847
nga,2015,0.00823
nga,2016,0.05522
nga,2017,0.05535
nga,2018,0.03609
nga,2019,0.03979
nga,2020,0.03052
nga,2021,0.03016
nga,2022,0.04338
nga,2023,0.05128
nga,2024,0.07874
nic,2000,0.01394
nic,2001,0.03153
nic,2002,0.04503
nic,2003,0.08449
nic,2004,0.09484
nic,2005,0.19719
nic,2006,0.3514
nic,2007,0.50116
nic,2008,0.77488
nic,2009,1.39091
nic,2010,1.27721
nic,2011,1.4623
nic,2012,1.71678
nic,2013,2.20071
nic,2014,1.83646
nic,2015,1.89137
nic,2016,2.84026
nic,2017,3.32673
nic,2018,3.00642
nic,2019,3.35641
nic,2020,4.42253
nic,2021,4.5138
nic,2022,5.00782
nic,2023,5.43031
nic,2024,5.77624
nld,1998,0.4802
nld,2000,1.61905
nld,2001,2.88085
nld,2002,7.18911
nld,2003,12.14646
nld,2004,19.51835
nld,2005,24.90023
nld,2006,31.47961
nld,2007,33.31245
nld,2008,34.97566
nld,2009,36.73546
nld,2010,37.73723
nld,2011,38.56142
nld,2012,39.33741
nld,2013,40.0305
nld,2014,40.2288
nld,2015,41.08797
nld,2016,41.98139
nld,2017,42.0989
nld,2018,42.51525
nld,2019,42.52927
nld,2020,42.66673
nld,2021,42.94606
nld,2022,43.56432
nld,2023,43.26444
nld,2024,42.97825
nld_curacao,2011,20.05474
nld_curacao,2012,22.11573
nld_curacao,2013,22.68422
nld_curacao,2014,23.42829
nld_curacao,2015,24.00787
nld_curacao,2016,25.45744
nld_curacao,2017,29.28387
nld_curacao,2018,28.54673
nld_curacao,2019,28.11869
nld_curacao,2020,31.59368
nld_curacao,2021,32.57049
nld_curacao,2022,32.9116
nld_curacao,2023,31.51267
nor,2000,0.51876
nor,2001,1.96162
nor,2002,4.52416
nor,2003,8.73575
nor,2004,14.62769
nor,2005,21.44327
nor,2006,26.70395
nor,2007,30.94631
nor,2008,33.08298
nor,2009,34.54879
nor,2010,35.24847
nor,2011,36.05265
nor,2012,37.01782
nor,2013,37.61168
nor,2014,38.48505
nor,2015,39.50964
nor,2016,40.24029
nor,2017,41.03283
nor,2018,41.52794
nor,2019,42.27224
nor,2020,44.38631
nor,2021,44.93922
nor,2022,45.66447
nor,2023,45.43771
nor,2024,45.16331
npl,2006,0.00363
npl,2007,0.0409
npl,2008,0.04446
npl,2009,0.06285
npl,2010,0.22009
npl,2011,0.34465
npl,2012,0.83755
npl,2013,1.12888
npl,2014,0.9056
npl,2015,1.08794
npl,2016,0.80193
npl,2017,1.79644
npl,2018,2.82041
npl,2019,3.62848
npl,2020,4.38436
npl,2021,4.30873
npl,2022,8.5181
npl,2023,10.67513
npl,2024,10.06562
nru,2010,9.45932
nru,2022,9.95678
nzl,2000,0.12075
nzl,2001,0.44368
nzl,2002,1.10095
nzl,2003,2.06335
nzl,2004,4.69391
nzl,2005,7.76299
nzl,2006,11.24359
nzl,2007,20.19811
nzl,2008,21.46877
nzl,2009,23.75146
nzl,2010,25.11632
nzl,2011,26.87841
nzl,2012,28.83258
nzl,2013,29.54746
nzl,2014,31.17412
nzl,2015,31.4454
nzl,2016,32.46182
nzl,2017,32.89178
nzl,2018,33.61939
nzl,2019,34.02279
nzl,2020,34.81303
nzl,2021,35.26282
nzl,2022,36.30449
nzl,2023,37.85308
nzl,2024,38.0483
omn,2002,0.00415
omn,2003,0.0057
omn,2004,0.02732
omn,2005,0.52723
omn,2006,0.77748
omn,2007,0.75935
omn,2008,1.17948
omn,2009,1.43005
omn,2010,1.92528
omn,2011,2.40586
omn,2012,3.23965
omn,2013,4.09822
omn,2014,4.39661
omn,2015,5.46555
omn,2016,6.35484
omn,2017,7.47817
omn,2018,9.17127
omn,2019,10.24421
omn,2020,11.38296
omn,2021,11.5853
omn,2022,10.88333
omn,2023,10.87933
omn,2024,11.06477
pak,2005,0.00832
pak,2006,0.01481
pak,2007,0.02447
pak,2008,0.0887
pak,2009,0.20148
pak,2010,0.39625
pak,2011,0.57243
pak,2012,0.7304
pak,2013,0.77134
pak,2014,0.93748
pak,2015,0.82525
pak,2016,1.13035
pak,2017,1.03819
pak,2018,0.95287
pak,2019,0.88151
pak,2020,1.03954
pak,2021,1.23144
pak,2022,1.28372
pak,2023,1.35622
pak,2024,1.46559
pan,2001,0.25317
pan,2002,0.39098
pan,2003,0.47147
pan,2004,0.51508
pan,2005,0.53024
pan,2006,3.34036
pan,2007,4.37188
pan,2008,5.60439
pan,2009,6.57564
pan,2010,7.11835
pan,2011,7.65785
pan,2012,7.84035
pan,2013,8.03241
pan,2014,7.96652
pan,2015,7.98397
pan,2016,10.67068
pan,2017,10.76347
pan,2018,12.96157
pan,2019,12.64862
pan,2020,13.83468
pan,2021,14.83811
pan,2022,16.38614
pan,2023,18.13413
per,1999,0.00029
per,2000,0.00405
per,2002,0.13706
per,2003,0.34049
per,2004,0.81721
per,2005,1.25483
per,2006,1.71194
per,2007,1.99861
per,2008,2.52642
per,2009,2.8642
per,2010,3.20602
per,2011,4.13515
per,2012,4.88246
per,2013,5.40887
per,2014,5.86754
per,2015,6.56473
per,2016,6.87076
per,2017,7.37508
per,2018,8.09511
per,2019,7.38779
per,2020,8.41187
per,2021,9.05771
per,2022,9.45024
per,2023,10.43643
per,2024,11.67887
phl,2001,0.01228
phl,2002,0.02528
phl,2003,0.06491
phl,2004,0.10302
phl,2005,0.13975
phl,2006,0.29609
phl,2007,0.54477
phl,2008,1.12808
phl,2009,1.82489
phl,2011,1.82293
phl,2012,2.14284
phl,2013,2.52047
phl,2014,2.79472
phl,2015,2.7537
phl,2016,2.79705
phl,2017,3.14401
phl,2018,3.4609
phl,2019,5.69731
phl,2020,7.08109
phl,2021,8.50898
phl,2022,7.63947
phl,2023,6.53931
phl,2024,7.13893
plw,2004,0.37336
plw,2005,0.50457
plw,2006,0.49507
plw,2007,0.52326
plw,2008,0.58393
plw,2009,0.75899
plw,2010,1.2992
plw,2011,2.86536
plw,2012,5.05488
plw,2013,10.22779
plw,2014,6.26588
plw,2015,6.88801
plw,2022,6.99364
plw,2023,7.33345
png,2008,0.04158
png,2009,0.06012
png,2010,0.07991
png,2011,0.09543
png,2012,0.11384
png,2013,0.1361
png,2014,0.15487
png,2015,0.17156
png,2016,0.1897
png,2017,0.19611
png,2019,0.20814
png,2020,0.21394
png,2021,0.20973
png,2022,0.21464
png,2023,0.22811
png,2024,0.23259
pol,2001,0.03137
pol,2002,0.3183
pol,2003,0.51239
pol,2004,2.29479
pol,2005,2.47915
pol,2006,7.64661
pol,2007,10.97832
pol,2008,11.74518
pol,2009,14.72548
pol,2010,15.37851
pol,2011,18.24752
pol,2012,18.008
pol,2013,18.37739
pol,2014,18.90457
pol,2015,18.98679
pol,2016,19.15131
pol,2017,19.95317
pol,2018,20.53139
pol,2019,20.50432
pol,2020,21.92559
pol,2021,22.81656
pol,2022,23.83734
pol,2023,24.52615
pol,2024,25.36125
prt,1999,0.0029
prt,2000,0.24461
prt,2001,0.95917
prt,2002,2.50254
prt,2003,4.80216
prt,2004,7.99867
prt,2005,11.09626
prt,2006,13.52785
prt,2007,14.47876
prt,2008,15.48102
prt,2009,18.07658
prt,2010,20.10358
prt,2011,21.2468
prt,2012,22.74083
prt,2013,24.51026
prt,2014,27.46225
prt,2015,30.29997
prt,2016,32.6259
prt,2017,34.60161
prt,2018,36.65428
prt,2019,38.36058
prt,2020,40.12154
prt,2021,41.51457
prt,2022,42.937
prt,2023,44.11074
prt,2024,45.24392
pry,2000,0.00294
pry,2001,0.00578
pry,2002,0.0095
pry,2003,0.00939
pry,2004,0.05661
pry,2005,0.10279
pry,2006,0.10899
pry,2007,0.15469
pry,2008,0.22802
pry,2009,1.3654
pry,2010,1.55966
pry,2011,2.0655
pry,2012,2.30883
pry,2013,2.61726
pry,2014,3.04993
pry,2015,3.49296
pry,2016,3.94711
pry,2017,4.57926
pry,2018,4.98959
pry,2019,6.32667
pry,2020,8.51592
pry,2021,10.81187
pry,2022,11.1528
pry,2023,12.88355
pse,2004,0.00052
pse,2005,0.20979
pse,2006,0.74544
pse,2007,1.48923
pse,2011,3.7893
pse,2012,4.4215
pse,2013,4.93748
pse,2014,5.32492
pse,2015,6.07091
pse,2016,6.92213
pse,2017,7.58785
pse,2018,7.50601
pse,2019,7.35978
pse,2020,7.43459
pse,2021,8.01283
pse,2022,7.93673
pse,2023,8.37057
pse,2024,8.16158
pyf,2001,0.01024
pyf,2002,0.01291
pyf,2003,0.37594
pyf,2004,1.78014
pyf,2005,4.23881
pyf,2006,6.92721
pyf,2007,8.8576
pyf,2008,10.31042
pyf,2009,11.14364
pyf,2010,11.91773
pyf,2011,13.24859
pyf,2012,14.72075
pyf,2013,16.34344
pyf,2014,17.9965
pyf,2015,18.68095
pyf,2016,19.85937
pyf,2017,20.59503
pyf,2018,21.36769
pyf,2019,22.21951
pyf,2020,22.9219
pyf,2021,26.7245
pyf,2022,27.91446
pyf,2023,35.5534
qat,2002,0.03206
qat,2003,0.40165
qat,2004,1.41142
qat,2005,3.10259
qat,2006,4.80793
qat,2007,7.25413
qat,2008,7.4409
qat,2009,9.12708
qat,2010,8.5294
qat,2011,9.08921
qat,2012,9.70717
qat,2013,10.60133
qat,2014,10.16385
qat,2015,9.7957
qat,2016,9.76074
qat,2017,9.47867
qat,2018,9.70272
qat,2019,10.17466
qat,2020,10.5632
qat,2021,11.07957
qat,2022,12.64144
qat,2023,11.6411
qat,2024,11.81752
rou,2001,0.02737
rou,2002,0.07258
rou,2003,0.90817
rou,2004,0.48715
rou,2005,1.7776
rou,2006,5.18166
rou,2007,9.35378
rou,2008,12.15035
rou,2009,13.66871
rou,2010,14.68537
rou,2011,16.1875
rou,2012,17.56752
rou,2013,18.89192
rou,2014,20.11395
rou,2015,21.44899
rou,2016,22.4983
rou,2017,24.14894
rou,2018,25.97022
rou,2019,27.06056
rou,2020,29.31408
rou,2021,31.69496
rou,2022,33.21156
rou,2023,34.67062
rou,2024,35.79959
rus,2002,0.00754
rus,2003,0.23526
rus,2004,0.46494
rus,2005,1.09891
rus,2006,2.01245
rus,2007,3.40609
rus,2008,6.45288
rus,2009,8.96648
rus,2010,10.90774
rus,2011,12.24267
rus,2012,14.50076
rus,2013,16.42094
rus,2014,17.2161
rus,2015,18.49969
rus,2016,18.87979
rus,2017,21.27636
rus,2018,21.8963
rus,2019,22.42334
rus,2020,23.1557
rus,2021,23.74091
rus,2022,24.63456
rus,2023,25.82387
rus,2024,27.13335
rwa,2004,0.01302
rwa,2005,0.01303
rwa,2006,0.01832
rwa,2007,0.02663
rwa,2008,0.01142
rwa,2009,0.02201
rwa,2010,0.03821
rwa,2011,0.08176
rwa,2012,0.05077
rwa,2013,0.02507
rwa,2014,0.02567
rwa,2015,0.18149
rwa,2016,0.18224
rwa,2017,0.17849
rwa,2018,0.06007
rwa,2019,0.06954
rwa,2020,0.13535
rwa,2021,0.23887
rwa,2022,0.34995
rwa,2023,0.44556
rwa,2024,0.59565
sau,2001,0.08215
sau,2002,0.19419
sau,2003,0.24476
sau,2004,0.34927
sau,2005,0.32976
sau,2006,1.0167
sau,2007,2.78571
sau,2008,4.50062
sau,2009,5.93665
sau,2010,6.80363
sau,2011,7.47523
sau,2012,9.38626
sau,2015,21.13618
sau,2016,20.82681
sau,2017,21.61394
sau,2018,22.46615
sau,2019,22.32137
sau,2020,25.45968
sau,2021,33.79736
sau,2022,41.82301
sau,2023,43.5732
sau,2024,44.07058
sdn,2004,0.0026
sdn,2005,0.00406
sdn,2006,0.00645
sdn,2007,0.12972
sdn,2008,0.13272
sdn,2010,0.03812
sdn,2011,0.04823
sdn,2012,0.06714
sdn,2013,0.06803
sdn,2014,0.05322
sdn,2015,0.07019
sdn,2016,0.06393
sdn,2017,0.07152
sdn,2018,0.07088
sdn,2019,0.07193
sdn,2020,0.06151
sdn,2021,0.0633
sdn,2022,0.06044
sen,2002,0.01147
sen,2003,0.02223
sen,2004,0.06984
sen,2005,0.16046
sen,2006,0.25153
sen,2007,0.32397
sen,2008,0.39305
sen,2009,0.47595
sen,2010,0.62243
sen,2011,0.71544
sen,2012,0.71794
sen,2013,0.77846
sen,2014,0.73037
sen,2015,0.68943
sen,2016,0.65418
sen,2017,0.72242
sen,2018,0.81573
sen,2019,0.92978
sen,2020,1.05641
sen,2021,1.20966
sen,2022,1.40365
sen,2023,1.97393
sen,2024,4.03829
sgp,1998,0.25865
sgp,1999,0.75634
sgp,2000,1.70993
sgp,2001,3.66846
sgp,2002,6.5109
sgp,2003,10.07915
sgp,2004,13.06567
sgp,2005,15.37357
sgp,2006,17.87814
sgp,2007,20.1457
sgp,2008,22.28537
sgp,2009,24.82607
sgp,2010,26.36195
sgp,2011,27.17358
sgp,2012,27.06798
sgp,2013,27.72956
sgp,2014,27.00672
sgp,2015,26.89789
sgp,2016,28.53926
sgp,2017,26.33261
sgp,2018,26.50874
sgp,2019,26.52762
sgp,2020,26.86227
sgp,2021,27.5211
sgp,2022,27.551
sgp,2023,27.43436
sgp,2024,27.81366
slb,2004,0.04214
slb,2005,0.09315
slb,2006,0.13222
slb,2007,0.19994
slb,2008,0.29482
slb,2009,0.386
slb,2010,0.4732
slb,2011,0.43947
slb,2012,0.37168
slb,2013,0.31667
slb,2014,0.2164
slb,2015,0.22208
slb,2016,0.24744
slb,2017,0.17005
slb,2018,0.20984
slb,2019,0.14351
slb,2020,0.13432
slb,2021,0.13113
slb,2022,0.10703
sle,2019,0.00222
sle,2020,0.00227
sle,2021,0.00227
slv,2003,0.32676
slv,2004,0.4883
slv,2005,0.70458
slv,2006,1.02434
slv,2007,1.49357
slv,2008,2.04782
slv,2009,2.47022
slv,2010,2.88838
slv,2011,3.38252
slv,2012,3.95978
slv,2013,4.63325
slv,2014,5.17471
slv,2015,5.70859
slv,2016,6.3751
slv,2017,7.26258
slv,2018,7.91447
slv,2019,8.43878
slv,2020,8.53679
slv,2021,9.07178
slv,2022,9.73833
slv,2023,11.62717
slv,2024,12.46407
smr,2003,2.15494
smr,2004,3.8152
smr,2005,4.26991
smr,2006,5.11368
smr,2007,5.45436
smr,2008,16.49776
smr,2009,18.09904
smr,2010,19.56635
smr,2011,20.32391
smr,2012,29.58735
smr,2013,30.43129
smr,2014,34.69236
smr,2015,34.33822
smr,2016,35.12778
smr,2017,30.54279
smr,2018,31.44603
smr,2019,31.97703
smr,2020,31.63738
smr,2021,34.71017
smr,2022,35.78762
som,2012,0.321
som,2013,0.46622
som,2014,0.52476
som,2015,0.5939
som,2016,0.64117
som,2017,0.65698
som,2019,0.61132
som,2020,0.71466
som,2021,0.689
som,2022,0.66847
som,2023,0.72296
srb,2005,0.44796
srb,2006,1.63755
srb,2007,4.4045
srb,2008,6.21193
srb,2009,8.06268
srb,2010,11.79568
srb,2011,13.44227
srb,2012,14.81052
srb,2013,16.41636
srb,2014,16.74181
srb,2015,18.65688
srb,2016,20.6094
srb,2017,21.14927
srb,2018,22.2891
srb,2019,23.44246
srb,2020,25.1835
srb,2021,26.47942
srb,2022,29.34579
srb,2023,31.26953
srb,2024,33.37468
ssd,2010,0.00002
ssd,2011,0.00004
ssd,2012,0.00016
ssd,2013,0.0009
ssd,2014,0.00089
ssd,2015,0.00135
ssd,2016,0.00139
ssd,2017,0.00195
ssd,2018,0.00198
ssd,2019,0.00192
ssd,2021,0.00184
ssd,2022,0.00181
ssd,2023,0.00174
stp,2006,0.07547
stp,2007,0.1815
stp,2008,0.19794
stp,2009,0.24908
stp,2010,0.32178
stp,2011,0.39699
stp,2012,0.41069
stp,2013,0.50635
stp,2014,0.55904
stp,2015,0.65605
stp,2016,0.6996
stp,2017,0.7146
stp,2018,0.74077
stp,2019,0.76948
stp,2020,1.15529
stp,2021,1.54216
stp,2022,2.0247
stp,2023,2.5014
stp,2024,2.99402
sur,2002,0.01893
sur,2003,0.04265
sur,2004,0.08172
sur,2005,0.21317
sur,2006,0.50591
sur,2007,0.79188
sur,2008,1.07139
sur,2009,1.66842
sur,2010,2.75366
sur,2011,4.16345
sur,2012,5.20197
sur,2013,6.5191
sur,2014,8.06433
sur,2015,9.05924
sur,2016,12.11674
sur,2017,11.99519
sur,2018,12.20591
sur,2019,13.27406
sur,2020,15.06899
sur,2021,19.89995
sur,2022,20.02603
sur,2023,17.53736
sur,2024,18.75239
svk,2002,0.07592
svk,2003,0.41779
svk,2004,1.46509
svk,2005,3.37639
svk,2006,5.66531
svk,2007,10.16671
svk,2008,11.24139
svk,2009,14.39267
svk,2010,16.26441
svk,2011,17.65615
svk,2012,19.34348
svk,2013,20.49859
svk,2014,21.99751
svk,2015,23.50086
svk,2016,24.62645
svk,2017,25.85908
svk,2018,27.69538
svk,2019,29.18111
svk,2020,31.19255
svk,2021,32.60607
svk,2022,33.99881
svk,2023,33.17259
svk,2024,33.8136
svn,2001,0.27643
svn,2002,2.84875
svn,2003,2.91053
svn,2004,5.77208
svn,2005,9.84769
svn,2006,13.96895
svn,2007,17.11271
svn,2008,21.00129
svn,2009,22.05877
svn,2010,23.01302
svn,2011,24.12978
svn,2012,24.80547
svn,2013,25.51111
svn,2014,27.00227
svn,2015,27.62333
svn,2016,28.58891
svn,2017,29.18042
svn,2018,29.60863
svn,2019,30.13954
svn,2020,30.99301
svn,2021,31.55027
svn,2022,32.0105
svn,2023,31.88148
svn,2024,34.23326
swe,2000,2.80655
swe,2001,6.59845
swe,2002,9.41172
swe,2003,12.22312
swe,2004,15.67745
swe,2005,27.92983
swe,2006,27.41001
swe,2007,30.3915
swe,2008,31.48443
swe,2009,31.67196
swe,2010,31.98403
swe,2011,32.03912
swe,2012,32.28298
swe,2013,32.78554
swe,2014,33.84139
swe,2015,35.67781
swe,2016,37.08217
swe,2017,38.3266
swe,2018,38.74134
swe,2019,39.29055
swe,2020,40.36798
swe,2021,40.83514
swe,2022,40.60934
swe,2023,40.73401
swe,2024,40.61565
swz,2008,0.0703
swz,2009,0.13609
swz,2010,0.32906
swz,2011,0.71782
swz,2012,0.30511
swz,2013,0.37168
swz,2014,0.44883
swz,2015,0.52502
swz,2016,0.60896
swz,2017,1.34192
swz,2018,1.87103
swz,2019,2.04369
swz,2020,2.29004
swz,2021,2.55281
swz,2022,2.1853
swz,2023,2.76366
swz,2024,2.50655
syc,2004,0.39589
syc,2005,1.06199
syc,2006,2.73865
syc,2007,3.81882
syc,2008,3.69218
syc,2009,4.86393
syc,2010,7.15271
syc,2011,9.70069
syc,2012,10.62556
syc,2013,12.15656
syc,2014,11.30105
syc,2015,12.51515
syc,2016,12.77989
syc,2017,13.53856
syc,2018,17.11492
syc,2019,22.92733
syc,2020,29.06784
syc,2021,33.56452
syc,2022,29.83142
syc,2023,30.77194
syc,2024,31.59687
syr,2004,0.00327
syr,2005,0.01435
syr,2006,0.02657
syr,2007,0.03331
syr,2008,0.05109
syr,2009,0.1577
syr,2010,0.31054
syr,2011,0.5302
syr,2012,1.06396
syr,2013,1.59758
syr,2014,2.47214
syr,2015,3.75431
syr,2016,5.2601
syr,2017,7.40231
syr,2018,6.78669
syr,2019,7.33617
syr,2020,7.35459
syr,2021,7.28563
syr,2022,7.16283
syr,2023,6.86125
tcd,2009,0.0025
tcd,2010,0.00269
tcd,2011,0.12387
tcd,2012,0.14726
tcd,2013,0.10729
tcd,2014,0.0714
tcd,2015,0.0774
tcd,2016,0.03391
tcd,2017,0.00212
tcd,2018,0.00207
tcd,2019,0.00041
tcd,2020,0
tcd,2021,0
tcd,2022,0
tcd,2023,0
tcd,2024,0
tgo,2007,0.01941
tgo,2008,0.03001
tgo,2009,0.06358
tgo,2010,0.40438
tgo,2011,0.49214
tgo,2012,0.58435
tgo,2013,0.09492
tgo,2014,0.16875
tgo,2015,0.8622
tgo,2016,0.62053
tgo,2017,0.62739
tgo,2018,0.31671
tgo,2019,0.37692
tgo,2020,0.60793
tgo,2021,0.74933
tgo,2022,1.03724
tgo,2023,1.22816
tgo,2024,1.41538
tha,2001,0.00253
tha,2003,0.0179
tha,2004,0.25175
tha,2005,0.84144
tha,2006,1.34231
tha,2007,1.92741
tha,2008,3.06537
tha,2009,3.85237
tha,2010,4.74173
tha,2011,5.64434
tha,2012,6.50814
tha,2013,7.43359
tha,2014,7.74748
tha,2015,8.83035
tha,2016,10.18772
tha,2017,11.53454
tha,2018,12.87406
tha,2019,14.13381
tha,2020,16.02181
tha,2021,17.31689
tha,2022,17.51258
tha,2023,14.50895
tha,2024,14.88705
tjk,2003,0.00015
tjk,2007,0.05066
tjk,2008,0.04985
tjk,2009,0.05874
tjk,2010,0.06142
tjk,2011,0.06416
tjk,2012,0.06738
tjk,2013,0.07059
tjk,2014,0.0724
tjk,2015,0.06941
tjk,2016,0.06768
tjk,2017,0.06604
tjk,2019,0.06296
tjk,2020,0.36996
tjk,2021,0.49599
tjk,2022,0.5852
tjk,2023,0.98394
tkm,2008,0.0014
tkm,2009,0.00853
tkm,2010,0.01299
tkm,2011,0.01935
tkm,2012,0.0241
tkm,2013,0.03031
tkm,2014,0.03786
tkm,2015,0.45368
tkm,2016,0.73437
tkm,2017,1.15619
tkm,2018,1.71364
tkm,2019,2.59674
tkm,2020,3.40423
tkm,2021,4.08263
tkm,2022,5.21711
tls,2003,0.00098
tls,2004,0.0014
tls,2005,0.00232
tls,2006,0.00297
tls,2007,0.00498
tls,2008,0.00688
tls,2009,0.04449
tls,2010,0.0461
tls,2011,0.04954
tls,2012,0.05287
tls,2013,0.06041
tls,2014,0.08698
tls,2015,0.0853
tls,2017,0.26732
tls,2018,0.00549
tls,2019,0.00684
tls,2020,0.00626
tls,2021,0.01015
tls,2022,0.01001
tls,2023,0.00578
tls,2024,0.006
ton,2002,0.01059
ton,2003,0.02106
ton,2004,0.31788
ton,2005,0.61039
ton,2006,0.59575
ton,2007,0.73084
ton,2008,0.67371
ton,2009,0.93281
ton,2010,1.02421
ton,2011,1.20852
ton,2012,1.39587
ton,2013,1.58763
ton,2014,1.68841
ton,2015,2.31679
ton,2016,2.84296
ton,2017,2.84749
ton,2018,2.38616
ton,2019,3.50434
ton,2020,4.73019
ton,2021,6.45748
ton,2022,8.17387
tto,2002,0.01321
tto,2003,0.06603
tto,2004,0.31463
tto,2005,0.79902
tto,2006,1.51711
tto,2007,2.59936
tto,2008,6.22753
tto,2009,9.43087
tto,2010,11.7441
tto,2011,12.3527
tto,2012,14.34739
tto,2013,15.04248
tto,2014,17.45849
tto,2015,19.48813
tto,2016,17.78527
tto,2017,22.61017
tto,2018,23.27071
tto,2019,22.85281
tto,2020,25.4399
tto,2021,24.92994
tto,2022,26.03319
tto,2023,26.89423
tto,2024,27.02944
tun,2002,0.00026
tun,2003,0.00257
tun,2004,0.02793
tun,2005,0.17135
tun,2006,0.42377
tun,2007,0.91859
tun,2008,2.15627
tun,2009,3.50106
tun,2010,4.47896
tun,2011,5.13831
tun,2012,4.78951
tun,2013,4.66715
tun,2014,5.03392
tun,2015,5.03389
tun,2016,5.55369
tun,2017,6.88198
tun,2018,8.6185
tun,2019,10.0542
tun,2020,11.1468
tun,2021,12.42204
tun,2022,13.93092
tun,2023,14.08299
tun,2024,14.97415
tur,2001,0.01648
tur,2002,0.03163
tur,2003,0.29385
tur,2004,0.84256
tur,2005,2.29306
tur,2006,3.95984
tur,2007,6.71904
tur,2008,8.04469
tur,2009,8.90126
tur,2010,9.67754
tur,2011,10.22886
tur,2012,10.46444
tur,2013,11.6401
tur,2014,11.36186
tur,2015,11.87863
tur,2016,12.85906
tur,2017,14.35289
tur,2018,15.88233
tur,2019,16.67334
tur,2020,19.43841
tur,2021,20.92112
tur,2022,21.82304
tur,2023,22.45917
tur,2024,23.43173
tuv,2004,0.50937
tuv,2005,1.50905
tuv,2006,2.48608
tuv,2007,2.65174
tuv,2008,2.80981
tuv,2009,0.95593
tuv,2010,2.26116
tuv,2011,4.1744
tuv,2012,4.1156
tuv,2013,4.09054
tuv,2014,4.09687
tuv,2015,4.10472
tuv,2016,4.11711
tuv,2017,4.14022
tuv,2021,4.41436
tuv,2022,4.52362
tza,2005,0.00661
tza,2006,0.00744
tza,2007,0.00819
tza,2008,0.01509
tza,2009,0.01592
tza,2010,0.01688
tza,2011,0.06141
tza,2012,0.08723
tza,2013,0.11557
tza,2014,0.16802
tza,2015,0.20376
tza,2016,0.59169
tza,2017,1.37184
tza,2018,1.49944
tza,2019,1.75692
tza,2020,1.86248
tza,2021,1.97842
tza,2022,0.11077
tza,2023,0.10502
tza,2024,0.24643
uga,2005,0.00304
uga,2006,0.0042
uga,2007,0.00627
uga,2008,0.01571
uga,2009,0.01908
uga,2010,0.04322
uga,2011,0.10647
uga,2012,0.11183
uga,2013,0.11744
uga,2014,0.15166
uga,2015,0.21508
uga,2016,0.23741
uga,2019,0.07528
uga,2020,0.07782
uga,2021,0.08388
uga,2022,0.08508
uga,2023,0.0913
uga,2024,0.20761
ukr,2005,0.27723
ukr,2006,1.11549
ukr,2007,1.72465
ukr,2008,3.46422
ukr,2009,4.14771
ukr,2010,6.4549
ukr,2011,6.95621
ukr,2012,8.03755
ukr,2013,8.85843
ukr,2014,9.30621
ukr,2015,11.6437
ukr,2016,12.03426
ukr,2017,12.35354
ukr,2018,12.80326
ukr,2019,16.15913
ukr,2020,18.61702
ukr,2021,18.26779
ukr,2022,17.53981
ukr,2023,21.37742
ukr,2024,21.65393
ury,2004,0.82238
ury,2005,1.47725
ury,2006,3.24006
ury,2007,5.0079
ury,2008,7.40515
ury,2009,9.5914
ury,2010,11.55762
ury,2011,14.21403
ury,2012,17.40927
ury,2013,22.033
ury,2014,25.03508
ury,2015,26.74966
ury,2016,27.27434
ury,2017,28.13335
ury,2018,28.79305
ury,2019,29.80125
ury,2020,31.29482
ury,2021,32.54511
ury,2022,33.48656
ury,2023,32.40321
ury,2024,33.04403
usa,1998,0.25591
usa,1999,0.98656
usa,2000,2.51164
usa,2001,4.50008
usa,2002,6.92533
usa,2003,9.57005
usa,2004,12.75761
usa,2005,17.29911
usa,2006,20.16458
usa,2007,23.7553
usa,2008,25.29098
usa,2009,25.96945
usa,2010,27.17201
usa,2011,28.11702
usa,2012,29.17361
usa,2013,29.99962
usa,2014,30.27092
usa,2015,31.34121
usa,2016,32.1144
usa,2017,32.57028
usa,2018,33.05592
usa,2019,33.83522
usa,2020,35.7157
usa,2021,37.00743
usa,2022,37.4888
usa,2023,38.09393
usa,2024,38.85717
uzb,2003,0.01072
uzb,2004,0.02118
uzb,2005,0.03138
uzb,2006,0.03236
uzb,2007,0.07084
uzb,2008,0.2399
uzb,2009,0.3176
uzb,2010,0.41571
uzb,2011,0.51264
uzb,2012,0.7538
uzb,2013,1.03048
uzb,2014,2.71465
uzb,2015,5.81406
uzb,2016,8.77864
uzb,2017,10.43462
uzb,2018,12.7373
uzb,2019,10.55543
uzb,2020,15.80704
uzb,2021,21.89442
uzb,2022,25.79922
uzb,2023,30.26992
uzb,2024,34.73814
vct,2001,0.07137
vct,2002,0.95812
vct,2003,1.0129
vct,2004,1.16985
vct,2005,3.24322
vct,2006,5.01544
vct,2007,7.14779
vct,2008,8.43391
vct,2009,10.41282
vct,2010,11.36969
vct,2011,12.11625
vct,2012,12.52207
vct,2013,13.50534
vct,2014,13.68485
vct,2015,15.85639
vct,2016,20.55967
vct,2017,18.24007
vct,2018,23.45748
vct,2019,20.84633
vct,2020,23.89062
vct,2021,27.10203
vct,2022,28.99673
vct,2023,30.49357
vct,2024,29.46052
ven,2000,0.01824
ven,2001,0.14666
ven,2002,0.30725
ven,2003,0.45185
ven,2004,0.79803
ven,2005,1.3298
ven,2006,1.97478
ven,2007,3.10247
ven,2008,3.97495
ven,2009,4.92838
ven,2010,5.80665
ven,2011,6.22109
ven,2012,6.89152
ven,2013,7.46662
ven,2014,7.93309
ven,2015,8.47032
ven,2016,8.49644
ven,2017,8.53199
ven,2018,8.73797
ven,2019,8.85037
ven,2020,9.00606
ven,2021,9.24244
ven,2022,9.58036
ven,2023,10.63805
ven,2024,12.94466
vgb,2009,28.25336
vgb,2010,24.85637
vgb,2011,25.43016
vgb,2012,24.50157
vgb,2013,19.49973
vgb,2014,19.39506
vgb,2015,19.30547
vgb,2016,18.35409
vgb,2017,15.30016
vgb,2018,13.60476
vgb,2019,16.2907
vgb,2020,19.0925
vgb,2021,20.88656
vgb,2022,20.54855
vgb,2023,23.527
vgb,2024,24.91196
vnm,2002,0.00137
vnm,2003,0.01154
vnm,2004,0.06561
vnm,2005,0.25901
vnm,2006,0.62867
vnm,2007,1.54736
vnm,2008,2.40556
vnm,2009,3.71753
vnm,2010,4.19566
vnm,2011,4.33851
vnm,2012,5.33499
vnm,2013,5.68886
vnm,2014,6.54511
vnm,2015,8.24968
vnm,2016,9.67902
vnm,2017,11.84103
vnm,2018,13.50251
vnm,2019,15.2329
vnm,2020,17.02629
vnm,2021,19.53623
vnm,2022,21.36814
vnm,2023,22.68067
vnm,2024,23.71126
vut,2003,0.00747
vut,2004,0.01118
vut,2005,0.02799
vut,2006,0.044
vut,2007,0.05875
vut,2008,0.08815
vut,2009,0.21484
vut,2010,0.20987
vut,2011,0.13841
vut,2012,0.12456
vut,2013,0.12182
vut,2014,1.75569
vut,2015,1.6148
vut,2016,1.61198
vut,2019,2.70151
vut,2020,0.93188
vut,2021,1.03214
vut,2022,1.12635
vut,2023,1.23342
vut,2024,1.15566
wsm,2004,0.01718
wsm,2005,0.03476
wsm,2006,0.05221
wsm,2007,0.06887
wsm,2008,0.08416
wsm,2009,0.10443
wsm,2010,0.10361
wsm,2012,0.55166
wsm,2013,0.62441
wsm,2014,1.01031
wsm,2015,1.0328
wsm,2016,1.06585
wsm,2017,0.8237
wsm,2018,0.8151
wsm,2019,0.80656
wsm,2020,0.79832
wsm,2021,0.79147
wsm,2022,0.87754
yem,2005,0.00657
yem,2006,0.01181
yem,2007,0.04523
yem,2008,0.10354
yem,2009,0.20827
yem,2010,0.31397
yem,2011,0.39517
yem,2012,0.58839
yem,2013,0.87606
yem,2014,1.12485
yem,2015,1.26768
yem,2016,0.86025
yem,2017,1.11512
yem,2018,1.13343
yem,2019,1.08797
yem,2020,1.08206
yem,2021,1.09217
yem,2022,1.27124
zaf,2002,0.00556
zaf,2003,0.04188
zaf,2004,0.12247
zaf,2005,0.33399
zaf,2006,0.67025
zaf,2007,0.74809
zaf,2008,0.83342
zaf,2009,0.92985
zaf,2010,1.41945
zaf,2011,1.71148
zaf,2012,2.05866
zaf,2013,2.954
zaf,2014,3.06919
zaf,2015,2.48459
zaf,2016,2.00974
zaf,2017,1.94879
zaf,2018,1.88868
zaf,2019,2.09834
zaf,2020,2.15159
zaf,2021,2.75541
zaf,2022,3.12297
zaf,2023,3.40566
zaf,2024,5.34791
zmb,2000,0.00021
zmb,2001,0.0003
zmb,2002,0.00045
zmb,2003,0.00083
zmb,2004,0.0022
zmb,2005,0.00213
zmb,2006,0.01928
zmb,2007,0.03183
zmb,2008,0.0438
zmb,2009,0.07933
zmb,2010,0.07352
zmb,2011,0.11369
zmb,2012,0.10057
zmb,2013,0.08732
zmb,2014,0.1291
zmb,2015,0.14263
zmb,2016,0.18791
zmb,2017,0.2059
zmb,2018,0.40186
zmb,2019,0.48013
zmb,2020,0.4319
zmb,2021,0.41111
zmb,2022,0.42895
zmb,2023,0.68139
zmb,2024,0.7898
zwe,2001,0.00644
zwe,2002,0.02355
zwe,2003,0.05221
zwe,2004,0.07251
zwe,2005,0.08159
zwe,2006,0.08072
zwe,2007,0.11879
zwe,2008,0.1389
zwe,2009,0.3586
zwe,2010,0.24707
zwe,2011,0.25008
zwe,2012,0.52038
zwe,2013,0.74153
zwe,2014,1.07152
zwe,2015,1.13888
zwe,2016,1.1701
zwe,2017,1.26454
zwe,2018,1.3506
zwe,2019,1.33861
zwe,2020,1.31038
zwe,2021,1.29981
zwe,2022,1.6215
zwe,2023,1.57458
zwe,2024,1.93865
