geo,time,food_supply_kilocalories_per_person_and_day
afg,2010,2207.58
afg,2011,2179.17
afg,2012,2172.54
afg,2013,2211.03
afg,2014,2275.75
afg,2015,2256.58
afg,2016,2245.48
afg,2017,2310.95
afg,2018,2265.26
afg,2019,2228.41
afg,2020,2266.22
afg,2021,2239.66
afg,2022,2243.49
ago,2010,2423.28
ago,2011,2490.47
ago,2012,2439.29
ago,2013,2518.89
ago,2014,2552.55
ago,2015,2471.92
ago,2016,2430.36
ago,2017,2451.11
ago,2018,2452.36
ago,2019,2426.64
ago,2020,2396.75
ago,2021,2402.78
ago,2022,2434.79
alb,2010,3256.2
alb,2011,3296.51
alb,2012,3346.3
alb,2013,3342.5
alb,2014,3317.63
alb,2015,3330.24
alb,2016,3365.17
alb,2017,3377.68
alb,2018,3352.44
alb,2019,3374.96
alb,2020,3349.64
alb,2021,3330.23
alb,2022,3390.48
are,2010,2993.37
are,2011,3102.35
are,2012,3170.69
are,2013,3213.34
are,2014,3176.04
are,2015,3189.69
are,2016,3173.41
are,2017,3218.48
are,2018,3228.06
are,2019,3305.33
are,2020,3300.25
are,2021,3314.71
are,2022,3321.43
arg,2010,3078.17
arg,2011,3070.52
arg,2012,3101.37
arg,2013,3131.58
arg,2014,3171.16
arg,2015,3226.33
arg,2016,3167.51
arg,2017,3195.35
arg,2018,3237.59
arg,2019,3269.76
arg,2020,3308.56
arg,2021,3345.05
arg,2022,3347.34
arm,2010,3147.65
arm,2011,3157.55
arm,2012,3148.72
arm,2013,3201.99
arm,2014,3218.2
arm,2015,3213.94
arm,2016,3184.75
arm,2017,3133
arm,2018,3176.72
arm,2019,3230.07
arm,2020,3216.01
arm,2021,3228.41
arm,2022,3276.83
atg,2010,2327.81
atg,2011,2367.76
atg,2012,2410.86
atg,2013,2443.18
atg,2014,2403.11
atg,2015,2410.11
atg,2016,2395.58
atg,2017,2435.22
atg,2018,2475.08
atg,2019,2454.51
atg,2020,2428.11
atg,2021,2442.5
atg,2022,2458.4
aus,2010,3534.24
aus,2011,3515.65
aus,2012,3563.62
aus,2013,3545.66
aus,2014,3533.44
aus,2015,3518.82
aus,2016,3536.95
aus,2017,3492.86
aus,2018,3469.87
aus,2019,3502.59
aus,2020,3478.39
aus,2021,3478.52
aus,2022,3470.69
aut,2010,3785.93
aut,2011,3835.44
aut,2012,3823.83
aut,2013,3797.79
aut,2014,3755.18
aut,2015,3734.81
aut,2016,3715.84
aut,2017,3753.51
aut,2018,3754.59
aut,2019,3813.58
aut,2020,3769.82
aut,2021,3784.15
aut,2022,3812.18
aze,2010,2944.3
aze,2011,2970.44
aze,2012,2985.39
aze,2013,2985.92
aze,2014,2985.87
aze,2015,3004.01
aze,2016,3026.01
aze,2017,3086.78
aze,2018,3152.79
aze,2019,3268.62
aze,2020,3344.83
aze,2021,3355.92
aze,2022,3327.53
bdi,2010,1503.47
bdi,2011,1442.48
bdi,2012,1440.48
bdi,2013,1482.36
bdi,2014,1594.66
bdi,2015,1696.48
bdi,2016,1748.16
bdi,2017,1735.99
bdi,2018,1786.97
bdi,2019,1779.95
bdi,2020,1770.22
bdi,2021,1771.76
bdi,2022,1754.83
bel,2010,3727.64
bel,2011,3732.81
bel,2012,3723.84
bel,2013,3737.74
bel,2014,3806.67
bel,2015,3817.04
bel,2016,3780.82
bel,2017,3792.54
bel,2018,3801.16
bel,2019,3848.68
bel,2020,3858.54
bel,2021,3898.15
bel,2022,3909.12
ben,2010,2601.04
ben,2011,2625.21
ben,2012,2623.24
ben,2013,2627.96
ben,2014,2656.31
ben,2015,2636.42
ben,2016,2642.29
ben,2017,2641.74
ben,2018,2633.2
ben,2019,2687.01
ben,2020,2724.74
ben,2021,2773.31
ben,2022,2785.64
bfa,2010,2605.07
bfa,2011,2582.32
bfa,2012,2641.81
bfa,2013,2661.48
bfa,2014,2647.85
bfa,2015,2653.97
bfa,2016,2644.67
bfa,2017,2617.73
bfa,2018,2654.84
bfa,2019,2629.51
bfa,2020,2678.4
bfa,2021,2651.78
bfa,2022,2675.05
bgd,2010,2388.08
bgd,2011,2418.76
bgd,2012,2430.33
bgd,2013,2423.51
bgd,2014,2441.2
bgd,2015,2505.45
bgd,2016,2441.71
bgd,2017,2494.19
bgd,2018,2564.41
bgd,2019,2513.82
bgd,2020,2570.56
bgd,2021,2567.03
bgd,2022,2580.79
bgr,2010,2718.66
bgr,2011,2726.82
bgr,2012,2730.2
bgr,2013,2792.93
bgr,2014,2820.15
bgr,2015,2729.06
bgr,2016,2799.34
bgr,2017,2812.71
bgr,2018,2871.13
bgr,2019,2870.92
bgr,2020,2899.21
bgr,2021,2979.95
bgr,2022,3055.05
bhr,2019,3482.36
bhr,2020,3536.47
bhr,2021,3479.52
bhr,2022,3505.98
bhs,2010,2574.74
bhs,2011,2563.44
bhs,2012,2661.24
bhs,2013,2613.26
bhs,2014,2558.99
bhs,2015,2544.81
bhs,2016,2550.2
bhs,2017,2567.27
bhs,2018,2596.51
bhs,2019,2551.63
bhs,2020,2560.98
bhs,2021,2600.34
bhs,2022,2619.86
bih,2010,3098.46
bih,2011,3110.56
bih,2012,3107.16
bih,2013,3151.43
bih,2014,3216.64
bih,2015,3288.1
bih,2016,3320.53
bih,2017,3293.9
bih,2018,3325.36
bih,2019,3341.74
bih,2020,3366.94
bih,2021,3349.43
bih,2022,3368.04
blr,2010,3099.66
blr,2011,3153.04
blr,2012,3225.46
blr,2013,3238.94
blr,2014,3262.22
blr,2015,3230.89
blr,2016,3226.08
blr,2017,3243.19
blr,2018,3243.28
blr,2019,3291.94
blr,2020,3334.1
blr,2021,3300.45
blr,2022,3330.2
blz,2010,2764.54
blz,2011,2725.02
blz,2012,2746.79
blz,2013,2723.53
blz,2014,2675.25
blz,2015,2704.14
blz,2016,2721.4
blz,2017,2766.83
blz,2018,2770.41
blz,2019,2810.63
blz,2020,2839.03
blz,2021,2801.3
blz,2022,2815.42
bol,2010,2238.25
bol,2011,2255.97
bol,2012,2265.78
bol,2013,2274.68
bol,2014,2263.69
bol,2015,2322.68
bol,2016,2365.11
bol,2017,2361.36
bol,2018,2392.82
bol,2019,2419.1
bol,2020,2380.24
bol,2021,2359.56
bol,2022,2331.38
bra,2010,3258.39
bra,2011,3299.84
bra,2012,3248.84
bra,2013,3257.89
bra,2014,3298.68
bra,2015,3243.5
bra,2016,3222.53
bra,2017,3236.71
bra,2018,3275
bra,2019,3281.63
bra,2020,3252.06
bra,2021,3299.46
bra,2022,3304.87
brb,2010,3087.36
brb,2011,3052.29
brb,2012,3077.81
brb,2013,3063.89
brb,2014,3050.94
brb,2015,3088.49
brb,2016,3072
brb,2017,3043.36
brb,2018,3088.61
brb,2019,3136.3
brb,2020,3200.99
brb,2021,3189.9
brb,2022,3197.51
btn,2019,3223.67
btn,2020,3245.75
btn,2021,3229.17
btn,2022,3215.3
bwa,2010,2419.96
bwa,2011,2466.75
bwa,2012,2476.71
bwa,2013,2517.87
bwa,2014,2551.56
bwa,2015,2583.73
bwa,2016,2544.75
bwa,2017,2551.27
bwa,2018,2532.3
bwa,2019,2576.5
bwa,2020,2588.72
bwa,2021,2620.05
bwa,2022,2621.79
caf,2010,2286.85
caf,2011,2267.66
caf,2012,2271.47
caf,2013,2155.76
caf,2014,2181.29
caf,2015,2211.01
caf,2016,2257.47
caf,2017,2258.12
caf,2018,2274.45
caf,2019,2277.64
caf,2020,2266.66
caf,2021,2246.47
caf,2022,2210.19
can,2010,3560.8
can,2011,3596.21
can,2012,3577.62
can,2013,3552.17
can,2014,3521.05
can,2015,3525.85
can,2016,3595.23
can,2017,3593.16
can,2018,3598.93
can,2019,3580.82
can,2020,3624.25
can,2021,3577.28
can,2022,3606.14
che,2010,3425.62
che,2011,3467.48
che,2012,3377.59
che,2013,3388.23
che,2014,3409.88
che,2015,3385.92
che,2016,3349.94
che,2017,3370.82
che,2018,3389.24
che,2019,3409.23
che,2020,3454.35
che,2021,3414
che,2022,3452.57
chl,2010,2904.94
chl,2011,2932.96
chl,2012,2917.22
chl,2013,2969.04
chl,2014,2967.5
chl,2015,2954.57
chl,2016,2984.46
chl,2017,2987.12
chl,2018,3021.48
chl,2019,3047.67
chl,2020,3090.6
chl,2021,3130.71
chl,2022,3105.59
chn,2010,3049.04
chn,2011,3095.51
chn,2012,3110.18
chn,2013,3106.72
chn,2014,3206.26
chn,2015,3241.12
chn,2016,3227.51
chn,2017,3262.33
chn,2018,3279.26
chn,2019,3307.01
chn,2020,3325.99
chn,2021,3405.13
chn,2022,3452.19
civ,2010,2631.71
civ,2011,2685.79
civ,2012,2673.99
civ,2013,2697.74
civ,2014,2645.41
civ,2015,2724.27
civ,2016,2744.65
civ,2017,2777.35
civ,2018,2796.66
civ,2019,2849.32
civ,2020,2890.76
civ,2021,2939.56
civ,2022,2953.26
cmr,2010,2774
cmr,2011,2792.06
cmr,2012,2824.81
cmr,2013,2835.36
cmr,2014,2775.06
cmr,2015,2776.17
cmr,2016,2772.92
cmr,2017,2748.87
cmr,2018,2779.94
cmr,2019,2832.65
cmr,2020,2811.56
cmr,2021,2835.76
cmr,2022,2839.93
cod,2010,2234.6
cod,2011,2255.57
cod,2012,2212.78
cod,2013,2182.45
cod,2014,2235.36
cod,2015,2197.93
cod,2016,2150.69
cod,2017,2191.54
cod,2018,2172.44
cod,2019,2161.81
cod,2020,2094.62
cod,2021,2116.8
cod,2022,2150.06
cog,2010,1985.56
cog,2011,1951.47
cog,2012,2006.26
cog,2013,2085.46
cog,2014,2131.71
cog,2015,2134.37
cog,2016,2114.27
cog,2017,2140.73
cog,2018,2127.02
cog,2019,2142.71
cog,2020,2179.18
cog,2021,2195.62
cog,2022,2190.54
col,2010,2799.01
col,2011,2800.91
col,2012,2893.37
col,2013,2968.74
col,2014,3002.12
col,2015,3065.54
col,2016,3078.53
col,2017,3038.09
col,2018,3071.67
col,2019,3046.31
col,2020,3086.15
col,2021,3090.29
col,2022,3112.41
com,2010,2400.18
com,2011,2379.95
com,2012,2384.03
com,2013,2435.49
com,2014,2433.64
com,2015,2434.86
com,2016,2491.53
com,2017,2483.52
com,2018,2473.9
com,2019,2489.49
com,2020,2482.41
com,2021,2437.59
com,2022,2416.25
cpv,2010,2588.05
cpv,2011,2580.57
cpv,2012,2583.62
cpv,2013,2567.36
cpv,2014,2536.98
cpv,2015,2519.46
cpv,2016,2549.2
cpv,2017,2557.61
cpv,2018,2592.48
cpv,2019,2599.24
cpv,2020,2652.88
cpv,2021,2636.8
cpv,2022,2641.64
cri,2010,2838.42
cri,2011,2838.74
cri,2012,2834.74
cri,2013,2843.66
cri,2014,2872.94
cri,2015,2885.06
cri,2016,2972.4
cri,2017,3006.67
cri,2018,3003.01
cri,2019,3020.24
cri,2020,3025.04
cri,2021,2986.23
cri,2022,2941.76
cub,2010,3244.91
cub,2011,3330.46
cub,2012,3358.91
cub,2013,3380.01
cub,2014,3343.1
cub,2015,3354.17
cub,2016,3437.2
cub,2017,3436.72
cub,2018,3385.06
cub,2019,3423.7
cub,2020,3379.46
cub,2021,3328.25
cub,2022,3270.16
cyp,2010,3006.15
cyp,2011,2993.82
cyp,2012,2979.96
cyp,2013,2951.81
cyp,2014,2933.35
cyp,2015,2989.24
cyp,2016,2963.78
cyp,2017,2971.79
cyp,2018,2979.62
cyp,2019,3043.37
cyp,2020,3028.19
cyp,2021,3035.91
cyp,2022,3037.47
cze,2010,3266.36
cze,2011,3274.23
cze,2012,3271.67
cze,2013,3300.4
cze,2014,3205.04
cze,2015,3133.74
cze,2016,3259.67
cze,2017,3301.86
cze,2018,3304.77
cze,2019,3344.69
cze,2020,3358.73
cze,2021,3387.17
cze,2022,3425.73
deu,2010,3596.31
deu,2011,3626.52
deu,2012,3577.75
deu,2013,3565.92
deu,2014,3556.37
deu,2015,3590.64
deu,2016,3583.15
deu,2017,3575.52
deu,2018,3606.73
deu,2019,3634.72
deu,2020,3642.29
deu,2021,3620.23
deu,2022,3603.83
dji,2010,2452.56
dji,2011,2509.7
dji,2012,2551.52
dji,2013,2605.15
dji,2014,2694.13
dji,2015,2757.58
dji,2016,2737.75
dji,2017,2754.85
dji,2018,2787.58
dji,2019,2793.94
dji,2020,2802.41
dji,2021,2801.98
dji,2022,2765.91
dma,2010,2984.52
dma,2011,2973.4
dma,2012,2989.49
dma,2013,2997.87
dma,2014,3013.26
dma,2015,3032.85
dma,2016,2987.41
dma,2017,2955.89
dma,2018,2929.5
dma,2019,2982.46
dma,2020,2953.7
dma,2021,3022.15
dma,2022,3012.71
dnk,2010,3408.86
dnk,2011,3391.52
dnk,2012,3395.83
dnk,2013,3424.4
dnk,2014,3433.29
dnk,2015,3415.61
dnk,2016,3423.87
dnk,2017,3442.92
dnk,2018,3574.12
dnk,2019,3580.65
dnk,2020,3595.89
dnk,2021,3582.09
dnk,2022,3592.18
dom,2010,2602.65
dom,2011,2658.4
dom,2012,2693.09
dom,2013,2751.9
dom,2014,2822.1
dom,2015,2803.39
dom,2016,2897.09
dom,2017,2937.56
dom,2018,2999.13
dom,2019,3049.88
dom,2020,3100.02
dom,2021,3149.05
dom,2022,3228.44
dza,2010,3242.88
dza,2011,3349.66
dza,2012,3364.29
dza,2013,3442.4
dza,2014,3437.2
dza,2015,3424.97
dza,2016,3456.54
dza,2017,3394.88
dza,2018,3392.18
dza,2019,3478.44
dza,2020,3504.46
dza,2021,3499.14
dza,2022,3468.29
ecu,2010,2611.03
ecu,2011,2616.6
ecu,2012,2609.47
ecu,2013,2566.67
ecu,2014,2613.85
ecu,2015,2615.15
ecu,2016,2547.52
ecu,2017,2559.33
ecu,2018,2546.6
ecu,2019,2508.17
ecu,2020,2539.7
ecu,2021,2561.77
ecu,2022,2548.96
egy,2010,3291.22
egy,2011,3249.94
egy,2012,3256.51
egy,2013,3209.2
egy,2014,3186.51
egy,2015,3188.2
egy,2016,3137.3
egy,2017,3149.77
egy,2018,3118.72
egy,2019,3138.77
egy,2020,3151.54
egy,2021,3115.37
egy,2022,3116.13
esp,2010,3200.18
esp,2011,3219.84
esp,2012,3214.22
esp,2013,3237.76
esp,2014,3193.13
esp,2015,3220.66
esp,2016,3299.56
esp,2017,3319.3
esp,2018,3369.25
esp,2019,3372.22
esp,2020,3376.93
esp,2021,3401.04
esp,2022,3375.29
est,2010,3235.41
est,2011,3222.39
est,2012,3156.76
est,2013,3180.78
est,2014,3177.04
est,2015,3133.68
est,2016,3106.8
est,2017,3104.53
est,2018,3199.88
est,2019,3253.16
est,2020,3247.43
est,2021,3251.94
est,2022,3297.53
eth,2010,2212.51
eth,2011,2227.8
eth,2012,2278.23
eth,2013,2338.28
eth,2014,2374.37
eth,2015,2444.18
eth,2016,2457.97
eth,2017,2483.24
eth,2018,2449.81
eth,2019,2410.61
eth,2020,2456.81
eth,2021,2463.43
eth,2022,2480.74
fin,2010,3158.23
fin,2011,3182.53
fin,2012,3256.33
fin,2013,3236.76
fin,2014,3231.98
fin,2015,3228.76
fin,2016,3258.84
fin,2017,3259.85
fin,2018,3308.56
fin,2019,3333.48
fin,2020,3352.99
fin,2021,3331.13
fin,2022,3377.7
fji,2010,2693.35
fji,2011,2735.85
fji,2012,2696.59
fji,2013,2699.01
fji,2014,2761.44
fji,2015,2735.63
fji,2016,2681.2
fji,2017,2723.65
fji,2018,2780.95
fji,2019,2823.31
fji,2020,2861
fji,2021,2896.95
fji,2022,2949.28
fra,2010,3556.77
fra,2011,3542.42
fra,2012,3507.08
fra,2013,3515.62
fra,2014,3482.93
fra,2015,3469.96
fra,2016,3512.84
fra,2017,3518.57
fra,2018,3508.95
fra,2019,3535.27
fra,2020,3566.26
fra,2021,3577.25
fra,2022,3595.02
fsm,2019,2761.46
fsm,2020,2749.98
fsm,2021,2763.78
fsm,2022,2755.05
gab,2010,2705.8
gab,2011,2753.18
gab,2012,2772.33
gab,2013,2756.85
gab,2014,2755.63
gab,2015,2752.67
gab,2016,2678.39
gab,2017,2632.21
gab,2018,2654.87
gab,2019,2605.18
gab,2020,2618.43
gab,2021,2585.62
gab,2022,2551.79
gbr,2010,3319.82
gbr,2011,3336.02
gbr,2012,3314.22
gbr,2013,3337.34
gbr,2014,3356.49
gbr,2015,3373.73
gbr,2016,3359.4
gbr,2017,3387
gbr,2018,3343.97
gbr,2019,3379.3
gbr,2020,3374.61
gbr,2021,3347.86
gbr,2022,3355.3
geo,2010,2809.48
geo,2011,2825.43
geo,2012,2838.41
geo,2013,2848.03
geo,2014,2867.49
geo,2015,2948.21
geo,2016,2861.67
geo,2017,2862.2
geo,2018,2978.17
geo,2019,3057.28
geo,2020,3044.89
geo,2021,3046.52
geo,2022,3105.96
gha,2010,2930.8
gha,2011,2903.16
gha,2012,2894.23
gha,2013,2871.05
gha,2014,2862.02
gha,2015,2797.17
gha,2016,2775.1
gha,2017,2868.03
gha,2018,2950.33
gha,2019,3010.95
gha,2020,3042.23
gha,2021,3113.59
gha,2022,3102.4
gin,2010,2452.55
gin,2011,2526.7
gin,2012,2566.66
gin,2013,2616.8
gin,2014,2660.03
gin,2015,2641.59
gin,2016,2661.07
gin,2017,2696.2
gin,2018,2754.59
gin,2019,2813.18
gin,2020,2859.83
gin,2021,2905.24
gin,2022,2913.22
gmb,2010,2663.77
gmb,2011,2636.14
gmb,2012,2619.61
gmb,2013,2582.98
gmb,2014,2533.37
gmb,2015,2544.34
gmb,2016,2519.44
gmb,2017,2526.66
gmb,2018,2441.11
gmb,2019,2474.44
gmb,2020,2440.07
gmb,2021,2432.55
gmb,2022,2452.26
gnb,2010,2266.18
gnb,2011,2233.85
gnb,2012,2222.28
gnb,2013,2191.57
gnb,2014,2203.85
gnb,2015,2201.57
gnb,2016,2229.07
gnb,2017,2258.81
gnb,2018,2274.67
gnb,2019,2276.31
gnb,2020,2297.35
gnb,2021,2292.44
gnb,2022,2291.09
grc,2010,3531.35
grc,2011,3532.26
grc,2012,3517.87
grc,2013,3523.92
grc,2014,3445.18
grc,2015,3407.24
grc,2016,3352.95
grc,2017,3391.16
grc,2018,3393.38
grc,2019,3420.83
grc,2020,3370.65
grc,2021,3393.16
grc,2022,3398.04
grd,2010,2368.28
grd,2011,2370.86
grd,2012,2366.72
grd,2013,2343.85
grd,2014,2371.81
grd,2015,2409.63
grd,2016,2484.13
grd,2017,2473.41
grd,2018,2535.5
grd,2019,2502.23
grd,2020,2543.55
grd,2021,2616.43
grd,2022,2612.97
gtm,2010,2474.04
gtm,2011,2483.81
gtm,2012,2483.64
gtm,2013,2478.52
gtm,2014,2482.91
gtm,2015,2522.03
gtm,2016,2560.93
gtm,2017,2604.84
gtm,2018,2587.4
gtm,2019,2635.88
gtm,2020,2712.3
gtm,2021,2743.78
gtm,2022,2791.06
guy,2010,2609.92
guy,2011,2642.4
guy,2012,2741.99
guy,2013,2731.55
guy,2014,2827.48
guy,2015,3016.62
guy,2016,3025.26
guy,2017,3078.53
guy,2018,3130.65
guy,2019,3107.4
guy,2020,3151.32
guy,2021,3200
guy,2022,3253.19
hkg,2010,3113.7
hkg,2011,3130.71
hkg,2012,3085.16
hkg,2013,3076.88
hkg,2014,3107.43
hkg,2015,3052.92
hkg,2016,3093.91
hkg,2017,3149.73
hkg,2018,3177.87
hkg,2019,3190.87
hkg,2020,3098.82
hkg,2021,3042.77
hkg,2022,2995.64
hnd,2010,2574.19
hnd,2011,2599.62
hnd,2012,2593.95
hnd,2013,2589.94
hnd,2014,2541.53
hnd,2015,2562.6
hnd,2016,2601.94
hnd,2017,2603.29
hnd,2018,2625.59
hnd,2019,2633.16
hnd,2020,2617.62
hnd,2021,2664.33
hnd,2022,2654.33
hrv,2010,2949.8
hrv,2011,2979.6
hrv,2012,2980.73
hrv,2013,3056.59
hrv,2014,2973.57
hrv,2015,3042.69
hrv,2016,3144.32
hrv,2017,3089.53
hrv,2018,3144.33
hrv,2019,3182.83
hrv,2020,3219.02
hrv,2021,3270.94
hrv,2022,3316.79
hti,2010,2152.1
hti,2011,2145.64
hti,2012,2126.15
hti,2013,2156
hti,2014,2214.38
hti,2015,2216.28
hti,2016,2166.6
hti,2017,2174.6
hti,2018,2129.6
hti,2019,2113.62
hti,2020,2098.92
hti,2021,2075.26
hti,2022,1977.9
hun,2010,3041.05
hun,2011,3054.76
hun,2012,3000.02
hun,2013,3023.16
hun,2014,3070.05
hun,2015,3175.38
hun,2016,3199.58
hun,2017,3235.39
hun,2018,3294.04
hun,2019,3309.29
hun,2020,3368.25
hun,2021,3419.09
hun,2022,3430.12
idn,2010,2598.48
idn,2011,2654.92
idn,2012,2699.33
idn,2013,2738.73
idn,2014,2815.37
idn,2015,2793.19
idn,2016,2888.3
idn,2017,2962.31
idn,2018,2918.01
idn,2019,2906.66
idn,2020,2911.33
idn,2021,2900.45
idn,2022,2829.9
ind,2010,2362.97
ind,2011,2398.06
ind,2012,2393.28
ind,2013,2428.82
ind,2014,2458.9
ind,2015,2432.03
ind,2016,2482.74
ind,2017,2523.95
ind,2018,2536.25
ind,2019,2538.55
ind,2020,2552.06
ind,2021,2562.06
ind,2022,2588.62
irl,2010,3584.32
irl,2011,3627.44
irl,2012,3618.1
irl,2013,3634.41
irl,2014,3701.92
irl,2015,3775.6
irl,2016,3820.71
irl,2017,3907.97
irl,2018,3938.61
irl,2019,3908.03
irl,2020,3887.85
irl,2021,3891.4
irl,2022,3910.78
irn,2010,2943.54
irn,2011,2852.91
irn,2012,2949.35
irn,2013,2982.41
irn,2014,2991.14
irn,2015,2942.49
irn,2016,2943.68
irn,2017,2876.34
irn,2018,2845.08
irn,2019,2917.49
irn,2020,2919.11
irn,2021,2883.11
irn,2022,2878.56
irq,2010,2596.4
irq,2011,2600.63
irq,2012,2561.53
irq,2013,2581.19
irq,2014,2577.76
irq,2015,2568.4
irq,2016,2588.26
irq,2017,2605.36
irq,2018,2636
irq,2019,2661.05
irq,2020,2675
irq,2021,2668.42
irq,2022,2685.2
isl,2010,3314.93
isl,2011,3307.15
isl,2012,3359.69
isl,2013,3367.57
isl,2014,3404.66
isl,2015,3477.45
isl,2016,3585.18
isl,2017,3642.68
isl,2018,3655.7
isl,2019,3690.71
isl,2020,3668.32
isl,2021,3675.14
isl,2022,3676.9
isr,2010,3607.52
isr,2011,3610.54
isr,2012,3612.56
isr,2013,3622.27
isr,2014,3684.57
isr,2015,3681.34
isr,2016,3728.01
isr,2017,3762.3
isr,2018,3701.31
isr,2019,3776.11
isr,2020,3807.87
isr,2021,3860.68
isr,2022,3922.66
ita,2010,3675
ita,2011,3667.75
ita,2012,3660.4
ita,2013,3658.68
ita,2014,3534.5
ita,2015,3541.35
ita,2016,3543.09
ita,2017,3553.59
ita,2018,3551.36
ita,2019,3648.21
ita,2020,3687.72
ita,2021,3720.29
ita,2022,3703.49
jam,2010,2761.6
jam,2011,2779.21
jam,2012,2773.67
jam,2013,2815.34
jam,2014,2800.58
jam,2015,2830.69
jam,2016,2779.63
jam,2017,2858.07
jam,2018,2889.37
jam,2019,2916.1
jam,2020,2840.24
jam,2021,2871.12
jam,2022,2928.06
jor,2010,2844.51
jor,2011,2800.76
jor,2012,2830.64
jor,2013,2814.52
jor,2014,2829.79
jor,2015,2806.51
jor,2016,2765.83
jor,2017,2724.23
jor,2018,2641.69
jor,2019,2587.44
jor,2020,2581.23
jor,2021,2533.92
jor,2022,2557.24
jpn,2010,2655.04
jpn,2011,2663.25
jpn,2012,2712.35
jpn,2013,2715.37
jpn,2014,2700.63
jpn,2015,2683.74
jpn,2016,2682.46
jpn,2017,2701.09
jpn,2018,2671.77
jpn,2019,2732.05
jpn,2020,2673.95
jpn,2021,2674.78
jpn,2022,2692.62
kaz,2010,3122.12
kaz,2011,3170.33
kaz,2012,3166.28
kaz,2013,3195.78
kaz,2014,3171.06
kaz,2015,3154.69
kaz,2016,3165.23
kaz,2017,3251.54
kaz,2018,3350.22
kaz,2019,3370.59
kaz,2020,3382.8
kaz,2021,3411.62
kaz,2022,3439.57
ken,2010,2182.44
ken,2011,2191.69
ken,2012,2216.26
ken,2013,2243.14
ken,2014,2241.02
ken,2015,2247.47
ken,2016,2185.82
ken,2017,2204.13
ken,2018,2237.91
ken,2019,2301.19
ken,2020,2262.26
ken,2021,2171.45
ken,2022,2099.58
kgz,2010,2674.81
kgz,2011,2714.05
kgz,2012,2737.12
kgz,2013,2733.15
kgz,2014,2717.68
kgz,2015,2722.95
kgz,2016,2678.4
kgz,2017,2729.31
kgz,2018,2765.62
kgz,2019,2762.85
kgz,2020,2733.2
kgz,2021,2712.05
kgz,2022,2761.34
khm,2010,2545.1
khm,2011,2637.36
khm,2012,2630.06
khm,2013,2620.17
khm,2014,2635.62
khm,2015,2677.48
khm,2016,2690.31
khm,2017,2716.37
khm,2018,2716.51
khm,2019,2762.57
khm,2020,2775.93
khm,2021,2757
khm,2022,2724.26
kir,2010,2958.75
kir,2011,3011.12
kir,2012,3039.85
kir,2013,3035.55
kir,2014,3077.23
kir,2015,3113.01
kir,2016,3097.33
kir,2017,3067.15
kir,2018,3092.5
kir,2019,3125.3
kir,2020,3083.49
kir,2021,3110.79
kir,2022,3095.73
kna,2010,2624.29
kna,2011,2578.96
kna,2012,2635.7
kna,2013,2666.58
kna,2014,2678.09
kna,2015,2746.13
kna,2016,2832.57
kna,2017,2911.65
kna,2018,2871.08
kna,2019,2831.41
kna,2020,2882.12
kna,2021,2865.41
kna,2022,2866.74
kor,2010,3327.59
kor,2011,3332.42
kor,2012,3287.81
kor,2013,3293.79
kor,2014,3327.28
kor,2015,3325.35
kor,2016,3325.56
kor,2017,3377.63
kor,2018,3386.74
kor,2019,3381.91
kor,2020,3377.95
kor,2021,3412.85
kor,2022,3441.95
kwt,2010,3548.14
kwt,2011,3572.13
kwt,2012,3491.34
kwt,2013,3452.96
kwt,2014,3462.85
kwt,2015,3475.01
kwt,2016,3417.07
kwt,2017,3445.31
kwt,2018,3432.17
kwt,2019,3469.55
kwt,2020,3481.72
kwt,2021,3505.41
kwt,2022,3507.92
lao,2010,2891.98
lao,2011,2976.55
lao,2012,3002.67
lao,2013,3074.08
lao,2014,3127.14
lao,2015,3183.13
lao,2016,3159.06
lao,2017,3129.18
lao,2018,3152.76
lao,2019,3179.67
lao,2020,3162.2
lao,2021,3127.61
lao,2022,3168.75
lbn,2010,3090.02
lbn,2011,3045
lbn,2012,3049.82
lbn,2013,3001.31
lbn,2014,2966.47
lbn,2015,2923.91
lbn,2016,2928.96
lbn,2017,2925.82
lbn,2018,2924.34
lbn,2019,2888.64
lbn,2020,2890.2
lbn,2021,2906.93
lbn,2022,2926.45
lbr,2010,2133.25
lbr,2011,2115.96
lbr,2012,2121.92
lbr,2013,2094.53
lbr,2014,2131.34
lbr,2015,2119.01
lbr,2016,2155.66
lbr,2017,2177.08
lbr,2018,2142.81
lbr,2019,2130.18
lbr,2020,2109.66
lbr,2021,2100.88
lbr,2022,2103.35
lby,2010,3088.27
lby,2011,3070.96
lby,2012,3117.79
lby,2013,3147.83
lby,2014,3101.48
lby,2015,3131.15
lby,2016,3128.91
lby,2017,3127.84
lby,2018,3144.67
lby,2019,3180.1
lby,2020,3139.19
lby,2021,3198.33
lby,2022,3195
lca,2010,2594.26
lca,2011,2619.33
lca,2012,2597.63
lca,2013,2566.31
lca,2014,2608.78
lca,2015,2601.72
lca,2016,2619.34
lca,2017,2651.94
lca,2018,2651.47
lca,2019,2669.39
lca,2020,2718.75
lca,2021,2717.45
lca,2022,2720.6
lka,2010,2488.5
lka,2011,2466.36
lka,2012,2531.13
lka,2013,2552.44
lka,2014,2593.54
lka,2015,2690.89
lka,2016,2757.03
lka,2017,2755.44
lka,2018,2772.56
lka,2019,2763.32
lka,2020,2838.18
lka,2021,2860.14
lka,2022,2802
lso,2010,2498.4
lso,2011,2512.38
lso,2012,2469.52
lso,2013,2325.41
lso,2014,2195.26
lso,2015,2072.48
lso,2016,2086.32
lso,2017,2162.7
lso,2018,2182.03
lso,2019,1984.39
lso,2020,1799.76
lso,2021,1800.19
lso,2022,1805.54
ltu,2010,3187.02
ltu,2011,3267.15
ltu,2012,3244.24
ltu,2013,3307.12
ltu,2014,3331
ltu,2015,3315.26
ltu,2016,3321.18
ltu,2017,3323.54
ltu,2018,3278.18
ltu,2019,3295.6
ltu,2020,3334.57
ltu,2021,3375.66
ltu,2022,3406.98
lux,2010,3469.42
lux,2011,3457.19
lux,2012,3430.15
lux,2013,3429.32
lux,2014,3415.51
lux,2015,3379.82
lux,2016,3366.41
lux,2017,3378.89
lux,2018,3406.83
lux,2019,3513.23
lux,2020,3477.43
lux,2021,3469.91
lux,2022,3483.01
lva,2010,3142.54
lva,2011,3164.47
lva,2012,3140.81
lva,2013,3226.57
lva,2014,3205.64
lva,2015,3189.36
lva,2016,3199.82
lva,2017,3207.37
lva,2018,3248.11
lva,2019,3265.73
lva,2020,3242.04
lva,2021,3273.86
lva,2022,3312.72
mac,2010,2959.61
mac,2011,3075.37
mac,2012,3062.56
mac,2013,3105.46
mac,2014,3213.71
mac,2015,3199.61
mac,2016,3184.17
mac,2017,3199.76
mac,2018,3212.03
mac,2019,3194.33
mac,2020,2933.94
mac,2021,2952.72
mac,2022,2937.39
mar,2010,3267.22
mar,2011,3316.26
mar,2012,3331.86
mar,2013,3336.85
mar,2014,3384.41
mar,2015,3373.76
mar,2016,3406.25
mar,2017,3360.02
mar,2018,3412.2
mar,2019,3385.69
mar,2020,3345.7
mar,2021,3369.13
mar,2022,3327.78
mda,2010,2660.32
mda,2011,2709.23
mda,2012,2707.96
mda,2013,2760.19
mda,2014,2760.88
mda,2015,2811.71
mda,2016,2874.23
mda,2017,2942.53
mda,2018,3017.15
mda,2019,3014.53
mda,2020,2966.35
mda,2021,2952.61
mda,2022,2888.71
mdg,2010,2137.18
mdg,2011,2152.48
mdg,2012,2143.1
mdg,2013,2094.46
mdg,2014,2092.12
mdg,2015,2058.81
mdg,2016,2047.69
mdg,2017,2028.03
mdg,2018,2020.58
mdg,2019,1994.53
mdg,2020,1982.1
mdg,2021,1977.18
mdg,2022,1978.61
mdv,2010,2595.46
mdv,2011,2602.63
mdv,2012,2612.83
mdv,2013,2641.88
mdv,2014,2671.21
mdv,2015,2701.75
mdv,2016,2722.1
mdv,2017,2614.34
mdv,2018,2565.59
mdv,2019,2576.05
mdv,2020,2544.9
mdv,2021,2612.85
mdv,2022,2652.54
mex,2010,3176.96
mex,2011,3151.79
mex,2012,3156.11
mex,2013,3149.47
mex,2014,3184.99
mex,2015,3196.37
mex,2016,3219
mex,2017,3224.54
mex,2018,3232.03
mex,2019,3269.63
mex,2020,3271.39
mex,2021,3292.25
mex,2022,3326.33
mhl,2019,2981.17
mhl,2020,3084.36
mhl,2021,3208.36
mhl,2022,3269.53
mkd,2010,2975.73
mkd,2011,2927.27
mkd,2012,2947.6
mkd,2013,2971.98
mkd,2014,2927.55
mkd,2015,2979.71
mkd,2016,2998.42
mkd,2017,2985.22
mkd,2018,3030.82
mkd,2019,3082.51
mkd,2020,3124.37
mkd,2021,3141.78
mkd,2022,3148.14
mli,2010,2751.35
mli,2011,2757.96
mli,2012,2771.79
mli,2013,2769.83
mli,2014,2731.33
mli,2015,2730.46
mli,2016,2747.08
mli,2017,2761.9
mli,2018,2751.4
mli,2019,2789.67
mli,2020,2812.04
mli,2021,2775.48
mli,2022,2792.42
mlt,2010,3470.86
mlt,2011,3447.53
mlt,2012,3460.21
mlt,2013,3461.05
mlt,2014,3385.82
mlt,2015,3410.34
mlt,2016,3368.53
mlt,2017,3436.48
mlt,2018,3395.73
mlt,2019,3326.1
mlt,2020,3309.37
mlt,2021,3328.55
mlt,2022,3298.05
mmr,2010,2668.51
mmr,2011,2657.94
mmr,2012,2668.51
mmr,2013,2684.06
mmr,2014,2727.72
mmr,2015,2754.46
mmr,2016,2772.81
mmr,2017,2787.18
mmr,2018,2777.93
mmr,2019,2774.27
mmr,2020,2824.09
mmr,2021,2815.55
mmr,2022,2807.13
mne,2010,3367.56
mne,2011,3411.74
mne,2012,3287.91
mne,2013,3324.9
mne,2014,3303.72
mne,2015,3362.79
mne,2016,3419.67
mne,2017,3451.36
mne,2018,3459.88
mne,2019,3463.49
mne,2020,3470.92
mne,2021,3546.99
mne,2022,3573.56
mng,2010,2439.06
mng,2011,2534.51
mng,2012,2589.9
mng,2013,2568.08
mng,2014,2606.37
mng,2015,2701.06
mng,2016,2731.72
mng,2017,2660.1
mng,2018,2852.65
mng,2019,2857.36
mng,2020,2948.39
mng,2021,3037.6
mng,2022,3088.1
moz,2010,2356.73
moz,2011,2370.76
moz,2012,2277.66
moz,2013,2183.77
moz,2014,2020.96
moz,2015,1902.25
moz,2016,1810.86
moz,2017,1922.57
moz,2018,2054.53
moz,2019,2082.82
moz,2020,2143.19
moz,2021,2169.05
moz,2022,2154.92
mrt,2010,2830.93
mrt,2011,2873.33
mrt,2012,2932.65
mrt,2013,2911.42
mrt,2014,2918.12
mrt,2015,2906.96
mrt,2016,2887.25
mrt,2017,2906.11
mrt,2018,2940.98
mrt,2019,2950.97
mrt,2020,2962.26
mrt,2021,2964.62
mrt,2022,3000.3
mus,2010,3028.03
mus,2011,2991.23
mus,2012,2975.11
mus,2013,2967.91
mus,2014,2968.75
mus,2015,2969.1
mus,2016,2950.95
mus,2017,2980.52
mus,2018,2987.66
mus,2019,3026.01
mus,2020,3064.82
mus,2021,3065.26
mus,2022,3111.1
mwi,2010,2574.87
mwi,2011,2582.6
mwi,2012,2611.58
mwi,2013,2608.17
mwi,2014,2579.67
mwi,2015,2625.3
mwi,2016,2596.34
mwi,2017,2605.58
mwi,2018,2613.83
mwi,2019,2596.43
mwi,2020,2641.47
mwi,2021,2663.38
mwi,2022,2642.51
mys,2010,2827.39
mys,2011,2863.68
mys,2012,2888.4
mys,2013,2850.87
mys,2014,2841.54
mys,2015,2891.69
mys,2016,2888.05
mys,2017,2927.92
mys,2018,2939.58
mys,2019,2949.43
mys,2020,2998.17
mys,2021,2979.59
mys,2022,3003.3
nam,2010,2216.67
nam,2011,2259.81
nam,2012,2367.37
nam,2013,2401.63
nam,2014,2396.24
nam,2015,2456.23
nam,2016,2484.03
nam,2017,2506.79
nam,2018,2523.27
nam,2019,2575.04
nam,2020,2573.66
nam,2021,2583.97
nam,2022,2586.32
ncl,2010,2779.73
ncl,2011,2751.38
ncl,2012,2740.32
ncl,2013,2765.15
ncl,2014,2774.3
ncl,2015,2777.91
ncl,2016,2804.71
ncl,2017,2809.35
ncl,2018,2825.29
ncl,2019,2899.75
ncl,2020,2909.43
ncl,2021,2957.17
ncl,2022,2956.43
ner,2010,2541.01
ner,2011,2455.46
ner,2012,2497.02
ner,2013,2502.9
ner,2014,2500.51
ner,2015,2562.45
ner,2016,2591.36
ner,2017,2564.85
ner,2018,2640.98
ner,2019,2595.63
ner,2020,2644.35
ner,2021,2506.7
ner,2022,2631.12
nga,2010,2572.04
nga,2011,2559.65
nga,2012,2546.07
nga,2013,2520.99
nga,2014,2575.87
nga,2015,2567.72
nga,2016,2558.31
nga,2017,2555.96
nga,2018,2531.73
nga,2019,2539.96
nga,2020,2509.8
nga,2021,2542.63
nga,2022,2503.4
nic,2010,2488.27
nic,2011,2518.22
nic,2012,2527.25
nic,2013,2514.52
nic,2014,2493.26
nic,2015,2496.69
nic,2016,2573.34
nic,2017,2600.05
nic,2018,2575.9
nic,2019,2608.81
nic,2020,2625.38
nic,2021,2668.1
nic,2022,2694.15
nld,2010,3222.97
nld,2011,3225.15
nld,2012,3236.69
nld,2013,3234.29
nld,2014,3244.01
nld,2015,3273.74
nld,2016,3257
nld,2017,3272.9
nld,2018,3317.97
nld,2019,3468.04
nld,2020,3475.43
nld,2021,3507.4
nld,2022,3535.61
nor,2010,3569.31
nor,2011,3561
nor,2012,3579.12
nor,2013,3561.94
nor,2014,3518.34
nor,2015,3458.56
nor,2016,3417.8
nor,2017,3417.51
nor,2018,3486.88
nor,2019,3533.45
nor,2020,3532.81
nor,2021,3510.94
nor,2022,3504.55
npl,2010,2530.49
npl,2011,2566.95
npl,2012,2618.85
npl,2013,2647.44
npl,2014,2678.31
npl,2015,2711.46
npl,2016,2804.17
npl,2017,2829.3
npl,2018,2811.67
npl,2019,2845.23
npl,2020,2899.59
npl,2021,2936.35
npl,2022,2930.74
nru,2019,2943.48
nru,2020,2980.76
nru,2021,2996.93
nru,2022,2993.46
nzl,2010,3143.49
nzl,2011,3259.19
nzl,2012,3230.92
nzl,2013,3299.55
nzl,2014,3239.97
nzl,2015,3210.79
nzl,2016,3185.68
nzl,2017,3170.61
nzl,2018,3194.55
nzl,2019,3134.59
nzl,2020,3153.29
nzl,2021,3137.69
nzl,2022,3147.3
omn,2010,3175.89
omn,2011,3058.39
omn,2012,3036.59
omn,2013,3042.63
omn,2014,3056.44
omn,2015,3050.1
omn,2016,2987.17
omn,2017,3059.55
omn,2018,3075.46
omn,2019,3083.82
omn,2020,3085.47
omn,2021,3032.27
omn,2022,3063.95
pak,2010,2373.62
pak,2011,2386.49
pak,2012,2379.05
pak,2013,2371.29
pak,2014,2431.54
pak,2015,2420.89
pak,2016,2462.34
pak,2017,2486.07
pak,2018,2483.36
pak,2019,2449.86
pak,2020,2484.56
pak,2021,2473.7
pak,2022,2442.99
pan,2010,2689.19
pan,2011,2754
pan,2012,2796.65
pan,2013,2793.1
pan,2014,2792.58
pan,2015,2801.53
pan,2016,2838.25
pan,2017,2878.57
pan,2018,3042.99
pan,2019,3054
pan,2020,3024.29
pan,2021,3052.26
pan,2022,3061.49
per,2010,2579.68
per,2011,2590.43
per,2012,2653.48
per,2013,2682.29
per,2014,2715.55
per,2015,2740.86
per,2016,2733.58
per,2017,2742.97
per,2018,2767.01
per,2019,2804.09
per,2020,2823.15
per,2021,2800.72
per,2022,2805.49
phl,2010,2454.46
phl,2011,2466.91
phl,2012,2503.12
phl,2013,2502.38
phl,2014,2522.59
phl,2015,2566.43
phl,2016,2638.28
phl,2017,2670.54
phl,2018,2751.14
phl,2019,2811.83
phl,2020,2791.23
phl,2021,2815.47
phl,2022,2848.81
png,2010,2124.4
png,2011,2154.14
png,2012,2188.43
png,2013,2205.12
png,2014,2229.06
png,2015,2188.33
png,2016,2204.24
png,2017,2212.98
png,2018,2193.85
png,2019,2195.21
png,2020,2228.98
png,2021,2189.53
png,2022,2223.03
pol,2010,3370.2
pol,2011,3397.52
pol,2012,3376.61
pol,2013,3324.53
pol,2014,3345.38
pol,2015,3305.31
pol,2016,3381.54
pol,2017,3428.13
pol,2018,3464.55
pol,2019,3477.48
pol,2020,3524.09
pol,2021,3576.75
pol,2022,3615.99
prk,2010,2078.6
prk,2011,2089.99
prk,2012,2098.08
prk,2013,2077.24
prk,2014,2098.8
prk,2015,2068.83
prk,2016,2052.33
prk,2017,2065.11
prk,2018,2003.83
prt,2010,3511.34
prt,2011,3491.25
prt,2012,3460.55
prt,2013,3442.4
prt,2014,3402
prt,2015,3465.35
prt,2016,3406.66
prt,2017,3436.11
prt,2018,3466.66
prt,2019,3484.95
prt,2020,3500.67
prt,2021,3524.63
prt,2022,3510.48
pry,2010,3064.06
pry,2011,3106.87
pry,2012,3046.43
pry,2013,3110.46
pry,2014,3125.97
pry,2015,3086.67
pry,2016,3060.91
pry,2017,3095.25
pry,2018,3104.16
pry,2019,3096.62
pry,2020,3108.58
pry,2021,3089.38
pry,2022,3055.96
pyf,2010,2867.46
pyf,2011,2864.72
pyf,2012,2856.02
pyf,2013,2860.04
pyf,2014,2829.9
pyf,2015,2826.4
pyf,2016,2788.24
pyf,2017,2772.02
pyf,2018,2763.45
pyf,2019,2819.67
pyf,2020,2862.9
pyf,2021,2888.26
pyf,2022,2880.12
qat,2019,3481.47
qat,2020,3507.44
qat,2021,3502.29
qat,2022,3540.22
rou,2010,3374.28
rou,2011,3404.84
rou,2012,3354.95
rou,2013,3417.68
rou,2014,3472.18
rou,2015,3531.43
rou,2016,3576.59
rou,2017,3595.27
rou,2018,3620.16
rou,2019,3645.86
rou,2020,3636.88
rou,2021,3644.36
rou,2022,3623.41
rus,2010,3296.89
rus,2011,3322.49
rus,2012,3342.66
rus,2013,3320.42
rus,2014,3357.52
rus,2015,3310.76
rus,2016,3325.07
rus,2017,3352.77
rus,2018,3352.8
rus,2019,3347.88
rus,2020,3367.28
rus,2021,3389.1
rus,2022,3453.98
rwa,2010,2121.52
rwa,2011,2126.2
rwa,2012,2139.61
rwa,2013,2146.03
rwa,2014,2142.35
rwa,2015,2160.45
rwa,2016,2188.28
rwa,2017,2226.99
rwa,2018,2197.86
rwa,2019,2197.68
rwa,2020,2223.08
rwa,2021,2274.56
rwa,2022,2315.15
sau,2010,2908.23
sau,2011,2879.78
sau,2012,3027.66
sau,2013,3015.58
sau,2014,3149.03
sau,2015,3201.8
sau,2016,3237.28
sau,2017,3219.14
sau,2018,3214
sau,2019,3220.28
sau,2020,3254.34
sau,2021,3250.45
sau,2022,3276.21
sdn,2012,2589.5
sdn,2013,2648.3
sdn,2014,2656.72
sdn,2015,2636.8
sdn,2016,2607.79
sdn,2017,2558.03
sdn,2018,2584.67
sdn,2019,2572.55
sdn,2020,2620.49
sdn,2021,2625.05
sdn,2022,2648.02
sen,2010,2477.28
sen,2011,2462.98
sen,2012,2495.4
sen,2013,2451.63
sen,2014,2476.46
sen,2015,2508.97
sen,2016,2573.19
sen,2017,2615.29
sen,2018,2646.98
sen,2019,2703.97
sen,2020,2776.32
sen,2021,2792.45
sen,2022,2825.66
slb,2010,2430.66
slb,2011,2421.48
slb,2012,2391.76
slb,2013,2363.18
slb,2014,2359.68
slb,2015,2389.97
slb,2016,2394.9
slb,2017,2415.69
slb,2018,2413.48
slb,2019,2401.01
slb,2020,2352.31
slb,2021,2311.29
slb,2022,2306.43
sle,2010,2375.72
sle,2011,2392.23
sle,2012,2380.53
sle,2013,2366.1
sle,2014,2317.72
sle,2015,2402.27
sle,2016,2312.41
sle,2017,2348.09
sle,2018,2349.1
sle,2019,2296
sle,2020,2312.35
sle,2021,2345.3
sle,2022,2316.5
slv,2010,2608.14
slv,2011,2610.09
slv,2012,2630.47
slv,2013,2620.3
slv,2014,2624.36
slv,2015,2629.46
slv,2016,2675.94
slv,2017,2727.44
slv,2018,2760.49
slv,2019,2821.91
slv,2020,2772.69
slv,2021,2802.49
slv,2022,2835.79
som,2010,1519.06
som,2011,1561.67
som,2012,1615.77
som,2013,1665
som,2014,1710.81
som,2015,1685.21
som,2016,1689.66
som,2017,1728.85
som,2018,1728.74
som,2019,1795.39
som,2020,1831.57
som,2021,1834.27
som,2022,1833.48
srb,2010,3218.63
srb,2011,3277.76
srb,2012,3289.91
srb,2013,3338.46
srb,2014,3290.51
srb,2015,3335.39
srb,2016,3321.64
srb,2017,3335.19
srb,2018,3387.18
srb,2019,3462.68
srb,2020,3517.85
srb,2021,3575.53
srb,2022,3612.06
ssd,2019,2341.38
ssd,2020,2376.03
ssd,2021,2413.58
ssd,2022,2414.74
stp,2010,2341.8
stp,2011,2309.35
stp,2012,2328.92
stp,2013,2358.8
stp,2014,2321.85
stp,2015,2304.24
stp,2016,2351.06
stp,2017,2350.72
stp,2018,2351.77
stp,2019,2375.39
stp,2020,2415.93
stp,2021,2420.04
stp,2022,2376.69
sur,2010,2686.07
sur,2011,2640.11
sur,2012,2666.91
sur,2013,2700.45
sur,2014,2705.37
sur,2015,2655.21
sur,2016,2638.97
sur,2017,2636.52
sur,2018,2660.65
sur,2019,2694.28
sur,2020,2674
sur,2021,2634.8
sur,2022,2652.09
svk,2010,2818.58
svk,2011,2806.78
svk,2012,2760.34
svk,2013,2855.18
svk,2014,2828.91
svk,2015,2733.95
svk,2016,2853.47
svk,2017,2880.17
svk,2018,2904.03
svk,2019,3024.52
svk,2020,3010.76
svk,2021,2972.98
svk,2022,2982.81
svn,2010,3220.95
svn,2011,3204.97
svn,2012,3196.48
svn,2013,3206.39
svn,2014,3236.5
svn,2015,3197.46
svn,2016,3183.49
svn,2017,3203.68
svn,2018,3193.88
svn,2019,3148.28
svn,2020,3127.82
svn,2021,3084.28
svn,2022,3093.59
swe,2010,3205.46
swe,2011,3217.86
swe,2012,3220.55
swe,2013,3216.75
swe,2014,3240.91
swe,2015,3213.7
swe,2016,3215.21
swe,2017,3203.46
swe,2018,3173.12
swe,2019,3240.96
swe,2020,3264.64
swe,2021,3287.03
swe,2022,3327.75
swz,2010,2168.92
swz,2011,2228.32
swz,2012,2300.95
swz,2013,2394.81
swz,2014,2426.19
swz,2015,2405.84
swz,2016,2405.46
swz,2017,2431.84
swz,2018,2497.13
swz,2019,2486.9
swz,2020,2536.02
swz,2021,2549.13
swz,2022,2553.29
syc,2010,2913.43
syc,2011,2860.46
syc,2012,2885.35
syc,2013,2872.75
syc,2014,2922.82
syc,2015,2972.74
syc,2016,3035.5
syc,2017,3083.93
syc,2018,3101.8
syc,2019,3132.18
syc,2020,3182.13
syc,2021,3210.97
syc,2022,3222.29
syr,2010,3109.29
syr,2011,3076.73
syr,2012,2957.66
syr,2013,2904.77
syr,2014,2872.98
syr,2015,2830.43
syr,2016,2716.42
syr,2017,2656.9
syr,2018,2557.76
syr,2019,2518.22
syr,2020,2455.63
syr,2021,2426.48
syr,2022,2387.19
tcd,2010,2334.61
tcd,2011,2329.58
tcd,2012,2386.11
tcd,2013,2378.31
tcd,2014,2318.8
tcd,2015,2285.99
tcd,2016,2339.42
tcd,2017,2339.58
tcd,2018,2315.93
tcd,2019,2294.95
tcd,2020,2253.34
tcd,2021,2190.95
tcd,2022,2183.68
tgo,2010,2413.91
tgo,2011,2412.04
tgo,2012,2389.4
tgo,2013,2413.38
tgo,2014,2427.31
tgo,2015,2349.68
tgo,2016,2400.09
tgo,2017,2377.38
tgo,2018,2364.21
tgo,2019,2436.09
tgo,2020,2496.81
tgo,2021,2551.81
tgo,2022,2596.24
tha,2010,2755.3
tha,2011,2742.52
tha,2012,2763.83
tha,2013,2733.27
tha,2014,2770.69
tha,2015,2785.29
tha,2016,2773.01
tha,2017,2762.03
tha,2018,2786.74
tha,2019,2808.95
tha,2020,2856.99
tha,2021,2863.33
tha,2022,2878.04
tjk,2010,2264.78
tjk,2011,2305.28
tjk,2012,2322.81
tjk,2013,2331.62
tjk,2014,2386.6
tjk,2015,2455.47
tjk,2016,2522.21
tjk,2017,2600.36
tjk,2018,2680.15
tjk,2019,2766.68
tjk,2020,2761.36
tjk,2021,2771.17
tjk,2022,2768.39
tkm,2010,2833.9
tkm,2011,2808.94
tkm,2012,2828.22
tkm,2013,2839.35
tkm,2014,2922.01
tkm,2015,2921.03
tkm,2016,2896.52
tkm,2017,2902.76
tkm,2018,2884.8
tkm,2019,2852.63
tkm,2020,2867.78
tkm,2021,2878.53
tkm,2022,2834.63
tls,2010,2251.29
tls,2011,2284.1
tls,2012,2274.6
tls,2013,2282.95
tls,2014,2333.73
tls,2015,2298.65
tls,2016,2293.19
tls,2017,2325.18
tls,2018,2274.61
tls,2019,2293.19
tls,2020,2266.78
tls,2021,2240.49
tls,2022,2268.71
ton,2019,2987.58
ton,2020,2966.66
ton,2021,3001.34
ton,2022,2965.65
tto,2010,2911.92
tto,2011,2970.24
tto,2012,2990.24
tto,2013,3015.28
tto,2014,2982.65
tto,2015,2981.9
tto,2016,2963.63
tto,2017,2979.64
tto,2018,2964.55
tto,2019,2953.28
tto,2020,2953.05
tto,2021,2924.15
tto,2022,2916.47
tun,2010,3260.75
tun,2011,3270.84
tun,2012,3292.42
tun,2013,3288.43
tun,2014,3324.51
tun,2015,3343.47
tun,2016,3335.25
tun,2017,3348.65
tun,2018,3397.01
tun,2019,3448.07
tun,2020,3472.88
tun,2021,3469.55
tun,2022,3471.78
tur,2010,3650.59
tur,2011,3652.97
tur,2012,3690.31
tur,2013,3700.15
tur,2014,3662.84
tur,2015,3715.89
tur,2016,3680.66
tur,2017,3743.94
tur,2018,3788.32
tur,2019,3802.04
tur,2020,3830.06
tur,2021,3830.13
tur,2022,3861.09
tuv,2019,2902.77
tuv,2020,2962.09
tuv,2021,2983.34
tuv,2022,2971.6
twn,2010,2961.14
twn,2011,2934.63
twn,2012,2923.91
twn,2013,2935.91
twn,2014,2939.96
twn,2015,2940.44
twn,2016,2930.65
twn,2017,2926.47
twn,2018,2951.24
twn,2019,2962.99
twn,2020,2952.27
twn,2021,2916.12
twn,2022,2956.61
tza,2010,2228.59
tza,2011,2276.25
tza,2012,2306
tza,2013,2343.49
tza,2014,2355.24
tza,2015,2355.17
tza,2016,2367.34
tza,2017,2353.66
tza,2018,2336.41
tza,2019,2359.32
tza,2020,2373.42
tza,2021,2388.75
tza,2022,2357.7
uga,2010,2347.47
uga,2011,2302.63
uga,2012,2312.93
uga,2013,2294.86
uga,2014,2238.49
uga,2015,2157.98
uga,2016,2028.97
uga,2017,2054.22
uga,2018,2139.86
uga,2019,2127.97
uga,2020,2161.71
uga,2021,2174.94
uga,2022,2166.36
ukr,2010,3149.45
ukr,2011,3194.54
ukr,2012,3177.18
ukr,2013,3167.49
ukr,2014,3141.72
ukr,2015,3077.12
ukr,2016,3064.94
ukr,2017,3034.76
ukr,2018,2989.38
ukr,2019,2943.32
ukr,2020,2925.31
ukr,2021,2936.51
ukr,2022,2851.49
ury,2010,3106.67
ury,2011,3118.66
ury,2012,3150.43
ury,2013,3156.4
ury,2014,3177.71
ury,2015,3144.52
ury,2016,3166.82
ury,2017,3190.82
ury,2018,3241.31
ury,2019,3277.75
ury,2020,3257.39
ury,2021,3289.19
ury,2022,3306.88
usa,2010,3729.24
usa,2011,3726.95
usa,2012,3764.55
usa,2013,3753.96
usa,2014,3741.51
usa,2015,3754.23
usa,2016,3776.88
usa,2017,3790.85
usa,2018,3823.58
usa,2019,3876.34
usa,2020,3891.56
usa,2021,3892.87
usa,2022,3912.14
uzb,2010,2915
uzb,2011,2993.21
uzb,2012,3075.34
uzb,2013,3131.86
uzb,2014,3203.82
uzb,2015,3226.21
uzb,2016,3245.59
uzb,2017,3184.46
uzb,2018,3210.89
uzb,2019,3235.14
uzb,2020,3246.65
uzb,2021,3254.08
uzb,2022,3271.8
vct,2010,2926.26
vct,2011,2945.69
vct,2012,2966.91
vct,2013,2994.74
vct,2014,2993.68
vct,2015,3029.54
vct,2016,2989.34
vct,2017,2994.31
vct,2018,2989.28
vct,2019,2961.37
vct,2020,2929.2
vct,2021,2946.05
vct,2022,2963.28
ven,2010,2925.83
ven,2011,2923.2
ven,2012,2874.03
ven,2013,2838.4
ven,2014,2882.09
ven,2015,2619.82
ven,2016,2233.47
ven,2017,2292.07
ven,2018,2193.98
ven,2019,2237.91
ven,2020,2299.78
ven,2021,2302.33
ven,2022,2318.07
vnm,2010,2730.88
vnm,2011,2761.41
vnm,2012,2822.45
vnm,2013,2809.89
vnm,2014,2847.33
vnm,2015,2842.19
vnm,2016,2873.99
vnm,2017,2897.19
vnm,2018,2926.09
vnm,2019,2964.73
vnm,2020,3010.13
vnm,2021,3049.32
vnm,2022,3072.19
vut,2010,2849.77
vut,2011,2814.02
vut,2012,2771.63
vut,2013,2782.32
vut,2014,2826.68
vut,2015,2807.51
vut,2016,2807.41
vut,2017,2843.73
vut,2018,2833.35
vut,2019,2798.52
vut,2020,2801.74
vut,2021,2795.89
vut,2022,2785.79
wsm,2010,2874.78
wsm,2011,2844.29
wsm,2012,2883.18
wsm,2013,2922.1
wsm,2014,2979.35
wsm,2015,2963.91
wsm,2016,3005.66
wsm,2017,2984.77
wsm,2018,3036.96
wsm,2019,3053.23
wsm,2020,3049.01
wsm,2021,3075.07
wsm,2022,3063.19
yem,2010,2246.42
yem,2011,2192.19
yem,2012,2269.63
yem,2013,2264.56
yem,2014,2184.48
yem,2015,2034.07
yem,2016,1929.92
yem,2017,1995.51
yem,2018,1993.79
yem,2019,2029.8
yem,2020,2131.09
yem,2021,2160.07
yem,2022,2083.24
zaf,2010,2865.19
zaf,2011,2869.36
zaf,2012,2894.01
zaf,2013,2878.5
zaf,2014,2845.35
zaf,2015,2807.56
zaf,2016,2819.54
zaf,2017,2846.73
zaf,2018,2846.17
zaf,2019,2827.48
zaf,2020,2816.75
zaf,2021,2772.39
zaf,2022,2761.01
zmb,2010,1949.82
zmb,2011,1985.33
zmb,2012,2014.15
zmb,2013,2048.4
zmb,2014,2099.95
zmb,2015,2125.18
zmb,2016,2186.13
zmb,2017,2233.39
zmb,2018,2261.62
zmb,2019,2243.08
zmb,2020,2222.49
zmb,2021,2198.64
zmb,2022,2158.13
zwe,2010,2243.53
zwe,2011,2248.64
zwe,2012,2281.01
zwe,2013,2250.05
zwe,2014,2152.39
zwe,2015,2114.05
zwe,2016,2120.74
zwe,2017,2047.75
zwe,2018,2068.21
zwe,2019,2027.28
zwe,2020,2016.94
zwe,2021,2058.41
zwe,2022,2040.51
