geo,time,all_forms_of_tb_number_of_existing_cases_estimated
afg,1990,55260
afg,1991,58050
afg,1992,61990
afg,1993,66370
afg,1994,70260
afg,1995,72530
afg,1996,75420
afg,1997,75450
afg,1998,74190
afg,1999,75370
afg,2000,71730
afg,2001,69870
afg,2002,67570
afg,2003,71130
afg,2004,68050
afg,2005,66830
afg,2006,65440
afg,2007,64700
ago,1990,54120
ago,1991,55770
ago,1992,57540
ago,1993,59320
ago,1994,61010
ago,1995,62510
ago,1996,64800
ago,1997,47050
ago,1998,54900
ago,1999,52160
ago,2000,73820
ago,2001,48030
ago,2002,45200
ago,2003,42660
ago,2004,49710
ago,2005,53220
ago,2006,50080
ago,2007,50100
aia,1990,3
aia,1991,4
aia,1992,4
aia,1993,4
aia,1994,4
aia,1995,4
aia,1996,4
aia,1997,4
aia,1998,4
aia,1999,4
aia,2000,4
aia,2001,4
aia,2002,4
aia,2003,4
aia,2004,4
aia,2005,4
aia,2006,4
aia,2007,4
alb,1990,1375
alb,1991,1329
alb,1992,1328
alb,1993,1359
alb,1994,1326
alb,1995,1341
alb,1996,1307
alb,1997,1364
alb,1998,1338
alb,1999,1305
alb,2000,1229
alb,2001,1056
alb,2002,993
alb,2003,1010
alb,2004,918
alb,2005,919
alb,2006,826
alb,2007,709
and,1990,21
and,1991,20
and,1992,20
and,1993,20
and,1994,20
and,1995,19
and,1996,18
and,1997,15
and,1998,16
and,1999,14
and,2000,13
and,2001,13
and,2002,15
and,2003,13
and,2004,14
and,2005,13
and,2006,12
and,2007,14
ant,1990,54
ant,1991,51
ant,1992,49
ant,1993,46
ant,1994,44
ant,1995,41
ant,1996,39
ant,1997,38
ant,1998,36
ant,1999,33
ant,2000,32
ant,2001,30
ant,2002,30
ant,2003,29
ant,2004,29
ant,2005,29
ant,2006,29
ant,2007,29
are,1990,876
are,1991,870
are,1992,871
are,1993,860
are,1994,869
are,1995,875
are,1996,865
are,1997,889
are,1998,904
are,1999,935
are,2000,889
are,2001,924
are,2002,955
are,2003,950
are,2004,984
are,2005,1004
are,2006,1031
are,2007,1044
arg,1990,31220
arg,1991,30040
arg,1992,28890
arg,1993,27770
arg,1994,26690
arg,1995,25640
arg,1996,24860
arg,1997,23850
arg,1998,22910
arg,1999,21030
arg,2000,19350
arg,2001,18950
arg,2002,15800
arg,2003,15600
arg,2004,14930
arg,2005,15010
arg,2006,14670
arg,2007,13910
arm,1990,1831
arm,1991,1716
arm,1992,1752
arm,1993,1849
arm,1994,1982
arm,1995,2192
arm,1996,2352
arm,1997,2343
arm,1998,2304
arm,1999,2659
arm,2000,2898
arm,2001,3043
arm,2002,2953
arm,2003,2756
arm,2004,2564
arm,2005,2371
arm,2006,2381
arm,2007,2428
asm,1990,20
asm,1991,7
asm,1992,2
asm,1993,9
asm,1994,9
asm,1995,12
asm,1996,0
asm,1997,13
asm,1998,7
asm,1999,5
asm,2000,4
asm,2001,4
asm,2002,3
asm,2003,3
asm,2004,6
asm,2005,7
asm,2006,6
asm,2007,3
atg,1990,10
atg,1991,10
atg,1992,9
atg,1993,9
atg,1994,9
atg,1995,8
atg,1996,8
atg,1997,8
atg,1998,8
atg,1999,7
atg,2000,6
atg,2001,7
atg,2002,6
atg,2003,7
atg,2004,7
atg,2005,6
atg,2006,7
atg,2007,7
aus,1990,1139
aus,1991,1161
aus,1992,1151
aus,1993,1191
aus,1994,1214
aus,1995,1260
aus,1996,1293
aus,1997,1225
aus,1998,1210
aus,1999,1168
aus,2000,1200
aus,2001,1176
aus,2002,1139
aus,2003,1168
aus,2004,1180
aus,2005,1261
aus,2006,1282
aus,2007,1303
aut,1990,1400
aut,1991,1330
aut,1992,1276
aut,1993,1207
aut,1994,1165
aut,1995,1116
aut,1996,1082
aut,1997,1049
aut,1998,1006
aut,1999,947
aut,2000,907
aut,2001,876
aut,2002,870
aut,2003,838
aut,2004,825
aut,2005,816
aut,2006,806
aut,2007,796
aze,1990,4154
aze,1991,3998
aze,1992,4225
aze,1993,4642
aze,1994,5176
aze,1995,5928
aze,1996,6716
aze,1997,7283
aze,1998,7994
aze,1999,8545
aze,2000,9229
aze,2001,9569
aze,2002,8131
aze,2003,9002
aze,2004,7457
aze,2005,7095
aze,2006,7194
aze,2007,7320
bdi,1990,16410
bdi,1991,17600
bdi,1992,17390
bdi,1993,17740
bdi,1994,18760
bdi,1995,20120
bdi,1996,21380
bdi,1997,22060
bdi,1998,27360
bdi,1999,26920
bdi,2000,30320
bdi,2001,35710
bdi,2002,40970
bdi,2003,45120
bdi,2004,48350
bdi,2005,51420
bdi,2006,53660
bdi,2007,55040
bel,1990,1614
bel,1991,1505
bel,1992,1478
bel,1993,1497
bel,1994,1511
bel,1995,1457
bel,1996,1332
bel,1997,1306
bel,1998,1229
bel,1999,1233
bel,2000,1220
bel,2001,1287
bel,2002,1218
bel,2003,1151
bel,2004,1105
bel,2005,1109
bel,2006,1049
bel,2007,989
ben,1990,7250
ben,1991,7394
ben,1992,7526
ben,1993,7635
ben,1994,7715
ben,1995,7773
ben,1996,8163
ben,1997,8551
ben,1998,8838
ben,1999,9001
ben,2000,9274
ben,2001,9644
ben,2002,10540
ben,2003,11070
ben,2004,11000
ben,2005,11470
ben,2006,11730
ben,2007,12220
bfa,1990,15920
bfa,1991,17950
bfa,1992,19560
bfa,1993,21420
bfa,1994,23290
bfa,1995,25300
bfa,1996,26570
bfa,1997,29450
bfa,1998,32040
bfa,1999,35510
bfa,2000,40110
bfa,2001,45110
bfa,2002,50420
bfa,2003,54760
bfa,2004,57560
bfa,2005,58650
bfa,2006,58980
bfa,2007,59510
bgd,1990,721900
bgd,1991,721000
bgd,1992,719800
bgd,1993,718200
bgd,1994,716100
bgd,1995,727800
bgd,1996,709600
bgd,1997,703700
bgd,1998,692700
bgd,1999,672500
bgd,2000,696900
bgd,2001,697600
bgd,2002,693100
bgd,2003,676100
bgd,2004,667700
bgd,2005,637600
bgd,2006,611100
bgd,2007,613700
bgr,1990,3812
bgr,1991,4187
bgr,1992,4631
bgr,1993,4888
bgr,1994,4901
bgr,1995,4785
bgr,1996,4891
bgr,1997,5330
bgr,1998,5536
bgr,1999,5483
bgr,2000,5154
bgr,2001,5035
bgr,2002,4119
bgr,2003,3296
bgr,2004,3115
bgr,2005,3210
bgr,2006,3065
bgr,2007,3130
bhr,1990,593
bhr,1991,579
bhr,1992,569
bhr,1993,551
bhr,1994,544
bhr,1995,533
bhr,1996,529
bhr,1997,525
bhr,1998,515
bhr,1999,427
bhr,2000,372
bhr,2001,374
bhr,2002,374
bhr,2003,368
bhr,2004,342
bhr,2005,328
bhr,2006,331
bhr,2007,449
bhs,1990,138
bhs,1991,137
bhs,1992,138
bhs,1993,142
bhs,1994,146
bhs,1995,151
bhs,1996,155
bhs,1997,157
bhs,1998,162
bhs,1999,139
bhs,2000,136
bhs,2001,139
bhs,2002,157
bhs,2003,162
bhs,2004,159
bhs,2005,161
bhs,2006,163
bhs,2007,168
bih,1990,6893
bih,1991,6493
bih,1992,6105
bih,1993,5595
bih,1994,5070
bih,1995,4586
bih,1996,4449
bih,1997,4318
bih,1998,3429
bih,1999,2949
bih,2000,2660
bih,2001,2442
bih,2002,2570
bih,2003,2440
bih,2004,2150
bih,2005,2258
bih,2006,2275
bih,2007,2168
blr,1990,6393
blr,1991,5536
blr,1992,6114
blr,1993,6385
blr,1994,7703
blr,1995,8418
blr,1996,9317
blr,1997,10020
blr,1998,11100
blr,1999,11400
blr,2000,11010
blr,2001,10030
blr,2002,8816
blr,2003,6716
blr,2004,6739
blr,2005,6696
blr,2006,6737
blr,2007,6706
blz,1990,121
blz,1991,123
blz,1992,123
blz,1993,120
blz,1994,118
blz,1995,118
blz,1996,81
blz,1997,93
blz,1998,122
blz,1999,126
blz,2000,95
blz,2001,91
blz,2002,93
blz,2003,104
blz,2004,112
blz,2005,106
blz,2006,117
blz,2007,131
bmu,1990,6
bmu,1991,6
bmu,1992,6
bmu,1993,5
bmu,1994,5
bmu,1995,5
bmu,1996,5
bmu,1997,5
bmu,1998,5
bmu,1999,4
bmu,2000,4
bmu,2001,4
bmu,2002,4
bmu,2003,4
bmu,2004,4
bmu,2005,4
bmu,2006,4
bmu,2007,4
bol,1990,25170
bol,1991,24720
bol,1992,24270
bol,1993,23830
bol,1994,23370
bol,1995,22910
bol,1996,20730
bol,1997,20660
bol,1998,20290
bol,1999,20180
bol,2000,19820
bol,2001,19400
bol,2002,19320
bol,2003,19260
bol,2004,19030
bol,2005,18810
bol,2006,18900
bol,2007,18840
bra,1990,186000
bra,1991,180500
bra,1992,175400
bra,1993,170600
bra,1994,166100
bra,1995,161700
bra,1996,158400
bra,1997,155300
bra,1998,148800
bra,1999,147700
bra,2000,144300
bra,2001,140500
bra,2002,137400
bra,2003,131300
bra,2004,116600
bra,2005,111800
bra,2006,105200
bra,2007,114400
brb,1990,22
brb,1991,21
brb,1992,20
brb,1993,18
brb,1994,18
brb,1995,17
brb,1996,16
brb,1997,16
brb,1998,15
brb,1999,14
brb,2000,14
brb,2001,12
brb,2002,12
brb,2003,11
brb,2004,11
brb,2005,11
brb,2006,10
brb,2007,10
brn,1990,234
brn,1991,241
brn,1992,248
brn,1993,255
brn,1994,262
brn,1995,269
brn,1996,276
brn,1997,273
brn,1998,280
brn,1999,302
brn,2000,359
brn,2001,289
brn,2002,274
brn,2003,262
brn,2004,232
brn,2005,207
brn,2006,224
brn,2007,252
btn,1990,5057
btn,1991,4695
btn,1992,4303
btn,1993,3918
btn,1994,3577
btn,1995,3299
btn,1996,3155
btn,1997,3085
btn,1998,2915
btn,1999,2925
btn,2000,2878
btn,2001,2942
btn,2002,2789
btn,2003,2797
btn,2004,2757
btn,2005,2624
btn,2006,2631
btn,2007,2390
bwa,1990,4704
bwa,1991,4999
bwa,1992,5088
bwa,1993,5194
bwa,1994,5298
bwa,1995,5466
bwa,1996,5389
bwa,1997,5722
bwa,1998,6200
bwa,1999,7022
bwa,2000,7699
bwa,2001,8710
bwa,2002,9506
bwa,2003,10520
bwa,2004,10860
bwa,2005,11000
bwa,2006,11540
bwa,2007,11710
caf,1990,9558
caf,1991,10390
caf,1992,10870
caf,1993,11420
caf,1994,11960
caf,1995,12600
caf,1996,9545
caf,1997,14310
caf,1998,15540
caf,1999,17000
caf,2000,18730
caf,2001,19460
caf,2002,18710
caf,2003,22970
caf,2004,23680
caf,2005,21250
caf,2006,18620
caf,2007,18460
can,1990,2036
can,1991,1944
can,1992,1870
can,1993,1772
can,1994,1717
can,1995,1650
can,1996,1611
can,1997,1574
can,1998,1523
can,1999,1446
can,2000,1395
can,2001,1357
can,2002,1356
can,2003,1313
can,2004,1298
can,2005,1290
can,2006,1282
can,2007,1326
che,1990,956
che,1991,923
che,1992,827
che,1993,769
che,1994,726
che,1995,681
che,1996,633
che,1997,611
che,1998,608
che,1999,553
che,2000,496
che,2001,451
che,2002,454
che,2003,451
che,2004,428
che,2005,403
che,2006,375
che,2007,347
chl,1990,5913
chl,1991,5553
chl,1992,5213
chl,1993,4890
chl,1994,4583
chl,1995,4289
chl,1996,4030
chl,1997,3773
chl,1998,3538
chl,1999,3348
chl,2000,3227
chl,2001,2993
chl,2002,2979
chl,2003,2859
chl,2004,2451
chl,2005,2490
chl,2006,2188
chl,2007,2009
chn,1990,3758000
chn,1991,3735000
chn,1992,3708000
chn,1993,3676000
chn,1994,3643000
chn,1995,3676000
chn,1996,3556000
chn,1997,3499000
chn,1998,3447000
chn,1999,3441000
chn,2000,3421000
chn,2001,3388000
chn,2002,3339000
chn,2003,3132000
chn,2004,2874000
chn,2005,2707000
chn,2006,2637000
chn,2007,2582000
civ,1990,37280
civ,1991,40270
civ,1992,41800
civ,1993,43590
civ,1994,45440
civ,1995,47800
civ,1996,50680
civ,1997,55440
civ,1998,61140
civ,1999,68940
civ,2000,80410
civ,2001,99190
civ,2002,99240
civ,2003,106100
civ,2004,110400
civ,2005,114000
civ,2006,113000
civ,2007,112000
cmr,1990,23040
cmr,1991,25050
cmr,1992,25900
cmr,1993,26580
cmr,1994,27030
cmr,1995,27700
cmr,1996,28290
cmr,1997,30600
cmr,1998,32000
cmr,1999,33900
cmr,2000,36180
cmr,2001,39140
cmr,2002,39920
cmr,2003,38690
cmr,2004,39710
cmr,2005,37990
cmr,2006,36610
cmr,2007,36090
cod,1990,104500
cod,1991,120400
cod,1992,133900
cod,1993,149400
cod,1994,165200
cod,1995,186400
cod,1996,195400
cod,1997,221700
cod,1998,228900
cod,1999,261400
cod,2000,299900
cod,2001,334400
cod,2002,373200
cod,2003,390800
cod,2004,403900
cod,2005,412200
cod,2006,419500
cod,2007,417100
cog,1990,5053
cog,1991,5541
cog,1992,5922
cog,1993,6402
cog,1994,6922
cog,1995,7526
cog,1996,12190
cog,1997,13490
cog,1998,11150
cog,1999,17000
cog,2000,10030
cog,2001,11630
cog,2002,13530
cog,2003,17550
cog,2004,16840
cog,2005,17400
cog,2006,18860
cog,2007,18290
cok,1990,0
cok,1991,2
cok,1992,10
cok,1993,9
cok,1994,7
cok,1995,3
cok,1996,2
cok,1997,2
cok,1998,0
cok,1999,7
cok,2000,2
cok,2001,4
cok,2002,2
cok,2003,0
cok,2004,2
cok,2005,1
cok,2006,2
cok,2007,4
col,1990,30580
col,1991,30090
col,1992,29570
col,1993,29040
col,1994,28490
col,1995,27940
col,1996,27680
col,1997,27410
col,1998,27160
col,1999,25210
col,2000,21200
col,2001,26420
col,2002,25610
col,2003,25410
col,2004,24530
col,2005,23750
col,2006,20020
col,2007,19830
com,1990,990
com,1991,960
com,1992,931
com,1993,903
com,1994,875
com,1995,847
com,1996,812
com,1997,996
com,1998,793
com,1999,969
com,2000,783
com,2001,743
com,2002,768
com,2003,807
com,2004,770
com,2005,724
com,2006,708
com,2007,696
cpv,1990,1595
cpv,1991,1595
cpv,1992,1595
cpv,1993,1596
cpv,1994,1597
cpv,1995,1596
cpv,1996,1619
cpv,1997,1643
cpv,1998,1666
cpv,1999,1690
cpv,2000,1714
cpv,2001,1306
cpv,2002,1765
cpv,2003,1791
cpv,2004,1817
cpv,2005,1409
cpv,2006,1479
cpv,2007,1487
cri,1990,911
cri,1991,897
cri,1992,883
cri,1993,869
cri,1994,855
cri,1995,841
cri,1996,809
cri,1997,802
cri,1998,796
cri,1999,719
cri,2000,534
cri,2001,576
cri,2002,606
cri,2003,568
cri,2004,499
cri,2005,522
cri,2006,513
cri,2007,480
cub,1990,3353
cub,1991,3077
cub,1992,2819
cub,1993,2580
cub,1994,2359
cub,1995,2156
cub,1996,1986
cub,1997,1841
cub,1998,1710
cub,1999,1584
cub,2000,1404
cub,2001,1374
cub,2002,1250
cub,2003,1150
cub,2004,1057
cub,2005,949
cub,2006,850
cub,2007,739
cym,1990,3
cym,1991,3
cym,1992,3
cym,1993,3
cym,1994,3
cym,1995,3
cym,1996,3
cym,1997,3
cym,1998,3
cym,1999,3
cym,2000,3
cym,2001,2
cym,2002,3
cym,2003,3
cym,2004,2
cym,2005,2
cym,2006,3
cym,2007,2
cyp,1990,96
cyp,1991,92
cyp,1992,89
cyp,1993,84
cyp,1994,82
cyp,1995,79
cyp,1996,81
cyp,1997,77
cyp,1998,54
cyp,1999,54
cyp,2000,69
cyp,2001,67
cyp,2002,60
cyp,2003,51
cyp,2004,52
cyp,2005,49
cyp,2006,49
cyp,2007,49
cze,1990,2238
cze,1991,2269
cze,1992,2241
cze,1993,2195
cze,1994,2138
cze,1995,2177
cze,1996,2129
cze,1997,2117
cze,1998,1979
cze,1999,1820
cze,2000,1626
cze,2001,1457
cze,2002,1339
cze,2003,1239
cze,2004,1170
cze,2005,1110
cze,2006,1020
cze,2007,945
deu,1990,12040
deu,1991,11680
deu,1992,11540
deu,1993,11400
deu,1994,10870
deu,1995,10220
deu,1996,9714
deu,1997,9224
deu,1998,8712
deu,1999,8129
deu,2000,7167
deu,2001,6433
deu,2002,5625
deu,2003,5362
deu,2004,4978
deu,2005,4562
deu,2006,4176
deu,2007,3789
dji,1990,8323
dji,1991,8565
dji,1992,8669
dji,1993,8670
dji,1994,8635
dji,1995,8619
dji,1996,4621
dji,1997,4438
dji,1998,4792
dji,1999,4971
dji,2000,5552
dji,2001,5790
dji,2002,7106
dji,2003,7455
dji,2004,8174
dji,2005,8409
dji,2006,8945
dji,2007,9198
dma,1990,17
dma,1991,16
dma,1992,16
dma,1993,16
dma,1994,16
dma,1995,15
dma,1996,15
dma,1997,12
dma,1998,14
dma,1999,13
dma,2000,13
dma,2001,15
dma,2002,14
dma,2003,14
dma,2004,14
dma,2005,14
dma,2006,9
dma,2007,13
dnk,1990,630
dnk,1991,596
dnk,1992,568
dnk,1993,534
dnk,1994,514
dnk,1995,491
dnk,1996,457
dnk,1997,444
dnk,1998,427
dnk,1999,404
dnk,2000,388
dnk,2001,375
dnk,2002,373
dnk,2003,373
dnk,2004,366
dnk,2005,347
dnk,2006,357
dnk,2007,352
dom,1990,13320
dom,1991,12880
dom,1992,12450
dom,1993,12040
dom,1994,11660
dom,1995,11320
dom,1996,11000
dom,1997,10950
dom,1998,10800
dom,1999,10480
dom,2000,10390
dom,2001,10260
dom,2002,9175
dom,2003,8577
dom,2004,8385
dom,2005,8052
dom,2006,8104
dom,2007,8045
dza,1990,11250
dza,1991,11440
dza,1992,11620
dza,1993,11770
dza,1994,11880
dza,1995,11960
dza,1996,12470
dza,1997,12970
dza,1998,13470
dza,1999,13980
dza,2000,14500
dza,2001,15050
dza,2002,15620
dza,2003,16230
dza,2004,16860
dza,2005,17530
dza,2006,18220
dza,2007,18940
ecu,1990,28980
ecu,1991,28430
ecu,1992,27860
ecu,1993,27270
ecu,1994,26650
ecu,1995,26010
ecu,1996,25600
ecu,1997,24950
ecu,1998,24730
ecu,1999,24270
ecu,2000,23820
ecu,2001,23120
ecu,2002,21480
ecu,2003,20670
ecu,2004,20020
ecu,2005,20280
ecu,2006,19500
ecu,2007,18640
egy,1990,26240
egy,1991,26320
egy,1992,27020
egy,1993,26500
egy,1994,26630
egy,1995,26470
egy,1996,31530
egy,1997,28830
egy,1998,27620
egy,1999,25810
egy,2000,23910
egy,2001,23000
egy,2002,22210
egy,2003,21440
egy,2004,20640
egy,2005,20110
egy,2006,20360
egy,2007,20070
eri,1990,7750
eri,1991,7777
eri,1992,7713
eri,1993,7590
eri,1994,7477
eri,1995,7441
eri,1996,7590
eri,1997,7523
eri,1998,6962
eri,1999,4049
eri,2000,4188
eri,2001,4257
eri,2002,4723
eri,2003,4574
eri,2004,5312
eri,2005,5762
eri,2006,6236
eri,2007,6495
esp,1990,17200
esp,1991,16220
esp,1992,15450
esp,1993,14510
esp,1994,13940
esp,1995,13290
esp,1996,12880
esp,1997,11990
esp,1998,12010
esp,1999,11060
esp,2000,10960
esp,2001,10700
esp,2002,10760
esp,2003,10500
esp,2004,10450
esp,2005,10440
esp,2006,10390
esp,2007,10320
est,1990,791
est,1991,778
est,1992,848
est,1993,986
est,1994,1122
est,1995,1216
est,1996,1253
est,1997,1372
est,1998,1412
est,1999,1446
est,2000,991
est,2001,927
est,2002,842
est,2003,756
est,2004,672
est,2005,614
est,2006,590
est,2007,526
eth,1990,159600
eth,1991,178400
eth,1992,191800
eth,1993,207200
eth,1994,223600
eth,1995,243100
eth,1996,245900
eth,1997,253900
eth,1998,275900
eth,1999,313500
eth,2000,337400
eth,2001,384200
eth,2002,416500
eth,2003,450900
eth,2004,471800
eth,2005,483700
eth,2006,489000
eth,2007,481200
fin,1990,680
fin,1991,607
fin,1992,545
fin,1993,486
fin,1994,475
fin,1995,503
fin,1996,509
fin,1997,500
fin,1998,478
fin,1999,465
fin,2000,428
fin,2001,387
fin,2002,350
fin,2003,312
fin,2004,295
fin,2005,252
fin,2006,247
fin,2007,242
fji,1990,495
fji,1991,474
fji,1992,455
fji,1993,438
fji,1994,421
fji,1995,404
fji,1996,382
fji,1997,385
fji,1998,366
fji,1999,318
fji,2000,341
fji,2001,282
fji,2002,294
fji,2003,240
fji,2004,269
fji,2005,253
fji,2006,252
fji,2007,255
fra,1990,11960
fra,1991,11330
fra,1992,10810
fra,1993,10180
fra,1994,9784
fra,1995,9339
fra,1996,9051
fra,1997,8780
fra,1998,8228
fra,1999,7962
fra,2000,7639
fra,2001,7396
fra,2002,7361
fra,2003,7106
fra,2004,7001
fra,2005,6936
fra,2006,6867
fra,2007,6794
fsm,1990,254
fsm,1991,250
fsm,1992,247
fsm,1993,243
fsm,1994,239
fsm,1995,232
fsm,1996,220
fsm,1997,310
fsm,1998,297
fsm,1999,284
fsm,2000,186
fsm,2001,183
fsm,2002,164
fsm,2003,154
fsm,2004,140
fsm,2005,137
fsm,2006,123
fsm,2007,111
gab,1990,3294
gab,1991,3212
gab,1992,3163
gab,1993,3180
gab,1994,3247
gab,1995,3094
gab,1996,3378
gab,1997,3546
gab,1998,4066
gab,1999,4235
gab,2000,5127
gab,2001,2999
gab,2002,3702
gab,2003,3739
gab,2004,3655
gab,2005,4279
gab,2006,4693
gab,2007,5045
gbr,1990,5221
gbr,1991,5321
gbr,1992,5485
gbr,1993,5514
gbr,1994,5444
gbr,1995,5371
gbr,1996,5457
gbr,1997,5411
gbr,1998,5392
gbr,1999,5349
gbr,2000,5302
gbr,2001,5501
gbr,2002,5549
gbr,2003,5836
gbr,2004,6198
gbr,2005,6698
gbr,2006,6927
gbr,2007,7157
geo,1990,2783
geo,1991,2604
geo,1992,2659
geo,1993,2811
geo,1994,3018
geo,1995,3337
geo,1996,3597
geo,1997,5080
geo,1998,4184
geo,1999,4315
geo,2000,4613
geo,2001,4452
geo,2002,4399
geo,2003,4310
geo,2004,4079
geo,2005,3862
geo,2006,3672
geo,2007,3640
gha,1990,82980
gha,1991,83150
gha,1992,82740
gha,1993,81400
gha,1994,79320
gha,1995,77320
gha,1996,78120
gha,1997,72840
gha,1998,73860
gha,1999,75120
gha,2000,74170
gha,2001,73840
gha,2002,75780
gha,2003,77310
gha,2004,79150
gha,2005,80460
gha,2006,81660
gha,2007,82930
gin,1990,14560
gin,1991,15580
gin,1992,16690
gin,1993,17860
gin,1994,19020
gin,1995,20150
gin,1996,20840
gin,1997,22640
gin,1998,24100
gin,1999,25540
gin,2000,27270
gin,2001,28920
gin,2002,30870
gin,2003,32940
gin,2004,34580
gin,2005,38260
gin,2006,39110
gin,2007,41940
gmb,1990,3372
gmb,1991,3496
gmb,1992,3618
gmb,1993,3735
gmb,1994,3846
gmb,1995,3948
gmb,1996,3898
gmb,1997,4008
gmb,1998,4012
gmb,1999,6485
gmb,2000,6795
gmb,2001,7133
gmb,2002,4952
gmb,2003,5221
gmb,2004,5359
gmb,2005,5911
gmb,2006,6639
gmb,2007,6908
gnb,1990,4103
gnb,1991,4226
gnb,1992,4348
gnb,1993,4462
gnb,1994,4564
gnb,1995,4649
gnb,1996,4782
gnb,1997,4872
gnb,1998,4983
gnb,1999,5144
gnb,2000,3744
gnb,2001,3901
gnb,2002,4433
gnb,2003,4450
gnb,2004,4448
gnb,2005,4521
gnb,2006,4450
gnb,2007,4678
gnq,1990,573
gnq,1991,629
gnq,1992,666
gnq,1993,707
gnq,1994,746
gnq,1995,789
gnq,1996,847
gnq,1997,892
gnq,1998,967
gnq,1999,1063
gnq,2000,1178
gnq,2001,1946
gnq,2002,2123
gnq,2003,2265
gnq,2004,1749
gnq,2005,1773
gnq,2006,1774
gnq,2007,2382
grc,1990,3083
grc,1991,2931
grc,1992,2812
grc,1993,2661
grc,1994,2574
grc,1995,2470
grc,1996,2405
grc,1997,2343
grc,1998,2259
grc,1999,2135
grc,2000,2049
grc,2001,1980
grc,2002,1963
grc,2003,1887
grc,2004,1850
grc,2005,1825
grc,2006,1800
grc,2007,1776
grd,1990,7
grd,1991,7
grd,1992,7
grd,1993,7
grd,1994,7
grd,1995,7
grd,1996,7
grd,1997,7
grd,1998,7
grd,1999,7
grd,2000,7
grd,2001,7
grd,2002,7
grd,2003,7
grd,2004,7
grd,2005,7
grd,2006,7
grd,2007,7
gtm,1990,10100
gtm,1991,10120
gtm,1992,10120
gtm,1993,10110
gtm,1994,10080
gtm,1995,10030
gtm,1996,9680
gtm,1997,9865
gtm,1998,10020
gtm,1999,10070
gtm,2000,10150
gtm,2001,10510
gtm,2002,10460
gtm,2003,10760
gtm,2004,10650
gtm,2005,10830
gtm,2006,10920
gtm,2007,11580
gum,1990,137
gum,1991,137
gum,1992,133
gum,1993,156
gum,1994,209
gum,1995,135
gum,1996,134
gum,1997,133
gum,1998,132
gum,1999,131
gum,2000,69
gum,2001,72
gum,2002,71
gum,2003,77
gum,2004,69
gum,2005,70
gum,2006,67
gum,2007,63
guy,1990,288
guy,1991,313
guy,1992,250
guy,1993,316
guy,1994,372
guy,1995,494
guy,1996,579
guy,1997,598
guy,1998,660
guy,1999,681
guy,2000,723
guy,2001,825
guy,2002,929
guy,2003,1006
guy,2004,964
guy,2005,979
guy,2006,983
guy,2007,1004
hnd,1990,6872
hnd,1991,6691
hnd,1992,6591
hnd,1993,6521
hnd,1994,6457
hnd,1995,6390
hnd,1996,6480
hnd,1997,6509
hnd,1998,6281
hnd,1999,5950
hnd,2000,4314
hnd,2001,4403
hnd,2002,4664
hnd,2003,4685
hnd,2004,4846
hnd,2005,4885
hnd,2006,4908
hnd,2007,5048
hrv,1990,5690
hrv,1991,5574
hrv,1992,5563
hrv,1993,5464
hrv,1994,5259
hrv,1995,4927
hrv,1996,4786
hrv,1997,4696
hrv,1998,4508
hrv,1999,4026
hrv,2000,3418
hrv,2001,3267
hrv,2002,3128
hrv,2003,3073
hrv,2004,3026
hrv,2005,2970
hrv,2006,2943
hrv,2007,2443
hti,1990,34060
hti,1991,33680
hti,1992,33490
hti,1993,33420
hti,1994,33460
hti,1995,33630
hti,1996,34170
hti,1997,34640
hti,1998,34530
hti,1999,34300
hti,2000,34520
hti,2001,34580
hti,2002,34350
hti,2003,34210
hti,2004,34490
hti,2005,34230
hti,2006,34720
hti,2007,35100
hun,1990,6990
hun,1991,7004
hun,1992,7278
hun,1993,7470
hun,1994,7577
hun,1995,7567
hun,1996,7606
hun,1997,7401
hun,1998,6886
hun,1999,4787
hun,2000,4382
hun,2001,3927
hun,2002,3645
hun,2003,3341
hun,2004,2899
hun,2005,2574
hun,2006,2226
hun,2007,1908
idn,1990,809600
idn,1991,798400
idn,1992,786900
idn,1993,775200
idn,1994,763400
idn,1995,750400
idn,1996,739800
idn,1997,730100
idn,1998,716800
idn,1999,699700
idn,2000,690500
idn,2001,673800
idn,2002,646100
idn,2003,631700
idn,2004,612000
idn,2005,589700
idn,2006,573800
idn,2007,565600
ind,1990,5044000
ind,1991,5069000
ind,1992,5085000
ind,1993,5088000
ind,1994,5071000
ind,1995,5010000
ind,1996,5030000
ind,1997,4965000
ind,1998,4921000
ind,1999,4894000
ind,2000,4639000
ind,2001,4373000
ind,2002,4209000
ind,2003,3834000
ind,2004,3476000
ind,2005,3396000
ind,2006,3338000
ind,2007,3305000
irl,1990,670
irl,1991,646
irl,1992,637
irl,1993,603
irl,1994,552
irl,1995,495
irl,1996,453
irl,1997,456
irl,1998,454
irl,1999,434
irl,2000,441
irl,2001,412
irl,2002,400
irl,2003,396
irl,2004,400
irl,2005,422
irl,2006,437
irl,2007,455
irn,1990,28130
irn,1991,29760
irn,1992,33280
irn,1993,32300
irn,1994,33680
irn,1995,34140
irn,1996,38550
irn,1997,33530
irn,1998,29290
irn,1999,26720
irn,2000,26140
irn,2001,25660
irn,2002,24970
irn,2003,23860
irn,2004,22260
irn,2005,21220
irn,2006,20270
irn,2007,19530
irq,1990,16330
irq,1991,16810
irq,1992,17340
irq,1993,17900
irq,1994,18480
irq,1995,19080
irq,1996,18750
irq,1997,19340
irq,1998,19460
irq,1999,19490
irq,2000,17760
irq,2001,17810
irq,2002,17200
irq,2003,17890
irq,2004,19530
irq,2005,20990
irq,2006,22330
irq,2007,22870
isl,1990,12
isl,1991,11
isl,1992,10
isl,1993,10
isl,1994,10
isl,1995,10
isl,1996,8
isl,1997,9
isl,1998,9
isl,1999,9
isl,2000,8
isl,2001,8
isl,2002,6
isl,2003,6
isl,2004,6
isl,2005,8
isl,2006,8
isl,2007,8
isr,1990,496
isr,1991,483
isr,1992,475
isr,1993,462
isr,1994,459
isr,1995,451
isr,1996,468
isr,1997,465
isr,1998,438
isr,1999,424
isr,2000,411
isr,2001,405
isr,2002,408
isr,2003,399
isr,2004,398
isr,2005,399
isr,2006,399
isr,2007,417
ita,1990,6200
ita,1991,5858
ita,1992,5580
ita,1993,5242
ita,1994,5035
ita,1995,4801
ita,1996,5031
ita,1997,4876
ita,1998,4243
ita,1999,4078
ita,2000,3984
ita,2001,3775
ita,2002,3778
ita,2003,3610
ita,2004,3548
ita,2005,3504
ita,2006,3458
ita,2007,3688
jam,1990,245
jam,1991,242
jam,1992,239
jam,1993,236
jam,1994,233
jam,1995,230
jam,1996,180
jam,1997,180
jam,1998,177
jam,1999,180
jam,2000,176
jam,2001,183
jam,2002,190
jam,2003,185
jam,2004,188
jam,2005,199
jam,2006,198
jam,2007,195
jor,1990,619
jor,1991,625
jor,1992,622
jor,1993,651
jor,1994,645
jor,1995,666
jor,1996,885
jor,1997,809
jor,1998,574
jor,1999,515
jor,2000,517
jor,2001,460
jor,2002,472
jor,2003,465
jor,2004,476
jor,2005,469
jor,2006,509
jor,2007,534
jpn,1990,76340
jpn,1991,74290
jpn,1992,72630
jpn,1993,69590
jpn,1994,66700
jpn,1995,63580
jpn,1996,62470
jpn,1997,62920
jpn,1998,62270
jpn,1999,60890
jpn,2000,56700
jpn,2001,52790
jpn,2002,49080
jpn,2003,46160
jpn,2004,43480
jpn,2005,40880
jpn,2006,38410
jpn,2007,35770
kaz,1990,15630
kaz,1991,14380
kaz,1992,13970
kaz,1993,13660
kaz,1994,13650
kaz,1995,14960
kaz,1996,17090
kaz,1997,21180
kaz,1998,24860
kaz,1999,20200
kaz,2000,21050
kaz,2001,22110
kaz,2002,22360
kaz,2003,23190
kaz,2004,23010
kaz,2005,22430
kaz,2006,22100
kaz,2007,21480
ken,1990,29420
ken,1991,29020
ken,1992,33480
ken,1993,39250
ken,1994,46990
ken,1995,56630
ken,1996,65700
ken,1997,80020
ken,1998,93030
ken,1999,107000
ken,2000,122900
ken,2001,123300
ken,2002,129200
ken,2003,135900
ken,2004,142000
ken,2005,138200
ken,2006,124300
ken,2007,119800
kgz,1990,3934
kgz,1991,4139
kgz,1992,4155
kgz,1993,4216
kgz,1994,4594
kgz,1995,5416
kgz,1996,6579
kgz,1997,7802
kgz,1998,7052
kgz,1999,7113
kgz,2000,7724
kgz,2001,8461
kgz,2002,7718
kgz,2003,7388
kgz,2004,7176
kgz,2005,7080
kgz,2006,7100
kgz,2007,7147
khm,1990,90000
khm,1991,90870
khm,1992,91540
khm,1993,92070
khm,1994,92590
khm,1995,92420
khm,1996,94780
khm,1997,94620
khm,1998,95340
khm,1999,95750
khm,2000,96810
khm,2001,97710
khm,2002,96470
khm,2003,96040
khm,2004,95480
khm,2005,94300
khm,2006,95380
khm,2007,95970
kir,1990,737
kir,1991,736
kir,1992,732
kir,1993,727
kir,1994,722
kir,1995,717
kir,1996,714
kir,1997,680
kir,1998,463
kir,1999,459
kir,2000,459
kir,2001,519
kir,2002,511
kir,2003,424
kir,2004,397
kir,2005,385
kir,2006,379
kir,2007,402
kna,1990,7
kna,1991,7
kna,1992,7
kna,1993,7
kna,1994,7
kna,1995,7
kna,1996,7
kna,1997,7
kna,1998,5
kna,1999,5
kna,2000,7
kna,2001,6
kna,2002,5
kna,2003,7
kna,2004,6
kna,2005,7
kna,2006,7
kna,2007,6
kor,1990,95630
kor,1991,84720
kor,1992,76270
kor,1993,66450
kor,1994,63410
kor,1995,59550
kor,1996,47450
kor,1997,45070
kor,1998,41280
kor,1999,49810
kor,2000,52980
kor,2001,52710
kor,2002,59490
kor,2003,51360
kor,2004,53480
kor,2005,56250
kor,2006,58560
kor,2007,60970
kwt,1990,1908
kwt,1991,1759
kwt,1992,1590
kwt,1993,1397
kwt,1994,1267
kwt,1995,1178
kwt,1996,1157
kwt,1997,1176
kwt,1998,1205
kwt,1999,729
kwt,2000,740
kwt,2001,766
kwt,2002,727
kwt,2003,736
kwt,2004,750
kwt,2005,807
kwt,2006,700
kwt,2007,712
lao,1990,17450
lao,1991,17800
lao,1992,18140
lao,1993,18480
lao,1994,18800
lao,1995,19100
lao,1996,17950
lao,1997,17720
lao,1998,17710
lao,1999,17630
lao,2000,17980
lao,2001,17920
lao,2002,17810
lao,2003,17760
lao,2004,17420
lao,2005,16890
lao,2006,16780
lao,2007,16910
lbn,1990,1913
lbn,1991,1941
lbn,1992,1981
lbn,1993,2024
lbn,1994,2098
lbn,1995,2043
lbn,1996,2285
lbn,1997,1970
lbn,1998,1823
lbn,1999,1395
lbn,2000,1333
lbn,2001,1157
lbn,2002,1015
lbn,2003,921
lbn,2004,863
lbn,2005,852
lbn,2006,919
lbn,2007,942
lbr,1990,10180
lbr,1991,9964
lbr,1992,9716
lbr,1993,9541
lbr,1994,9571
lbr,1995,9884
lbr,1996,9528
lbr,1997,10490
lbr,1998,10690
lbr,1999,11720
lbr,2000,13360
lbr,2001,13910
lbr,2002,12400
lbr,2003,14110
lbr,2004,12380
lbr,2005,14320
lbr,2006,14060
lbr,2007,14920
lby,1990,1989
lby,1991,1997
lby,1992,2053
lby,1993,2018
lby,1994,2032
lby,1995,2024
lby,1996,2002
lby,1997,1915
lby,1998,1863
lby,1999,1206
lby,2000,1197
lby,2001,1181
lby,2002,1162
lby,2003,1138
lby,2004,1109
lby,2005,1087
lby,2006,1074
lby,2007,1060
lca,1990,36
lca,1991,36
lca,1992,36
lca,1993,36
lca,1994,35
lca,1995,35
lca,1996,34
lca,1997,25
lca,1998,25
lca,1999,28
lca,2000,31
lca,2001,28
lca,2002,27
lca,2003,29
lca,2004,29
lca,2005,30
lca,2006,29
lca,2007,29
lka,1990,18610
lka,1991,18440
lka,1992,18250
lka,1993,18040
lka,1994,17810
lka,1995,17560
lka,1996,18670
lka,1997,17130
lka,1998,16720
lka,1999,16530
lka,2000,19950
lka,2001,18560
lka,2002,16570
lka,2003,16820
lka,2004,16480
lka,2005,14300
lka,2006,15430
lka,2007,15320
lso,1990,3596
lso,1991,3749
lso,1992,3763
lso,1993,3808
lso,1994,3934
lso,1995,4173
lso,1996,4354
lso,1997,4715
lso,1998,5433
lso,1999,9616
lso,2000,6711
lso,2001,7070
lso,2002,7714
lso,2003,7955
lso,2004,8133
lso,2005,8331
lso,2006,8140
lso,2007,11410
ltu,1990,2352
ltu,1991,2438
ltu,1992,2628
ltu,1993,2892
ltu,1994,3242
ltu,1995,3556
ltu,1996,3950
ltu,1997,4272
ltu,1998,4425
ltu,1999,4237
ltu,2000,4019
ltu,2001,3342
ltu,2002,2863
ltu,2003,2477
ltu,2004,2471
ltu,2005,2269
ltu,2006,2216
ltu,2007,2353
lux,1990,71
lux,1991,68
lux,1992,65
lux,1993,62
lux,1994,60
lux,1995,58
lux,1996,57
lux,1997,55
lux,1998,54
lux,1999,50
lux,2000,50
lux,2001,49
lux,2002,49
lux,2003,45
lux,2004,46
lux,2005,46
lux,2006,46
lux,2007,44
lva,1990,1480
lva,1991,1515
lva,1992,1542
lva,1993,1622
lva,1994,1907
lva,1995,2275
lva,1996,1901
lva,1997,2166
lva,1998,2233
lva,1999,2269
lva,2000,2170
lva,2001,2105
lva,2002,1993
lva,2003,1814
lva,2004,1672
lva,2005,1527
lva,2006,1400
lva,2007,1263
mar,1990,33230
mar,1991,32890
mar,1992,32520
mar,1993,32130
mar,1994,31720
mar,1995,31290
mar,1996,29140
mar,1997,29500
mar,1998,29560
mar,1999,28210
mar,2000,28130
mar,2001,27720
mar,2002,25730
mar,2003,27140
mar,2004,26970
mar,2005,25930
mar,2006,25300
mar,2007,24960
mco,1990,1
mco,1991,1
mco,1992,1
mco,1993,1
mco,1994,1
mco,1995,1
mco,1996,1
mco,1997,1
mco,1998,1
mco,1999,1
mco,2000,1
mco,2001,1
mco,2002,1
mco,2003,1
mco,2004,1
mco,2005,1
mco,2006,1
mco,2007,1
mda,1990,4588
mda,1991,4358
mda,1992,4538
mda,1993,4905
mda,1994,5375
mda,1995,6045
mda,1996,6812
mda,1997,7378
mda,1998,8133
mda,1999,8535
mda,2000,8920
mda,2001,7131
mda,2002,8518
mda,2003,6994
mda,2004,5981
mda,2005,5836
mda,2006,5771
mda,2007,5740
mdg,1990,44200
mdg,1991,45600
mdg,1992,47040
mdg,1993,48520
mdg,1994,50020
mdg,1995,51540
mdg,1996,48710
mdg,1997,51150
mdg,1998,52780
mdg,1999,55380
mdg,2000,58080
mdg,2001,61750
mdg,2002,65570
mdg,2003,66120
mdg,2004,69720
mdg,2005,76080
mdg,2006,76680
mdg,2007,82140
mdv,1990,308
mdv,1991,289
mdv,1992,270
mdv,1993,252
mdv,1994,235
mdv,1995,217
mdv,1996,224
mdv,1997,261
mdv,1998,235
mdv,1999,251
mdv,2000,263
mdv,2001,232
mdv,2002,235
mdv,2003,197
mdv,2004,207
mdv,2005,186
mdv,2006,206
mdv,2007,147
mex,1990,84580
mex,1991,79610
mex,1992,74940
mex,1993,70560
mex,1994,66440
mex,1995,62590
mex,1996,59580
mex,1997,55560
mex,1998,50560
mex,1999,47000
mex,2000,41940
mex,2001,37830
mex,2002,35830
mex,2003,33720
mex,2004,32150
mex,2005,28110
mex,2006,26180
mex,2007,24030
mkd,1990,1759
mkd,1991,1723
mkd,1992,1715
mkd,1993,1678
mkd,1994,1613
mkd,1995,1516
mkd,1996,1458
mkd,1997,1445
mkd,1998,1435
mkd,1999,1296
mkd,2000,1125
mkd,2001,783
mkd,2002,799
mkd,2003,753
mkd,2004,696
mkd,2005,692
mkd,2006,684
mkd,2007,672
mli,1990,49100
mli,1991,49660
mli,1992,50120
mli,1993,50490
mli,1994,50760
mli,1995,50950
mli,1996,51350
mli,1997,52130
mli,1998,53490
mli,1999,55130
mli,2000,57150
mli,2001,59030
mli,2002,60720
mli,2003,63160
mli,2004,65810
mli,2005,68410
mli,2006,71020
mli,2007,73930
mlt,1990,35
mlt,1991,34
mlt,1992,32
mlt,1993,31
mlt,1994,29
mlt,1995,28
mlt,1996,25
mlt,1997,27
mlt,1998,26
mlt,1999,24
mlt,2000,23
mlt,2001,22
mlt,2002,21
mlt,2003,22
mlt,2004,20
mlt,2005,20
mlt,2006,19
mlt,2007,19
mmr,1990,165000
mmr,1991,163100
mmr,1992,161100
mmr,1993,159200
mmr,1994,157300
mmr,1995,155600
mmr,1996,130400
mmr,1997,136700
mmr,1998,139800
mmr,1999,135200
mmr,2000,122400
mmr,2001,110500
mmr,2002,94620
mmr,2003,82350
mmr,2004,79920
mmr,2005,77060
mmr,2006,77940
mmr,2007,78850
mne,2006,296
mng,1990,10580
mng,1991,10800
mng,1992,11000
mng,1993,11160
mng,1994,11290
mng,1995,11410
mng,1996,8032
mng,1997,8293
mng,1998,7486
mng,1999,6892
mng,2000,7328
mng,2001,6804
mng,2002,6481
mng,2003,6535
mng,2004,5960
mng,2005,5999
mng,2006,5649
mng,2007,6142
mnp,1990,62
mnp,1991,94
mnp,1992,149
mnp,1993,101
mnp,1994,102
mnp,1995,107
mnp,1996,113
mnp,1997,207
mnp,1998,216
mnp,1999,147
mnp,2000,93
mnp,2001,85
mnp,2002,70
mnp,2003,63
mnp,2004,63
mnp,2005,67
mnp,2006,69
mnp,2007,60
moz,1990,38910
moz,1991,43420
moz,1992,46930
moz,1993,50940
moz,1994,54820
moz,1995,58760
moz,1996,63360
moz,1997,68870
moz,1998,74810
moz,1999,81830
moz,2000,90730
moz,2001,99810
moz,2002,106500
moz,2003,111700
moz,2004,113800
moz,2005,113200
moz,2006,110700
moz,2007,107800
mrt,1990,11370
mrt,1991,11730
mrt,1992,12100
mrt,1993,12480
mrt,1994,12860
mrt,1995,13240
mrt,1996,14230
mrt,1997,14480
mrt,1998,14830
mrt,1999,15330
mrt,2000,15880
mrt,2001,16500
mrt,2002,17210
mrt,2003,17990
mrt,2004,14250
mrt,2005,16730
mrt,2006,16910
mrt,2007,17470
msr,1990,2
msr,1991,2
msr,1992,2
msr,1993,1
msr,1994,1
msr,1995,1
msr,1996,1
msr,1997,1
msr,1998,1
msr,1999,1
msr,2000,1
msr,2001,1
msr,2002,1
msr,2003,1
msr,2004,1
msr,2005,1
msr,2006,1
msr,2007,0
mus,1990,562
mus,1991,550
mus,1992,539
mus,1993,529
mus,1994,518
mus,1995,507
mus,1996,700
mus,1997,699
mus,1998,519
mus,1999,472
mus,2000,457
mus,2001,507
mus,2002,479
mus,2003,477
mus,2004,474
mus,2005,480
mus,2006,487
mus,2007,494
mwi,1990,35910
mwi,1991,36380
mwi,1992,35730
mwi,1993,35030
mwi,1994,35100
mwi,1995,35110
mwi,1996,34730
mwi,1997,36310
mwi,1998,37790
mwi,1999,39410
mwi,2000,42120
mwi,2001,41810
mwi,2002,43920
mwi,2003,44410
mwi,2004,44670
mwi,2005,45220
mwi,2006,43980
mwi,2007,42450
mys,1990,28850
mys,1991,29360
mys,1992,29840
mys,1993,30280
mys,1994,30700
mys,1995,31090
mys,1996,31100
mys,1997,37520
mys,1998,37800
mys,1999,38010
mys,2000,31340
mys,2001,31650
mys,2002,32030
mys,2003,31670
mys,2004,32160
mys,2005,32230
mys,2006,32100
mys,2007,32250
nam,1990,9208
nam,1991,10070
nam,1992,10440
nam,1993,10700
nam,1994,10800
nam,1995,10910
nam,1996,6587
nam,1997,6910
nam,1998,7387
nam,1999,8146
nam,2000,9048
nam,2001,9680
nam,2002,10560
nam,2003,11020
nam,2004,11400
nam,2005,11520
nam,2006,11380
nam,2007,11040
ncl,1990,191
ncl,1991,187
ncl,1992,187
ncl,1993,139
ncl,1994,130
ncl,1995,116
ncl,1996,116
ncl,1997,196
ncl,1998,200
ncl,1999,107
ncl,2000,109
ncl,2001,94
ncl,2002,76
ncl,2003,63
ncl,2004,68
ncl,2005,67
ncl,2006,58
ncl,2007,60
ner,1990,24800
ner,1991,25710
ner,1992,26640
ner,1993,27590
ner,1994,28550
ner,1995,29510
ner,1996,30960
ner,1997,29110
ner,1998,29070
ner,1999,30190
ner,2000,30920
ner,2001,32330
ner,2002,34360
ner,2003,33990
ner,2004,36770
ner,2005,37860
ner,2006,39760
ner,2007,41540
nga,1990,265900
nga,1991,298100
nga,1992,321100
nga,1993,346300
nga,1994,370900
nga,1995,399000
nga,1996,424300
nga,1997,460100
nga,1998,500500
nga,1999,549100
nga,2000,610700
nga,2001,673300
nga,2002,739000
nga,2003,774800
nga,2004,790300
nga,2005,796200
nga,2006,786500
nga,2007,771500
nic,1990,6012
nic,1991,5803
nic,1992,5604
nic,1993,5412
nic,1994,5220
nic,1995,5026
nic,1996,4782
nic,1997,4703
nic,1998,4622
nic,1999,4466
nic,2000,4361
nic,2001,4161
nic,2002,4149
nic,2003,3885
nic,2004,3745
nic,2005,3725
nic,2006,3526
nic,2007,3139
niu,1990,3
niu,1991,3
niu,1992,3
niu,1993,2
niu,1994,2
niu,1995,2
niu,1996,4
niu,1997,0
niu,1998,0
niu,1999,2
niu,2000,0
niu,2001,0
niu,2002,9
niu,2003,0
niu,2004,0
niu,2005,0
niu,2006,0
niu,2007,0
nld,1990,1638
nld,1991,1555
nld,1992,1487
nld,1993,1403
nld,1994,1352
nld,1995,1295
nld,1996,1260
nld,1997,1227
nld,1998,1183
nld,1999,1120
nld,2000,1077
nld,2001,1044
nld,2002,1039
nld,2003,1002
nld,2004,986
nld,2005,975
nld,2006,963
nld,2007,950
nor,1990,359
nor,1991,340
nor,1992,325
nor,1993,306
nor,1994,295
nor,1995,282
nor,1996,274
nor,1997,267
nor,1998,247
nor,1999,233
nor,2000,225
nor,2001,218
nor,2002,217
nor,2003,210
nor,2004,207
nor,2005,205
nor,2006,203
nor,2007,201
npl,1990,120200
npl,1991,118900
npl,1992,117600
npl,1993,116300
npl,1994,114900
npl,1995,113400
npl,1996,110700
npl,1997,107800
npl,1998,104500
npl,1999,86690
npl,2000,76120
npl,2001,75960
npl,2002,72580
npl,2003,70460
npl,2004,68960
npl,2005,66860
npl,2006,67960
npl,2007,67550
nru,1990,16
nru,1991,27
nru,1992,27
nru,1993,27
nru,1994,9
nru,1995,26
nru,1996,26
nru,1997,25
nru,1998,25
nru,1999,4
nru,2000,4
nru,2001,6
nru,2002,6
nru,2003,5
nru,2004,16
nru,2005,12
nru,2006,18
nru,2007,3
nzl,1990,351
nzl,1991,356
nzl,1992,330
nzl,1993,336
nzl,1994,362
nzl,1995,391
nzl,1996,380
nzl,1997,370
nzl,1998,404
nzl,1999,412
nzl,2000,417
nzl,2001,374
nzl,2002,389
nzl,2003,387
nzl,2004,389
nzl,2005,374
nzl,2006,339
nzl,2007,303
omn,1990,745
omn,1991,688
omn,1992,582
omn,1993,507
omn,1994,458
omn,1995,468
omn,1996,333
omn,1997,339
omn,1998,321
omn,1999,338
omn,2000,303
omn,2001,340
omn,2002,318
omn,2003,318
omn,2004,303
omn,2005,332
omn,2006,334
omn,2007,369
pak,1990,485500
pak,1991,497500
pak,1992,508400
pak,1993,518700
pak,1994,529000
pak,1995,539600
pak,1996,551700
pak,1997,565500
pak,1998,572000
pak,1999,592800
pak,2000,596000
pak,2001,598500
pak,2002,563500
pak,2003,541300
pak,2004,516800
pak,2005,457500
pak,2006,418500
pak,2007,364800
pan,1990,1787
pan,1991,1788
pan,1992,1791
pan,1993,1795
pan,1994,1801
pan,1995,1810
pan,1996,1839
pan,1997,1851
pan,1998,1858
pan,1999,1860
pan,2000,1764
pan,2001,1525
pan,2002,1473
pan,2003,1526
pan,2004,1406
pan,2005,1431
pan,2006,1455
pan,2007,1493
per,1990,85770
per,1991,81640
per,1992,77630
per,1993,73730
per,1994,69960
per,1995,66300
per,1996,65430
per,1997,61880
per,1998,57320
per,1999,56150
per,2000,53820
per,2001,51490
per,2002,49120
per,2003,48490
per,2004,45040
per,2005,42350
per,2006,39360
per,2007,37920
phl,1990,489400
phl,1991,490500
phl,1992,491400
phl,1993,492300
phl,1994,492900
phl,1995,492900
phl,1996,494300
phl,1997,493100
phl,1998,489200
phl,1999,484000
phl,2000,457100
phl,2001,450000
phl,2002,445900
phl,2003,440100
phl,2004,442300
phl,2005,440100
phl,2006,436000
phl,2007,440000
plw,1990,14
plw,1991,10
plw,1992,7
plw,1993,42
plw,1994,69
plw,1995,32
plw,1996,9
plw,1997,17
plw,1998,10
plw,1999,71
plw,2000,20
plw,2001,20
plw,2002,14
plw,2003,13
plw,2004,6
plw,2005,20
plw,2006,15
plw,2007,14
png,1990,20580
png,1991,21100
png,1992,21640
png,1993,22190
png,1994,22760
png,1995,23330
png,1996,23920
png,1997,24500
png,1998,25080
png,1999,25630
png,2000,26140
png,2001,26600
png,2002,26990
png,2003,27290
png,2004,27460
png,2005,27490
png,2006,27330
png,2007,27200
pol,1990,33460
pol,1991,33220
pol,1992,33180
pol,1993,32780
pol,1994,31890
pol,1995,30440
pol,1996,28710
pol,1997,26280
pol,1998,24120
pol,1999,22160
pol,2000,20280
pol,2001,19000
pol,2002,13580
pol,2003,12900
pol,2004,12480
pol,2005,11740
pol,2006,11190
pol,2007,10700
pri,1990,603
pri,1991,546
pri,1992,629
pri,1993,656
pri,1994,668
pri,1995,671
pri,1996,549
pri,1997,488
pri,1998,464
pri,1999,398
pri,2000,343
pri,2001,306
pri,2002,253
pri,2003,252
pri,2004,238
pri,2005,238
pri,2006,221
pri,2007,206
prk,1990,169500
prk,1991,169400
prk,1992,169300
prk,1993,169100
prk,1994,168800
prk,1995,168300
prk,1996,170500
prk,1997,172600
prk,1998,174500
prk,1999,175100
prk,2000,163500
prk,2001,150300
prk,2002,134200
prk,2003,123200
prk,2004,117200
prk,2005,120000
prk,2006,118600
prk,2007,105000
prt,1990,5111
prt,1991,4885
prt,1992,4652
prt,1993,4530
prt,1994,4413
prt,1995,4341
prt,1996,4202
prt,1997,4092
prt,1998,3912
prt,1999,3905
prt,2000,3687
prt,2001,3513
prt,2002,3412
prt,2003,3308
prt,2004,3004
prt,2005,2803
prt,2006,2587
prt,2007,2418
pry,1990,4018
pry,1991,4067
pry,1992,4114
pry,1993,4156
pry,1994,4194
pry,1995,4228
pry,1996,3500
pry,1997,4643
pry,1998,4719
pry,1999,4789
pry,2000,4819
pry,2001,4840
pry,2002,4911
pry,2003,4849
pry,2004,4901
pry,2005,4773
pry,2006,4438
pry,2007,4495
pse,1990,1181
pse,1991,1208
pse,1992,1265
pse,1993,1267
pse,1994,1300
pse,1995,1319
pse,1996,1327
pse,1997,1292
pse,1998,1278
pse,1999,1280
pse,2000,1252
pse,2001,1262
pse,2002,1263
pse,2003,1271
pse,2004,1262
pse,2005,1252
pse,2006,1247
pse,2007,1250
pyf,1990,131
pyf,1991,109
pyf,1992,184
pyf,1993,173
pyf,1994,198
pyf,1995,231
pyf,1996,121
pyf,1997,108
pyf,1998,127
pyf,1999,125
pyf,2000,95
pyf,2001,100
pyf,2002,77
pyf,2003,73
pyf,2004,69
pyf,2005,79
pyf,2006,79
pyf,2007,83
qat,1990,330
qat,1991,334
qat,1992,343
qat,1993,374
qat,1994,434
qat,1995,469
qat,1996,470
qat,1997,466
qat,1998,429
qat,1999,458
qat,2000,479
qat,2001,507
qat,2002,513
qat,2003,517
qat,2004,540
qat,2005,547
qat,2006,635
qat,2007,684
rou,1990,27420
rou,1991,29020
rou,1992,30950
rou,1993,33850
rou,1994,36230
rou,1995,37800
rou,1996,39360
rou,1997,41280
rou,1998,28800
rou,1999,43130
rou,2000,43700
rou,2001,45400
rou,2002,39580
rou,2003,40360
rou,2004,38640
rou,2005,31950
rou,2006,29810
rou,2007,27440
rus,1990,102100
rus,1991,95920
rus,1992,104000
rus,1993,116600
rus,1994,136400
rus,1995,165900
rus,1996,195800
rus,1997,211800
rus,1998,229700
rus,1999,236200
rus,2000,242000
rus,2001,232500
rus,2002,216200
rus,2003,204300
rus,2004,195300
rus,2005,174500
rus,2006,168100
rus,2007,163900
rwa,1990,13860
rwa,1991,14840
rwa,1992,14900
rwa,1993,14840
rwa,1994,14900
rwa,1995,15710
rwa,1996,17420
rwa,1997,20090
rwa,1998,23750
rwa,1999,29330
rwa,2000,36120
rwa,2001,42910
rwa,2002,48080
rwa,2003,51800
rwa,2004,54960
rwa,2005,56060
rwa,2006,56310
rwa,2007,57390
sau,1990,10980
sau,1991,10110
sau,1992,10030
sau,1993,10460
sau,1994,11510
sau,1995,12310
sau,1996,13250
sau,1997,14050
sau,1998,14940
sau,1999,14580
sau,2000,13890
sau,2001,13780
sau,2002,13550
sau,2003,13540
sau,2004,13750
sau,2005,14270
sau,2006,15090
sau,2007,16000
sdn,1990,106100
sdn,1991,107400
sdn,1992,109700
sdn,1993,112600
sdn,1994,115900
sdn,1995,119300
sdn,1996,123700
sdn,1997,129600
sdn,1998,120300
sdn,1999,124600
sdn,2000,125000
sdn,2001,132400
sdn,2002,126100
sdn,2003,131500
sdn,2004,136100
sdn,2005,141700
sdn,2006,147400
sdn,2007,154900
sen,1990,29970
sen,1991,30810
sen,1992,31640
sen,1993,32440
sen,1994,33240
sen,1995,34020
sen,1996,34620
sen,1997,37030
sen,1998,38960
sen,1999,42630
sen,2000,43400
sen,2001,45650
sen,2002,48300
sen,2003,49270
sen,2004,52120
sen,2005,53670
sen,2006,55660
sen,2007,57940
sgp,1990,1560
sgp,1991,1610
sgp,1992,1685
sgp,1993,1634
sgp,1994,1666
sgp,1995,1699
sgp,1996,1791
sgp,1997,1859
sgp,1998,1815
sgp,1999,1737
sgp,2000,1554
sgp,2001,1462
sgp,2002,1414
sgp,2003,1354
sgp,2004,1326
sgp,2005,1219
sgp,2006,1183
sgp,2007,1190
slb,1990,1960
slb,1991,1913
slb,1992,1868
slb,1993,1824
slb,1994,1781
slb,1995,1738
slb,1996,1413
slb,1997,1353
slb,1998,1335
slb,1999,1300
slb,2000,1248
slb,2001,1218
slb,2002,1213
slb,2003,1140
slb,2004,1057
slb,2005,965
slb,2006,952
slb,2007,891
sle,1990,19000
sle,1991,19760
sle,1992,20330
sle,1993,20810
sle,1994,21370
sle,1995,22130
sle,1996,21890
sle,1997,23820
sle,1998,25780
sle,1999,27870
sle,2000,30500
sle,2001,32740
sle,2002,36590
sle,2003,40480
sle,2004,44740
sle,2005,48400
sle,2006,51800
sle,2007,55170
slv,1990,6815
slv,1991,6552
slv,1992,6296
slv,1993,6045
slv,1994,5797
slv,1995,5556
slv,1996,5568
slv,1997,4669
slv,1998,4543
slv,1999,4376
slv,2000,4288
slv,2001,4156
slv,2002,3977
slv,2003,3910
slv,2004,3765
slv,2005,3475
slv,2006,3415
slv,2007,3284
smr,1990,2
smr,1991,2
smr,1992,2
smr,1993,2
smr,1994,2
smr,1995,2
smr,1996,2
smr,1997,2
smr,1998,2
smr,1999,2
smr,2000,2
smr,2001,2
smr,2002,2
smr,2003,2
smr,2004,2
smr,2005,2
smr,2006,2
smr,2007,2
som,1990,40120
som,1991,39010
som,1992,37600
som,1993,36100
som,1994,34810
som,1995,33920
som,1996,29300
som,1997,28590
som,1998,29510
som,1999,29480
som,2000,29240
som,2001,28930
som,2002,29300
som,2003,27920
som,2004,26600
som,2005,26640
som,2006,28770
som,2007,30650
stp,1990,402
stp,1991,398
stp,1992,393
stp,1993,388
stp,1994,382
stp,1995,377
stp,1996,377
stp,1997,378
stp,1998,392
stp,1999,380
stp,2000,381
stp,2001,379
stp,2002,379
stp,2003,392
stp,2004,383
stp,2005,391
stp,2006,392
stp,2007,378
sur,1990,437
sur,1991,405
sur,1992,321
sur,1993,329
sur,1994,313
sur,1995,324
sur,1996,368
sur,1997,428
sur,1998,507
sur,1999,527
sur,2000,501
sur,2001,498
sur,2002,502
sur,2003,536
sur,2004,565
sur,2005,616
sur,2006,663
sur,2007,710
svk,1990,2880
svk,1991,2973
svk,1992,3133
svk,1993,3160
svk,1994,2989
svk,1995,2762
svk,1996,2472
svk,1997,2286
svk,1998,2021
svk,1999,1901
svk,2000,1742
svk,2001,1616
svk,2002,1549
svk,2003,1386
svk,2004,1355
svk,2005,1125
svk,2006,1075
svk,2007,1098
svn,1990,1271
svn,1991,1192
svn,1992,1145
svn,1993,1111
svn,1994,1040
svn,1995,989
svn,1996,682
svn,1997,684
svn,1998,631
svn,1999,574
svn,2000,544
svn,2001,493
svn,2002,446
svn,2003,414
svn,2004,378
svn,2005,322
svn,2006,329
svn,2007,304
swe,1990,460
swe,1991,464
swe,1992,480
swe,1993,484
swe,1994,471
swe,1995,439
swe,1996,416
swe,1997,384
swe,1998,379
swe,1999,368
swe,2000,353
swe,2001,325
swe,2002,316
swe,2003,322
swe,2004,367
swe,2005,395
swe,2006,407
swe,2007,420
swz,1990,5438
swz,1991,5240
swz,1992,4777
swz,1993,4405
swz,1994,4217
swz,1995,4231
swz,1996,4503
swz,1997,5032
swz,1998,5667
swz,1999,6733
swz,2000,7836
swz,2001,8942
swz,2002,7549
swz,2003,8151
swz,2004,8643
swz,2005,8862
swz,2006,9079
swz,2007,9266
syc,1990,81
syc,1991,80
syc,1992,78
syc,1993,76
syc,1994,75
syc,1995,73
syc,1996,50
syc,1997,46
syc,1998,56
syc,1999,72
syc,2000,42
syc,2001,43
syc,2002,35
syc,2003,56
syc,2004,44
syc,2005,49
syc,2006,48
syc,2007,48
syr,1990,11950
syr,1991,11640
syr,1992,11340
syr,1993,11020
syr,1994,10710
syr,1995,10400
syr,1996,10080
syr,1997,9370
syr,1998,8435
syr,1999,7799
syr,2000,6723
syr,2001,6280
syr,2002,6145
syr,2003,5879
syr,2004,5734
syr,2005,5676
syr,2006,5637
syr,2007,5348
tca,1990,5
tca,1991,5
tca,1992,5
tca,1993,5
tca,1994,5
tca,1995,5
tca,1996,5
tca,1997,5
tca,1998,5
tca,1999,3
tca,2000,3
tca,2001,5
tca,2002,5
tca,2003,5
tca,2004,5
tca,2005,5
tca,2006,4
tca,2007,4
tcd,1990,15370
tcd,1991,17140
tcd,1992,18380
tcd,1993,19720
tcd,1994,21040
tcd,1995,22490
tcd,1996,26150
tcd,1997,31180
tcd,1998,34160
tcd,1999,31830
tcd,2000,35540
tcd,2001,39530
tcd,2002,45780
tcd,2003,54280
tcd,2004,53750
tcd,2005,52570
tcd,2006,52860
tcd,2007,53620
tgo,1990,27800
tgo,1991,27940
tgo,1992,27820
tgo,1993,27600
tgo,1994,27530
tgo,1995,27750
tgo,1996,28650
tgo,1997,31890
tgo,1998,32050
tgo,1999,33800
tgo,2000,35470
tgo,2001,37290
tgo,2002,40290
tgo,2003,40940
tgo,2004,42630
tgo,2005,44510
tgo,2006,46520
tgo,2007,49360
tha,1990,182300
tha,1991,175200
tha,1992,170500
tha,1993,167200
tha,1994,165300
tha,1995,163900
tha,1996,165500
tha,1997,164100
tha,1998,152200
tha,1999,138700
tha,2000,135600
tha,2001,119000
tha,2002,121500
tha,2003,117200
tha,2004,117900
tha,2005,116100
tha,2006,119700
tha,2007,122800
tjk,1990,10250
tjk,1991,8800
tjk,1992,6199
tjk,1993,4428
tjk,1994,4814
tjk,1995,6099
tjk,1996,7818
tjk,1997,8364
tjk,1998,9571
tjk,1999,10280
tjk,2000,11820
tjk,2001,13790
tjk,2002,15650
tjk,2003,16330
tjk,2004,17910
tjk,2005,18470
tjk,2006,20010
tjk,2007,21680
tkl,1990,2
tkl,1991,2
tkl,1992,2
tkl,1993,2
tkl,1994,0
tkl,1995,4
tkl,1996,0
tkl,1997,2
tkl,1998,2
tkl,1999,0
tkl,2000,0
tkl,2001,0
tkl,2002,2
tkl,2003,0
tkl,2004,2
tkl,2005,0
tkl,2006,0
tkl,2007,0
tkm,1990,3843
tkm,1991,3752
tkm,1992,3932
tkm,1993,3889
tkm,1994,3784
tkm,1995,3371
tkm,1996,3924
tkm,1997,4925
tkm,1998,5998
tkm,1999,6315
tkm,2000,5863
tkm,2001,5265
tkm,2002,5095
tkm,2003,4850
tkm,2004,4675
tkm,2005,4398
tkm,2006,4167
tkm,2007,3732
tls,1990,5225
tls,1991,5303
tls,1992,5400
tls,1993,5485
tls,1994,5517
tls,1995,5475
tls,1996,5452
tls,1997,5361
tls,1998,5256
tls,1999,5209
tls,2000,5271
tls,2001,5465
tls,2002,3093
tls,2003,3427
tls,2004,3717
tls,2005,3948
tls,2006,4293
tls,2007,4371
ton,1990,43
ton,1991,42
ton,1992,42
ton,1993,41
ton,1994,41
ton,1995,40
ton,1996,37
ton,1997,37
ton,1998,30
ton,1999,34
ton,2000,33
ton,2001,41
ton,2002,35
ton,2003,36
ton,2004,39
ton,2005,32
ton,2006,34
ton,2007,29
tto,1990,206
tto,1991,206
tto,1992,205
tto,1993,204
tto,1994,203
tto,1995,202
tto,1996,200
tto,1997,200
tto,1998,197
tto,1999,201
tto,2000,196
tto,2001,203
tto,2002,203
tto,2003,202
tto,2004,197
tto,2005,203
tto,2006,199
tto,2007,199
tun,1990,4047
tun,1991,3892
tun,1992,4203
tun,1993,4398
tun,1994,4536
tun,1995,4423
tun,1996,4342
tun,1997,4235
tun,1998,4109
tun,1999,2963
tun,2000,2825
tun,2001,2691
tun,2002,2681
tun,2003,2618
tun,2004,2720
tun,2005,2744
tun,2006,2867
tun,2007,2930
tur,1990,47540
tur,1991,46070
tur,1992,45530
tur,1993,44080
tur,1994,41960
tur,1995,38750
tur,1996,39750
tur,1997,41180
tur,1998,42360
tur,1999,37980
tur,2000,33190
tur,2001,30810
tur,2002,30740
tur,2003,30680
tur,2004,31560
tur,2005,32310
tur,2006,23400
tur,2007,25190
tuv,1990,56
tuv,1991,55
tuv,1992,53
tuv,1993,52
tuv,1994,50
tuv,1995,49
tuv,1996,48
tuv,1997,47
tuv,1998,45
tuv,1999,44
tuv,2000,43
tuv,2001,42
tuv,2002,41
tuv,2003,39
tuv,2004,38
tuv,2005,26
tuv,2006,27
tuv,2007,21
tza,1990,54770
tza,1991,60030
tza,1992,65320
tza,1993,71020
tza,1994,78180
tza,1995,84570
tza,1996,92530
tza,1997,102100
tza,1998,107300
tza,1999,114500
tza,2000,123100
tza,2001,127200
tza,2002,136500
tza,2003,138900
tza,2004,139800
tza,2005,140200
tza,2006,139200
tza,2007,136300
uga,1990,36790
uga,1991,58000
uga,1992,65670
uga,1993,74820
uga,1994,81050
uga,1995,88760
uga,1996,91790
uga,1997,77300
uga,1998,83030
uga,1999,86090
uga,2000,96620
uga,2001,104600
uga,2002,117500
uga,2003,129200
uga,2004,132400
uga,2005,135800
uga,2006,134600
uga,2007,131600
ukr,1990,34700
ukr,1991,32940
ukr,1992,34770
ukr,1993,36790
ukr,1994,38390
ukr,1995,39950
ukr,1996,44010
ukr,1997,46960
ukr,1998,51920
ukr,1999,53940
ukr,2000,58620
ukr,2001,62170
ukr,2002,63650
ukr,2003,64160
ukr,2004,62420
ukr,2005,52930
ukr,2006,46200
ukr,2007,47010
ury,1990,1075
ury,1991,1052
ury,1992,1030
ury,1993,1008
ury,1994,986
ury,1995,963
ury,1996,911
ury,1997,896
ury,1998,909
ury,1999,913
ury,2000,890
ury,2001,847
ury,2002,901
ury,2003,834
ury,2004,767
ury,2005,807
ury,2006,819
ury,2007,775
usa,1990,18110
usa,1991,18840
usa,1992,18670
usa,1993,18160
usa,1994,17210
usa,1995,16280
usa,1996,15210
usa,1997,14140
usa,1998,13250
usa,1999,12430
usa,2000,11860
usa,2001,11270
usa,2002,10920
usa,2003,10570
usa,2004,10330
usa,2005,10070
usa,2006,9784
usa,2007,9484
uzb,1990,23300
uzb,1991,22020
uzb,1992,22030
uzb,1993,25880
uzb,1994,26030
uzb,1995,27350
uzb,1996,26000
uzb,1997,28830
uzb,1998,31060
uzb,1999,32770
uzb,2000,34380
uzb,2001,37000
uzb,2002,36610
uzb,2003,39180
uzb,2004,39090
uzb,2005,38190
uzb,2006,36090
uzb,2007,38440
vct,1990,50
vct,1991,49
vct,1992,49
vct,1993,48
vct,1994,48
vct,1995,47
vct,1996,47
vct,1997,47
vct,1998,43
vct,1999,47
vct,2000,40
vct,2001,42
vct,2002,42
vct,2003,40
vct,2004,43
vct,2005,43
vct,2006,40
vct,2007,47
ven,1990,9014
ven,1991,9074
ven,1992,9121
ven,1993,9158
ven,1994,9185
ven,1995,9202
ven,1996,9344
ven,1997,9357
ven,1998,9385
ven,1999,9393
ven,2000,9611
ven,2001,10120
ven,2002,10320
ven,2003,9984
ven,2004,10050
ven,2005,10190
ven,2006,10400
ven,2007,10660
vgb,1990,5
vgb,1991,5
vgb,1992,5
vgb,1993,5
vgb,1994,4
vgb,1995,4
vgb,1996,4
vgb,1997,4
vgb,1998,4
vgb,1999,4
vgb,2000,4
vgb,2001,4
vgb,2002,4
vgb,2003,4
vgb,2004,4
vgb,2005,4
vgb,2006,4
vgb,2007,4
vir,1990,31
vir,1991,29
vir,1992,28
vir,1993,26
vir,1994,26
vir,1995,25
vir,1996,20
vir,1997,20
vir,1998,19
vir,1999,21
vir,2000,21
vir,2001,20
vir,2002,20
vir,2003,19
vir,2004,19
vir,2005,18
vir,2006,18
vir,2007,18
vnm,1990,241500
vnm,1991,244400
vnm,1992,247200
vnm,1993,249800
vnm,1994,252000
vnm,1995,253700
vnm,1996,232700
vnm,1997,206900
vnm,1998,200700
vnm,1999,197200
vnm,2000,195900
vnm,2001,195100
vnm,2002,191200
vnm,2003,193700
vnm,2004,189200
vnm,2005,192900
vnm,2006,191300
vnm,2007,192100
vut,1990,415
vut,1991,413
vut,1992,411
vut,1993,409
vut,1994,406
vut,1995,402
vut,1996,397
vut,1997,391
vut,1998,384
vut,1999,295
vut,2000,271
vut,2001,248
vut,2002,297
vut,2003,262
vut,2004,248
vut,2005,282
vut,2006,231
vut,2007,231
wlf,1990,17
wlf,1991,49
wlf,1992,9
wlf,1993,24
wlf,1994,24
wlf,1995,13
wlf,1996,18
wlf,1997,31
wlf,1998,16
wlf,1999,16
wlf,2000,15
wlf,2001,2
wlf,2002,41
wlf,2003,22
wlf,2004,10
wlf,2005,9
wlf,2006,9
wlf,2007,4
wsm,1990,58
wsm,1991,57
wsm,1992,55
wsm,1993,54
wsm,1994,53
wsm,1995,52
wsm,1996,60
wsm,1997,57
wsm,1998,86
wsm,1999,55
wsm,2000,47
wsm,2001,60
wsm,2002,50
wsm,2003,51
wsm,2004,44
wsm,2005,50
wsm,2006,48
wsm,2007,47
yem,1990,32650
yem,1991,33650
yem,1992,35580
yem,1993,35980
yem,1994,37180
yem,1995,37830
yem,1996,37460
yem,1997,34500
yem,1998,33200
yem,1999,30940
yem,2000,29810
yem,2001,28810
yem,2002,28830
yem,2003,29040
yem,2004,28190
yem,2005,28860
yem,2006,29400
yem,2007,29030
zaf,1990,281200
zaf,1991,272300
zaf,1992,260200
zaf,1993,244900
zaf,1994,227700
zaf,1995,208400
zaf,1996,203600
zaf,1997,201600
zaf,1998,204800
zaf,1999,190600
zaf,2000,234000
zaf,2001,267500
zaf,2002,272900
zaf,2003,305500
zaf,2004,321400
zaf,2005,339000
zaf,2006,333300
zaf,2007,335900
zmb,1990,35400
zmb,1991,38040
zmb,1992,42390
zmb,1993,46260
zmb,1994,50190
zmb,1995,54160
zmb,1996,57220
zmb,1997,60940
zmb,1998,63280
zmb,1999,67150
zmb,2000,68750
zmb,2001,72560
zmb,2002,56250
zmb,2003,52870
zmb,2004,52760
zmb,2005,51990
zmb,2006,49330
zmb,2007,46120
zwe,1990,42940
zwe,1991,45000
zwe,1992,45860
zwe,1993,47380
zwe,1994,49240
zwe,1995,51820
zwe,1996,54380
zwe,1997,58710
zwe,1998,48510
zwe,1999,53810
zwe,2000,60670
zwe,2001,66800
zwe,2002,73410
zwe,2003,81850
zwe,2004,84950
zwe,2005,89180
zwe,2006,92420
zwe,2007,95300
