geo,time,murdered_children_0_14_per_100000_people
alb,1988,0.102
alb,1993,1.0404
alb,1994,0.2742
alb,1995,1.1132
alb,1996,1.1323
alb,1997,5.3029
alb,1998,1.5712
alb,1999,0.7372
alb,2000,0.0913
alb,2001,1.1053
alb,2002,1.1668
alb,2003,0.7572
alb,2004,0.4637
alb,2007,0.1339
alb,2008,0.2415
alb,2010,0.1298
arg,1966,0.6852
arg,1967,1.0001
arg,1968,1.2632
arg,1969,1.458
arg,1970,1.3526
arg,1977,1.1745
arg,1978,1.2826
arg,1979,0.961
arg,1980,0.925
arg,1981,0.9892
arg,1982,1.2429
arg,1983,1.0545
arg,1984,0.8137
arg,1985,0.9313
arg,1986,1.1194
arg,1987,1.0705
arg,1988,1.0068
arg,1989,1.175
arg,1990,1.0886
arg,1991,0.7892
arg,1992,1.0307
arg,1993,0.896
arg,1994,1.0168
arg,1995,1.0539
arg,1996,1.2054
arm,1986,0.4035
arm,1987,0.0892
arm,1988,0.2667
arm,1990,0.2995
arm,1991,0.0871
arm,1992,0.915
arm,1993,0.6341
arm,1994,0.1809
arm,1995,0.1885
arm,1996,0.2329
arm,1997,0.1532
arm,1998,0.0847
arm,1999,0.5516
arm,2000,0.1656
arm,2003,0.4524
arm,2008,0.1411
arm,2009,0.6498
arm,2015,0.1611
atg,1973,4.1002
atg,1977,2.9673
aus,1950,0.8705
aus,1951,0.5957
aus,1952,1.0668
aus,1953,0.664
aus,1954,0.7351
aus,1955,0.7664
aus,1956,0.7243
aus,1957,0.7098
aus,1958,0.9432
aus,1959,0.5762
aus,1960,0.6117
aus,1961,0.5944
aus,1962,0.7041
aus,1963,0.8568
aus,1964,1.2507
aus,1965,0.9603
aus,1966,0.5365
aus,1967,0.6639
aus,1968,0.7077
aus,1969,0.7984
aus,1970,1.0297
aus,1971,0.9273
aus,1972,0.8848
aus,1973,0.9116
aus,1974,0.9238
aus,1975,0.8033
aus,1976,0.5073
aus,1977,1.2593
aus,1978,0.7817
aus,1979,0.746
aus,1980,0.8954
aus,1981,0.774
aus,1982,1.0505
aus,1983,0.7281
aus,1984,0.8789
aus,1985,0.8426
aus,1986,0.7995
aus,1987,0.7757
aus,1988,0.9557
aus,1989,0.7866
aus,1990,0.9362
aus,1991,0.7167
aus,1992,0.4732
aus,1993,1.0307
aus,1994,0.8915
aus,1995,0.7778
aus,1996,0.7071
aus,1997,0.6508
aus,1998,0.7268
aus,1999,0.7
aus,2000,0.6726
aus,2001,0.7559
aus,2002,0.4163
aus,2003,0.6673
aus,2004,0.2086
aus,2006,0.5697
aus,2007,0.3994
aus,2008,0.3644
aus,2009,0.4768
aus,2010,0.3065
aus,2011,0.2568
aus,2012,0.5313
aus,2013,0.316
aus,2014,0.4052
aus,2015,0.5584
aut,1955,1.7035
aut,1956,2.2362
aut,1957,1.1542
aut,1958,1.1957
aut,1959,0.8918
aut,1960,1.6002
aut,1961,1.2029
aut,1962,0.8317
aut,1963,0.4752
aut,1964,1.0208
aut,1965,1.1361
aut,1966,1.405
aut,1967,1.124
aut,1968,0.8922
aut,1969,1.4125
aut,1970,1.3951
aut,1971,0.8262
aut,1972,0.9343
aut,1973,1.0626
aut,1974,0.9321
aut,1975,1.242
aut,1976,0.6892
aut,1977,0.8058
aut,1978,0.8532
aut,1979,1.0068
aut,1980,1.0007
aut,1981,0.6061
aut,1982,0.7539
aut,1983,1.2852
aut,1984,1.3124
aut,1985,1.0012
aut,1986,1.1569
aut,1987,1.404
aut,1988,0.6262
aut,1989,1.1374
aut,1990,1.5121
aut,1991,1.0299
aut,1992,0.584
aut,1993,0.9998
aut,1994,0.5083
aut,1995,0.9393
aut,1996,1.2438
aut,1997,0.8847
aut,1998,1.0445
aut,1999,0.6097
aut,2000,0.8898
aut,2001,0.9108
aut,2002,0.5103
aut,2003,0.5807
aut,2004,0.5495
aut,2005,0.9733
aut,2006,0.8135
aut,2007,0.5895
aut,2008,0.2531
aut,2009,0.2488
aut,2010,0.2666
aut,2011,0.4183
aut,2012,0.3348
aut,2013,0.0842
aut,2014,0.0833
aut,2015,0.4068
aut,2016,0.4813
aze,1981,0.3182
aze,1982,0.3826
aze,1985,0.1931
aze,1986,0.2738
aze,1987,0.8014
aze,1988,0.3841
aze,1989,0.1758
aze,1990,0.5171
aze,1991,0.3393
aze,1992,3.347
aze,1993,2.3112
aze,1994,2.128
aze,1995,0.9002
aze,1996,0.4039
aze,1997,0.5653
aze,1998,0.4915
aze,1999,0.4922
aze,2000,0.1232
bel,1954,0.3676
bel,1955,0.6654
bel,1956,0.2389
bel,1957,0.3945
bel,1958,0.3371
bel,1959,0.4584
bel,1960,0.2713
bel,1961,0.4559
bel,1962,0.4964
bel,1963,0.4901
bel,1964,0.396
bel,1965,0.4881
bel,1966,0.6214
bel,1967,0.2281
bel,1968,0.4985
bel,1969,0.3935
bel,1970,0.3743
bel,1971,0.5937
bel,1972,0.356
bel,1973,0.2512
bel,1974,0.5922
bel,1975,0.4693
bel,1976,0.3326
bel,1977,0.2398
bel,1978,0.2031
bel,1979,1.0132
bel,1980,0.8829
bel,1981,0.2647
bel,1982,0.7126
bel,1983,0.773
bel,1984,1.1408
bel,1985,0.7116
bel,1986,1.1869
bel,1987,1.0254
bel,1988,0.9727
bel,1989,0.4521
bel,1990,0.1672
bel,1991,0.4979
bel,1992,0.5541
bel,1993,0.7184
bel,1994,0.7171
bel,1995,0.5511
bel,1996,0.7836
bel,1997,0.8459
bel,1998,0.8405
bel,1999,1.5966
bel,2000,0.9378
bel,2001,1.1055
bel,2002,0.8693
bel,2003,1.1131
bel,2004,0.6552
bel,2005,1.0371
bel,2006,0.7891
bel,2007,0.8978
bel,2008,0.7838
bel,2009,0.546
bel,2010,0.3806
bel,2011,0.3745
bel,2012,0.8477
bel,2013,0.5882
bel,2014,0.5177
bel,2015,0.6447
bgr,1964,0.5537
bgr,1965,0.5659
bgr,1966,0.6295
bgr,1967,0.4787
bgr,1968,0.522
bgr,1969,0.7735
bgr,1970,0.3571
bgr,1971,0.8324
bgr,1972,0.8857
bgr,1973,0.7782
bgr,1974,0.3497
bgr,1975,0.25
bgr,1976,0.346
bgr,1977,0.246
bgr,1978,0.6131
bgr,1979,0.4996
bgr,1980,0.5238
bgr,1981,0.4169
bgr,1982,0.9617
bgr,1983,0.2184
bgr,1984,0.7939
bgr,1985,0.7374
bgr,1986,0.4051
bgr,1987,0.469
bgr,1988,0.6688
bgr,1989,0.6786
bgr,1990,0.7348
bgr,1991,0.4417
bgr,1992,0.4201
bgr,1993,0.8526
bgr,1994,0.4229
bgr,1995,0.4056
bgr,1996,0.6047
bgr,1997,1.0009
bgr,1998,0.7692
bgr,1999,0.6236
bgr,2000,0.6565
bgr,2001,0.8328
bgr,2002,0.9072
bgr,2003,0.558
bgr,2004,0.2774
bgr,2005,0.5724
bgr,2006,0.1034
bgr,2007,0.4885
bgr,2008,0.3909
bgr,2009,0.2843
bgr,2010,0.3615
bgr,2011,0.499
bgr,2012,0.5236
bgr,2013,0.4931
bgr,2014,0.2996
bhs,1975,1.0517
bhs,1979,0.9495
bhs,1984,2.6522
bhs,1985,2.6886
bhs,1994,1.1421
bhs,1995,3.9929
bih,1986,0.0912
blr,1981,0.4529
blr,1982,0.4985
blr,1985,0.738
blr,1986,0.5539
blr,1987,0.9091
blr,1988,0.7677
blr,1989,0.7369
blr,1990,0.2651
blr,1991,0.7661
blr,1992,0.655
blr,1993,1.1191
blr,1994,1.2632
blr,1995,1.1264
blr,1997,1.8132
blr,1998,0.9188
blr,1999,0.8121
blr,2000,1.0927
blr,2001,0.8693
blz,1991,2.3112
bmu,1978,6.0907
bmu,1980,16.4082
bra,1979,0.5927
bra,1980,0.6773
bra,1981,0.7146
bra,1982,0.7315
bra,1983,0.8771
bra,1984,0.8545
bra,1985,0.849
bra,1986,0.9595
brb,1962,1.0755
brb,1967,1.1027
brb,1968,1.3152
brb,1971,2.3112
brb,1972,1.5842
brb,1973,1.549
brb,1974,1.549
brb,1975,1.0226
brb,1978,1.0508
brb,1979,3.1485
brb,1981,2.9909
brb,1982,1.2782
brb,1984,1.5643
brb,1985,1.265
brb,1987,1.497
brb,1991,4.7316
brb,1992,1.5662
brb,1994,1.6212
brn,2012,1.072
can,1950,0.447
can,1951,0.5456
can,1952,0.6775
can,1953,0.8061
can,1954,0.5279
can,1955,0.6145
can,1956,0.763
can,1957,0.5399
can,1958,0.7875
can,1959,0.5751
can,1960,0.6251
can,1961,0.4429
can,1962,0.6092
can,1963,0.4512
can,1964,0.4795
can,1965,0.739
can,1966,0.7555
can,1967,0.8428
can,1968,0.6026
can,1969,0.794
can,1970,0.9459
can,1971,0.8126
can,1972,0.7484
can,1973,0.7747
can,1974,1.0299
can,1975,0.9562
can,1976,0.9141
can,1977,0.965
can,1978,1.1188
can,1979,1.2806
can,1980,0.653
can,1981,1.0608
can,1982,0.7159
can,1983,0.8741
can,1984,1.0666
can,1985,0.8779
can,1986,1.0788
can,1987,0.9277
can,1988,0.6435
can,1989,0.8034
can,1990,0.8098
can,1991,0.8991
can,1992,0.7683
can,1993,0.5365
can,1994,0.7695
can,1995,0.7463
can,1996,0.8925
can,1997,0.7818
can,1998,0.789
can,1999,0.6262
can,2000,0.6608
can,2001,0.6273
can,2002,0.6959
can,2003,0.5091
can,2004,0.5795
can,2005,0.5926
che,1951,2.8491
che,1952,1.5134
che,1953,1.8258
che,1954,1.5728
che,1955,2.5293
che,1956,1.0437
che,1957,1.0995
che,1958,1.0005
che,1959,1.4804
che,1960,0.9129
che,1961,0.7484
che,1962,1.1498
che,1963,1.3321
che,1964,1.0521
che,1965,0.8901
che,1966,1.2571
che,1967,0.8782
che,1968,0.8244
che,1969,0.346
che,1970,0.9155
che,1971,0.633
che,1972,1.3192
che,1973,0.5816
che,1974,0.8865
che,1975,0.7038
che,1976,0.9793
che,1977,1.0937
che,1978,0.5789
che,1979,0.7393
che,1980,1.0483
che,1981,0.6726
che,1982,0.7657
che,1983,1.2493
che,1984,0.9059
che,1985,1.919
che,1986,0.8722
che,1987,1.3551
che,1988,1.0777
che,1989,0.4393
che,1990,1.2163
che,1991,0.9382
che,1992,0.9929
che,1993,1.3213
che,1994,0.4855
che,1995,0.3242
che,1996,0.8776
che,1997,0.4036
che,1998,0.2648
che,1999,0.3286
che,2000,0.693
che,2001,0.5801
che,2002,0.5042
che,2003,0.5401
che,2004,0.6102
che,2005,1.392
che,2006,0.6297
che,2007,0.3526
che,2008,0.1646
che,2009,0.3499
che,2010,0.1669
che,2011,0.3511
che,2012,0.1662
che,2013,0.3397
cheslo,1953,0.9003
cheslo,1954,1.0615
cheslo,1955,1.4941
cheslo,1956,1.4884
cheslo,1957,1.0041
cheslo,1958,0.8742
cheslo,1959,1.0029
cheslo,1960,0.943
cheslo,1961,0.9228
cheslo,1962,1.2964
cheslo,1963,1.2921
cheslo,1964,1.1177
cheslo,1965,1.0866
cheslo,1966,1.1906
cheslo,1967,1.4041
cheslo,1968,1.019
cheslo,1969,1.2095
cheslo,1970,1.4279
cheslo,1971,1.2344
cheslo,1972,1.1319
cheslo,1973,0.9662
cheslo,1974,1.0012
cheslo,1975,1.0132
cheslo,1976,0.595
cheslo,1977,1.0263
cheslo,1978,0.7441
cheslo,1979,0.8506
cheslo,1980,0.6774
cheslo,1981,0.8278
cheslo,1982,0.9198
cheslo,1983,0.9911
cheslo,1984,0.8128
cheslo,1985,0.6675
cheslo,1986,0.6864
cheslo,1987,0.6801
cheslo,1988,0.6607
cheslo,1989,0.4746
cheslo,1990,0.7781
cheslo,1991,0.8226
chl,1955,0.4283
chl,1956,0.7612
chl,1957,0.8172
chl,1958,0.7464
chl,1959,1.0984
chl,1960,0.7282
chl,1961,1.0439
chl,1962,0.402
chl,1963,0.8392
chl,1964,0.7574
chl,1965,0.2431
chl,1966,0.9282
chl,1967,0.4526
chl,1968,1.0511
chl,1969,0.8093
chl,1970,0.9144
chl,1971,0.7681
chl,1972,1.0403
chl,1973,0.6733
chl,1974,0.7093
chl,1975,0.7316
chl,1976,0.6688
chl,1977,0.6319
chl,1978,0.5749
chl,1979,0.5403
chl,1980,1.0129
chl,1981,0.7828
chl,1982,0.7483
chl,1983,0.6836
chl,1984,0.6816
chl,1985,0.5132
chl,1986,0.5616
chl,1987,0.2337
chl,1988,0.7127
chl,1989,0.5968
chl,1990,0.655
chl,1991,0.7213
chl,1992,0.5874
chl,1993,0.1926
chl,1994,0.5271
col,1955,4.1786
col,1956,7.3084
col,1957,5.2344
col,1958,5.6464
col,1959,4.0497
col,1960,3.7037
col,1961,3.7656
col,1962,3.5476
col,1963,3.3623
col,1964,2.5113
col,1965,2.1083
col,1966,1.7394
col,1967,1.5837
col,1968,1.426
col,1969,1.0727
col,1972,1.0887
col,1974,1.3638
col,1975,1.0331
col,1976,1.2693
col,1977,1.423
col,1984,1.5914
col,1985,2.1375
col,1986,1.911
col,1991,3.727
col,1992,4.2658
col,1993,4.0074
col,1994,3.922
cri,1961,0.2363
cri,1962,0.1541
cri,1964,0.1194
cri,1965,0.5719
cri,1966,0.3008
cri,1967,0.2889
cri,1968,0.232
cri,1969,0.7927
cri,1970,1.1757
cri,1971,0.6706
cri,1972,1.1072
cri,1973,1.0056
cri,1974,0.3554
cri,1975,0.8468
cri,1976,1.0868
cri,1977,0.3695
cri,1978,0.4437
cri,1979,0.353
cri,1980,1.8218
cri,1981,0.737
cri,1982,0.7564
cri,1983,0.604
cri,1984,0.7597
cri,1985,0.9648
cri,1986,1.4664
cri,1987,1.5045
cri,1988,0.3523
cri,1989,1.7766
cri,1990,0.6221
cri,1991,0.897
cri,1992,0.5859
cri,1993,0.5836
cri,1994,0.4382
cri,1995,0.5779
cub,1964,0.7949
cub,1968,0.991
cub,1969,0.5891
cub,1970,0.9016
cub,1971,0.8443
cub,1972,1.001
cub,1973,1.6589
cub,1974,1.1712
cub,1975,0.9828
cub,1976,0.7511
cub,1977,1.173
cub,1992,1.3017
cub,1993,1.3194
cub,1994,0.7895
cub,1995,1.1455
cub,1996,0.6477
cyp,2008,0.7648
cyp,2011,0.6979
cyp,2012,0.6901
cyp,2014,0.7134
cze,1986,0.9137
cze,1987,0.6653
cze,1988,0.4693
cze,1989,0.5662
cze,1990,0.8853
cze,1991,0.828
cze,1992,0.9344
cze,1993,1.1492
cze,1994,1.243
cze,1995,1.0316
cze,1996,0.2244
cze,1997,0.3403
cze,1998,0.3735
cze,1999,0.7008
cze,2000,0.7086
cze,2001,0.5039
cze,2002,0.2918
cze,2003,0.3283
cze,2004,0.3973
cze,2005,0.0697
cze,2006,0.0669
cze,2007,0.6148
cze,2008,0.0652
cze,2009,0.2535
cze,2010,0.1286
cze,2011,0.3241
cze,2012,0.3221
cze,2013,0.4293
cze,2014,0.242
cze,2015,0.2562
cze,2016,0.2953
deu,1990,0.5868
deu,1991,0.6887
deu,1992,0.5887
deu,1993,0.6579
deu,1994,0.7308
deu,1995,0.7103
deu,1996,0.5903
deu,1997,0.44
deu,1998,0.707
deu,1999,0.5862
deu,2000,0.5753
deu,2001,0.551
deu,2002,0.5105
deu,2003,0.4288
deu,2004,0.4263
deu,2005,0.4017
deu,2006,0.4105
deu,2007,0.5525
deu,2008,0.4198
deu,2009,0.384
deu,2010,0.4274
deu,2011,0.3829
deu,2012,0.595
deu,2013,0.4484
deu,2014,0.3271
deu,2015,0.3761
deu_east,1973,0.3258
deu_east,1974,0.5322
deu_east,1989,0.7485
deu_east,1990,0.6604
deu_west,1952,1.3632
deu_west,1953,1.518
deu_west,1954,1.5458
deu_west,1955,1.5341
deu_west,1956,1.4
deu_west,1957,1.5141
deu_west,1958,1.3486
deu_west,1959,1.1494
deu_west,1960,1.0844
deu_west,1961,1.3522
deu_west,1962,1.2159
deu_west,1963,1.0843
deu_west,1964,1.3089
deu_west,1965,1.1115
deu_west,1966,1.108
deu_west,1967,1.2981
deu_west,1968,1.2257
deu_west,1969,1.0722
deu_west,1970,1.193
deu_west,1971,1.0064
deu_west,1972,1.0424
deu_west,1973,1.1235
deu_west,1974,0.9989
deu_west,1975,0.9151
deu_west,1976,1.1268
deu_west,1977,0.9399
deu_west,1978,1.1134
deu_west,1979,0.8454
deu_west,1980,0.8637
deu_west,1981,0.8083
deu_west,1982,0.9177
deu_west,1983,1.0076
deu_west,1984,0.9451
deu_west,1985,0.8253
deu_west,1986,0.9117
deu_west,1987,0.7876
deu_west,1988,0.8113
deu_west,1989,0.5816
deu_west,1990,0.5766
dma,1981,3.2245
dnk,1951,2.4519
dnk,1952,2.0875
dnk,1953,2.2832
dnk,1954,1.539
dnk,1955,0.7673
dnk,1956,2.0744
dnk,1957,1.0497
dnk,1958,1.1251
dnk,1959,0.5943
dnk,1960,0.9745
dnk,1961,0.4564
dnk,1962,0.9714
dnk,1963,1.1659
dnk,1964,0.8733
dnk,1965,0.7895
dnk,1966,0.7389
dnk,1967,0.6684
dnk,1968,0.7826
dnk,1969,0.7844
dnk,1970,0.5131
dnk,1971,0.7907
dnk,1972,0.7689
dnk,1973,1.2434
dnk,1974,0.432
dnk,1975,0.4378
dnk,1976,0.8068
dnk,1977,0.5671
dnk,1978,0.4407
dnk,1979,1.1205
dnk,1980,1.3061
dnk,1981,1.391
dnk,1982,0.5844
dnk,1983,0.9098
dnk,1984,0.9007
dnk,1985,0.8319
dnk,1986,1.5383
dnk,1987,0.6062
dnk,1988,1.0686
dnk,1989,1.0708
dnk,1990,0.5767
dnk,1991,0.6815
dnk,1992,0.7524
dnk,1993,1.1404
dnk,1994,0.6156
dnk,1995,0.3004
dnk,1996,0.4124
dnk,1997,0.3102
dnk,1998,0.7223
dnk,1999,0.2095
dnk,2000,0.718
dnk,2001,0.5042
dnk,2002,0.1085
dnk,2003,1.2176
dnk,2005,0.6055
dnk,2007,0.4994
dnk,2008,0.21
dnk,2009,0.1972
dnk,2010,0.5035
dnk,2011,0.5055
dnk,2012,0.1013
dnk,2013,0.1209
dnk,2014,0.3445
dnk,2015,0.113
dom,1965,0.1183
dom,1966,1.0855
dom,1967,0.4997
dom,1968,0.6753
dom,1969,0.1575
dom,1970,0.8017
dom,1971,0.4951
dom,1972,0.3475
dom,1973,0.4785
dom,1974,0.405
dom,1975,0.2287
dom,1976,0.3409
dom,1977,0.3775
dom,1978,0.3981
dom,1979,0.3492
dom,1980,0.2015
dom,1981,0.2464
dom,1982,0.4023
dom,1983,0.3076
dom,1984,0.32
dom,1985,0.2351
ecu,1961,0.6075
ecu,1963,0.9147
ecu,1964,0.2568
ecu,1965,0.2251
ecu,1966,0.1784
ecu,1967,0.4162
ecu,1968,0.3598
ecu,1969,0.7062
ecu,1970,0.6371
ecu,1971,0.5804
ecu,1972,0.5365
ecu,1973,0.7033
ecu,1974,0.409
ecu,1975,0.7325
ecu,1977,0.3671
ecu,1978,0.6049
ecu,1979,0.6798
ecu,1980,0.4722
ecu,1982,0.4814
ecu,1984,0.4481
ecu,1985,0.5787
ecu,1986,0.879
ecu,1987,0.7928
ecu,1988,0.9112
ecu,1991,0.8533
egy,1955,0.4261
egy,1956,0.5521
egy,1957,0.5397
egy,1958,0.4922
egy,1959,0.5653
egy,1960,0.6515
egy,1961,1.1739
egy,1962,0.7696
egy,1963,0.741
egy,1964,0.2354
egy,1965,0.2704
egy,1973,0.6999
egy,1974,0.5228
egy,1975,0.5772
egy,1976,0.6332
egy,1977,0.6543
egy,1978,0.5596
egy,1979,0.4214
egy,1980,0.2196
egy,1987,0.0992
egy,2001,0.042
egy,2002,0.0425
egy,2003,0.0329
egy,2004,0.0775
egy,2005,0.0542
egy,2006,0.0345
egy,2007,0.0246
egy,2008,0.0437
egy,2009,0.0126
egy,2010,0.0492
egy,2011,0.0471
egy,2012,0.0552
egy,2013,0.1049
egy,2014,0.0979
egy,2015,0.0259
esp,1951,0.066
esp,1952,0.0768
esp,1953,0.0253
esp,1954,0.0767
esp,1955,0.0888
esp,1956,0.1462
esp,1957,0.2202
esp,1958,0.0466
esp,1959,0.0225
esp,1960,0.0125
esp,1965,0.0654
esp,1968,0.0114
esp,1969,0.0981
esp,1971,0.1356
esp,1972,0.0943
esp,1973,0.0317
esp,1974,0.1144
esp,1975,0.2801
esp,1976,0.0825
esp,1977,0.1237
esp,1978,0.1239
esp,1979,0.1915
esp,1980,0.1261
esp,1981,0.1312
esp,1982,0.1425
esp,1983,0.1394
esp,1984,0.1602
esp,1985,0.1814
esp,1986,0.1993
esp,1987,0.2876
esp,1988,0.0876
esp,1989,0.1763
esp,1990,0.2331
esp,1991,0.1848
esp,1992,0.1494
esp,1993,0.1951
esp,1994,0.0841
esp,1995,0.0335
esp,1996,0.1842
esp,1997,0.1216
esp,1998,0.1007
esp,1999,0.1538
esp,2000,0.1414
esp,2001,0.1553
esp,2002,0.2203
esp,2003,0.0821
esp,2004,0.2905
esp,2005,0.1582
esp,2006,0.1371
esp,2007,0.1624
esp,2008,0.1331
esp,2009,0.0573
esp,2010,0.1973
esp,2011,0.2422
esp,2012,0.1464
esp,2013,0.2627
esp,2014,0.1198
esp,2015,0.2992
est,1981,1.2161
est,1982,1.2066
est,1985,2.0482
est,1986,2.0622
est,1987,2.3261
est,1988,0.5599
est,1989,0.5637
est,1990,1.1752
est,1991,0.6801
est,1992,3.5944
est,1993,3.0562
est,1994,2.0678
est,1995,2.3397
est,1996,0.9788
est,1997,0.6362
est,1998,1.2214
est,1999,3.1105
est,2000,1.9396
est,2001,0.5397
est,2002,0.4838
est,2003,1.4166
est,2005,0.4924
est,2007,1.5368
est,2008,0.9104
est,2011,0.4547
est,2012,1.4391
est,2013,0.5051
est,2015,0.5172
fin,1952,1.8804
fin,1953,2.479
fin,1954,2.4973
fin,1955,1.8031
fin,1956,2.244
fin,1957,2.5987
fin,1958,1.8288
fin,1959,1.3174
fin,1960,2.4683
fin,1961,1.2997
fin,1962,1.5091
fin,1963,1.3507
fin,1964,1.2879
fin,1965,1.4714
fin,1966,1.8203
fin,1967,1.0727
fin,1968,1.4925
fin,1969,1.0185
fin,1970,1.0385
fin,1971,1.8421
fin,1972,1.7973
fin,1973,1.035
fin,1974,0.6331
fin,1975,0.5966
fin,1976,1.037
fin,1977,1.1695
fin,1978,0.324
fin,1979,0.6256
fin,1980,0.9659
fin,1981,0.5514
fin,1982,0.9505
fin,1983,0.8414
fin,1984,1.0602
fin,1985,0.9581
fin,1986,1.3979
fin,1987,0.8709
fin,1988,0.2278
fin,1989,1.0491
fin,1990,0.5359
fin,1991,0.6209
fin,1992,0.5193
fin,1993,1.1282
fin,1994,0.6207
fin,1995,0.9429
fin,1996,0.9732
fin,1997,0.6222
fin,1998,0.3305
fin,1999,0.5263
fin,2000,0.8462
fin,2001,0.5257
fin,2002,1.2293
fin,2003,0.2368
fin,2004,0.4478
fin,2005,0.7055
fin,2006,0.3516
fin,2007,0.687
fin,2008,0.441
fin,2009,0.2298
fin,2011,1.0207
fin,2012,0.89
fin,2014,0.6815
fji,2009,0.7892
fra,1950,0.4397
fra,1952,0.372
fra,1953,0.3984
fra,1954,0.3621
fra,1955,0.3871
fra,1956,0.4244
fra,1957,0.4725
fra,1958,0.3801
fra,1959,0.7089
fra,1960,0.4675
fra,1961,0.5068
fra,1962,0.5091
fra,1963,0.475
fra,1964,0.5256
fra,1965,0.4515
fra,1966,0.5594
fra,1967,0.5682
fra,1968,0.5116
fra,1969,0.3545
fra,1970,0.2625
fra,1971,0.3039
fra,1972,0.4461
fra,1973,0.2818
fra,1974,0.4681
fra,1975,0.319
fra,1976,0.3399
fra,1977,0.371
fra,1978,0.4431
fra,1979,0.5175
fra,1980,0.422
fra,1981,0.4486
fra,1982,0.4701
fra,1983,0.6868
fra,1984,0.5393
fra,1985,0.4512
fra,1986,0.4768
fra,1987,0.6131
fra,1988,0.5494
fra,1989,0.6425
fra,1990,0.4545
fra,1991,0.4926
fra,1992,0.4542
fra,1993,0.5432
fra,1994,0.5975
fra,1995,0.4524
fra,1996,0.6397
fra,1997,0.4753
fra,1998,0.3683
fra,1999,0.3698
fra,2000,0.6483
fra,2001,0.5266
fra,2002,0.4622
fra,2003,0.369
fra,2004,0.3412
fra,2005,0.3751
fra,2006,0.4746
fra,2007,0.2666
fra,2008,0.3274
fra,2009,0.2881
fra,2010,0.2185
fra,2011,0.3672
fra,2012,0.3155
fra,2013,0.4033
fra,2014,0.2074
gbr,1950,0.617
gbr,1951,0.5183
gbr,1952,0.512
gbr,1953,0.7036
gbr,1954,0.7888
gbr,1955,0.7316
gbr,1956,0.5808
gbr,1957,0.8574
gbr,1958,0.5444
gbr,1959,0.6919
gbr,1960,0.7095
gbr,1961,0.554
gbr,1962,0.7093
gbr,1963,0.6484
gbr,1964,0.7253
gbr,1965,0.6734
gbr,1966,0.7517
gbr,1967,0.7336
gbr,1968,0.8863
gbr,1969,0.7903
gbr,1970,0.7596
gbr,1971,0.8003
gbr,1972,0.9697
gbr,1973,0.9826
gbr,1974,0.9816
gbr,1975,0.845
gbr,1976,0.93
gbr,1977,0.8435
gbr,1978,0.9703
gbr,1979,0.8841
gbr,1980,0.5001
gbr,1981,0.3711
gbr,1982,0.5719
gbr,1983,0.5478
gbr,1984,0.5674
gbr,1985,0.578
gbr,1986,0.4565
gbr,1987,0.4254
gbr,1988,0.6014
gbr,1989,0.4998
gbr,1990,0.3899
gbr,1991,0.4519
gbr,1992,0.3165
gbr,1993,0.5674
gbr,1994,0.4599
gbr,1995,0.4079
gbr,1996,0.6568
gbr,1997,0.3251
gbr,1998,0.2697
gbr,1999,0.3932
gbr,2001,0.3085
gbr,2002,0.1941
gbr,2003,0.1958
gbr,2004,0.148
gbr,2005,0.152
gbr,2006,0.1047
gbr,2007,0.1118
gbr,2008,0.1304
gbr,2009,0.138
gbr,2010,0.111
gbr,2011,0.1451
gbr,2012,0.1155
gbr,2013,0.0702
gbr,2014,0.1017
gbr,2015,0.1384
geo,1981,0.3822
geo,1982,0.1533
geo,1985,0.4551
geo,1987,0.153
geo,1988,0.7513
geo,1989,0.5235
geo,1990,0.3027
geo,1997,0.0871
geo,1998,0.1907
geo,1999,0.1933
geo,2001,0.1096
geo,2004,0.095
geo,2006,0.105
geo,2009,0.1451
geo,2012,0.1377
geo,2013,0.1132
geo,2014,0.1367
geo,2015,0.1397
grc,1961,0.3647
grc,1962,0.4125
grc,1963,0.4161
grc,1964,0.2283
grc,1965,0.5046
grc,1966,0.2734
grc,1967,0.267
grc,1968,0.22
grc,1969,0.2702
grc,1970,0.1379
grc,1971,0.2768
grc,1972,0.2257
grc,1973,0.2447
grc,1974,0.2222
grc,1975,0.0952
grc,1976,0.1438
grc,1977,0.1816
grc,1978,0.0949
grc,1979,0.1432
grc,1980,0.2213
grc,1981,0.288
grc,1982,0.237
grc,1983,0.337
grc,1984,0.0922
grc,1985,0.0583
grc,1986,0.2683
grc,1988,0.3312
grc,1989,0.048
grc,1990,0.0441
grc,1991,0.3744
grc,1993,0.2926
grc,1995,0.1615
grc,1996,0.436
grc,1997,0.186
grc,1998,0.064
grc,1999,0.2401
grc,2000,0.0653
grc,2001,0.0685
grc,2002,0.2395
grc,2003,0.1346
grc,2004,0.1936
grc,2006,0.1276
grc,2007,0.3779
grc,2008,0.1214
grc,2009,0.2449
grc,2010,0.1255
grc,2012,0.1211
grc,2013,0.3901
grc,2014,0.2035
grc,2015,0.3425
gtm,1963,0.7877
gtm,1964,1.1781
gtm,1965,0.7515
gtm,1966,0.8823
gtm,1967,1.2552
gtm,1968,1.0985
gtm,1969,0.8957
gtm,1970,0.6966
gtm,1971,1.0542
gtm,1974,1.8029
gtm,1977,1.3938
gtm,1979,2.4048
gtm,1980,1.5921
gtm,1981,5.4872
gtm,1984,0.4859
guf,1977,4.7666
hkg,1960,0.2599
hkg,1961,0.434
hkg,1962,0.1294
hkg,1963,0.2504
hkg,1964,0.5244
hkg,1965,0.1429
hkg,1966,0.3537
hkg,1967,0.4032
hkg,1968,0.3895
hkg,1969,0.2791
hkg,1970,0.2962
hkg,1971,0.497
hkg,1972,0.3858
hkg,1973,0.5602
hkg,1974,1.1383
hkg,1975,0.061
hkg,1976,0.9338
hkg,1977,0.4144
hkg,1978,0.6483
hkg,1979,0.7055
hkg,1980,0.9566
hkg,1981,1.1186
hkg,1982,1.2691
hkg,1983,0.6313
hkg,1984,0.9576
hkg,1985,1.1744
hkg,1986,0.566
hkg,1987,0.3879
hkg,1988,1.3759
hkg,1989,0.3377
hkg,1990,1.2382
hkg,1991,1.0092
hkg,1992,0.5108
hkg,1993,0.3538
hkg,1994,0.5343
hkg,1995,0.7974
hkg,1996,1.336
hkg,1997,0.3543
hkg,1998,0.6055
hkg,1999,1.3452
hkg,2000,0.3448
hkg,2001,1.0122
hkg,2002,1.9103
hkg,2003,1.4702
hkg,2004,0.1869
hkg,2005,1.4321
hkg,2006,0.3232
hkg,2008,0.5474
hkg,2009,1.3503
hkg,2010,0.8325
hkg,2011,0.5004
hkg,2012,0.2733
hkg,2013,0.2753
hkg,2014,0.3924
hkg,2015,0.2377
hnd,1976,1.5712
hrv,1985,1.1614
hrv,1986,1.2743
hrv,1987,0.7809
hrv,1988,0.704
hrv,1989,0.5558
hrv,1990,0.3557
hrv,1991,0.8082
hrv,1992,1.1552
hrv,1993,1.0317
hrv,1994,0.926
hrv,1995,0.6859
hrv,1996,0.1091
hrv,1997,0.5582
hrv,1998,0.9883
hrv,1999,0.4824
hrv,2000,0.5123
hrv,2001,0.4629
hrv,2002,0.1725
hrv,2003,0.3018
hrv,2005,0.1633
hrv,2006,0.1647
hrv,2007,0.1451
hrv,2008,0.1608
hrv,2009,0.7033
hrv,2010,0.9215
hrv,2011,0.1615
hrv,2012,0.1566
hrv,2013,0.3326
hrv,2014,0.3201
hrv,2015,0.1581
hrv,2016,0.518
hun,1955,1.0118
hun,1956,0.9654
hun,1957,0.8631
hun,1958,0.6434
hun,1959,1.6954
hun,1960,1.0638
hun,1961,1.6661
hun,1962,1.6399
hun,1963,1.1838
hun,1964,1.5767
hun,1965,1.1778
hun,1966,1.9748
hun,1967,1.5007
hun,1968,2.2344
hun,1969,1.764
hun,1970,1.3187
hun,1971,1.763
hun,1972,2.37
hun,1973,1.688
hun,1974,1.2165
hun,1975,0.9473
hun,1976,1.6818
hun,1977,0.9697
hun,1978,1.824
hun,1979,1.334
hun,1980,1.5836
hun,1981,1.7913
hun,1982,1.3023
hun,1983,1.7562
hun,1984,0.7239
hun,1985,1.5284
hun,1986,1.3077
hun,1987,1.6174
hun,1988,2.1462
hun,1989,1.1458
hun,1990,1.2592
hun,1991,0.9823
hun,1992,0.6358
hun,1993,1.1986
hun,1994,0.6268
hun,1995,1.1602
hun,1996,1.4362
hun,1997,0.9151
hun,1998,1.4943
hun,1999,0.8205
hun,2000,1.2868
hun,2001,0.6538
hun,2002,1.4528
hun,2003,0.7174
hun,2004,0.7915
hun,2005,0.7091
hun,2006,1.5798
hun,2007,0.8378
hun,2008,0.9016
hun,2009,0.2737
hun,2010,0.338
hun,2011,0.5893
hun,2012,0.4356
hun,2013,0.5215
hun,2014,0.2295
hun,2015,0.6408
hun,2016,0.8111
irl,1950,0.6612
irl,1951,0.2195
irl,1952,0.2245
irl,1953,0.5716
irl,1954,0.2316
irl,1955,0.352
irl,1957,0.1176
irl,1958,0.4857
irl,1959,0.5847
irl,1960,0.1181
irl,1961,0.113
irl,1962,0.347
irl,1963,0.2263
irl,1964,0.5553
irl,1965,0.2244
irl,1966,0.1096
irl,1967,0.5459
irl,1968,0.3295
irl,1969,0.1099
irl,1970,0.4385
irl,1971,0.4203
irl,1972,0.4205
irl,1973,0.2062
irl,1974,0.1043
irl,1975,0.9195
irl,1976,0.1045
irl,1977,0.0998
irl,1978,0.1006
irl,1979,0.488
irl,1981,0.2874
irl,1983,0.0954
irl,1984,0.1098
irl,1986,0.1896
irl,1987,0.8017
irl,1990,0.1372
irl,1992,0.2475
irl,1993,0.3703
irl,1996,0.3612
irl,1997,0.2729
irl,1998,0.1067
irl,2000,0.8684
irl,2001,0.3727
irl,2003,0.12
irl,2005,0.2277
irl,2006,0.2305
irl,2007,0.1123
irl,2008,0.2191
irl,2009,0.2158
irl,2012,0.1023
irl,2013,0.0914
isl,1953,5.5313
isl,1964,1.4831
isl,1992,1.5153
isl,2001,1.6648
isl,2002,1.4912
isl,2004,1.4189
isl,2011,1.4856
isr,1975,0.7078
isr,1976,0.0979
isr,1977,0.1457
isr,1978,0.3125
isr,1979,0.8184
isr,1980,0.2383
isr,1981,0.3899
isr,1982,0.1635
isr,1983,0.8407
isr,1984,0.0777
isr,1985,0.3022
isr,1986,0.1418
isr,1987,0.432
isr,1988,0.4205
isr,1989,0.6938
isr,1991,0.393
isr,1993,0.5151
isr,1994,0.1865
isr,1995,0.2397
isr,1999,0.628
isr,2000,0.7434
isr,2001,0.9988
isr,2002,2.0158
isr,2003,0.7867
isr,2004,0.6029
isr,2005,0.15
isr,2006,0.5471
isr,2007,0.0972
isr,2008,0.3209
isr,2009,0.1865
isr,2010,0.5989
isr,2011,0.4038
isr,2012,0.3501
isr,2013,0.2988
isr,2014,0.2196
isr,2015,0.1307
ita,1951,0.5484
ita,1952,0.4918
ita,1953,0.5079
ita,1954,0.4445
ita,1955,0.4978
ita,1956,0.4533
ita,1957,0.5169
ita,1958,0.524
ita,1959,0.4211
ita,1960,0.263
ita,1961,0.3524
ita,1962,0.2953
ita,1963,0.3787
ita,1964,0.3058
ita,1965,0.2758
ita,1966,0.2155
ita,1967,0.3588
ita,1968,0.3154
ita,1969,0.2443
ita,1970,0.3162
ita,1971,0.3689
ita,1972,0.2727
ita,1973,0.2964
ita,1974,0.2219
ita,1975,0.2104
ita,1976,0.1577
ita,1977,0.2937
ita,1978,0.3199
ita,1979,0.251
ita,1980,0.3498
ita,1981,0.1883
ita,1982,0.2554
ita,1983,0.2511
ita,1984,0.2699
ita,1985,0.2813
ita,1986,0.206
ita,1987,0.1598
ita,1988,0.2093
ita,1989,0.2452
ita,1990,0.3724
ita,1991,0.3002
ita,1992,0.2413
ita,1993,0.2464
ita,1994,0.1194
ita,1995,0.2433
ita,1996,0.1344
ita,1997,0.1701
ita,1998,0.1119
ita,1999,0.2372
ita,2000,0.1614
ita,2001,0.1356
ita,2002,0.1874
ita,2003,0.2391
ita,2004,0.1959
ita,2005,0.1235
ita,2006,0.161
ita,2007,0.181
ita,2008,0.1684
ita,2009,0.2386
ita,2010,0.1196
ita,2011,0.108
ita,2012,0.1334
ita,2013,0.0482
ita,2014,0.298
ita,2015,0.0644
jam,1960,0.8614
jam,1964,0.2453
jam,1965,0.1191
jam,1967,0.332
jam,1981,0.1048
jam,1983,0.1134
jam,1984,0.124
jor,2008,0.4997
jor,2009,0.505
jor,2010,0.3508
jor,2011,0.3834
jor,2012,0.2077
jpn,1950,2.3298
jpn,1951,1.9927
jpn,1952,1.9446
jpn,1953,2.0448
jpn,1954,2.1193
jpn,1955,2.2966
jpn,1956,2.004
jpn,1957,2.087
jpn,1958,2.1193
jpn,1959,1.9947
jpn,1960,2.0005
jpn,1961,1.75
jpn,1962,1.6851
jpn,1963,1.6285
jpn,1964,1.7064
jpn,1965,1.6082
jpn,1966,1.6947
jpn,1967,1.6135
jpn,1968,1.8694
jpn,1969,1.5309
jpn,1970,1.8021
jpn,1971,1.6206
jpn,1972,1.6367
jpn,1973,1.6718
jpn,1974,1.8516
jpn,1975,2.0232
jpn,1976,1.9611
jpn,1977,1.963
jpn,1978,1.9647
jpn,1979,1.506
jpn,1980,1.4649
jpn,1981,1.3332
jpn,1982,1.3476
jpn,1983,1.5472
jpn,1984,1.3462
jpn,1985,1.0461
jpn,1986,1.1036
jpn,1987,0.9763
jpn,1988,1.027
jpn,1989,0.9011
jpn,1990,0.7419
jpn,1991,0.6515
jpn,1992,0.8619
jpn,1993,0.8097
jpn,1994,0.684
jpn,1995,0.5822
jpn,1996,0.5802
jpn,1997,0.6231
jpn,1998,0.7265
jpn,1999,0.531
jpn,2000,0.5748
jpn,2001,0.5498
jpn,2002,0.5177
jpn,2003,0.6366
jpn,2004,0.4961
jpn,2005,0.4627
jpn,2006,0.5293
jpn,2007,0.3505
jpn,2008,0.5065
jpn,2009,0.3346
jpn,2010,0.356
jpn,2011,0.2635
jpn,2012,0.3174
jpn,2013,0.2573
jpn,2014,0.2799
jpn,2015,0.273
kaz,1981,0.7706
kaz,1982,0.8677
kaz,1985,0.7726
kaz,1986,0.8245
kaz,1987,0.7517
kaz,1988,0.7539
kaz,1989,0.7459
kaz,1990,0.7941
kaz,1991,0.7403
kaz,1992,1.1758
kaz,1993,1.0146
kaz,1994,1.3705
kaz,1995,1.0366
kaz,1996,0.9501
kaz,1997,1.1585
kaz,1998,1.3909
kaz,1999,1.2715
kaz,2000,1.004
kaz,2001,1.2711
kaz,2002,1.1192
kaz,2003,1.3321
kaz,2013,0.4201
kaz,2014,0.3697
kaz,2015,0.3073
kgz,1981,1.4101
kgz,1982,0.9545
kgz,1985,0.4428
kgz,1986,0.7528
kgz,1987,0.7786
kgz,1988,0.9519
kgz,1989,0.406
kgz,1990,1.3437
kgz,1991,0.5936
kgz,1992,0.8605
kgz,1993,0.697
kgz,1994,0.3725
kgz,1995,0.3537
kgz,1996,0.3577
kgz,1997,0.4835
kgz,1998,0.3524
kgz,1999,0.7193
kgz,2000,0.6324
kgz,2001,0.6016
kgz,2002,0.5941
kgz,2003,0.6591
kgz,2004,0.3894
kgz,2005,0.4235
kgz,2006,0.4187
kgz,2007,0.328
kgz,2008,0.2467
kgz,2009,0.3663
kgz,2010,0.315
kgz,2011,0.301
kgz,2012,0.0978
kgz,2013,0.2918
kgz,2014,0.1147
kgz,2015,0.3528
kor,1985,0.5074
kor,1986,0.4536
kor,1987,0.4338
kor,1988,0.3181
kor,1989,0.5171
kor,1990,0.5512
kor,1991,0.4004
kor,1992,0.383
kor,1993,0.7431
kor,1994,0.5212
kor,1995,0.5857
kor,1996,0.5431
kor,1997,0.7628
kor,1998,0.9798
kor,1999,0.5221
kor,2000,0.7023
kor,2001,0.6358
kor,2002,0.9336
kor,2003,0.8154
kor,2004,0.8836
kor,2005,0.857
kor,2006,0.6366
kor,2007,0.5745
kor,2008,0.8354
kor,2009,0.977
kor,2010,0.731
kor,2011,0.7903
kor,2012,0.9339
kor,2013,0.8071
kor,2014,0.7161
kor,2015,0.7162
kwt,1975,0.5196
kwt,1976,0.2833
kwt,1977,0.665
kwt,1978,0.1563
kwt,1980,0.1625
kwt,1983,0.2063
kwt,1984,0.8108
kwt,1985,0.3003
kwt,1986,0.1378
kwt,1987,0.2635
kwt,1993,0.253
kwt,1994,0.182
kwt,1995,0.1751
kwt,1996,0.1692
kwt,1997,0.5507
kwt,1998,0.3648
kwt,1999,0.3517
kwt,2000,0.4899
kwt,2001,0.5338
kwt,2002,0.5179
kwt,2009,0.5744
kwt,2010,0.1494
kwt,2013,0.1175
lca,1983,1.621
lca,1988,1.621
lka,1950,0.801
lka,1951,0.7863
lka,1952,0.8309
lka,1953,0.7755
lka,1954,0.7541
lka,1955,0.8364
lka,1956,0.7181
lka,1957,0.516
lka,1958,0.7266
lka,1959,0.6109
lka,1960,0.6125
lka,1961,0.1469
lka,1962,0.3858
lka,1963,0.6174
lka,1964,0.3935
lka,1965,0.2748
lka,1966,0.3991
lka,1967,0.4001
lka,1968,0.277
lka,1977,0.9093
lka,1980,0.468
lka,1981,0.641
lka,1982,0.3649
lka,1983,0.787
lka,1984,0.4895
lka,1985,0.7764
lka,1986,0.4683
ltu,1981,0.7692
ltu,1982,1.4089
ltu,1985,1.4573
ltu,1986,1.6942
ltu,1987,0.7019
ltu,1988,0.4763
ltu,1989,1.1014
ltu,1990,0.3612
ltu,1991,0.6172
ltu,1992,1.3405
ltu,1993,0.7329
ltu,1994,1.4892
ltu,1995,1.6445
ltu,1996,1.3763
ltu,1997,1.803
ltu,1998,2.0656
ltu,1999,2.0445
ltu,2000,1.2205
ltu,2001,0.4604
ltu,2002,1.4913
ltu,2003,0.2365
ltu,2004,0.8165
ltu,2005,0.5228
ltu,2006,0.8695
ltu,2007,0.3664
ltu,2008,0.1726
ltu,2009,0.4422
ltu,2010,0.4546
ltu,2011,0.6575
ltu,2012,0.4713
ltu,2013,0.7084
ltu,2014,0.2315
ltu,2015,0.2255
ltu,2016,0.8999
lux,1969,2.964
lux,1972,1.7426
lux,1973,1.5375
lux,1974,1.5735
lux,1976,1.7873
lux,1981,3.2614
lux,1982,1.5827
lux,1986,1.5588
lux,1987,1.5827
lux,1988,1.5842
lux,1989,3.1204
lux,1991,1.3941
lux,1992,1.3386
lux,2001,4.9059
lux,2002,2.358
lux,2008,1.1825
lux,2010,1.2129
lux,2015,1.1468
lva,1980,0.965
lva,1981,1.557
lva,1982,0.1894
lva,1983,1.6549
lva,1984,1.1028
lva,1985,1.4336
lva,1986,0.5118
lva,1987,0.3535
lva,1988,1.5735
lva,1989,1.0059
lva,1990,0.5416
lva,1991,0.5211
lva,1992,1.1701
lva,1993,1.1953
lva,1994,1.9948
lva,1995,1.1154
lva,1996,1.9077
lva,1997,5.4813
lva,1998,0.513
lva,1999,1.7729
lva,2000,1.9508
lva,2001,1.7878
lva,2002,1.4456
lva,2003,0.6892
lva,2004,0.5597
lva,2005,1.33
lva,2006,1.25
lva,2007,0.6013
lva,2008,0.3273
lva,2009,0.6975
lva,2010,1.3286
lva,2011,0.3688
lva,2012,0.3324
lva,2013,1.0343
lva,2014,0.6838
lva,2015,0.3558
mda,1981,1.2609
mda,1982,1.4958
mda,1985,1.792
mda,1986,1.1506
mda,1987,0.8461
mda,1988,1.5272
mda,1989,1.0783
mda,1990,1.1441
mda,1991,1.0038
mda,1992,1.9576
mda,1993,2.0251
mda,1994,1.8171
mda,1995,2.2376
mda,1996,1.8746
mda,1997,1.003
mda,1998,2.2801
mda,1999,2.3027
mda,2000,1.8205
mda,2001,1.3489
mda,2002,0.8355
mda,2003,1.0809
mda,2004,0.7448
mda,2005,0.8615
mda,2006,0.7406
mda,2007,0.6604
mda,2008,0.496
mda,2009,0.6128
mda,2010,0.3282
mda,2011,0.8552
mda,2012,0.352
mda,2013,0.3556
mda,2014,0.7192
mda,2015,0.3564
mda,2016,1.5852
mdv,2002,1.2849
mdv,2005,1.2053
mex,1958,2.4268
mex,1959,2.2818
mex,1960,2.2521
mex,1961,2.3036
mex,1962,2.3472
mex,1963,1.68
mex,1964,1.9773
mex,1965,1.7282
mex,1966,1.5252
mex,1967,1.789
mex,1968,1.7565
mex,1969,0.5766
mex,1970,1.2597
mex,1971,1.2115
mex,1972,1.1718
mex,1973,0.9345
mex,1974,1.8351
mex,1975,1.7093
mex,1976,1.9917
mex,1978,1.534
mex,1979,1.6264
mex,1980,1.6926
mex,1981,1.7185
mex,1982,1.7002
mex,1983,1.5519
mex,1985,1.8261
mex,1986,1.764
mex,1987,1.9704
mex,1988,2.3534
mex,1989,2.5459
mex,1990,2.4111
mex,1991,2.5036
mex,1992,2.2909
mex,1993,2.1903
mex,1994,2.1548
mex,1995,2.031
mkd,1991,0.2057
mkd,1992,0.2086
mkd,1993,0.6056
mkd,1994,0.1959
mkd,1996,0.4037
mkd,1997,0.1981
mkd,1998,0.199
mkd,1999,0.4175
mkd,2000,0.2174
mkd,2001,0.4097
mkd,2003,0.4814
mkd,2005,0.2837
mkd,2006,0.4399
mkd,2011,0.5182
mkd,2012,0.2937
mlt,1988,1.2632
mlt,1992,1.2174
mlt,1998,1.5153
mlt,2001,3.1636
mne,2005,2.2638
mng,2016,0.6043
mtq,1970,0.628
mus,1962,0.3575
mus,1963,0.3426
mus,1966,0.5723
mus,1968,0.2903
mus,1969,0.6234
mus,1973,1.3136
mus,1974,0.3367
mus,1975,0.6332
mus,1978,0.2848
mus,1980,0.3094
mus,1982,0.3168
mus,1985,0.301
mus,1987,1.081
mus,1988,0.616
mus,1989,2.0611
mus,1990,0.3367
mus,1991,1.3836
mus,1992,1.279
mus,1993,0.9127
mus,1994,0.6527
mus,1995,0.34
mus,1996,1.3978
mus,1998,1.0424
mus,1999,1.7528
mus,2000,0.7079
mus,2002,1.0036
mus,2003,1.066
mus,2005,2.1335
mus,2006,1.5094
mus,2007,1.2397
mus,2008,1.5413
mus,2010,1.2045
mus,2011,1.452
mus,2012,0.4586
mus,2014,0.4081
mus,2015,0.9205
mus,2016,0.3651
mys,2007,0.2764
mys,2008,0.0245
mys,2009,0.1595
mys,2010,0.0761
mys,2011,0.0527
mys,2012,0.1565
mys,2013,0.0644
mys,2014,0.0521
nic,1961,0.7775
nic,1962,1.3708
nic,1963,1.497
nic,1964,0.8368
nic,1965,1.6709
nic,1968,1.9047
nic,1969,9.2903
nic,1973,0.9884
nic,1974,1.6977
nic,1975,1.2326
nic,1976,0.4763
nic,1977,0.962
nic,1978,1.1607
nld,1950,0.1549
nld,1951,0.225
nld,1952,0.2538
nld,1953,0.247
nld,1954,0.2453
nld,1955,0.2179
nld,1956,0.0283
nld,1957,0.2746
nld,1958,0.2395
nld,1959,0.2948
nld,1960,0.3232
nld,1961,0.2349
nld,1962,0.1147
nld,1963,0.1711
nld,1964,0.3723
nld,1965,0.1983
nld,1966,0.3421
nld,1967,0.1743
nld,1968,0.3148
nld,1969,0.4287
nld,1970,0.2287
nld,1971,0.3196
nld,1972,0.343
nld,1973,0.223
nld,1974,0.382
nld,1975,0.3263
nld,1976,0.3843
nld,1977,0.7239
nld,1978,0.4189
nld,1979,0.5564
nld,1980,0.3365
nld,1981,0.327
nld,1982,0.1862
nld,1983,0.4851
nld,1984,0.4832
nld,1985,0.5381
nld,1986,0.3006
nld,1987,0.3011
nld,1988,0.6333
nld,1989,0.184
nld,1990,0.471
nld,1991,0.433
nld,1992,0.5712
nld,1993,0.4267
nld,1994,0.316
nld,1995,0.2838
nld,1996,0.488
nld,1997,0.4855
nld,1998,0.3104
nld,1999,0.3403
nld,2000,0.2369
nld,2001,0.2699
nld,2002,0.6386
nld,2003,0.5044
nld,2004,0.4047
nld,2005,0.6495
nld,2006,0.5967
nld,2007,0.57
nld,2008,0.4656
nld,2009,0.531
nld,2010,0.601
nld,2011,0.4289
nld,2012,0.4494
nld,2013,0.4591
nld,2014,0.1854
nld,2015,0.223
nld,2016,0.201
nor,1951,0.4683
nor,1952,0.2579
nor,1953,0.1109
nor,1954,0.1128
nor,1955,0.1113
nor,1956,0.4426
nor,1957,0.7761
nor,1958,0.1089
nor,1959,0.3183
nor,1960,0.44
nor,1961,0.2196
nor,1962,0.2213
nor,1963,0.4348
nor,1964,0.3298
nor,1965,0.7566
nor,1967,0.4235
nor,1968,0.6408
nor,1969,0.3226
nor,1970,0.5195
nor,1971,0.3122
nor,1972,0.2056
nor,1973,0.3308
nor,1974,0.1066
nor,1975,0.2264
nor,1976,0.4598
nor,1977,0.2027
nor,1978,0.1364
nor,1979,0.4995
nor,1980,0.3258
nor,1981,0.8048
nor,1982,0.5363
nor,1983,0.5119
nor,1984,0.2629
nor,1985,0.6607
nor,1986,0.8919
nor,1987,0.3571
nor,1988,0.1173
nor,1989,0.12
nor,1990,0.3733
nor,1991,0.5943
nor,1992,0.4824
nor,1993,0.3747
nor,1994,0.1207
nor,1996,0.5905
nor,1997,0.4561
nor,1998,0.1105
nor,1999,0.3551
nor,2000,0.7768
nor,2001,0.4478
nor,2002,0.4307
nor,2003,0.7069
nor,2006,0.6727
nor,2007,0.4304
nor,2008,0.2223
nor,2010,0.5572
nor,2011,0.2099
nor,2012,0.107
nor,2013,0.1065
nor,2014,0.4387
nor,2015,0.107
nzl,1950,0.808
nzl,1951,0.143
nzl,1952,0.2846
nzl,1953,0.5728
nzl,1954,0.1343
nzl,1955,0.5369
nzl,1956,0.6495
nzl,1957,0.7657
nzl,1958,0.9129
nzl,1959,1.018
nzl,1960,1.1064
nzl,1961,0.7243
nzl,1962,0.4486
nzl,1963,0.3307
nzl,1964,1.4276
nzl,1965,1.2007
nzl,1966,0.8061
nzl,1967,0.9967
nzl,1968,0.9057
nzl,1969,1.1329
nzl,1970,1.585
nzl,1971,0.2259
nzl,1972,0.9829
nzl,1973,0.7808
nzl,1974,0.8813
nzl,1975,0.6438
nzl,1976,1.3576
nzl,1977,2.3188
nzl,1978,1.516
nzl,1979,1.1158
nzl,1980,0.8794
nzl,1981,0.7951
nzl,1982,0.8061
nzl,1983,0.6806
nzl,1984,0.9331
nzl,1985,0.2398
nzl,1986,1.8587
nzl,1987,1.0399
nzl,1988,1.2558
nzl,1989,1.1353
nzl,1990,1.0377
nzl,1991,0.8425
nzl,1992,1.7012
nzl,1993,0.956
nzl,1994,1.5768
nzl,1995,0.9645
nzl,1996,0.8347
nzl,1997,1.4182
nzl,1998,1.1679
nzl,1999,1.2911
nzl,2000,1.1637
nzl,2001,0.9324
nzl,2002,0.9437
nzl,2003,0.2335
nzl,2004,1.057
nzl,2005,1.1417
nzl,2006,0.9332
nzl,2007,0.8091
nzl,2008,0.2281
nzl,2009,1.2243
nzl,2010,0.7654
nzl,2011,0.8838
nzl,2012,0.5674
pan,1955,0.2086
pan,1956,0.9528
pan,1957,0.4239
pan,1958,0.261
pan,1959,0.6562
pan,1960,1.2822
pan,1962,0.2323
pan,1963,0.1515
pan,1964,0.377
pan,1965,0.3928
pan,1966,0.1766
pan,1967,0.5173
pan,1968,0.9356
pan,1969,0.5642
pan,1971,1.0283
pan,1972,0.4673
pan,1973,0.3314
pan,1974,0.2849
pan,1975,0.1196
pan,1976,0.7172
pan,1977,0.2386
pan,1978,0.1436
pan,1979,0.1223
pan,1980,0.2787
pan,1981,0.1196
pan,1982,0.1223
pan,1983,0.2454
pan,1984,0.3669
pan,1985,0.2423
pan,1986,0.9573
pan,1987,0.822
per,1966,0.6338
per,1967,0.6751
per,1968,0.4591
per,1969,0.3447
per,1970,0.3655
per,1971,0.3391
per,1972,0.4284
per,1973,0.4919
per,1977,0.3137
per,1978,0.441
per,1983,0.5131
phl,1963,0.4337
phl,1964,0.3806
phl,1965,0.5126
phl,1966,0.4205
phl,1967,0.7311
phl,1968,1.1533
phl,1969,1.0645
phl,1970,1.1324
phl,1971,0.1928
phl,1972,0.0878
phl,1973,0.227
phl,1974,0.1475
phl,1975,0.1123
phl,1976,0.209
phl,1978,0.0391
phl,1981,0.0704
png,1977,0.0686
pol,1959,0.4099
pol,1960,0.3543
pol,1961,0.3691
pol,1962,0.4424
pol,1963,0.2551
pol,1964,0.2861
pol,1965,0.341
pol,1966,0.3971
pol,1967,0.2457
pol,1968,0.3394
pol,1969,0.3524
pol,1970,0.4361
pol,1971,0.5587
pol,1972,0.321
pol,1973,0.3944
pol,1974,0.5366
pol,1975,0.4375
pol,1976,0.3496
pol,1977,0.3406
pol,1978,0.3075
pol,1979,0.32
pol,1983,0.3419
pol,1984,0.443
pol,1985,0.3498
pol,1986,0.47
pol,1987,0.3554
pol,1988,0.4376
pol,1989,0.4212
pol,1990,0.7377
pol,1991,0.4766
pol,1992,0.4976
pol,1993,0.4259
pol,1994,0.4811
pol,1995,0.5399
pol,1996,0.5754
pol,1999,0.5914
pol,2000,0.4208
pol,2001,0.4244
pol,2002,0.439
pol,2003,0.4389
pol,2004,0.3034
pol,2005,0.3102
pol,2006,0.2606
pol,2007,0.2884
pol,2008,0.2394
pol,2009,0.152
pol,2010,0.2586
pol,2011,0.191
pol,2012,0.1952
pol,2013,0.1815
pol,2014,0.0895
pol,2015,0.0936
pri,1961,0.195
pri,1962,0.7045
pri,1963,0.6892
pri,1964,0.8896
pri,1965,0.8782
pri,1969,0.6859
pri,1970,0.1002
pri,1971,1.6198
pri,1972,0.6817
pri,1973,0.9035
pri,1974,1.4495
pri,1975,0.8504
pri,1976,0.6541
pri,1977,1.0294
pri,1979,0.5549
pri,1980,0.4928
pri,1981,0.9695
pri,1982,0.9788
pri,1983,0.9469
pri,1984,0.1864
pri,1985,0.8169
pri,1986,0.8829
pri,1987,0.3836
pri,1988,0.5635
pri,1989,1.2829
pri,1990,0.4032
pri,1991,2.0447
pri,1992,1.6537
prt,1955,0.3423
prt,1956,0.4211
prt,1957,0.2571
prt,1958,0.3262
prt,1959,0.1099
prt,1960,0.266
prt,1961,0.3124
prt,1962,0.2421
prt,1963,0.3625
prt,1964,0.1919
prt,1965,0.2552
prt,1966,0.2516
prt,1967,0.3313
prt,1968,0.2707
prt,1969,0.1941
prt,1970,0.2615
prt,1971,0.32
prt,1972,0.3343
prt,1973,0.1655
prt,1974,0.2468
prt,1975,0.194
prt,1976,0.2952
prt,1977,0.4003
prt,1978,0.3426
prt,1979,0.3677
prt,1980,0.251
prt,1981,0.1157
prt,1982,0.1324
prt,1983,0.219
prt,1984,0.4525
prt,1985,0.2275
prt,1986,0.4407
prt,1987,0.3437
prt,1988,0.3685
prt,1989,0.5781
prt,1990,0.7065
prt,1991,0.5283
prt,1992,0.6719
prt,1993,0.4115
prt,1994,0.2295
prt,1995,0.7484
prt,1996,0.277
prt,1997,0.2391
prt,1998,0.4339
prt,1999,0.4865
prt,2000,0.2435
prt,2001,0.2442
prt,2003,0.4172
prt,2007,0.3564
prt,2008,0.1192
prt,2009,0.1879
prt,2010,0.0588
prt,2011,0.197
prt,2012,0.1865
prt,2013,0.2583
prt,2014,0.0845
qat,2004,0.5777
qat,2008,0.4171
qat,2012,0.3265
qat,2013,0.2967
qat,2014,0.2823
qat,2015,0.2694
rou,1989,0.8356
rou,1990,1.0246
rou,1991,0.5005
rou,1992,0.6278
rou,1993,0.6467
rou,1994,0.8165
rou,1995,0.861
rou,1996,0.7315
rou,1997,1.0284
rou,1998,0.8665
rou,1999,0.9319
rou,2000,0.939
rou,2001,0.8718
rou,2002,0.8124
rou,2003,0.9792
rou,2004,0.5066
rou,2005,0.7426
rou,2006,0.3019
rou,2007,0.3432
rou,2008,0.5328
rou,2009,0.2825
rou,2010,0.6215
rou,2011,0.4243
rou,2012,0.4828
rou,2013,0.5007
rou,2014,0.41
rou,2015,0.2683
rou,2016,0.3383
rus,1980,1.3224
rus,1981,1.4978
rus,1982,1.3369
rus,1985,1.0944
rus,1986,1.0118
rus,1987,0.9183
rus,1988,1.035
rus,1989,1.1157
rus,1990,1.1491
rus,1991,1.1402
rus,1992,1.4428
rus,1993,2.0574
rus,1994,1.9796
rus,1995,1.9992
rus,1996,1.7864
rus,1997,1.9968
rus,1998,1.8267
scg,1997,0.4989
scg,1998,0.179
scg,1999,0.3503
scg,2000,0.0425
scg,2001,0.9843
scg,2002,0.5705
sgp,1965,0.1142
sgp,1966,0.242
sgp,1967,0.4182
sgp,1968,0.1201
sgp,1969,0.8211
sgp,1970,0.585
sgp,1971,0.8287
sgp,1972,0.2586
sgp,1973,0.4066
sgp,1974,0.2634
sgp,1975,0.2881
sgp,1976,0.295
sgp,1977,0.6
sgp,1978,0.1606
sgp,1979,1.3748
sgp,1980,0.6586
sgp,1981,1.559
sgp,1982,0.6443
sgp,1983,1.146
sgp,1984,1.307
sgp,1985,0.4905
sgp,1986,1.1625
sgp,1987,0.8042
sgp,1988,0.9737
sgp,1989,1.8847
sgp,1990,0.2992
sgp,1991,1.3536
sgp,1992,0.4697
sgp,1993,0.7045
sgp,1994,0.4308
sgp,1995,1.2952
sgp,1996,0.1356
sgp,1997,0.1362
sgp,1999,0.541
sgp,2000,0.5821
sgp,2001,0.1668
sgp,2002,0.4474
sgp,2003,0.469
sgp,2004,0.7675
sgp,2005,0.2865
sgp,2008,0.488
sgp,2009,1.0787
sgp,2010,0.3011
sgp,2011,0.639
sgp,2012,0.4199
sgp,2013,0.1616
sgp,2014,0.3426
slv,1958,1.676
slv,1959,1.5758
slv,1960,1.3919
slv,1961,1.3733
slv,1962,1.5848
slv,1963,1.4215
slv,1964,1.7424
slv,1965,0.8535
slv,1966,1.1243
slv,1967,1.2373
slv,1968,0.6944
slv,1969,1.1559
slv,1970,0.6947
slv,1971,1.2301
slv,1972,1.1666
slv,1973,0.5222
slv,1974,1.0625
slv,1981,1.0961
slv,1982,1.4416
slv,1983,1.6427
slv,1984,1.9324
slv,1992,1.9467
slv,1993,2.3409
srb,1998,0.2993
srb,1999,0.6092
srb,2000,0.072
srb,2001,0.6943
srb,2002,0.5912
srb,2003,0.7262
srb,2004,0.1782
srb,2005,0.5782
srb,2006,0.2833
srb,2007,0.3837
srb,2008,0.3602
srb,2009,0.2717
srb,2010,0.3861
srb,2011,0.2997
srb,2012,0.2069
srb,2013,1.0062
srb,2014,0.0977
srb,2015,0.1022
sur,1971,0.5594
sur,1975,0.7058
sur,1979,0.5521
sur,1984,0.6687
sur,1985,1.2237
sur,1990,0.697
svk,1992,0.399
svk,1993,0.6882
svk,1994,0.3709
svk,1995,0.7954
svk,1996,0.4016
svk,1997,0.4125
svk,1998,0.1938
svk,1999,0.079
svk,2000,0.3807
svk,2001,0.363
svk,2002,0.5669
svk,2003,0.6725
svk,2004,0.613
svk,2005,0.1156
svk,2008,0.2315
svk,2009,0.2416
svk,2012,0.2398
svk,2013,0.374
svk,2014,0.12
svn,1985,0.5152
svn,1986,0.8059
svn,1988,1.0272
svn,1989,0.828
svn,1990,1.2087
svn,1991,0.2797
svn,1992,0.2928
svn,1993,0.712
svn,1994,1.6736
svn,1995,1.4051
svn,1996,1.3377
svn,1998,0.3983
svn,1999,0.3983
svn,2000,0.3275
svn,2002,0.5692
svn,2003,0.6465
svn,2005,0.3195
svn,2009,0.6875
svn,2011,0.628
svn,2014,0.6641
swe,1951,0.7635
swe,1952,0.6515
swe,1953,0.9258
swe,1954,0.9279
swe,1955,1.2432
swe,1956,1.3955
swe,1957,0.9085
swe,1958,0.7241
swe,1959,0.6269
swe,1960,0.7076
swe,1961,0.5105
swe,1962,0.6413
swe,1963,1.2662
swe,1964,0.8031
swe,1965,0.6704
swe,1966,0.7855
swe,1967,0.6565
swe,1968,0.6661
swe,1969,0.8087
swe,1970,0.8272
swe,1971,0.822
swe,1972,0.7792
swe,1973,0.586
swe,1974,0.4714
swe,1975,0.5343
swe,1976,0.362
swe,1977,0.4147
swe,1978,0.178
swe,1979,0.7388
swe,1980,0.5636
swe,1981,0.8957
swe,1982,0.6167
swe,1983,0.47
swe,1984,0.1891
swe,1985,0.6121
swe,1986,0.402
swe,1987,0.4753
swe,1988,0.6014
swe,1989,0.1915
swe,1990,0.9081
swe,1991,0.5537
swe,1992,0.6632
swe,1993,0.5898
swe,1994,0.2426
swe,1995,0.5312
swe,1996,0.3543
swe,1997,0.1361
swe,1998,0.3279
swe,1999,0.1878
swe,2000,0.2993
swe,2001,0.4131
swe,2002,0.41
swe,2003,0.1292
swe,2004,0.5689
swe,2005,0.1379
swe,2006,0.1236
swe,2007,0.1357
swe,2008,0.2604
swe,2009,0.2539
swe,2010,0.4487
swe,2011,0.1232
swe,2012,0.3196
swe,2013,0.3025
swe,2014,0.1195
swe,2015,0.1754
syc,1985,4.1002
syr,2010,0.2166
tha,1957,0.7619
tha,1958,0.7112
tha,1959,0.7581
tha,1960,0.7624
tha,1961,0.872
tha,1962,0.8815
tha,1963,0.9861
tha,1964,1.1085
tha,1965,1.1588
tha,1966,1.1156
tha,1967,1.4076
tha,1968,1.3981
tha,1969,1.2543
tha,1970,1.0642
tha,1971,0.9858
tha,1972,0.7514
tha,1973,1.1735
tha,1974,1.3012
tha,1975,1.6609
tha,1976,1.4832
tha,1977,1.6688
tha,1978,1.9065
tha,1979,2.1168
tha,1980,2.1134
tha,1981,1.5366
tha,1982,1.3661
tha,1983,1.0715
tha,1984,0.9198
tha,1985,0.756
tha,1986,0.7371
tha,1987,0.7912
tha,1994,1.069
tha,2002,0.7424
tha,2007,0.6204
tha,2008,0.3802
tha,2009,0.4929
tha,2010,0.319
tha,2011,0.4334
tha,2012,0.5201
tha,2013,0.4285
tha,2014,0.5729
tha,2015,0.37
tha,2016,0.3579
tjk,1981,0.4272
tjk,1982,0.172
tjk,1985,0.1046
tjk,1986,0.1174
tjk,1987,0.1148
tjk,1988,0.107
tjk,1989,0.0359
tjk,1990,0.2011
tjk,1991,0.2116
tjk,1992,0.2944
tjk,1993,2.2332
tjk,1994,0.6365
tjk,1995,0.2313
tjk,1996,0.6892
tjk,1997,0.7934
tjk,1998,0.1155
tjk,1999,0.2674
tjk,2000,0.3067
tjk,2001,0.2716
tjk,2002,0.077
tjk,2003,0.1898
tjk,2004,0.3424
tkm,1981,0.5498
tkm,1982,0.5338
tkm,1985,0.3104
tkm,1986,0.3452
tkm,1987,0.2733
tkm,1988,1.0564
tkm,1989,0.3325
tkm,1990,0.3339
tkm,1991,0.1431
tkm,1992,0.2475
tkm,1993,0.6115
tkm,1994,0.2857
tkm,1995,0.1595
tkm,1996,0.4245
tkm,1997,0.4337
tkm,1998,0.2725
tto,1952,2.2617
tto,1953,1.3395
tto,1954,2.0771
tto,1955,0.8445
tto,1956,0.6669
tto,1957,1.5819
tto,1958,0.3533
tto,1960,0.5703
tto,1961,0.4843
tto,1962,0.7168
tto,1963,1.3297
tto,1967,1.1932
tto,1968,1.129
tto,1970,0.9491
tto,1971,0.314
tto,1972,0.7154
tto,1973,1.2883
tto,1975,0.9204
tto,1976,1.3748
tto,1977,0.9726
tto,1978,1.8424
tto,1979,0.5135
tto,1980,0.3136
tto,1981,0.2812
tto,1982,0.3037
tto,1983,0.808
tto,1984,0.539
tto,1985,0.7204
tto,1986,0.975
tto,1987,2.1638
tto,1989,2.0686
tto,1990,1.1682
tto,1991,2.0249
tto,1992,1.6052
tto,1993,2.7812
tto,1994,1.0637
tur,2009,0.1248
tur,2010,0.1733
tur,2011,0.1119
tur,2012,0.1294
tur,2013,0.2267
tur,2014,0.1916
tur,2015,0.1856
twn,1964,0.3213
twn,1965,0.3937
twn,1966,0.2273
twn,1967,0.2522
twn,1968,0.3122
twn,1969,0.47
ukr,1981,0.7129
ukr,1982,0.7649
ukr,1985,0.6228
ukr,1986,0.808
ukr,1987,0.9293
ukr,1988,0.9122
ukr,1989,0.9363
ukr,1990,0.8309
ukr,1991,0.9272
ukr,1992,0.8369
ukr,1993,1.3913
ukr,1994,1.1045
ukr,1995,1.4653
ukr,1996,1.6345
ukr,1997,1.615
ukr,1998,1.2243
ukr,1999,1.55
ukr,2000,1.5188
ukr,2001,1.4129
ukr,2002,1.3964
ukr,2003,1.2621
ukr,2004,1.0895
ury,1955,0.7492
ury,1956,1.1987
ury,1957,0.2997
ury,1958,1.1886
ury,1959,0.2874
ury,1960,0.8465
ury,1963,0.5476
ury,1964,0.9395
ury,1965,0.534
ury,1966,0.5382
ury,1967,1.1674
ury,1968,0.4888
ury,1969,0.5113
ury,1970,1.0111
ury,1971,0.7395
ury,1972,0.4805
ury,1973,0.7213
ury,1974,1.1767
ury,1975,0.7808
ury,1976,1.4539
ury,1977,1.0422
ury,1978,0.1279
ury,1980,0.7659
ury,1981,0.9977
ury,1982,0.355
ury,1983,0.3737
ury,1984,0.2486
ury,1985,0.7402
ury,1986,0.6233
ury,1987,0.4885
ury,1988,0.8479
ury,1989,0.723
ury,1990,0.6298
usa,1950,0.8274
usa,1951,0.745
usa,1952,0.7353
usa,1953,0.703
usa,1954,0.7769
usa,1955,0.6715
usa,1956,0.7204
usa,1957,0.6533
usa,1958,0.7434
usa,1959,0.8445
usa,1960,0.8539
usa,1961,0.9506
usa,1962,0.9694
usa,1963,1.0357
usa,1964,1.1048
usa,1965,1.1099
usa,1966,1.1287
usa,1967,1.2086
usa,1968,1.1959
usa,1969,1.2207
usa,1970,1.3562
usa,1971,1.5784
usa,1972,1.4338
usa,1973,1.7452
usa,1974,1.6594
usa,1975,1.7048
usa,1976,1.7155
usa,1977,1.8736
usa,1978,1.8364
usa,1979,1.7463
usa,1980,1.8562
usa,1981,1.9439
usa,1982,1.9821
usa,1983,1.6674
usa,1984,1.9262
usa,1985,1.8388
usa,1986,1.9777
usa,1987,1.9192
usa,1988,2.1532
usa,1989,2.2708
usa,1990,2.2451
usa,1991,2.3762
usa,1992,2.3742
usa,1993,2.572
usa,1994,2.3656
usa,1995,2.3098
usa,1996,2.2269
usa,1997,2.0193
usa,1998,2.0753
usa,1999,1.9968
usa,2000,1.8589
usa,2001,1.8042
usa,2002,1.8001
usa,2003,1.7352
usa,2004,1.7101
usa,2005,1.6715
usa,2006,1.8072
usa,2007,1.7798
ussr,1982,1.0458
ussr,1983,0.9695
ussr,1984,0.8682
ussr,1985,0.8235
ussr,1986,0.8118
ussr,1987,0.7653
ussr,1988,0.8572
ussr,1989,0.8431
ussr,1990,0.8612
uzb,1981,0.4463
uzb,1982,1.3526
uzb,1985,0.4423
uzb,1986,0.5516
uzb,1987,0.31
uzb,1988,0.4414
uzb,1989,0.3857
uzb,1990,0.4573
uzb,1991,0.368
uzb,1992,0.372
uzb,1993,0.2962
uzb,1994,0.2537
uzb,1995,0.2928
uzb,1996,0.5338
uzb,1997,0.3633
uzb,1998,0.3167
uzb,1999,0.226
uzb,2000,0.2254
uzb,2001,0.426
uzb,2002,0.4268
uzb,2003,0.2655
uzb,2004,0.3272
uzb,2005,0.2903
ven,1955,0.671
ven,1956,0.4307
ven,1957,0.5594
ven,1958,0.5463
ven,1959,0.6797
ven,1960,0.7985
ven,1961,0.7508
ven,1962,0.8438
ven,1963,1.0606
ven,1964,0.8747
ven,1965,0.4889
ven,1966,0.6063
ven,1967,0.5192
ven,1968,0.5772
ven,1969,0.6514
ven,1970,0.7111
ven,1971,0.7577
ven,1972,0.789
ven,1973,0.723
ven,1974,0.6101
ven,1975,0.6837
ven,1976,0.6252
ven,1977,0.5626
ven,1978,0.5183
ven,1979,0.4571
ven,1980,0.6475
ven,1981,0.5147
ven,1982,0.8172
ven,1983,0.669
ven,1985,0.7545
ven,1986,0.6334
ven,1987,0.4405
ven,1988,0.8776
ven,1989,0.9905
ven,1990,1.3047
ven,1992,1.0834
ven,1993,1.3751
ven,1994,1.4074
yug,1968,1.378
yug,1969,1.0663
yug,1978,0.6646
yug,1979,0.5556
yug,1980,0.6521
yug,1981,0.7746
yug,1982,0.9888
yug,1983,0.5956
yug,1984,0.4087
yug,1985,0.5157
yug,1986,0.5941
yug,1987,0.3574
yug,1988,0.4159
yug,1989,0.4326
yug,1990,0.3705
zaf,2007,0.5337
zaf,2008,0.3824
zaf,2009,0.4009
zaf,2010,0.392
zaf,2011,0.4423
zaf,2012,0.4357
zaf,2013,0.2962
zaf,2014,0.3816
zaf,2015,0.5732
