geo,time,tb_with_hivplus_deaths_per_100000_estimated
afg,1990,0
afg,1991,0
afg,1992,0
afg,1993,0
afg,1994,0
afg,1995,0
afg,1996,0
afg,1997,0
afg,1998,0
afg,1999,0
afg,2000,0
afg,2001,0
afg,2002,0
afg,2003,0
afg,2004,0
afg,2005,0
afg,2006,0
afg,2007,0
ago,1990,3.3
ago,1991,4.1
ago,1992,5
ago,1993,6.1
ago,1994,7.2
ago,1995,8.5
ago,1996,10.2
ago,1997,8.5
ago,1998,11
ago,1999,11.5
ago,2000,18
ago,2001,12.4
ago,2002,10.9
ago,2003,9.2
ago,2004,12.3
ago,2005,13.2
ago,2006,7.4
ago,2007,11.3
arg,1990,0.3
arg,1991,0.4
arg,1992,0.4
arg,1993,0.4
arg,1994,0.5
arg,1995,0.5
arg,1996,0.5
arg,1997,0.6
arg,1998,0.6
arg,1999,0.5
arg,2000,0.5
arg,2001,0.6
arg,2002,0.5
arg,2003,0.5
arg,2004,0.4
arg,2005,0.5
arg,2006,0.5
arg,2007,0.5
arm,1990,0
arm,1991,0
arm,1992,0
arm,1993,0
arm,1994,0
arm,1995,0
arm,1996,0.1
arm,1997,0.1
arm,1998,0.1
arm,1999,0.3
arm,2000,0.4
arm,2001,0.5
arm,2002,0.5
arm,2003,0.5
arm,2004,0.5
arm,2005,0.4
arm,2006,0.4
arm,2007,0.4
aus,1990,0
aus,1991,0
aus,1992,0
aus,1993,0
aus,1994,0
aus,1995,0
aus,1996,0
aus,1997,0
aus,1998,0
aus,1999,0
aus,2000,0
aus,2001,0
aus,2002,0
aus,2003,0
aus,2004,0
aus,2005,0
aus,2006,0
aus,2007,0
aut,1990,0
aut,1991,0
aut,1992,0
aut,1993,0
aut,1994,0
aut,1995,0
aut,1996,0
aut,1997,0
aut,1998,0
aut,1999,0
aut,2000,0
aut,2001,0
aut,2002,0
aut,2003,0
aut,2004,0
aut,2005,0
aut,2006,0
aut,2007,0
aze,1990,0
aze,1991,0
aze,1992,0
aze,1993,0
aze,1994,0
aze,1995,0
aze,1996,0
aze,1997,0
aze,1998,0
aze,1999,0
aze,2000,0
aze,2001,0
aze,2002,0
aze,2003,0.1
aze,2004,0.2
aze,2005,0.3
aze,2006,0.4
aze,2007,0.5
bdi,1990,11.7
bdi,1991,16.9
bdi,1992,25.8
bdi,1993,32.1
bdi,1994,34.5
bdi,1995,35.8
bdi,1996,37.1
bdi,1997,36
bdi,1998,44.1
bdi,1999,39.8
bdi,2000,41.4
bdi,2001,44.9
bdi,2002,46.3
bdi,2003,45.6
bdi,2004,43.4
bdi,2005,41.1
bdi,2006,37.8
bdi,2007,34.4
bel,1990,0
bel,1991,0
bel,1992,0
bel,1993,0
bel,1994,0.1
bel,1995,0.1
bel,1996,0
bel,1997,0.1
bel,1998,0.1
bel,1999,0.1
bel,2000,0
bel,2001,0.1
bel,2002,0.1
bel,2003,0.1
bel,2004,0.1
bel,2005,0.1
bel,2006,0.1
bel,2007,0.1
ben,1990,0.6
ben,1991,0.9
ben,1992,1.3
ben,1993,1.8
ben,1994,2.5
ben,1995,3.1
ben,1996,3.8
ben,1997,4.5
ben,1998,5
ben,1999,5.1
ben,2000,5.3
ben,2001,5.5
ben,2002,6
ben,2003,6.2
ben,2004,5.9
ben,2005,5.9
ben,2006,5.7
ben,2007,5.7
bfa,1990,13.8
bfa,1991,15.2
bfa,1992,15.8
bfa,1993,16.4
bfa,1994,17.1
bfa,1995,18
bfa,1996,19.1
bfa,1997,21.6
bfa,1998,23.9
bfa,1999,26.5
bfa,2000,29.4
bfa,2001,31.6
bfa,2002,33.3
bfa,2003,33.8
bfa,2004,33
bfa,2005,31.3
bfa,2006,29.3
bfa,2007,27.8
bgd,1990,0
bgd,1991,0
bgd,1992,0
bgd,1993,0
bgd,1994,0
bgd,1995,0
bgd,1996,0
bgd,1997,0
bgd,1998,0
bgd,1999,0
bgd,2000,0
bgd,2001,0.2
bgd,2002,0.2
bgd,2003,0.2
bgd,2004,0.3
bgd,2005,0.3
bgd,2006,0.3
bgd,2007,0.3
bgr,1990,0
bgr,1991,0
bgr,1992,0
bgr,1993,0
bgr,1994,0
bgr,1995,0
bgr,1996,0
bgr,1997,0
bgr,1998,0
bgr,1999,0
bgr,2000,0
bgr,2001,0
bgr,2002,0
bgr,2003,0
bgr,2004,0
bgr,2005,0.1
bgr,2006,0.1
bgr,2007,0.1
bhr,1990,0
bhr,1991,0
bhr,1992,0
bhr,1993,0
bhr,1994,0
bhr,1995,0
bhr,1996,0
bhr,1997,0
bhr,1998,0
bhr,1999,0
bhr,2000,0
bhr,2001,0
bhr,2002,0
bhr,2003,0
bhr,2004,0
bhr,2005,0
bhs,1990,5.5
bhs,1991,6
bhs,1992,6.2
bhs,1993,6.1
bhs,1994,5.9
bhs,1995,5.6
bhs,1996,5.4
bhs,1997,5
bhs,1998,5.2
bhs,1999,3.6
bhs,2000,3.4
bhs,2001,3.3
bhs,2002,4.2
bhs,2003,4.3
bhs,2004,4.1
bhs,2005,4.1
bhs,2006,4.1
bhs,2007,4.2
blr,1990,0
blr,1991,0
blr,1992,0
blr,1993,0
blr,1994,0.1
blr,1995,0.1
blr,1996,0.2
blr,1997,0.3
blr,1998,0.5
blr,1999,0.5
blr,2000,0.6
blr,2001,0.6
blr,2002,0.5
blr,2003,0.4
blr,2004,0.4
blr,2005,0.4
blr,2006,0.4
blr,2007,0.4
blz,1990,0
blz,1991,0.2
blz,1992,0.6
blz,1993,1.4
blz,1994,2.1
blz,1995,2.4
blz,1996,0.8
blz,1997,1.3
blz,1998,2.2
blz,1999,2.4
blz,2000,1.2
blz,2001,0.8
blz,2002,0.8
blz,2003,1.5
blz,2004,1.5
blz,2005,1.3
blz,2006,1.8
blz,2007,2.5
bol,1990,0.3
bol,1991,0.4
bol,1992,0.5
bol,1993,0.6
bol,1994,0.8
bol,1995,0.9
bol,1996,1
bol,1997,1.1
bol,1998,1.1
bol,1999,1.2
bol,2000,1.2
bol,2001,1.2
bol,2002,1.3
bol,2003,1.3
bol,2004,1.3
bol,2005,1.2
bol,2006,1.3
bol,2007,1.3
bra,1990,1
bra,1991,1.2
bra,1992,1.1
bra,1993,1.1
bra,1994,1.1
bra,1995,1.9
bra,1996,1.9
bra,1997,1.9
bra,1998,1.6
bra,1999,1.8
bra,2000,1.7
bra,2001,1.6
bra,2002,1.6
bra,2003,1.5
bra,2004,1.2
bra,2005,1.2
bra,2006,1.1
bra,2007,1.3
brb,1990,0.2
brb,1991,0.3
brb,1992,0.3
brb,1993,0.3
brb,1994,0.3
brb,1995,0.3
brb,1996,0.3
brb,1997,0.3
brb,1998,0.3
brb,1999,0.3
brb,2000,0.3
brb,2001,0.2
brb,2002,0.2
brb,2003,0.2
brb,2004,0.2
brb,2005,0.2
brb,2006,0.2
brb,2007,0.1
brn,1990,0
brn,1991,0
brn,1992,0
brn,1993,0
brn,1994,0
brn,1995,0
brn,1996,0
brn,1997,0
brn,1998,0
brn,1999,0
brn,2000,0
brn,2001,0
brn,2002,0
brn,2003,0
brn,2004,0
brn,2005,0
brn,2006,0
brn,2007,0
btn,1990,0
btn,1991,0
btn,1992,0
btn,1993,0
btn,1994,0
btn,1995,0
btn,1996,0
btn,1997,0
btn,1998,0
btn,1999,0
btn,2000,0
btn,2001,0
btn,2002,0.1
btn,2003,0.2
btn,2004,0.4
btn,2005,0.8
btn,2006,1.1
btn,2007,1.2
bwa,1990,15
bwa,1991,20.9
bwa,1992,26.7
bwa,1993,32.2
bwa,1994,36.9
bwa,1995,40.5
bwa,1996,41.8
bwa,1997,43.4
bwa,1998,48.8
bwa,1999,54.9
bwa,2000,61.8
bwa,2001,79.7
bwa,2002,94.3
bwa,2003,120.6
bwa,2004,127.1
bwa,2005,130.2
bwa,2006,151.9
bwa,2007,156.5
caf,1990,13.1
caf,1991,17.9
caf,1992,22.7
caf,1993,27.8
caf,1994,32.8
caf,1995,37.6
caf,1996,29.8
caf,1997,48.1
caf,1998,53.9
caf,1999,59.9
caf,2000,66.4
caf,2001,68.2
caf,2002,66.9
caf,2003,80.2
caf,2004,81.6
caf,2005,72.3
caf,2006,63.3
caf,2007,61.7
can,1990,0
can,1991,0
can,1992,0
can,1993,0
can,1994,0
can,1995,0
can,1996,0
can,1997,0
can,1998,0
can,1999,0
can,2000,0
can,2001,0
can,2002,0
can,2003,0
can,2004,0
can,2005,0
can,2006,0
can,2007,0
che,1990,0.1
che,1991,0.1
che,1992,0.1
che,1993,0.1
che,1994,0.1
che,1995,0.1
che,1996,0.1
che,1997,0.1
che,1998,0.1
che,1999,0.1
che,2000,0.1
che,2001,0.1
che,2002,0.1
che,2003,0.1
che,2004,0.1
che,2005,0.1
che,2006,0.1
che,2007,0.1
chl,1990,0
chl,1991,0
chl,1992,0
chl,1993,0.1
chl,1994,0.1
chl,1995,0.1
chl,1996,0.1
chl,1997,0.1
chl,1998,0.1
chl,1999,0.1
chl,2000,0.1
chl,2001,0.1
chl,2002,0.1
chl,2003,0.1
chl,2004,0.1
chl,2005,0.1
chl,2006,0.1
chl,2007,0
chn,1990,0
chn,1991,0.1
chn,1992,0.1
chn,1993,0.1
chn,1994,0.1
chn,1995,0.2
chn,1996,0.2
chn,1997,0.3
chn,1998,0.3
chn,1999,0.4
chn,2000,0.5
chn,2001,0.5
chn,2002,0.6
chn,2003,0.6
chn,2004,0.5
chn,2005,0.5
chn,2006,0.5
chn,2007,0.5
civ,1990,18.8
civ,1991,25.4
civ,1992,31.7
civ,1993,38
civ,1994,43.8
civ,1995,49.1
civ,1996,54.5
civ,1997,60.5
civ,1998,66.7
civ,1999,73.9
civ,2000,83.4
civ,2001,99.1
civ,2002,94
civ,2003,94.2
civ,2004,91.2
civ,2005,87.8
civ,2006,80.2
civ,2007,73.1
cmr,1990,4.3
cmr,1991,6.9
cmr,1992,10.1
cmr,1993,14.2
cmr,1994,18.4
cmr,1995,22.5
cmr,1996,25.9
cmr,1997,29.9
cmr,1998,32.2
cmr,1999,34
cmr,2000,35.8
cmr,2001,37.7
cmr,2002,37
cmr,2003,34
cmr,2004,33.2
cmr,2005,28.5
cmr,2006,25.7
cmr,2007,23.9
cod,1990,3.9
cod,1991,4.3
cod,1992,4.6
cod,1993,4.9
cod,1994,5.2
cod,1995,5.6
cod,1996,5.7
cod,1997,6.4
cod,1998,6.5
cod,1999,7.3
cod,2000,8.2
cod,2001,9
cod,2002,9.8
cod,2003,10
cod,2004,10.1
cod,2005,10
cod,2006,9.9
cod,2007,9.6
cog,1990,24.2
cog,1991,28.2
cog,1992,30.5
cog,1993,32.3
cog,1994,33.4
cog,1995,34.3
cog,1996,53.5
cog,1997,57.5
cog,1998,43.3
cog,1999,64
cog,2000,22.4
cog,2001,28
cog,2002,35.1
cog,2003,47.9
cog,2004,42.1
cog,2005,40.2
cog,2006,43.3
cog,2007,39.8
col,1990,0.1
col,1991,0.2
col,1992,0.2
col,1993,0.3
col,1994,0.4
col,1995,0.4
col,1996,0.5
col,1997,0.6
col,1998,0.6
col,1999,0.6
col,2000,0.5
col,2001,0.7
col,2002,0.7
col,2003,0.7
col,2004,0.6
col,2005,0.6
col,2006,0.5
col,2007,0.5
com,1990,0
com,1991,0
com,1992,0
com,1993,0
com,1994,0
com,1995,0
com,1996,0.1
com,1997,0.1
com,1998,0.1
com,1999,0.1
com,2000,0.1
com,2001,0.1
com,2002,0.1
com,2003,0.1
com,2004,0.1
com,2005,0.1
com,2006,0.1
com,2007,0.1
cri,1990,0
cri,1991,0
cri,1992,0
cri,1993,0
cri,1994,0
cri,1995,0
cri,1996,0
cri,1997,0
cri,1998,0.1
cri,1999,0.1
cri,2000,0
cri,2001,0.1
cri,2002,0.1
cri,2003,0.1
cri,2004,0.1
cri,2005,0.1
cri,2006,0.1
cri,2007,0.1
cub,1990,0
cub,1991,0
cub,1992,0
cub,1993,0
cub,1994,0
cub,1995,0
cub,1996,0
cub,1997,0
cub,1998,0
cub,1999,0
cub,2000,0
cub,2001,0
cub,2002,0
cub,2003,0
cub,2004,0
cub,2005,0
cub,2006,0
cub,2007,0
cze,1990,0
cze,1991,0
cze,1992,0
cze,1993,0
cze,1994,0
cze,1995,0
cze,1996,0
cze,1997,0
cze,1998,0
cze,1999,0
cze,2000,0
cze,2001,0
cze,2002,0
cze,2003,0
cze,2004,0
cze,2005,0
cze,2006,0
cze,2007,0
deu,1990,0
deu,1991,0
deu,1992,0
deu,1993,0
deu,1994,0
deu,1995,0
deu,1996,0
deu,1997,0
deu,1998,0
deu,1999,0
deu,2000,0
deu,2001,0
deu,2002,0
deu,2003,0
deu,2004,0
deu,2005,0
deu,2006,0
deu,2007,0
dji,1990,5.9
dji,1991,9
dji,1992,13.4
dji,1993,19.2
dji,1994,26.3
dji,1995,34.1
dji,1996,23.1
dji,1997,24.6
dji,1998,33.2
dji,1999,28.8
dji,2000,35.3
dji,2001,33.1
dji,2002,52.9
dji,2003,55.1
dji,2004,59.8
dji,2005,60.8
dji,2006,64.2
dji,2007,65.2
dnk,1990,0
dnk,1991,0
dnk,1992,0
dnk,1993,0
dnk,1994,0
dnk,1995,0
dnk,1996,0
dnk,1997,0
dnk,1998,0
dnk,1999,0
dnk,2000,0
dnk,2001,0
dnk,2002,0
dnk,2003,0
dnk,2004,0
dnk,2005,0
dnk,2006,0
dnk,2007,0
dom,1990,3.7
dom,1991,4.5
dom,1992,5.1
dom,1993,5.7
dom,1994,6.1
dom,1995,6.4
dom,1996,6.2
dom,1997,6.5
dom,1998,6.4
dom,1999,6.1
dom,2000,5.9
dom,2001,5.7
dom,2002,4.5
dom,2003,3.9
dom,2004,3.6
dom,2005,3.2
dom,2006,3.2
dom,2007,3.1
dza,1990,0
dza,1991,0
dza,1992,0
dza,1993,0
dza,1994,0
dza,1995,0
dza,1996,0
dza,1997,0
dza,1998,0
dza,1999,0
dza,2000,0
dza,2001,0
dza,2002,0
dza,2003,0
dza,2004,0.1
dza,2005,0.1
dza,2006,0.1
dza,2007,0.1
ecu,1990,1.6
ecu,1991,1.8
ecu,1992,2.1
ecu,1993,2.3
ecu,1994,2.6
ecu,1995,2.8
ecu,1996,3.1
ecu,1997,3.2
ecu,1998,3.5
ecu,1999,3.7
ecu,2000,3.8
ecu,2001,3.8
ecu,2002,3.6
ecu,2003,3.6
ecu,2004,3.5
ecu,2005,3.7
ecu,2006,3.5
ecu,2007,3.4
egy,1990,0
egy,1991,0
egy,1992,0
egy,1993,0
egy,1994,0
egy,1995,0
egy,1996,0.1
egy,1997,0.1
egy,1998,0.1
egy,1999,0.1
egy,2000,0.1
egy,2001,0.1
egy,2002,0.1
egy,2003,0.1
egy,2004,0.1
egy,2005,0.1
egy,2006,0.1
egy,2007,0.1
eri,1990,0.6
eri,1991,1.1
eri,1992,1.7
eri,1993,2.6
eri,1994,3.5
eri,1995,4.3
eri,1996,4.9
eri,1997,5.1
eri,1998,4.6
eri,1999,2.2
eri,2000,2.3
eri,2001,2.3
eri,2002,2.4
eri,2003,2.3
eri,2004,2.6
eri,2005,2.7
eri,2006,3.1
eri,2007,3
esp,1990,0.4
esp,1991,0.4
esp,1992,0.4
esp,1993,0.4
esp,1994,0.4
esp,1995,0.4
esp,1996,0.4
esp,1997,0.3
esp,1998,0.3
esp,1999,0.3
esp,2000,0.3
esp,2001,0.3
esp,2002,0.3
esp,2003,0.3
esp,2004,0.3
esp,2005,0.3
esp,2006,0.3
esp,2007,0.3
est,1990,0
est,1991,0
est,1992,0
est,1993,0
est,1994,0
est,1995,0
est,1996,0
est,1997,0
est,1998,0.1
est,1999,0.2
est,2000,0.4
est,2001,0.8
est,2002,1.4
est,2003,1.7
est,2004,1.7
est,2005,1.6
est,2006,1.6
est,2007,1.3
eth,1990,5.1
eth,1991,8.1
eth,1992,11.5
eth,1993,15
eth,1994,18.3
eth,1995,21.2
eth,1996,21.5
eth,1997,21.5
eth,1998,22.7
eth,1999,25.4
eth,2000,26.2
eth,2001,28.9
eth,2002,29.7
eth,2003,30.9
eth,2004,31
eth,2005,30.4
eth,2006,29.5
eth,2007,28
fin,1990,0
fin,1991,0
fin,1992,0
fin,1993,0
fin,1994,0
fin,1995,0
fin,1996,0
fin,1997,0
fin,1998,0
fin,1999,0
fin,2000,0
fin,2001,0
fin,2002,0
fin,2003,0
fin,2004,0
fin,2005,0
fin,2006,0
fin,2007,0
fji,1990,0
fji,1991,0
fji,1992,0
fji,1993,0
fji,1994,0
fji,1995,0
fji,1996,0
fji,1997,0
fji,1998,0.1
fji,1999,0.1
fji,2000,0.1
fji,2001,0.1
fji,2002,0.1
fji,2003,0.1
fji,2004,0.1
fji,2005,0.1
fji,2006,0.1
fji,2007,0.1
fra,1990,0
fra,1991,0.1
fra,1992,0.1
fra,1993,0.1
fra,1994,0.1
fra,1995,0.1
fra,1996,0.1
fra,1997,0.1
fra,1998,0.1
fra,1999,0.1
fra,2000,0.1
fra,2001,0.1
fra,2002,0.1
fra,2003,0.1
fra,2004,0.1
fra,2005,0.1
fra,2006,0.1
fra,2007,0.1
gab,1990,7.2
gab,1991,8.9
gab,1992,11.1
gab,1993,13.7
gab,1994,16.9
gab,1995,18.9
gab,1996,23.6
gab,1997,27.1
gab,1998,33
gab,1999,37.7
gab,2000,48
gab,2001,23.4
gab,2002,36.2
gab,2003,37.2
gab,2004,33.6
gab,2005,40.3
gab,2006,40.4
gab,2007,40.8
gbr,1990,0
gbr,1991,0
gbr,1992,0
gbr,1993,0
gbr,1994,0
gbr,1995,0
gbr,1996,0
gbr,1997,0
gbr,1998,0
gbr,1999,0
gbr,2000,0
gbr,2001,0
gbr,2002,0
gbr,2003,0
gbr,2004,0
gbr,2005,0
gbr,2006,0
gbr,2007,0
geo,1990,0
geo,1991,0
geo,1992,0
geo,1993,0
geo,1994,0
geo,1995,0
geo,1996,0
geo,1997,0
geo,1998,0
geo,1999,0
geo,2000,0
geo,2001,0
geo,2002,0.1
geo,2003,0.1
geo,2004,0.2
geo,2005,0.3
geo,2006,0.3
geo,2007,0.4
gha,1990,0.5
gha,1991,1.3
gha,1992,3
gha,1993,6.2
gha,1994,10.3
gha,1995,13.9
gha,1996,16.7
gha,1997,16.9
gha,1998,17.4
gha,1999,17.4
gha,2000,16.8
gha,2001,16.1
gha,2002,15.9
gha,2003,15.6
gha,2004,15.2
gha,2005,14.9
gha,2006,14.6
gha,2007,14.2
gin,1990,1.5
gin,1991,2
gin,1992,2.5
gin,1993,3.2
gin,1994,3.9
gin,1995,4.8
gin,1996,5.7
gin,1997,7
gin,1998,8.5
gin,1999,9.9
gin,2000,11.7
gin,2001,13.3
gin,2002,15.2
gin,2003,17
gin,2004,18.5
gin,2005,21.4
gin,2006,21.9
gin,2007,23.5
gmb,1990,0.2
gmb,1991,0.4
gmb,1992,0.7
gmb,1993,1.2
gmb,1994,1.9
gmb,1995,3
gmb,1996,3.9
gmb,1997,5.3
gmb,1998,6.3
gmb,1999,11.3
gmb,2000,12.5
gmb,2001,13.3
gmb,2002,9.2
gmb,2003,9.5
gmb,2004,9.3
gmb,2005,10.3
gmb,2006,11.7
gmb,2007,11.8
gnb,1990,1.8
gnb,1991,2.5
gnb,1992,3.4
gnb,1993,4.6
gnb,1994,6.1
gnb,1995,7.9
gnb,1996,10
gnb,1997,12.6
gnb,1998,15.1
gnb,1999,17.1
gnb,2000,12.5
gnb,2001,13.5
gnb,2002,15.9
gnb,2003,16.1
gnb,2004,15.5
gnb,2005,16
gnb,2006,14.2
gnb,2007,14.4
gnq,1990,4.1
gnq,1991,5.4
gnq,1992,6.8
gnq,1993,8.4
gnq,1994,10
gnq,1995,11.7
gnq,1996,14.3
gnq,1997,16
gnq,1998,17.5
gnq,1999,19.8
gnq,2000,22.2
gnq,2001,38.2
gnq,2002,41.2
gnq,2003,43
gnq,2004,33.6
gnq,2005,33
gnq,2006,31.8
gnq,2007,39.5
grc,1990,0.1
grc,1991,0.1
grc,1992,0.1
grc,1993,0.1
grc,1994,0.1
grc,1995,0.1
grc,1996,0.1
grc,1997,0.1
grc,1998,0.1
grc,1999,0.1
grc,2000,0.1
grc,2001,0.1
grc,2002,0.1
grc,2003,0.1
grc,2004,0.1
grc,2005,0.1
grc,2006,0.1
grc,2007,0.1
gtm,1990,0.1
gtm,1991,0.2
gtm,1992,0.3
gtm,1993,0.4
gtm,1994,0.6
gtm,1995,0.8
gtm,1996,1.1
gtm,1997,1.4
gtm,1998,1.7
gtm,1999,1.9
gtm,2000,2
gtm,2001,2.1
gtm,2002,2.1
gtm,2003,2.1
gtm,2004,2
gtm,2005,2
gtm,2006,1.9
gtm,2007,1.9
guy,1990,1.3
guy,1991,2.1
guy,1992,2.2
guy,1993,3.4
guy,1994,4.4
guy,1995,5.8
guy,1996,6.6
guy,1997,6.4
guy,1998,6.6
guy,1999,6.9
guy,2000,6.8
guy,2001,8
guy,2002,8.1
guy,2003,8.8
guy,2004,6.9
guy,2005,7.1
guy,2006,7.6
guy,2007,8.4
hnd,1990,4.1
hnd,1991,4.5
hnd,1992,4.4
hnd,1993,4.1
hnd,1994,3.8
hnd,1995,3.5
hnd,1996,3.7
hnd,1997,3.6
hnd,1998,2.8
hnd,1999,2.3
hnd,2000,1.1
hnd,2001,1.3
hnd,2002,1.7
hnd,2003,1.6
hnd,2004,1.8
hnd,2005,1.7
hnd,2006,1.6
hnd,2007,1.7
hti,1990,16.8
hti,1991,20.6
hti,1992,23.2
hti,1993,25.1
hti,1994,26.2
hti,1995,26.8
hti,1996,27.2
hti,1997,27.3
hti,1998,27
hti,1999,26.6
hti,2000,26.1
hti,2001,25.9
hti,2002,25.1
hti,2003,24.3
hti,2004,24
hti,2005,23.2
hti,2006,23.5
hti,2007,23.7
hun,1990,0
hun,1991,0
hun,1992,0
hun,1993,0
hun,1994,0.1
hun,1995,0.1
hun,1996,0.1
hun,1997,0.1
hun,1998,0.1
hun,1999,0.1
hun,2000,0.1
hun,2001,0.1
hun,2002,0.1
hun,2003,0.1
hun,2004,0
hun,2005,0
hun,2006,0
hun,2007,0
idn,1990,0
idn,1991,0
idn,1992,0
idn,1993,0
idn,1994,0
idn,1995,0
idn,1996,0
idn,1997,0
idn,1998,0
idn,1999,0.3
idn,2000,0.9
idn,2001,1.4
idn,2002,1.5
idn,2003,1.7
idn,2004,1.9
idn,2005,2
idn,2006,2.2
idn,2007,2.4
ind,1990,0.1
ind,1991,0.3
ind,1992,0.5
ind,1993,1
ind,1994,1.7
ind,1995,2.7
ind,1996,3.8
ind,1997,4.7
ind,1998,5.3
ind,1999,5.3
ind,2000,5.3
ind,2001,4.8
ind,2002,4.4
ind,2003,3.8
ind,2004,3.2
ind,2005,2.9
ind,2006,2.7
ind,2007,2.5
irl,1990,0
irl,1991,0
irl,1992,0
irl,1993,0
irl,1994,0
irl,1995,0
irl,1996,0
irl,1997,0
irl,1998,0
irl,1999,0
irl,2000,0
irl,2001,0
irl,2002,0
irl,2003,0
irl,2004,0
irl,2005,0
irl,2006,0
irl,2007,0
irn,1990,0
irn,1991,0
irn,1992,0
irn,1993,0
irn,1994,0
irn,1995,0
irn,1996,0
irn,1997,0.1
irn,1998,0.1
irn,1999,0.1
irn,2000,0.1
irn,2001,0.1
irn,2002,0.1
irn,2003,0.1
irn,2004,0.2
irn,2005,0.2
irn,2006,0.2
irn,2007,0.2
irq,1990,0
irq,1991,0
irq,1992,0
irq,1993,0
irq,1994,0
irq,1995,0
irq,1996,0
irq,1997,0
irq,1998,0
irq,1999,0
irq,2000,0
irq,2001,0
irq,2002,0
irq,2003,0
irq,2004,0
irq,2005,0
isl,1990,0
isl,1991,0
isl,1992,0
isl,1993,0
isl,1994,0
isl,1995,0
isl,1996,0
isl,1997,0
isl,1998,0
isl,1999,0
isl,2000,0
isl,2001,0
isl,2002,0
isl,2003,0
isl,2004,0
isl,2005,0
isl,2006,0
isl,2007,0
isr,1990,0
isr,1991,0
isr,1992,0
isr,1993,0
isr,1994,0
isr,1995,0
isr,1996,0
isr,1997,0
isr,1998,0
isr,1999,0
isr,2000,0
isr,2001,0
isr,2002,0
isr,2003,0
isr,2004,0
isr,2005,0
isr,2006,0
isr,2007,0
ita,1990,0.1
ita,1991,0.1
ita,1992,0.1
ita,1993,0.1
ita,1994,0.1
ita,1995,0.1
ita,1996,0.1
ita,1997,0.1
ita,1998,0.1
ita,1999,0.1
ita,2000,0.1
ita,2001,0.1
ita,2002,0.1
ita,2003,0.1
ita,2004,0.1
ita,2005,0.1
ita,2006,0.1
ita,2007,0.1
jam,1990,0.1
jam,1991,0.1
jam,1992,0.2
jam,1993,0.2
jam,1994,0.2
jam,1995,0.3
jam,1996,0.2
jam,1997,0.2
jam,1998,0.3
jam,1999,0.3
jam,2000,0.3
jam,2001,0.3
jam,2002,0.3
jam,2003,0.3
jam,2004,0.3
jam,2005,0.4
jam,2006,0.4
jam,2007,0.4
jor,1990,0
jor,1991,0
jor,1992,0
jor,1993,0
jor,1994,0
jor,1995,0
jor,1996,0
jor,1997,0
jor,1998,0
jor,1999,0
jor,2000,0
jor,2001,0
jor,2002,0
jor,2003,0
jor,2004,0
jor,2005,0
jpn,1990,0
jpn,1991,0
jpn,1992,0
jpn,1993,0
jpn,1994,0
jpn,1995,0
jpn,1996,0
jpn,1997,0
jpn,1998,0
jpn,1999,0
jpn,2000,0
jpn,2001,0
jpn,2002,0
jpn,2003,0
jpn,2004,0
jpn,2005,0
jpn,2006,0
jpn,2007,0
kaz,1990,0
kaz,1991,0
kaz,1992,0
kaz,1993,0
kaz,1994,0
kaz,1995,0
kaz,1996,0
kaz,1997,0
kaz,1998,0.1
kaz,1999,0.1
kaz,2000,0.1
kaz,2001,0.2
kaz,2002,0.3
kaz,2003,0.4
kaz,2004,0.5
kaz,2005,0.5
kaz,2006,0.6
kaz,2007,0.6
ken,1990,14.3
ken,1991,17
ken,1992,22.6
ken,1993,29
ken,1994,36.5
ken,1995,45.9
ken,1996,52.6
ken,1997,63.1
ken,1998,70.7
ken,1999,76.9
ken,2000,84.3
ken,2001,76.1
ken,2002,72.9
ken,2003,68.8
ken,2004,65.4
ken,2005,58.5
ken,2006,45.4
ken,2007,38.9
kgz,1990,0
kgz,1991,0
kgz,1992,0
kgz,1993,0
kgz,1994,0
kgz,1995,0
kgz,1996,0
kgz,1997,0
kgz,1998,0
kgz,1999,0.1
kgz,2000,0.1
kgz,2001,0.2
kgz,2002,0.3
kgz,2003,0.4
kgz,2004,0.5
kgz,2005,0.6
kgz,2006,0.6
kgz,2007,0.7
khm,1990,11.5
khm,1991,15.1
khm,1992,19
khm,1993,22.9
khm,1994,26.1
khm,1995,27.8
khm,1996,30
khm,1997,30.2
khm,1998,30.2
khm,1999,29.5
khm,2000,28.6
khm,2001,27
khm,2002,24.1
khm,2003,21.4
khm,2004,18.6
khm,2005,15.8
khm,2006,14.2
khm,2007,12.8
kor,1990,0
kor,1991,0
kor,1992,0
kor,1993,0
kor,1994,0
kor,1995,0
kor,1996,0
kor,1997,0
kor,1998,0
kor,1999,0
kor,2000,0.1
kor,2001,0
kor,2002,0.1
kor,2003,0.1
kor,2004,0.1
kor,2005,0.1
kor,2006,0.1
kor,2007,0.1
lao,1990,0
lao,1991,0
lao,1992,0
lao,1993,0.1
lao,1994,0.1
lao,1995,0.1
lao,1996,0.1
lao,1997,0.1
lao,1998,0.2
lao,1999,0.3
lao,2000,0.3
lao,2001,0.4
lao,2002,0.6
lao,2003,0.7
lao,2004,0.9
lao,2005,1.1
lao,2006,1.4
lao,2007,1.7
lbn,1990,0.1
lbn,1991,0.1
lbn,1992,0.1
lbn,1993,0.1
lbn,1994,0.1
lbn,1995,0.1
lbn,1996,0.2
lbn,1997,0.1
lbn,1998,0.1
lbn,1999,0.1
lbn,2000,0.1
lbn,2001,0.1
lbn,2002,0.1
lbn,2003,0.1
lbn,2004,0.1
lbn,2005,0.1
lbn,2006,0.1
lbn,2007,0.1
lbr,1990,5.8
lbr,1991,8.1
lbr,1992,10.7
lbr,1993,13.1
lbr,1994,15.2
lbr,1995,16.8
lbr,1996,16.7
lbr,1997,17.7
lbr,1998,16.9
lbr,1999,17.5
lbr,2000,18.9
lbr,2001,18.9
lbr,2002,16.8
lbr,2003,19
lbr,2004,16.9
lbr,2005,19.9
lbr,2006,19.9
lbr,2007,21.2
lby,1990,0
lby,1991,0
lby,1992,0
lby,1993,0
lby,1994,0
lby,1995,0
lby,1996,0
lby,1997,0
lby,1998,0
lby,1999,0
lby,2000,0
lby,2001,0
lby,2002,0
lby,2003,0
lby,2004,0
lby,2005,0
lka,1990,0
lka,1991,0
lka,1992,0
lka,1993,0
lka,1994,0
lka,1995,0
lka,1996,0
lka,1997,0
lka,1998,0
lka,1999,0
lka,2000,0
lka,2001,0
lka,2002,0
lka,2003,0
lka,2004,0
lka,2005,0
lka,2006,0
lka,2007,0
lso,1990,2.8
lso,1991,5.6
lso,1992,10.3
lso,1993,17
lso,1994,24.8
lso,1995,32
lso,1996,36.6
lso,1997,31.6
lso,1998,44.6
lso,1999,186.9
lso,2000,59.8
lso,2001,62.5
lso,2002,72.2
lso,2003,70.5
lso,2004,76.7
lso,2005,97.3
lso,2006,67.5
lso,2007,226.2
ltu,1990,0
ltu,1991,0
ltu,1992,0
ltu,1993,0
ltu,1994,0
ltu,1995,0
ltu,1996,0
ltu,1997,0.1
ltu,1998,0.1
ltu,1999,0.2
ltu,2000,0.2
ltu,2001,0.2
ltu,2002,0.2
ltu,2003,0.2
ltu,2004,0.3
ltu,2005,0.3
ltu,2006,0.2
ltu,2007,0.3
lux,1990,0
lux,1991,0
lux,1992,0
lux,1993,0
lux,1994,0
lux,1995,0
lux,1996,0
lux,1997,0
lux,1998,0
lux,1999,0
lux,2000,0
lux,2001,0
lux,2002,0
lux,2003,0
lux,2004,0
lux,2005,0
lux,2006,0
lux,2007,0
lva,1990,0
lva,1991,0
lva,1992,0
lva,1993,0
lva,1994,0
lva,1995,0
lva,1996,0
lva,1997,0
lva,1998,0.1
lva,1999,0.1
lva,2000,0.2
lva,2001,0.3
lva,2002,0.4
lva,2003,0.5
lva,2004,0.6
lva,2005,0.6
lva,2006,0.6
lva,2007,0.5
mar,1990,0
mar,1991,0
mar,1992,0
mar,1993,0
mar,1994,0
mar,1995,0
mar,1996,0
mar,1997,0
mar,1998,0
mar,1999,0
mar,2000,0
mar,2001,0
mar,2002,0
mar,2003,0.1
mar,2004,0.1
mar,2005,0.1
mar,2006,0.1
mar,2007,0.1
mda,1990,0
mda,1991,0
mda,1992,0
mda,1993,0
mda,1994,0
mda,1995,0
mda,1996,0
mda,1997,0
mda,1998,0
mda,1999,0
mda,2000,0.1
mda,2001,0.1
mda,2002,0.2
mda,2003,0.3
mda,2004,0.4
mda,2005,0.6
mda,2006,0.8
mda,2007,0.9
mdg,1990,0
mdg,1991,0
mdg,1992,0.1
mdg,1993,0.1
mdg,1994,0.1
mdg,1995,0.2
mdg,1996,0.3
mdg,1997,0.5
mdg,1998,0.7
mdg,1999,1
mdg,2000,1.3
mdg,2001,1.5
mdg,2002,1.8
mdg,2003,1.9
mdg,2004,2.1
mdg,2005,2.3
mdg,2006,2.3
mdg,2007,2.5
mdv,1990,0
mdv,1991,0
mdv,1992,0
mdv,1993,0
mdv,1994,0
mdv,1995,0
mdv,1996,0
mdv,1997,0
mdv,1998,0
mdv,1999,0
mdv,2000,0
mdv,2001,0
mdv,2002,0.1
mdv,2003,0.1
mdv,2004,0.1
mdv,2005,0.1
mdv,2006,0.1
mdv,2007,0.1
mex,1990,0.4
mex,1991,0.5
mex,1992,0.5
mex,1993,0.5
mex,1994,0.5
mex,1995,0.5
mex,1996,0.5
mex,1997,0.5
mex,1998,0.4
mex,1999,0.4
mex,2000,0.4
mex,2001,0.3
mex,2002,0.3
mex,2003,0.3
mex,2004,0.3
mex,2005,0.2
mex,2006,0.2
mex,2007,0.2
mkd,1990,0
mkd,1991,0
mkd,1992,0
mkd,1993,0
mkd,1994,0
mkd,1995,0
mkd,1996,0
mkd,1997,0
mkd,1998,0
mkd,1999,0
mkd,2000,0
mkd,2001,0
mkd,2002,0
mkd,2003,0
mkd,2004,0
mkd,2005,0
mli,1990,3.4
mli,1991,4.7
mli,1992,6.4
mli,1993,8.4
mli,1994,10.6
mli,1995,13.1
mli,1996,15.6
mli,1997,18.2
mli,1998,20.5
mli,1999,22.5
mli,2000,24.1
mli,2001,25.2
mli,2002,25.9
mli,2003,26.6
mli,2004,27
mli,2005,27.4
mli,2006,27.5
mli,2007,27.7
mlt,1990,0
mlt,1991,0
mlt,1992,0
mlt,1993,0
mlt,1994,0
mlt,1995,0
mlt,1996,0
mlt,1997,0.1
mlt,1998,0.1
mlt,1999,0.1
mlt,2000,0.1
mlt,2001,0.1
mlt,2002,0
mlt,2003,0.1
mlt,2004,0
mlt,2005,0
mlt,2006,0
mlt,2007,0
mmr,1990,5.3
mmr,1991,6.7
mmr,1992,8
mmr,1993,9.2
mmr,1994,10.3
mmr,1995,11.3
mmr,1996,10
mmr,1997,11.1
mmr,1998,11.7
mmr,1999,11.3
mmr,2000,10.3
mmr,2001,9
mmr,2002,6.6
mmr,2003,3.5
mmr,2004,2.8
mmr,2005,2.1
mmr,2006,2
mmr,2007,1.9
mng,1990,0
mng,1991,0
mng,1992,0
mng,1993,0
mng,1994,0
mng,1995,0
mng,1996,0
mng,1997,0
mng,1998,0
mng,1999,0
mng,2000,0
mng,2001,0
mng,2002,0
mng,2003,0
mng,2004,0
mng,2005,0
mng,2006,0
mng,2007,0.1
moz,1990,5.5
moz,1991,7.8
moz,1992,10.6
moz,1993,14.1
moz,1994,18.3
moz,1995,23.2
moz,1996,29
moz,1997,36.4
moz,1998,44.7
moz,1999,53.8
moz,2000,64.1
moz,2001,74.3
moz,2002,81.5
moz,2003,86.7
moz,2004,88.9
moz,2005,88.4
moz,2006,85.6
moz,2007,81.7
mrt,1990,0
mrt,1991,0.1
mrt,1992,0.1
mrt,1993,0.2
mrt,1994,0.5
mrt,1995,0.9
mrt,1996,1.7
mrt,1997,3.3
mrt,1998,5.7
mrt,1999,8.4
mrt,2000,11
mrt,2001,13.1
mrt,2002,14.6
mrt,2003,15.6
mrt,2004,12.3
mrt,2005,14.5
mrt,2006,14.5
mrt,2007,14.9
mus,1990,0
mus,1991,0
mus,1992,0
mus,1993,0
mus,1994,0
mus,1995,0
mus,1996,0
mus,1997,0
mus,1998,0
mus,1999,0
mus,2000,0
mus,2001,0.1
mus,2002,0.1
mus,2003,0.2
mus,2004,0.3
mus,2005,0.4
mus,2006,0.5
mus,2007,0.5
mwi,1990,23.4
mwi,1991,37.2
mwi,1992,52.7
mwi,1993,67.3
mwi,1994,79.2
mwi,1995,85.5
mwi,1996,88.1
mwi,1997,94.5
mwi,1998,96.6
mwi,1999,96
mwi,2000,102.2
mwi,2001,95.8
mwi,2002,99
mwi,2003,95.8
mwi,2004,92.8
mwi,2005,92.9
mwi,2006,87.5
mwi,2007,81.1
mys,1990,0.2
mys,1991,0.3
mys,1992,0.4
mys,1993,0.5
mys,1994,0.7
mys,1995,0.9
mys,1996,1.2
mys,1997,2.1
mys,1998,2.7
mys,1999,3.3
mys,2000,2.8
mys,2001,3.3
mys,2002,3.7
mys,2003,3.9
mys,2004,4.2
mys,2005,4.4
mys,2006,4.7
mys,2007,4.9
nam,1990,17.4
nam,1991,26.9
nam,1992,38.6
nam,1993,53.3
nam,1994,69.7
nam,1995,86.9
nam,1996,30.8
nam,1997,33
nam,1998,36.1
nam,1999,46.9
nam,2000,60.4
nam,2001,56.7
nam,2002,69.4
nam,2003,70.9
nam,2004,76.7
nam,2005,85.7
nam,2006,91.5
nam,2007,73.2
ner,1990,0.7
ner,1991,0.9
ner,1992,1.2
ner,1993,1.6
ner,1994,2
ner,1995,2.6
ner,1996,3.4
ner,1997,3.9
ner,1998,4.4
ner,1999,5.1
ner,2000,5.5
ner,2001,5.9
ner,2002,6.3
ner,2003,6.2
ner,2004,6.6
ner,2005,6.7
ner,2006,6.7
ner,2007,6.8
nga,1990,4.6
nga,1991,6.6
nga,1992,8.8
nga,1993,11.5
nga,1994,14.6
nga,1995,17.8
nga,1996,21
nga,1997,24.4
nga,1998,27.9
nga,1999,31.5
nga,2000,35.5
nga,2001,39.2
nga,2002,42.7
nga,2003,44.1
nga,2004,44
nga,2005,43.2
nga,2006,41.7
nga,2007,39.8
nic,1990,0.1
nic,1991,0.1
nic,1992,0.1
nic,1993,0.1
nic,1994,0.2
nic,1995,0.2
nic,1996,0.2
nic,1997,0.2
nic,1998,0.3
nic,1999,0.3
nic,2000,0.3
nic,2001,0.4
nic,2002,0.4
nic,2003,0.4
nic,2004,0.4
nic,2005,0.5
nic,2006,0.5
nic,2007,0.4
nld,1990,0
nld,1991,0
nld,1992,0
nld,1993,0
nld,1994,0
nld,1995,0
nld,1996,0
nld,1997,0
nld,1998,0
nld,1999,0
nld,2000,0
nld,2001,0
nld,2002,0
nld,2003,0
nld,2004,0
nld,2005,0
nld,2006,0
nld,2007,0
nor,1990,0
nor,1991,0
nor,1992,0
nor,1993,0
nor,1994,0
nor,1995,0
nor,1996,0
nor,1997,0
nor,1998,0
nor,1999,0
nor,2000,0
nor,2001,0
nor,2002,0
nor,2003,0
nor,2004,0
nor,2005,0
nor,2006,0
nor,2007,0
npl,1990,0.2
npl,1991,0.2
npl,1992,0.4
npl,1993,0.5
npl,1994,0.7
npl,1995,0.9
npl,1996,1.1
npl,1997,1.3
npl,1998,1.4
npl,1999,1.2
npl,2000,1.1
npl,2001,1.1
npl,2002,1
npl,2003,1
npl,2004,1
npl,2005,1
npl,2006,1
npl,2007,1
nzl,1990,0
nzl,1991,0
nzl,1992,0
nzl,1993,0
nzl,1994,0
nzl,1995,0
nzl,1996,0
nzl,1997,0
nzl,1998,0
nzl,1999,0
nzl,2000,0
nzl,2001,0
nzl,2002,0
nzl,2003,0
nzl,2004,0
nzl,2005,0
nzl,2006,0
nzl,2007,0
omn,1990,0
omn,1991,0
omn,1992,0
omn,1993,0
omn,1994,0
omn,1995,0
omn,1996,0
omn,1997,0
omn,1998,0
omn,1999,0
omn,2000,0
omn,2001,0
omn,2002,0
omn,2003,0
omn,2004,0
omn,2005,0
pak,1990,0.2
pak,1991,0.2
pak,1992,0.3
pak,1993,0.3
pak,1994,0.4
pak,1995,0.5
pak,1996,0.6
pak,1997,0.7
pak,1998,0.8
pak,1999,0.9
pak,2000,1.1
pak,2001,1.2
pak,2002,1.2
pak,2003,1.3
pak,2004,1.3
pak,2005,1.2
pak,2006,1.1
pak,2007,0.9
pan,1990,0.8
pan,1991,1
pan,1992,1.1
pan,1993,1.3
pan,1994,1.4
pan,1995,1.5
pan,1996,1.5
pan,1997,1.4
pan,1998,1.6
pan,1999,1.4
pan,2000,1.3
pan,2001,1
pan,2002,0.8
pan,2003,0.8
pan,2004,0.6
pan,2005,0.6
pan,2006,0.6
pan,2007,0.7
per,1990,0.9
per,1991,1.1
per,1992,1.2
per,1993,1.3
per,1994,1.4
per,1995,1.5
per,1996,1.8
per,1997,1.9
per,1998,1.8
per,1999,1.9
per,2000,1.9
per,2001,1.9
per,2002,1.9
per,2003,2
per,2004,1.8
per,2005,1.7
per,2006,1.6
per,2007,1.5
phl,1990,0
phl,1991,0
phl,1992,0
phl,1993,0
phl,1994,0
phl,1995,0
phl,1996,0
phl,1997,0
phl,1998,0
phl,1999,0
phl,2000,0
phl,2001,0
phl,2002,0.1
phl,2003,0.2
phl,2004,0.2
phl,2005,0.3
phl,2006,0.3
phl,2007,0.3
png,1990,0.3
png,1991,0.4
png,1992,0.5
png,1993,0.7
png,1994,0.9
png,1995,1.1
png,1996,1.6
png,1997,1.9
png,1998,2
png,1999,2.9
png,2000,3.6
png,2001,4.3
png,2002,4.8
png,2003,5.5
png,2004,5.6
png,2005,7.2
png,2006,10.4
png,2007,16.6
pol,1990,0
pol,1991,0
pol,1992,0
pol,1993,0
pol,1994,0
pol,1995,0.1
pol,1996,0.1
pol,1997,0.1
pol,1998,0.1
pol,1999,0.1
pol,2000,0.1
pol,2001,0.1
pol,2002,0.1
pol,2003,0.1
pol,2004,0.1
pol,2005,0.1
pol,2006,0.1
pol,2007,0.1
prk,1990,0
prk,1991,0
prk,1992,0
prk,1993,0
prk,1994,0
prk,1995,0
prk,1996,0
prk,1997,0
prk,1998,0
prk,1999,0
prk,2000,0
prk,2001,0
prk,2002,0.3
prk,2003,0.3
prk,2004,0.3
prk,2005,0.3
prk,2006,0.3
prk,2007,0.2
prt,1990,0.4
prt,1991,0.5
prt,1992,0.6
prt,1993,0.7
prt,1994,0.7
prt,1995,0.8
prt,1996,0.8
prt,1997,0.8
prt,1998,0.8
prt,1999,1.1
prt,2000,1.1
prt,2001,1
prt,2002,1
prt,2003,1.1
prt,2004,1
prt,2005,0.9
prt,2006,0.8
prt,2007,0.8
pry,1990,0.1
pry,1991,0.1
pry,1992,0.2
pry,1993,0.2
pry,1994,0.3
pry,1995,0.3
pry,1996,0.3
pry,1997,0.6
pry,1998,0.7
pry,1999,0.9
pry,2000,1
pry,2001,1.1
pry,2002,1.3
pry,2003,1.4
pry,2004,1.5
pry,2005,1.5
pry,2006,1.3
pry,2007,1.4
rou,1990,0
rou,1991,0.1
rou,1992,0.2
rou,1993,0.2
rou,1994,0.3
rou,1995,0.4
rou,1996,0.5
rou,1997,0.7
rou,1998,0.5
rou,1999,0.7
rou,2000,0.8
rou,2001,0.8
rou,2002,0.7
rou,2003,0.8
rou,2004,0.7
rou,2005,0.7
rou,2006,0.6
rou,2007,0.6
rus,1990,0
rus,1991,0
rus,1992,0
rus,1993,0
rus,1994,0
rus,1995,0
rus,1996,0
rus,1997,0.1
rus,1998,0.3
rus,1999,0.7
rus,2000,1.5
rus,2001,2.6
rus,2002,3.6
rus,2003,4.4
rus,2004,4.6
rus,2005,4
rus,2006,3.8
rus,2007,3.6
rwa,1990,52.2
rwa,1991,56
rwa,1992,57.6
rwa,1993,59.1
rwa,1994,60.7
rwa,1995,62.1
rwa,1996,63.5
rwa,1997,64.8
rwa,1998,67.7
rwa,1999,72.2
rwa,2000,78.4
rwa,2001,84.5
rwa,2002,87.4
rwa,2003,87.2
rwa,2004,85.3
rwa,2005,79.7
rwa,2006,73.2
rwa,2007,70.2
sdn,1990,6.2
sdn,1991,8.6
sdn,1992,9.8
sdn,1993,10.3
sdn,1994,10.5
sdn,1995,10.7
sdn,1996,10.9
sdn,1997,11.3
sdn,1998,10.7
sdn,1999,11.1
sdn,2000,11.1
sdn,2001,11.7
sdn,2002,11
sdn,2003,11.4
sdn,2004,11.8
sdn,2005,12.1
sdn,2006,12.2
sdn,2007,12.6
sen,1990,0.8
sen,1991,0.9
sen,1992,1.1
sen,1993,1.3
sen,1994,1.5
sen,1995,1.8
sen,1996,2.2
sen,1997,2.7
sen,1998,3.3
sen,1999,4.2
sen,2000,4.9
sen,2001,6
sen,2002,7.1
sen,2003,8.3
sen,2004,9.8
sen,2005,11.3
sen,2006,13
sen,2007,15.1
sgp,1990,0
sgp,1991,0
sgp,1992,0
sgp,1993,0
sgp,1994,0
sgp,1995,0
sgp,1996,0.1
sgp,1997,0.1
sgp,1998,0.1
sgp,1999,0.1
sgp,2000,0.1
sgp,2001,0.1
sgp,2002,0.1
sgp,2003,0.1
sgp,2004,0.1
sgp,2005,0.1
sgp,2006,0.1
sgp,2007,0.1
sle,1990,2.4
sle,1991,4.4
sle,1992,7.3
sle,1993,10.5
sle,1994,13.5
sle,1995,15.8
sle,1996,16.8
sle,1997,19
sle,1998,21
sle,1999,23.4
sle,2000,26.2
sle,2001,28.8
sle,2002,33.2
sle,2003,37.1
sle,2004,41.6
sle,2005,45
sle,2006,47.5
sle,2007,50.2
slv,1990,0.3
slv,1991,0.4
slv,1992,0.6
slv,1993,0.8
slv,1994,1
slv,1995,1.2
slv,1996,1.7
slv,1997,1.6
slv,1998,1.7
slv,1999,1.8
slv,2000,1.8
slv,2001,1.8
slv,2002,1.8
slv,2003,1.7
slv,2004,1.7
slv,2005,1.5
slv,2006,1.5
slv,2007,1.4
som,1990,0.6
som,1991,0.9
som,1992,1.3
som,1993,1.8
som,1994,2.6
som,1995,3.4
som,1996,4.2
som,1997,5.1
som,1998,6.2
som,1999,6.9
som,2000,7.5
som,2001,7.7
som,2002,8
som,2003,7.7
som,2004,6.8
som,2005,6.5
som,2006,7.3
som,2007,7.8
sur,1990,0.4
sur,1991,0.4
sur,1992,0.5
sur,1993,0.6
sur,1994,0.7
sur,1995,0.9
sur,1996,1.3
sur,1997,1.8
sur,1998,2.6
sur,1999,3.2
sur,2000,3.6
sur,2001,4.2
sur,2002,4.8
sur,2003,5.8
sur,2004,6.7
sur,2005,8
sur,2006,9.2
sur,2007,10.4
svk,1990,0
svk,1991,0
svk,1992,0
svk,1993,0
svk,1994,0
svk,1995,0
svk,1996,0
svk,1997,0
svk,1998,0
svk,1999,0
svk,2000,0
svk,2001,0
svk,2002,0
svk,2003,0
svk,2004,0
svk,2005,0
svn,1990,0
svn,1991,0
svn,1992,0
svn,1993,0
svn,1994,0
svn,1995,0
svn,1996,0
svn,1997,0
svn,1998,0
svn,1999,0
svn,2000,0
svn,2001,0
svn,2002,0
svn,2003,0
svn,2004,0
svn,2005,0
swe,1990,0
swe,1991,0
swe,1992,0
swe,1993,0
swe,1994,0
swe,1995,0
swe,1996,0
swe,1997,0
swe,1998,0
swe,1999,0
swe,2000,0
swe,2001,0
swe,2002,0
swe,2003,0
swe,2004,0
swe,2005,0
swe,2006,0
swe,2007,0
swz,1990,13.3
swz,1991,21.7
swz,1992,33.2
swz,1993,49.6
swz,1994,72.1
swz,1995,100.1
swz,1996,132.3
swz,1997,165.3
swz,1998,203.7
swz,1999,282.5
swz,2000,317
swz,2001,365.4
swz,2002,200.7
swz,2003,201.8
swz,2004,237.2
swz,2005,268.4
swz,2006,282
swz,2007,276.8
tcd,1990,3.8
tcd,1991,5.3
tcd,1992,6.9
tcd,1993,8.8
tcd,1994,11
tcd,1995,13.3
tcd,1996,17.1
tcd,1997,22.6
tcd,1998,26.5
tcd,1999,26
tcd,2000,29.8
tcd,2001,33.4
tcd,2002,38.8
tcd,2003,44.8
tcd,2004,42.8
tcd,2005,40.2
tcd,2006,39.2
tcd,2007,38.8
tgo,1990,11.1
tgo,1991,16.3
tgo,1992,22.9
tgo,1993,29.8
tgo,1994,35.9
tgo,1995,40.6
tgo,1996,44.7
tgo,1997,51.3
tgo,1998,52
tgo,1999,54.1
tgo,2000,55.6
tgo,2001,56.9
tgo,2002,59.4
tgo,2003,58.6
tgo,2004,59
tgo,2005,59.4
tgo,2006,60.1
tgo,2007,61.8
tha,1990,6.3
tha,1991,8.7
tha,1992,10.1
tha,1993,11.1
tha,1994,11.6
tha,1995,11.6
tha,1996,11.6
tha,1997,11.2
tha,1998,10
tha,1999,8.8
tha,2000,8.2
tha,2001,7
tha,2002,6.7
tha,2003,6.2
tha,2004,6.1
tha,2005,5.9
tha,2006,5.9
tha,2007,6
tjk,1990,0
tjk,1991,0
tjk,1992,0
tjk,1993,0
tjk,1994,0
tjk,1995,0
tjk,1996,0.1
tjk,1997,0.1
tjk,1998,0.1
tjk,1999,0.2
tjk,2000,0.3
tjk,2001,0.5
tjk,2002,0.8
tjk,2003,1
tjk,2004,1.6
tjk,2005,2
tjk,2006,2.6
tjk,2007,3.1
tkm,1990,0
tkm,1991,0
tkm,1992,0
tkm,1993,0
tkm,1994,0
tkm,1995,0
tkm,1996,0
tkm,1997,0
tkm,1998,0
tkm,1999,0
tkm,2000,0
tkm,2001,0
tkm,2002,0
tkm,2003,0
tkm,2004,0
tkm,2005,0
tls,1990,0
tls,1991,0
tls,1992,0
tls,1993,0
tls,1994,0
tls,1995,0
tls,1996,0
tls,1997,0
tls,1998,0
tls,1999,0
tls,2000,0
tls,2001,0
tls,2002,0
tls,2003,0
tls,2004,0
tls,2005,0
tls,2006,0
tls,2007,0
tto,1990,0.1
tto,1991,0.1
tto,1992,0.2
tto,1993,0.3
tto,1994,0.3
tto,1995,0.4
tto,1996,0.4
tto,1997,0.5
tto,1998,0.5
tto,1999,0.6
tto,2000,0.5
tto,2001,0.6
tto,2002,0.6
tto,2003,0.7
tto,2004,0.6
tto,2005,0.7
tto,2006,0.6
tto,2007,0.6
tun,1990,0
tun,1991,0
tun,1992,0
tun,1993,0
tun,1994,0
tun,1995,0
tun,1996,0
tun,1997,0
tun,1998,0
tun,1999,0
tun,2000,0
tun,2001,0
tun,2002,0
tun,2003,0
tun,2004,0.1
tun,2005,0
tun,2006,0.1
tun,2007,0.1
tza,1990,23
tza,1991,28
tza,1992,32.7
tza,1993,37
tza,1994,41.6
tza,1995,45.8
tza,1996,49.5
tza,1997,54
tza,1998,55.1
tza,1999,57.4
tza,2000,59.4
tza,2001,57.6
tza,2002,59.9
tza,2003,58.6
tza,2004,56.5
tza,2005,54.6
tza,2006,52.2
tza,2007,49
uga,1990,51.7
uga,1991,79.8
uga,1992,86.5
uga,1993,93.3
uga,1994,94.8
uga,1995,97
uga,1996,93.4
uga,1997,70.6
uga,1998,70.6
uga,1999,66.9
uga,2000,69.1
uga,2001,66.8
uga,2002,68.9
uga,2003,70.2
uga,2004,66
uga,2005,62.8
uga,2006,57.3
uga,2007,52.2
ukr,1990,0
ukr,1991,0
ukr,1992,0
ukr,1993,0
ukr,1994,0
ukr,1995,0.1
ukr,1996,0.3
ukr,1997,0.7
ukr,1998,1.2
ukr,1999,1.5
ukr,2000,1.9
ukr,2001,2.4
ukr,2002,2.9
ukr,2003,3.6
ukr,2004,3.9
ukr,2005,3.5
ukr,2006,3.5
ukr,2007,3.7
ury,1990,0.1
ury,1991,0.1
ury,1992,0.1
ury,1993,0.2
ury,1994,0.2
ury,1995,0.2
ury,1996,0.2
ury,1997,0.3
ury,1998,0.3
ury,1999,0.3
ury,2000,0.4
ury,2001,0.4
ury,2002,0.5
ury,2003,0.5
ury,2004,0.4
ury,2005,0.5
ury,2006,0.6
ury,2007,0.5
usa,1990,0.1
usa,1991,0.1
usa,1992,0.1
usa,1993,0.1
usa,1994,0.1
usa,1995,0.1
usa,1996,0.1
usa,1997,0.1
usa,1998,0.1
usa,1999,0.1
usa,2000,0.1
usa,2001,0.1
usa,2002,0.1
usa,2003,0.1
usa,2004,0.1
usa,2005,0
usa,2006,0
usa,2007,0
uzb,1990,0
uzb,1991,0
uzb,1992,0
uzb,1993,0
uzb,1994,0
uzb,1995,0
uzb,1996,0
uzb,1997,0
uzb,1998,0
uzb,1999,0
uzb,2000,0
uzb,2001,0
uzb,2002,0.1
uzb,2003,0.1
uzb,2004,0.2
uzb,2005,0.3
uzb,2006,0.4
uzb,2007,0.6
ven,1990,0.1
ven,1991,0.1
ven,1992,0.2
ven,1993,0.2
ven,1994,0.2
ven,1995,0.3
ven,1996,0.3
ven,1997,0.4
ven,1998,0.4
ven,1999,0.5
ven,2000,0.6
ven,2001,0.6
ven,2002,0.7
ven,2003,0.8
ven,2004,0.8
ven,2005,0.9
ven,2006,0.9
ven,2007,0.9
vnm,1990,0
vnm,1991,0.1
vnm,1992,0.1
vnm,1993,0.2
vnm,1994,0.3
vnm,1995,0.4
vnm,1996,0.6
vnm,1997,0.8
vnm,1998,1.1
vnm,1999,1.5
vnm,2000,1.9
vnm,2001,2.4
vnm,2002,2.7
vnm,2003,3.1
vnm,2004,3.2
vnm,2005,3.4
vnm,2006,3.5
vnm,2007,3.5
yem,1990,0
yem,1991,0
yem,1992,0
yem,1993,0
yem,1994,0
yem,1995,0
yem,1996,0
yem,1997,0
yem,1998,0
yem,1999,0
yem,2000,0
yem,2001,0
yem,2002,0
yem,2003,0
yem,2004,0.1
yem,2005,0.1
zaf,1992,3.5
zaf,1993,44.7
zaf,1994,57.9
zaf,1995,70.8
zaf,1996,85.5
zaf,1997,99
zaf,1998,113.8
zaf,1999,106.6
zaf,2000,153
zaf,2001,178.4
zaf,2002,161
zaf,2003,191.2
zaf,2004,196.2
zaf,2005,210
zaf,2006,194.2
zaf,2007,192.9
zmb,1990,88.5
zmb,1991,115.8
zmb,1992,143.7
zmb,1993,163.7
zmb,1994,177.6
zmb,1995,187.3
zmb,1996,194.6
zmb,1997,202.2
zmb,1998,204.9
zmb,1999,211.2
zmb,2000,208.2
zmb,2001,224
zmb,2002,121.7
zmb,2003,108.2
zmb,2004,107
zmb,2005,108
zmb,2006,99.5
zmb,2007,89.1
zwe,1990,106
zwe,1991,127.9
zwe,1992,145.5
zwe,1993,163.3
zwe,1994,179.8
zwe,1995,196.5
zwe,1996,210.5
zwe,1997,223.9
zwe,1998,121.4
zwe,1999,133.5
zwe,2000,159.3
zwe,2001,168.1
zwe,2002,184.1
zwe,2003,215.3
zwe,2004,211.9
zwe,2005,218.3
zwe,2006,219.6
zwe,2007,212.8
