geo,time,private_share_of_total_health_spending_percent
afg,2002,94.38
afg,2003,93.17
afg,2004,92.19
afg,2005,88.45
afg,2006,88.19
afg,2007,87.84
afg,2008,88.23
afg,2009,88.4
afg,2010,88.34
ago,1995,13.18
ago,1996,23.1
ago,1997,22.12
ago,1998,26.95
ago,1999,25.8
ago,2000,20.76
ago,2001,14.49
ago,2002,21.15
ago,2003,18.94
ago,2004,23.96
ago,2005,25.51
ago,2006,20.7
ago,2007,19.82
ago,2008,15.67
ago,2009,10.11
ago,2010,17.54
alb,1995,50.05
alb,1996,60.36
alb,1997,60.8
alb,1998,60.46
alb,1999,56.72
alb,2000,63.9
alb,2001,61.8
alb,2002,63.94
alb,2003,64.06
alb,2004,60.27
alb,2005,59.83
alb,2006,60.6
alb,2007,61.77
alb,2008,60.36
alb,2009,58.82
alb,2010,60.96
and,1995,35.56
and,1996,34.77
and,1997,33.81
and,1998,27.96
and,1999,33.85
and,2000,35.18
and,2001,31.25
and,2002,31.19
and,2003,31.4
and,2004,30.83
and,2005,30.86
and,2006,29.57
and,2007,30.21
and,2008,30.13
and,2009,29.92
and,2010,29.91
are,1995,21.03
are,1996,20.75
are,1997,21.66
are,1998,32.69
are,1999,33.99
are,2000,34.86
are,2001,21.73
are,2002,36.93
are,2003,36.84
are,2004,40.86
are,2005,41
are,2006,40.61
are,2007,40.38
are,2008,33.99
are,2009,23.07
are,2010,25.63
arg,1995,40.24
arg,1996,42.28
arg,1997,45.54
arg,1998,45.83
arg,1999,44.94
arg,2000,46.12
arg,2001,45.81
arg,2002,46.43
arg,2003,47.73
arg,2004,47.72
arg,2005,45.79
arg,2006,44.24
arg,2007,40.64
arg,2008,37.43
arg,2009,33.56
arg,2010,45.4
arm,1995,69.04
arm,1996,72.11
arm,1997,75.71
arm,1998,71.53
arm,1999,71.71
arm,2000,81.86
arm,2001,73.27
arm,2002,74.83
arm,2003,72.75
arm,2004,74.62
arm,2005,69.58
arm,2006,62.02
arm,2007,58.43
arm,2008,55.48
arm,2009,56.55
arm,2010,59.36
atg,1995,33.54
atg,1996,35.81
atg,1997,33.98
atg,1998,32.05
atg,1999,30.74
atg,2000,30.99
atg,2001,34.49
atg,2002,34.82
atg,2003,35.82
atg,2004,36.65
atg,2005,36.86
atg,2006,34.28
atg,2007,33.64
atg,2008,32.12
atg,2009,32.9
atg,2010,29.03
aus,1995,34.22
aus,1996,34.75
aus,1997,33.11
aus,1998,33.64
aus,1999,31.61
aus,2000,33.18
aus,2001,33.72
aus,2002,33.09
aus,2003,33.89
aus,2004,33.32
aus,2005,33.11
aus,2006,33.41
aus,2007,32.49
aus,2008,32.01
aus,2009,32.01
aus,2010,32.01
aut,1995,26.05
aut,1996,26.46
aut,1997,24.32
aut,1998,23.99
aut,1999,23.25
aut,2000,23.17
aut,2001,23.91
aut,2002,24.2
aut,2003,24.48
aut,2004,24.3
aut,2005,23.86
aut,2006,24.01
aut,2007,23.61
aut,2008,22.84
aut,2009,22.34
aut,2010,22.49
aze,1995,76.25
aze,1996,76.05
aze,1997,77.61
aze,1998,83.53
aze,1999,81.74
aze,2000,81.46
aze,2001,81.1
aze,2002,82.27
aze,2003,87.34
aze,2004,86.98
aze,2005,88.7
aze,2006,85.8
aze,2007,80.4
aze,2008,80.74
aze,2009,76.86
aze,2010,79.71
bdi,1995,67.77
bdi,1996,65.29
bdi,1997,71.19
bdi,1998,71.74
bdi,1999,71.22
bdi,2000,71.4
bdi,2001,66.71
bdi,2002,69.45
bdi,2003,73.85
bdi,2004,64.12
bdi,2005,65.22
bdi,2006,64.79
bdi,2007,62.3
bdi,2008,62.84
bdi,2009,63.95
bdi,2010,61.83
bel,1995,23.2
bel,1996,21.82
bel,1997,24.62
bel,1998,25.2
bel,1999,25.42
bel,2000,25.39
bel,2001,24.59
bel,2002,26.2
bel,2003,25.22
bel,2004,23.98
bel,2005,24.07
bel,2006,26.13
bel,2007,26.49
bel,2008,25.04
bel,2009,24.9
bel,2010,25.26
ben,1995,55
ben,1996,55.71
ben,1997,57.92
ben,1998,55.77
ben,1999,54
ben,2000,55.8
ben,2001,50.75
ben,2002,55.81
ben,2003,52.25
ben,2004,52.32
ben,2005,50.31
ben,2006,49.78
ben,2007,49
ben,2008,48.3
ben,2009,46.2
ben,2010,50.5
bfa,1995,61.26
bfa,1996,61.63
bfa,1997,58.94
bfa,1998,60.08
bfa,1999,58.81
bfa,2000,60.35
bfa,2001,62.62
bfa,2002,56.09
bfa,2003,53.57
bfa,2004,46.32
bfa,2005,40.46
bfa,2006,43.14
bfa,2007,39.73
bfa,2008,40.95
bfa,2009,50.27
bfa,2010,49.03
bgd,1995,63.86
bgd,1996,63.83
bgd,1997,57.7
bgd,1998,59.18
bgd,1999,60.13
bgd,2000,60.98
bgd,2001,60.06
bgd,2002,60.32
bgd,2003,62.35
bgd,2004,61.22
bgd,2005,65.1
bgd,2006,63.51
bgd,2007,65.61
bgd,2008,68.34
bgd,2009,67.05
bgd,2010,65.7
bgr,1995,26.04
bgr,1996,30.4
bgr,1997,28.34
bgr,1998,30.1
bgr,1999,33.67
bgr,2000,39.07
bgr,2001,41.61
bgr,2002,38.74
bgr,2003,37.88
bgr,2004,39.24
bgr,2005,39.08
bgr,2006,43.05
bgr,2007,41.79
bgr,2008,41.46
bgr,2009,44.65
bgr,2010,45.51
bhr,1995,30.36
bhr,1996,30.79
bhr,1997,29.91
bhr,1998,31.18
bhr,1999,30.76
bhr,2000,32.46
bhr,2001,33.01
bhr,2002,33.44
bhr,2003,33.07
bhr,2004,32.79
bhr,2005,30.96
bhr,2006,30.02
bhr,2007,29.3
bhr,2008,28.78
bhr,2009,29.91
bhr,2010,26.68
bhs,1995,60.15
bhs,1996,59.9
bhs,1997,58.19
bhs,1998,55.08
bhs,1999,53.25
bhs,2000,52.39
bhs,2001,52.5
bhs,2002,52.91
bhs,2003,53.33
bhs,2004,52.82
bhs,2005,55.73
bhs,2006,52.79
bhs,2007,55.04
bhs,2008,54.77
bhs,2009,53.17
bhs,2010,54.4
bih,1995,52.93
bih,1996,55.86
bih,1997,55.52
bih,1998,57
bih,1999,45.55
bih,2000,42.36
bih,2001,39.32
bih,2002,36.72
bih,2003,30.81
bih,2004,42.8
bih,2005,45.03
bih,2006,44.52
bih,2007,43.45
bih,2008,41.81
bih,2009,38.65
bih,2010,38.6
blr,1995,28.88
blr,1996,24.68
blr,1997,17.68
blr,1998,22.96
blr,1999,23.49
blr,2000,24.51
blr,2001,28.45
blr,2002,29.51
blr,2003,26.16
blr,2004,25.26
blr,2005,27.06
blr,2006,29.77
blr,2007,30.85
blr,2008,34.92
blr,2009,35.98
blr,2010,22.31
blz,1995,37.78
blz,1996,43.36
blz,1997,42.02
blz,1998,42.97
blz,1999,44.25
blz,2000,47.19
blz,2001,42.28
blz,2002,43.69
blz,2003,42.64
blz,2004,42.69
blz,2005,40.3
blz,2006,39.02
blz,2007,36.23
blz,2008,37.04
blz,2009,36.24
blz,2010,37.31
bol,1995,36.18
bol,1996,35.65
bol,1997,33.98
bol,1998,38.78
bol,1999,41.86
bol,2000,39.9
bol,2001,40.68
bol,2002,37.18
bol,2003,39.91
bol,2004,37.44
bol,2005,33.81
bol,2006,30.11
bol,2007,31.84
bol,2008,34.85
bol,2009,35.44
bol,2010,37.16
bra,1995,56.99
bra,1996,59.46
bra,1997,57.05
bra,1998,57.36
bra,1999,57.27
bra,2000,59.7
bra,2001,57.71
bra,2002,55.36
bra,2003,55.63
bra,2004,52.98
bra,2005,59.86
bra,2006,58.31
bra,2007,58.18
bra,2008,57.24
bra,2009,56.43
bra,2010,52.98
brb,1995,32.05
brb,1996,31.66
brb,1997,34.79
brb,1998,34.61
brb,1999,34.59
brb,2000,34.2
brb,2001,32.44
brb,2002,31.6
brb,2003,34.41
brb,2004,35.45
brb,2005,35.61
brb,2006,35.24
brb,2007,36
brb,2008,34.51
brb,2009,41.42
brb,2010,34.99
brn,1995,22.15
brn,1996,18.59
brn,1997,18.83
brn,1998,16.17
brn,1999,22.24
brn,2000,13.51
brn,2001,18.94
brn,2002,17.64
brn,2003,16.34
brn,2004,16.34
brn,2005,15.82
brn,2006,16
brn,2007,15.5
brn,2008,14
brn,2009,14.84
brn,2010,15.11
btn,1995,31.63
btn,1996,29.89
btn,1997,30.79
btn,1998,32.78
btn,1999,24.35
btn,2000,20.74
btn,2001,21.59
btn,2002,16.2
btn,2003,25.89
btn,2004,27.54
btn,2005,24
btn,2006,18.87
btn,2007,15.21
btn,2008,13.97
btn,2009,13.53
btn,2010,13.17
bwa,1995,47.64
bwa,1996,47.5
bwa,1997,43.5
bwa,1998,43.55
bwa,1999,42.24
bwa,2000,37.83
bwa,2001,29.98
bwa,2002,28.86
bwa,2003,31.49
bwa,2004,23.36
bwa,2005,25.72
bwa,2006,27.06
bwa,2007,23.53
bwa,2008,24.02
bwa,2009,23.98
bwa,2010,27.47
caf,1995,60.3
caf,1996,69.3
caf,1997,62.6
caf,1998,66.74
caf,1999,61.61
caf,2000,58.58
caf,2001,61.23
caf,2002,58.84
caf,2003,60.18
caf,2004,62.03
caf,2005,64.69
caf,2006,64.57
caf,2007,65.79
caf,2008,66.72
caf,2009,65.81
caf,2010,64.62
can,1995,28.75
can,1996,29.22
can,1997,29.88
can,1998,29.43
can,1999,30.03
can,2000,29.64
can,2001,30.02
can,2002,30.47
can,2003,29.83
can,2004,29.78
can,2005,29.78
can,2006,30.23
can,2007,29.78
can,2008,29.51
can,2009,29.38
can,2010,29.5
che,1995,46.44
che,1996,45.53
che,1997,45.05
che,1998,45.34
che,1999,44.86
che,2000,44.57
che,2001,43.07
che,2002,42.26
che,2003,41.65
che,2004,41.61
che,2005,40.54
che,2006,40.88
che,2007,40.73
che,2008,40.5
che,2009,40.28
che,2010,40.98
chl,1995,61.73
chl,1996,63.37
chl,1997,62.66
chl,1998,61.72
chl,1999,60.1
chl,2000,58.36
chl,2001,57.05
chl,2002,56.24
chl,2003,61.2
chl,2004,60.15
chl,2005,59.97
chl,2006,57.87
chl,2007,56.8
chl,2008,55.95
chl,2009,52.36
chl,2010,51.82
chn,1995,49.5
chn,1996,53.41
chn,1997,55.76
chn,1998,58.19
chn,1999,59.11
chn,2000,61.72
chn,2001,64.43
chn,2002,64.17
chn,2003,63.77
chn,2004,62.03
chn,2005,61.23
chn,2006,59.35
chn,2007,53.07
chn,2008,50.05
chn,2009,47.5
chn,2010,46.4
civ,1995,77.44
civ,1996,76.34
civ,1997,76.48
civ,1998,79.56
civ,1999,76.94
civ,2000,73.73
civ,2001,75.79
civ,2002,70.04
civ,2003,74.16
civ,2004,74.63
civ,2005,80.16
civ,2006,80.78
civ,2007,77.73
civ,2008,76.26
civ,2009,79.15
civ,2010,78.41
cmr,1995,76.68
cmr,1996,82.68
cmr,1997,78.9
cmr,1998,82.24
cmr,1999,81.18
cmr,2000,79.16
cmr,2001,75.96
cmr,2002,73.44
cmr,2003,73.2
cmr,2004,76.1
cmr,2005,76.4
cmr,2006,77.01
cmr,2007,77.56
cmr,2008,79.56
cmr,2009,74.1
cmr,2010,70.38
cod,1995,95.96
cod,1996,96.74
cod,1997,95.05
cod,1998,96.3
cod,1999,94.27
cod,2000,95.92
cod,2001,94.81
cod,2002,94.14
cod,2003,78.82
cod,2004,78.17
cod,2005,70.03
cod,2006,68.94
cod,2007,63.82
cod,2008,52.89
cod,2009,55.29
cod,2010,57.48
cog,1995,40.37
cog,1996,39.49
cog,1997,40.18
cog,1998,41.22
cog,1999,42.52
cog,2000,42.28
cog,2001,45
cog,2002,47.33
cog,2003,50.08
cog,2004,46.16
cog,2005,40.52
cog,2006,36.71
cog,2007,42.4
cog,2008,51.86
cog,2009,52.51
cog,2010,53.26
cok,1995,8.662
cok,1996,8.204
cok,1997,10.22
cok,1998,9.467
cok,1999,10.53
cok,2000,9.497
cok,2001,6.698
cok,2002,8.697
cok,2003,8.679
cok,2004,9.575
cok,2005,5.715
cok,2006,6.562
cok,2007,6.501
cok,2008,6.382
cok,2009,6.235
cok,2010,6.155
col,1995,41.36
col,1996,35.2
col,1997,35.12
col,1998,28.15
col,1999,23.7
col,2000,29.25
col,2001,29.69
col,2002,29.56
col,2003,29.95
col,2004,29.41
col,2005,29.95
col,2006,29.16
col,2007,28.94
col,2008,29.4
col,2009,28.94
col,2010,27.3
com,1995,28.77
com,1996,30.39
com,1997,33.11
com,1998,36.34
com,1999,39.4
com,2000,47.25
com,2001,52.49
com,2002,42.72
com,2003,41.83
com,2004,39.56
com,2005,38.98
com,2006,36.27
com,2007,34.72
com,2008,32.6
com,2009,46.79
com,2010,32.78
cpv,1995,19.27
cpv,1996,17.86
cpv,1997,17.88
cpv,1998,24.74
cpv,1999,26.11
cpv,2000,26.5
cpv,2001,24.23
cpv,2002,24.38
cpv,2003,26.07
cpv,2004,22.09
cpv,2005,22.73
cpv,2006,21.99
cpv,2007,24.93
cpv,2008,26.82
cpv,2009,25.95
cpv,2010,24.96
cri,1995,23.5
cri,1996,23.84
cri,1997,24.57
cri,1998,23.89
cri,1999,23.72
cri,2000,23.17
cri,2001,24.69
cri,2002,25.37
cri,2003,25.89
cri,2004,27.89
cri,2005,29.73
cri,2006,31.01
cri,2007,32.73
cri,2008,33.12
cri,2009,32.59
cri,2010,31.9
cub,1995,10.43
cub,1996,10.15
cub,1997,9.964
cub,1998,10.15
cub,1999,9.499
cub,2000,9.898
cub,2001,10.38
cub,2002,11.86
cub,2003,10.55
cub,2004,9.747
cub,2005,6.539
cub,2006,7.228
cub,2007,5.003
cub,2008,4.719
cub,2009,7.28
cub,2010,8.527
cyp,1995,64.16
cyp,1996,65.9
cyp,1997,64.77
cyp,1998,58.12
cyp,1999,57.34
cyp,2000,58.35
cyp,2001,57.64
cyp,2002,55.02
cyp,2003,54.87
cyp,2004,56.16
cyp,2005,58.19
cyp,2006,57.57
cyp,2007,57.41
cyp,2008,58.49
cyp,2009,58.48
cyp,2010,58.49
cze,1995,9.111
cze,1996,9.332
cze,1997,9.714
cze,1998,9.57
cze,1999,9.518
cze,2000,9.681
cze,2001,10.23
cze,2002,9.526
cze,2003,10.2
cze,2004,10.85
cze,2005,12.69
cze,2006,13.27
cze,2007,14.81
cze,2008,17.45
cze,2009,16.04
cze,2010,16.32
deu,1995,18.64
deu,1996,18.07
deu,1997,19.37
deu,1998,20.13
deu,1999,20.21
deu,2000,20.5
deu,2001,20.72
deu,2002,20.99
deu,2003,21.56
deu,2004,23.28
deu,2005,23.39
deu,2006,23.57
deu,2007,23.58
deu,2008,23.45
deu,2009,23.14
deu,2010,22.92
dji,1995,39.98
dji,1996,41.72
dji,1997,38.49
dji,1998,33.94
dji,1999,29.22
dji,2000,32.23
dji,2001,35.13
dji,2002,35.46
dji,2003,32.98
dji,2004,38.29
dji,2005,31.57
dji,2006,33.26
dji,2007,30.81
dji,2008,32
dji,2009,30.68
dji,2010,34.71
dma,1995,29.64
dma,1996,29.56
dma,1997,28.75
dma,1998,29.44
dma,1999,30.07
dma,2000,31.03
dma,2001,32.28
dma,2002,32.74
dma,2003,33.92
dma,2004,34.86
dma,2005,37.87
dma,2006,35.76
dma,2007,37.52
dma,2008,37.76
dma,2009,34.76
dma,2010,30.36
dnk,1995,17.48
dnk,1996,17.58
dnk,1997,17.72
dnk,1998,17.92
dnk,1999,16.05
dnk,2000,16.14
dnk,2001,15.82
dnk,2002,15.51
dnk,2003,15.45
dnk,2004,15.73
dnk,2005,15.52
dnk,2006,15.36
dnk,2007,15.27
dnk,2008,15.05
dnk,2009,14.96
dnk,2010,14.89
dom,1995,79.1
dom,1996,76.8
dom,1997,73.67
dom,1998,69.17
dom,1999,66.23
dom,2000,65.46
dom,2001,68.92
dom,2002,67.73
dom,2003,66.94
dom,2004,71.32
dom,2005,68.42
dom,2006,63.03
dom,2007,64.05
dom,2008,62.95
dom,2009,58.6
dom,2010,56.65
dza,1995,24.63
dza,1996,22.36
dza,1997,25.65
dza,1998,26.24
dza,1999,27.15
dza,2000,26.67
dza,2001,22.57
dza,2002,22.66
dza,2003,21.33
dza,2004,28.94
dza,2005,27.93
dza,2006,25.64
dza,2007,22.68
dza,2008,20.46
dza,2009,20.71
dza,2010,22.11
ecu,1995,44.64
ecu,1996,41.38
ecu,1997,46.75
ecu,1998,61.04
ecu,1999,60.61
ecu,2000,68.75
ecu,2001,65.51
ecu,2002,66.28
ecu,2003,77.85
ecu,2004,77.01
ecu,2005,77.68
ecu,2006,76.19
ecu,2007,75.73
ecu,2008,73.47
ecu,2009,65.12
ecu,2010,62.79
egy,1995,53.5
egy,1996,58.44
egy,1997,61.3
egy,1998,60.05
egy,1999,59.63
egy,2000,59.53
egy,2001,59.53
egy,2002,59.74
egy,2003,59.63
egy,2004,59.54
egy,2005,59.36
egy,2006,55.82
egy,2007,58.79
egy,2008,57.81
egy,2009,60.51
egy,2010,62.59
eri,1995,52.1
eri,1996,62.73
eri,1997,57.82
eri,1998,56.87
eri,1999,57.22
eri,2000,52.37
eri,2001,47.32
eri,2002,50.73
eri,2003,52.81
eri,2004,53.79
eri,2005,54.05
eri,2006,54.43
eri,2007,54.72
eri,2008,49.45
eri,2009,52.3
eri,2010,51.76
esp,1995,27.82
esp,1996,27.64
esp,1997,27.53
esp,1998,27.8
esp,1999,27.97
esp,2000,28.38
esp,2001,28.8
esp,2002,28.71
esp,2003,29.75
esp,2004,29.6
esp,2005,29.43
esp,2006,28.7
esp,2007,28.52
esp,2008,27.39
esp,2009,26.37
esp,2010,27.19
est,1995,10.23
est,1996,11.63
est,1997,10.83
est,1998,13.65
est,1999,27.61
est,2000,32.23
est,2001,30.89
est,2002,32.67
est,2003,31.76
est,2004,33.23
est,2005,23.04
est,2006,26.34
est,2007,23.55
est,2008,20.97
est,2009,21.64
est,2010,21.32
eth,1995,59.97
eth,1996,61.85
eth,1997,59.13
eth,1998,56.24
eth,1999,53.42
eth,2000,46.44
eth,2001,42.88
eth,2002,45.98
eth,2003,42.09
eth,2004,42.81
eth,2005,39.09
eth,2006,44.71
eth,2007,43.26
eth,2008,48.11
eth,2009,46.45
eth,2010,46.46
fin,1995,28.32
fin,1996,28.38
fin,1997,27.89
fin,1998,27.53
fin,1999,28.54
fin,2000,28.74
fin,2001,28.03
fin,2002,27.54
fin,2003,25.44
fin,2004,25.03
fin,2005,24.61
fin,2006,25.16
fin,2007,25.64
fin,2008,25.55
fin,2009,25.29
fin,2010,24.95
fji,1995,20.12
fji,1996,18.38
fji,1997,17.32
fji,1998,17.72
fji,1999,19.61
fji,2000,15.93
fji,2001,19.3
fji,2002,17.46
fji,2003,18.8
fji,2004,19.27
fji,2005,18.62
fji,2006,21.48
fji,2007,25.45
fji,2008,24.51
fji,2009,30.2
fji,2010,29.87
fra,1995,20.31
fra,1996,20.44
fra,1997,20.36
fra,1998,20.48
fra,1999,20.55
fra,2000,20.62
fra,2001,20.62
fra,2002,20.34
fra,2003,21.08
fra,2004,21.18
fra,2005,21.16
fra,2006,21.26
fra,2007,21.66
fra,2008,22.3
fra,2009,22.07
fra,2010,22.15
fsm,1995,4.826
fsm,1996,5.456
fsm,1997,6.174
fsm,1998,6.939
fsm,1999,6.387
fsm,2000,6.146
fsm,2001,5.589
fsm,2002,6.062
fsm,2003,5.102
fsm,2004,4.667
fsm,2005,6.612
fsm,2006,7.465
fsm,2007,7.128
fsm,2008,9.633
fsm,2009,9.305
fsm,2010,8.843
gab,1995,62.15
gab,1996,59.73
gab,1997,60
gab,1998,59.65
gab,1999,64.38
gab,2000,58.03
gab,2001,57.97
gab,2002,63.69
gab,2003,56.23
gab,2004,54.28
gab,2005,57.72
gab,2006,57.33
gab,2007,56.12
gab,2008,56.3
gab,2009,52.08
gab,2010,47.07
gbr,1995,16.14
gbr,1996,17.06
gbr,1997,19.73
gbr,1998,19.73
gbr,1999,19.46
gbr,2000,20.8
gbr,2001,20.12
gbr,2002,20.19
gbr,2003,19.97
gbr,2004,18.66
gbr,2005,18.12
gbr,2006,18.73
gbr,2007,18.66
gbr,2008,17.65
gbr,2009,15.85
gbr,2010,16.11
geo,1995,94.78
geo,1996,88.33
geo,1997,81.34
geo,1998,81.74
geo,1999,81.88
geo,2000,82.99
geo,2001,82.24
geo,2002,83.95
geo,2003,85.18
geo,2004,84.68
geo,2005,80.83
geo,2006,78.89
geo,2007,82.25
geo,2008,80.21
geo,2009,77.73
geo,2010,76.36
gha,1995,42.55
gha,1996,42.68
gha,1997,45.37
gha,1998,44.4
gha,1999,49.68
gha,2000,51.3
gha,2001,42.98
gha,2002,50.33
gha,2003,48.7
gha,2004,38.1
gha,2005,33.65
gha,2006,43.49
gha,2007,37.64
gha,2008,41.96
gha,2009,43.29
gha,2010,40.51
gin,1995,79.54
gin,1996,81.14
gin,1997,79.74
gin,1998,83.2
gin,1999,81.61
gin,2000,81.34
gin,2001,78.52
gin,2002,78.71
gin,2003,75.83
gin,2004,83.11
gin,2005,88.7
gin,2006,87.21
gin,2007,91.98
gin,2008,86.13
gin,2009,91.81
gin,2010,88.71
gmb,1995,70.86
gmb,1996,70.34
gmb,1997,70.3
gmb,1998,66
gmb,1999,65.11
gmb,2000,66.23
gmb,2001,62.56
gmb,2002,62.48
gmb,2003,49.66
gmb,2004,42.21
gmb,2005,44.95
gmb,2006,43.16
gmb,2007,51.8
gmb,2008,52.01
gmb,2009,46.55
gmb,2010,49.15
gnb,1995,75.25
gnb,1996,69.68
gnb,1997,66.53
gnb,1998,68.75
gnb,1999,74.66
gnb,2000,83.81
gnb,2001,83.85
gnb,2002,63.9
gnb,2003,76.94
gnb,2004,84.34
gnb,2005,84.07
gnb,2006,84.62
gnb,2007,83.84
gnb,2008,84.7
gnb,2009,89.41
gnb,2010,89.97
gnq,1995,42.97
gnq,1996,47.59
gnq,1997,52.01
gnq,1998,52.61
gnq,1999,54.29
gnq,2000,53.68
gnq,2001,40.08
gnq,2002,21.64
gnq,2003,33.79
gnq,2004,42.75
gnq,2005,41.2
gnq,2006,33.66
gnq,2007,30.09
gnq,2008,44.28
gnq,2009,23.97
gnq,2010,24.07
grc,1995,47.96
grc,1996,47.05
grc,1997,47.16
grc,1998,47.94
grc,1999,46.58
grc,2000,39.99
grc,2001,39.24
grc,2002,42.01
grc,2003,40.21
grc,2004,40.88
grc,2005,39.89
grc,2006,37.97
grc,2007,39.65
grc,2008,40.06
grc,2009,38.34
grc,2010,40.6
grd,1995,56.47
grd,1996,56.61
grd,1997,56.47
grd,1998,57.09
grd,1999,52.37
grd,2000,47.97
grd,2001,41.15
grd,2002,47.19
grd,2003,50.88
grd,2004,53.07
grd,2005,52.25
grd,2006,50.22
grd,2007,52.67
grd,2008,54.88
grd,2009,50.82
grd,2010,55.03
gtm,1995,64.04
gtm,1996,65.91
gtm,1997,62.94
gtm,1998,52.47
gtm,1999,51.13
gtm,2000,60.31
gtm,2001,62.56
gtm,2002,64.58
gtm,2003,63.15
gtm,2004,65.75
gtm,2005,66.22
gtm,2006,66.86
gtm,2007,66.62
gtm,2008,65.47
gtm,2009,63.74
gtm,2010,65.13
guy,1995,20.76
guy,1996,20.4
guy,1997,19.86
guy,1998,20.24
guy,1999,20.78
guy,2000,17.56
guy,2001,18.73
guy,2002,18.14
guy,2003,20.61
guy,2004,26.67
guy,2005,34.56
guy,2006,34.26
guy,2007,43.02
guy,2008,9.195
guy,2009,13.37
guy,2010,14.6
hnd,1995,46.3
hnd,1996,50.41
hnd,1997,51.42
hnd,1998,48.08
hnd,1999,49.03
hnd,2000,33.19
hnd,2001,33.65
hnd,2002,35.67
hnd,2003,26.01
hnd,2004,34.96
hnd,2005,35.18
hnd,2006,39.03
hnd,2007,38.52
hnd,2008,38.79
hnd,2009,33.68
hrv,1995,13.54
hrv,1996,12.42
hrv,1997,15.52
hrv,1998,12.96
hrv,1999,12.66
hrv,2000,13.86
hrv,2001,16.72
hrv,2002,19.95
hrv,2003,17.39
hrv,2004,18.94
hrv,2005,13.98
hrv,2006,13.93
hrv,2007,12.97
hrv,2008,15.13
hrv,2009,15.13
hrv,2010,15.13
hti,1995,59.11
hti,1996,61.89
hti,1997,60.59
hti,1998,66.09
hti,1999,69.98
hti,2000,72.28
hti,2001,73.85
hti,2002,77.26
hti,2003,79.38
hti,2004,77.38
hti,2005,78.71
hti,2006,76.22
hti,2007,76.13
hti,2008,74.74
hti,2009,78.22
hti,2010,78.55
hun,1995,16.04
hun,1996,18.4
hun,1997,18.72
hun,1998,25.22
hun,1999,27.63
hun,2000,29.26
hun,2001,31.02
hun,2002,29.79
hun,2003,27.17
hun,2004,27.61
hun,2005,27.7
hun,2006,27.46
hun,2007,29.68
hun,2008,29.02
hun,2009,30.29
hun,2010,30.62
idn,1995,64.28
idn,1996,63.62
idn,1997,64.98
idn,1998,65.89
idn,1999,65.38
idn,2000,63.85
idn,2001,56.83
idn,2002,61.9
idn,2003,59.93
idn,2004,60.52
idn,2005,61.94
idn,2006,58.58
idn,2007,54.23
idn,2008,53.52
idn,2009,53.9
idn,2010,50.92
ind,1995,73.96
ind,1996,74.3
ind,1997,74.88
ind,1998,74.41
ind,1999,72.03
ind,2000,74.03
ind,2001,76.13
ind,2002,76.82
ind,2003,77.21
ind,2004,77.28
ind,2005,76.1
ind,2006,75.18
ind,2007,74.2
ind,2008,72.36
ind,2009,69.73
ind,2010,70.83
irl,1995,27.48
irl,1996,28.46
irl,1997,25.07
irl,1998,25.32
irl,1999,24.74
irl,2000,24.93
irl,2001,24.27
irl,2002,23.72
irl,2003,23.52
irl,2004,22.64
irl,2005,23.04
irl,2006,23.21
irl,2007,23.12
irl,2008,23.3
irl,2009,25.09
irl,2010,30.84
irn,1995,55.24
irn,1996,52.59
irn,1997,51.46
irn,1998,51.46
irn,1999,57.6
irn,2000,58.36
irn,2001,56.31
irn,2002,55.97
irn,2003,54.18
irn,2004,56.53
irn,2005,55.79
irn,2006,53.63
irn,2007,55.39
irn,2008,53.69
irn,2009,58.88
irn,2010,59.87
irq,1996,99.59
irq,1997,99.61
irq,1998,96.74
irq,1999,96.82
irq,2000,98.86
irq,2001,98.26
irq,2002,97.14
irq,2003,54.63
irq,2004,27.82
irq,2005,32.65
irq,2006,36.19
irq,2007,30.52
irq,2008,25.37
irq,2009,21.93
irq,2010,18.82
isl,1995,15.64
isl,1996,16.44
isl,1997,15.07
isl,1998,19.11
isl,1999,16.91
isl,2000,18.5
isl,2001,18.62
isl,2002,17.67
isl,2003,18.01
isl,2004,18.54
isl,2005,18.32
isl,2006,17.75
isl,2007,17.07
isl,2008,16.47
isl,2009,17.82
isl,2010,19.31
isr,1995,30.78
isr,1996,29.12
isr,1997,30.42
isr,1998,34.33
isr,1999,33.98
isr,2000,36.01
isr,2001,36.77
isr,2002,35.38
isr,2003,37.08
isr,2004,37.74
isr,2005,39.51
isr,2006,39.74
isr,2007,40.58
isr,2008,39.65
isr,2009,39.68
isr,2010,39.68
ita,1995,29.22
ita,1996,29.42
ita,1997,29.15
ita,1998,29.65
ita,1999,29.25
ita,2000,27.49
ita,2001,25.35
ita,2002,25.5
ita,2003,25.51
ita,2004,24.04
ita,2005,23.8
ita,2006,23.42
ita,2007,23.45
ita,2008,22.49
ita,2009,22.12
ita,2010,22.38
jam,1995,47.41
jam,1996,39.95
jam,1997,43.81
jam,1998,41.39
jam,1999,49.74
jam,2000,47.37
jam,2001,56.62
jam,2002,42.6
jam,2003,49.45
jam,2004,43.31
jam,2005,51.19
jam,2006,45.27
jam,2007,47.97
jam,2008,46.46
jam,2009,44.63
jam,2010,46.49
jor,1995,37.93
jor,1996,40.28
jor,1997,41.61
jor,1998,43.05
jor,1999,46.67
jor,2000,51.99
jor,2001,51.67
jor,2002,50.13
jor,2003,50.61
jor,2004,47.13
jor,2005,47.25
jor,2006,45.15
jor,2007,40.16
jor,2008,38.12
jor,2009,29.7
jor,2010,32.34
jpn,1995,17.73
jpn,1996,17.69
jpn,1997,18.77
jpn,1998,19.61
jpn,1999,19.27
jpn,2000,19.19
jpn,2001,18.6
jpn,2002,18.74
jpn,2003,19.58
jpn,2004,19.25
jpn,2005,18.42
jpn,2006,20.55
jpn,2007,19.62
jpn,2008,19.22
jpn,2009,17.68
jpn,2010,17.47
kaz,1995,36.19
kaz,1996,36.6
kaz,1997,35.88
kaz,1998,36.13
kaz,1999,47.66
kaz,2000,49.14
kaz,2001,43.45
kaz,2002,46.58
kaz,2003,45.55
kaz,2004,41.98
kaz,2005,38.07
kaz,2006,41.51
kaz,2007,47.84
kaz,2008,41.52
kaz,2009,40.79
kaz,2010,40.61
ken,1995,53.62
ken,1996,59.91
ken,1997,61.15
ken,1998,55.6
ken,1999,60.15
ken,2000,53.73
ken,2001,55.27
ken,2002,57.18
ken,2003,56.63
ken,2004,58.15
ken,2005,57.77
ken,2006,58.7
ken,2007,57.62
ken,2008,60.3
ken,2009,56.66
ken,2010,55.7
kgz,1995,42.38
kgz,1996,50.29
kgz,1997,48.23
kgz,1998,48.63
kgz,1999,51.52
kgz,2000,55.72
kgz,2001,58.86
kgz,2002,60.45
kgz,2003,62.11
kgz,2004,59.17
kgz,2005,59.11
kgz,2006,53.84
kgz,2007,50.85
kgz,2008,51.6
kgz,2009,46.96
kgz,2010,43.81
khm,1995,84.01
khm,1996,74.4
khm,1997,76.27
khm,1998,81.85
khm,1999,81.81
khm,2000,79.56
khm,2001,76.5
khm,2002,73.71
khm,2003,71.92
khm,2004,71.31
khm,2005,79.47
khm,2006,74.96
khm,2007,67.68
khm,2008,67.42
khm,2009,63.36
khm,2010,62.77
kir,1995,4.987
kir,1996,5.01
kir,1997,4.516
kir,1998,5.631
kir,1999,5.136
kir,2000,5.402
kir,2001,5.057
kir,2002,5.018
kir,2003,5.247
kir,2004,4.966
kir,2005,5.929
kir,2006,14.34
kir,2007,16.53
kir,2008,15.68
kir,2009,15.33
kir,2010,17.67
kna,1995,40.65
kna,1996,41.5
kna,1997,41.8
kna,1998,40.2
kna,1999,43.18
kna,2000,39.59
kna,2001,40.34
kna,2002,42.68
kna,2003,43.52
kna,2004,46.61
kna,2005,45.36
kna,2006,42.28
kna,2007,47.03
kna,2008,51.13
kna,2009,50.9
kna,2010,39.43
kor,1995,61.52
kor,1996,58.28
kor,1997,55.63
kor,1998,50.99
kor,1999,49.83
kor,2000,51.37
kor,2001,45.08
kor,2002,46.29
kor,2003,47.57
kor,2004,47.41
kor,2005,47.09
kor,2006,44.69
kor,2007,44.18
kor,2008,44.05
kor,2009,41.82
kor,2010,41.03
kwt,1995,18.13
kwt,1996,20.55
kwt,1997,20.12
kwt,1998,21
kwt,1999,20.62
kwt,2000,24.03
kwt,2001,18.62
kwt,2002,20.2
kwt,2003,19.77
kwt,2004,20.28
kwt,2005,20.2
kwt,2006,18.95
kwt,2007,21.32
kwt,2008,21.75
kwt,2009,14.56
kwt,2010,19.63
lao,1995,40.28
lao,1996,41.98
lao,1997,42.13
lao,1998,56.61
lao,1999,69.03
lao,2000,64.93
lao,2001,72.02
lao,2002,73.08
lao,2003,73.98
lao,2004,82.7
lao,2005,87.18
lao,2006,86.59
lao,2007,88.03
lao,2008,75.34
lao,2009,71.7
lao,2010,66.71
lbn,1995,71.68
lbn,1996,70.37
lbn,1997,69.76
lbn,1998,72.47
lbn,1999,70.93
lbn,2000,67.4
lbn,2001,62.67
lbn,2002,56.46
lbn,2003,59.44
lbn,2004,57
lbn,2005,54.37
lbn,2006,57.4
lbn,2007,58.38
lbn,2008,56.63
lbn,2009,58.09
lbn,2010,60.84
lbr,1998,72.17
lbr,1999,70.92
lbr,2000,73.56
lbr,2001,70.62
lbr,2002,78.46
lbr,2003,77.24
lbr,2004,74.13
lbr,2005,69.35
lbr,2006,72.19
lbr,2007,76.31
lbr,2008,67
lbr,2009,65.48
lbr,2010,67.46
lby,1995,50.41
lby,1996,51.23
lby,1997,54.91
lby,1998,47.98
lby,1999,49.8
lby,2000,42.79
lby,2001,35.41
lby,2002,35.24
lby,2003,36.46
lby,2004,36.95
lby,2005,38.22
lby,2006,38.95
lby,2007,34.12
lby,2008,29.68
lby,2009,33.88
lby,2010,31.22
lca,1995,35.88
lca,1996,35.52
lca,1997,39.31
lca,1998,38.18
lca,1999,38.41
lca,2000,38.09
lca,2001,38.34
lca,2002,40.54
lca,2003,45.46
lca,2004,43.5
lca,2005,47.38
lca,2006,51.33
lca,2007,52.47
lca,2008,48.92
lca,2009,37.03
lca,2010,39.5
lka,1995,53.2
lka,1996,53.6
lka,1997,54.77
lka,1998,49.75
lka,1999,52.39
lka,2000,51.19
lka,2001,53.94
lka,2002,56.77
lka,2003,56.75
lka,2004,52.29
lka,2005,51.87
lka,2006,51.06
lka,2007,50.65
lka,2008,53.23
lka,2009,53.76
lka,2010,55.25
lso,1995,53.44
lso,1996,51
lso,1997,55.2
lso,1998,52.06
lso,1999,51.45
lso,2000,48.79
lso,2001,41.93
lso,2002,44.54
lso,2003,41.59
lso,2004,42.61
lso,2005,46.65
lso,2006,39.95
lso,2007,33.6
lso,2008,29.9
lso,2009,25.7
lso,2010,23.76
ltu,1995,25.85
ltu,1996,29.6
ltu,1997,27.48
ltu,1998,24.05
ltu,1999,25.09
ltu,2000,30.29
ltu,2001,27.35
ltu,2002,25.09
ltu,2003,23.99
ltu,2004,32.44
ltu,2005,32.22
ltu,2006,30.48
ltu,2007,27.01
ltu,2008,27.6
ltu,2009,26.57
ltu,2010,26.51
lux,1995,7.563
lux,1996,7.195
lux,1997,7.517
lux,1998,7.581
lux,1999,10.21
lux,2000,14.93
lux,2001,15.75
lux,2002,14.47
lux,2003,15.78
lux,2004,15.19
lux,2005,15.08
lux,2006,14.87
lux,2007,15.88
lux,2008,15.95
lux,2009,15.98
lux,2010,15.59
lva,1995,33.73
lva,1996,42.23
lva,1997,44.23
lva,1998,40.76
lva,1999,41.65
lva,2000,45.61
lva,2001,48.79
lva,2002,47.86
lva,2003,47.18
lva,2004,43.42
lva,2005,42.94
lva,2006,35.91
lva,2007,39.26
lva,2008,37.53
lva,2009,38.35
lva,2010,38.86
mar,1995,67.77
mar,1996,68.13
mar,1997,72.02
mar,1998,70.78
mar,1999,71.16
mar,2000,70.58
mar,2001,67.83
mar,2002,74.03
mar,2003,73.44
mar,2004,72.59
mar,2005,71.63
mar,2006,67.24
mar,2007,63.69
mar,2008,63.13
mar,2009,61.25
mar,2010,62.04
mco,1995,10.46
mco,1996,10.46
mco,1997,10.77
mco,1998,11.88
mco,1999,12.44
mco,2000,12.9
mco,2001,12.6
mco,2002,12.82
mco,2003,11.88
mco,2004,11.95
mco,2005,11.81
mco,2006,12.03
mco,2007,12.67
mco,2008,12.29
mco,2009,12.03
mco,2010,11.95
mda,1995,35.76
mda,1996,34.66
mda,1997,35.74
mda,1998,43.77
mda,1999,50.71
mda,2000,51.45
mda,2001,54.91
mda,2002,49.9
mda,2003,52.39
mda,2004,50.71
mda,2005,54.38
mda,2006,55.59
mda,2007,54.8
mda,2008,52.77
mda,2009,51.48
mda,2010,54.21
mdg,1995,46.4
mdg,1996,40.86
mdg,1997,38.64
mdg,1998,39.66
mdg,1999,38.91
mdg,2000,33.51
mdg,2001,30.76
mdg,2002,32.87
mdg,2003,35.9
mdg,2004,34.62
mdg,2005,33.56
mdg,2006,33.03
mdg,2007,33.77
mdg,2008,31.3
mdg,2009,35.47
mdg,2010,39.72
mdv,1995,38.66
mdv,1996,43
mdv,1997,44.05
mdv,1998,44.39
mdv,1999,42.63
mdv,2000,41.51
mdv,2001,41.93
mdv,2002,41.93
mdv,2003,47.78
mdv,2004,43.7
mdv,2005,35.71
mdv,2006,34.84
mdv,2007,34.63
mdv,2008,30.62
mdv,2009,39.33
mdv,2010,39.51
mex,1995,57.87
mex,1996,58.59
mex,1997,55.29
mex,1998,53.98
mex,1999,52.19
mex,2000,53.44
mex,2001,55.19
mex,2002,56.16
mex,2003,55.83
mex,2004,54.84
mex,2005,54.97
mex,2006,54.78
mex,2007,54.6
mex,2008,53.02
mex,2009,51.66
mhl,1995,17.21
mhl,1996,14.37
mhl,1997,13.6
mhl,1998,14.64
mhl,1999,14.54
mhl,2000,12.04
mhl,2001,14.02
mhl,2002,14.92
mhl,2003,16.83
mhl,2004,16.53
mhl,2005,17.24
mhl,2006,16.43
mhl,2007,16.48
mhl,2008,17.9
mhl,2009,16.03
mhl,2010,16.77
mkd,1995,41.48
mkd,1996,41.36
mkd,1997,39.83
mkd,1998,36.01
mkd,1999,40.36
mkd,2000,42.5
mkd,2001,41.2
mkd,2002,41.21
mkd,2003,41.48
mkd,2004,40.48
mkd,2005,38.2
mkd,2006,34.92
mkd,2007,35.74
mkd,2008,31.81
mkd,2009,33.51
mkd,2010,36.25
mli,1995,47.74
mli,1996,60.42
mli,1997,63.88
mli,1998,65.55
mli,1999,69.92
mli,2000,67.11
mli,2001,55.07
mli,2002,59.81
mli,2003,55.89
mli,2004,50.77
mli,2005,53.49
mli,2006,51.8
mli,2007,51.98
mli,2008,53.5
mli,2009,52.76
mli,2010,53.42
mlt,1995,32.49
mlt,1996,31.58
mlt,1997,30.47
mlt,1998,29.7
mlt,1999,30.17
mlt,2000,27.53
mlt,2001,30.64
mlt,2002,30.4
mlt,2003,29.97
mlt,2004,31.42
mlt,2005,31.33
mlt,2006,30.64
mlt,2007,33.05
mlt,2008,35.11
mlt,2009,35.21
mlt,2010,34.52
mmr,1995,81.12
mmr,1996,84.25
mmr,1997,86.08
mmr,1998,89.91
mmr,1999,89.48
mmr,2000,86.56
mmr,2001,88.2
mmr,2002,84.76
mmr,2003,87.67
mmr,2004,86.49
mmr,2005,91.02
mmr,2006,85.62
mmr,2007,88.28
mmr,2008,88.97
mmr,2009,88.67
mmr,2010,87.82
mne,1995,28.99
mne,1996,29.15
mne,1997,28.86
mne,1998,28.98
mne,1999,29.52
mne,2000,30.94
mne,2001,29.51
mne,2002,31.4
mne,2003,27.03
mne,2004,28.08
mne,2005,30.78
mne,2006,31.95
mne,2007,30.77
mne,2008,29.59
mne,2009,28.71
mne,2010,32.83
mng,1995,20.52
mng,1996,16.56
mng,1997,17.82
mng,1998,16.88
mng,1999,17.55
mng,2000,18.11
mng,2001,15.77
mng,2002,21.39
mng,2003,20.67
mng,2004,14.18
mng,2005,21.08
mng,2006,27.89
mng,2007,34.02
mng,2008,43.43
mng,2009,45.15
mng,2010,44.91
moz,1995,32.86
moz,1996,39.12
moz,1997,35.13
moz,1998,34.81
moz,1999,31.19
moz,2000,27.62
moz,2001,27.51
moz,2002,24.83
moz,2003,27.16
moz,2004,30.32
moz,2005,25.54
moz,2006,27.16
moz,2007,26.74
moz,2008,28.73
moz,2009,26.95
moz,2010,28.26
mrt,1995,40.97
mrt,1996,51.14
mrt,1997,49.1
mrt,1998,40.45
mrt,1999,32.33
mrt,2000,33.5
mrt,2001,40.11
mrt,2002,33.39
mrt,2003,36.46
mrt,2004,34.87
mrt,2005,37.27
mrt,2006,37.85
mrt,2007,42.1
mrt,2008,48.44
mrt,2009,47.23
mrt,2010,46.89
mus,1995,45.31
mus,1996,45.93
mus,1997,45.77
mus,1998,45.27
mus,1999,45.98
mus,2000,47.95
mus,2001,48.16
mus,2002,48.52
mus,2003,45.76
mus,2004,45.27
mus,2005,52.34
mus,2006,58.14
mus,2007,63.87
mus,2008,66.11
mus,2009,62.87
mus,2010,58.3
mwi,1995,62.08
mwi,1996,72.91
mwi,1997,68.99
mwi,1998,66.26
mwi,1999,65.06
mwi,2000,54.16
mwi,2001,56.22
mwi,2002,39.61
mwi,2003,27.87
mwi,2004,26.86
mwi,2005,26.08
mwi,2006,31.11
mwi,2007,35.67
mwi,2008,37.56
mwi,2009,34.85
mwi,2010,39.82
mys,1995,39.81
mys,1996,38.43
mys,1997,40.74
mys,1998,40.77
mys,1999,41.05
mys,2000,41.04
mys,2001,38.99
mys,2002,40.19
mys,2003,38.34
mys,2004,43
mys,2005,47.97
mys,2006,44.15
mys,2007,45.3
mys,2008,44.8
mys,2009,44.29
mys,2010,44.49
nam,1995,29.01
nam,1996,27.64
nam,1997,28.65
nam,1998,27.56
nam,1999,26.67
nam,2000,31.08
nam,2001,43.74
nam,2002,41.99
nam,2003,42.94
nam,2004,50.45
nam,2005,51.09
nam,2006,56.54
nam,2007,45.62
nam,2008,45.43
nam,2009,45.03
nam,2010,41.62
ner,1995,60.13
ner,1996,62.52
ner,1997,56.11
ner,1998,56.25
ner,1999,56.3
ner,2000,56.19
ner,2001,51.35
ner,2002,51.06
ner,2003,53.65
ner,2004,52.83
ner,2005,50.01
ner,2006,47.5
ner,2007,50.36
ner,2008,48.17
ner,2009,49.72
ner,2010,49.12
nga,1995,74.45
nga,1996,79.24
nga,1997,76.49
nga,1998,73.86
nga,1999,70.88
nga,2000,66.54
nga,2001,68.65
nga,2002,74.42
nga,2003,77.6
nga,2004,67.31
nga,2005,70.83
nga,2006,66.02
nga,2007,60.43
nga,2008,58.83
nga,2009,64.94
nga,2010,62.11
nic,1995,35.6
nic,1996,40.79
nic,1997,51.09
nic,1998,50.73
nic,1999,54.21
nic,2000,46.54
nic,2001,46.08
nic,2002,47.59
nic,2003,43.39
nic,2004,44.67
nic,2005,43.54
nic,2006,45.15
nic,2007,45.15
nic,2008,45.15
nic,2009,45.2
niu,1995,1.61
niu,1996,1.334
niu,1997,1.527
niu,1998,1.647
niu,1999,1.41
niu,2000,1.545
niu,2001,0.4
niu,2002,1.401
niu,2003,1.087
niu,2004,0.8456
niu,2005,0.9504
niu,2006,0.7838
niu,2007,0.7582
niu,2008,0.741
niu,2009,0.7011
niu,2010,0.7019
nld,1995,28.96
nld,1996,33.82
nld,1997,32.18
nld,1998,35.85
nld,1999,37.29
nld,2000,36.92
nld,2001,37.19
nld,2002,37.54
nld,2003,30.76
nld,2004,31.35
nld,2005,31.42
nld,2006,16.2
nld,2007,16.47
nld,2008,16.46
nld,2009,14.27
nld,2010,13.62
nor,1995,18.6
nor,1996,18.62
nor,1997,18.61
nor,1998,17.74
nor,1999,17.37
nor,2000,17.45
nor,2001,16.38
nor,2002,16.47
nor,2003,16.24
nor,2004,16.39
nor,2005,16.45
nor,2006,16.17
nor,2007,15.85
nor,2008,15.71
nor,2009,15.9
nor,2010,16.1
npl,1995,82.71
npl,1996,82.58
npl,1997,79.38
npl,1998,76.98
npl,1999,80.44
npl,2000,78.28
npl,2001,71.42
npl,2002,71.84
npl,2003,73.46
npl,2004,70.86
npl,2005,68.62
npl,2006,62.67
npl,2007,66.48
npl,2008,62.88
npl,2009,61.9
npl,2010,65.41
nru,1995,21.65
nru,1996,18.09
nru,1997,16.69
nru,1998,14.03
nru,1999,16.98
nru,2000,18.52
nru,2001,19.34
nru,2002,20.09
nru,2003,25.08
nru,2004,18.8
nru,2005,24.27
nru,2006,22.71
nru,2007,16.63
nru,2008,25.42
nru,2009,31.51
nru,2010,31.49
nzl,1995,22.83
nzl,1996,23.32
nzl,1997,22.71
nzl,1998,22.96
nzl,1999,22.52
nzl,2000,21.98
nzl,2001,23.58
nzl,2002,22.1
nzl,2003,21.66
nzl,2004,20.37
nzl,2005,20.33
nzl,2006,19.93
nzl,2007,17.6
nzl,2008,17.16
nzl,2009,16.97
nzl,2010,16.78
omn,1995,16.04
omn,1996,16.06
omn,1997,17.03
omn,1998,18.44
omn,1999,18.34
omn,2000,18.25
omn,2001,17.94
omn,2002,16.49
omn,2003,17.11
omn,2004,18.08
omn,2005,17.65
omn,2006,19.41
omn,2007,19.84
omn,2008,23.61
omn,2009,21.22
omn,2010,19.87
pak,1995,74.32
pak,1996,72.88
pak,1997,74.95
pak,1998,79.87
pak,1999,80.96
pak,2000,78.75
pak,2001,79.52
pak,2002,71.83
pak,2003,76.67
pak,2004,75.33
pak,2005,74.44
pak,2006,70.01
pak,2007,69.32
pak,2008,66.52
pak,2009,65.16
pak,2010,61.52
pan,1995,32.04
pan,1996,35.56
pan,1997,31.53
pan,1998,33.29
pan,1999,33.72
pan,2000,31.93
pan,2001,32.92
pan,2002,30.95
pan,2003,33.63
pan,2004,29.65
pan,2005,30.44
pan,2006,32.57
pan,2007,35.8
pan,2008,30.87
pan,2009,25.23
pan,2010,24.9
per,1995,45.6
per,1996,45.29
per,1997,47.95
per,1998,43.99
per,1999,43.44
per,2000,41.3
per,2001,42.07
per,2002,42.38
per,2003,41.31
per,2004,41.2
per,2005,40.59
per,2006,43.7
per,2007,41.5
per,2008,37.7
per,2009,42.3
per,2010,45.98
phl,1995,60.47
phl,1996,59.02
phl,1997,56.95
phl,1998,57.07
phl,1999,55.8
phl,2000,52.43
phl,2001,55.83
phl,2002,59.99
phl,2003,59.77
phl,2004,60.19
phl,2005,60.77
phl,2006,64.62
phl,2007,65.23
phl,2008,67.62
phl,2009,64.88
phl,2010,64.66
plw,1995,22.99
plw,1996,20.97
plw,1997,21.63
plw,1998,28.42
plw,1999,29.9
plw,2000,33.71
plw,2001,19.63
plw,2002,19.16
plw,2003,16.22
plw,2004,18.36
plw,2005,20.57
plw,2006,19.17
plw,2007,21.56
plw,2008,22.73
plw,2009,22.05
plw,2010,22.69
png,1995,13.78
png,1996,13.98
png,1997,19.46
png,1998,16.86
png,1999,17.59
png,2000,18.26
png,2001,17.21
png,2002,20.27
png,2003,20.96
png,2004,19.46
png,2005,20.32
png,2006,22.36
png,2007,28.01
png,2008,24.52
png,2009,29.35
png,2010,28.45
pol,1995,27.11
pol,1996,26.61
pol,1997,28.04
pol,1998,34.62
pol,1999,28.87
pol,2000,29.97
pol,2001,28.1
pol,2002,28.84
pol,2003,30.05
pol,2004,31.37
pol,2005,30.6
pol,2006,29.98
pol,2007,29.11
pol,2008,27.69
pol,2009,27.68
pol,2010,27.38
prt,1995,37.38
prt,1996,34.74
prt,1997,34.31
prt,1998,32.89
prt,1999,32.43
prt,2000,33.98
prt,2001,33.88
prt,2002,32.16
prt,2003,32.03
prt,2004,32.88
prt,2005,32.93
prt,2006,33.89
prt,2007,34.26
prt,2008,34.91
prt,2009,32.16
prt,2010,31.85
pry,1995,64.04
pry,1996,58.29
pry,1997,60.78
pry,1998,55.12
pry,1999,55.39
pry,2000,60.12
pry,2001,65.14
pry,2002,66.81
pry,2003,66.89
pry,2004,65.2
pry,2005,62.05
pry,2006,58.93
pry,2007,59.55
pry,2008,59.08
pry,2009,60.99
pry,2010,63.59
qat,1995,37.36
qat,1996,33.06
qat,1997,31.31
qat,1998,33.4
qat,1999,32.81
qat,2000,31.2
qat,2001,27.78
qat,2002,27.73
qat,2003,17.9
qat,2004,18.25
qat,2005,18.66
qat,2006,19.32
qat,2007,19.84
qat,2008,20.53
qat,2009,21.58
qat,2010,22.55
rou,1995,31.31
rou,1996,35.42
rou,1997,30.18
rou,1998,38.11
rou,1999,34.51
rou,2000,32.31
rou,2001,34.11
rou,2002,33.33
rou,2003,15.2
rou,2004,24.93
rou,2005,19.15
rou,2006,20.14
rou,2007,17.71
rou,2008,17.95
rou,2009,21.02
rou,2010,21.89
rus,1995,26.12
rus,1996,28.56
rus,1997,29.21
rus,1998,34.91
rus,1999,38.14
rus,2000,40.12
rus,2001,41.34
rus,2002,41.05
rus,2003,41.19
rus,2004,40.42
rus,2005,38.02
rus,2006,36.77
rus,2007,35.82
rus,2008,35.69
rus,2009,36.65
rus,2010,37.92
rwa,1995,63.51
rwa,1996,59.7
rwa,1997,60.1
rwa,1998,51.64
rwa,1999,54.67
rwa,2000,60.83
rwa,2001,51.12
rwa,2002,47.73
rwa,2003,47.26
rwa,2004,46.43
rwa,2005,43.56
rwa,2006,53.54
rwa,2007,52.97
rwa,2008,52.61
rwa,2009,51.36
rwa,2010,49.93
sau,1995,47.93
sau,1996,45.4
sau,1997,42.66
sau,1998,41.79
sau,1999,32.06
sau,2000,28.35
sau,2001,27.86
sau,2002,28.09
sau,2003,28.02
sau,2004,28.34
sau,2005,27.24
sau,2006,26.7
sau,2007,29.24
sau,2008,35.4
sau,2009,37.61
sau,2010,37.14
sdn,1995,86.52
sdn,1996,75.97
sdn,1997,77.6
sdn,1998,76.66
sdn,1999,80.29
sdn,2000,72.74
sdn,2001,72.37
sdn,2002,71.79
sdn,2003,70.31
sdn,2004,67.96
sdn,2005,65.63
sdn,2006,66.83
sdn,2007,66.78
sdn,2008,66.88
sdn,2009,72.48
sdn,2010,70.18
sen,1995,67.47
sen,1996,63.66
sen,1997,65.06
sen,1998,64.7
sen,1999,63
sen,2000,63.18
sen,2001,62.84
sen,2002,61.48
sen,2003,61.26
sen,2004,62.53
sen,2005,44.66
sen,2006,42.8
sen,2007,43.91
sen,2008,45.85
sen,2009,45.53
sen,2010,44.51
sgp,1995,49.46
sgp,1996,51.01
sgp,1997,51.49
sgp,1998,45.85
sgp,1999,47.49
sgp,2000,48.65
sgp,2001,54.94
sgp,2002,62.76
sgp,2003,64.27
sgp,2004,69.31
sgp,2005,69.56
sgp,2006,69.93
sgp,2007,70.24
sgp,2008,68.09
sgp,2009,63.88
sgp,2010,63.7
slb,1995,7.187
slb,1996,7.788
slb,1997,7.201
slb,1998,7.118
slb,1999,6.833
slb,2000,5.429
slb,2001,4.133
slb,2002,4.191
slb,2003,8.029
slb,2004,8.328
slb,2005,5.914
slb,2006,7.252
slb,2007,7.601
slb,2008,8.838
slb,2009,6.47
slb,2010,6.611
sle,1995,90.59
sle,1996,90.94
sle,1997,88.77
sle,1998,90.65
sle,1999,88.52
sle,2000,86.75
sle,2001,85.74
sle,2002,85.49
sle,2003,70.94
sle,2004,89.31
sle,2005,87.42
sle,2006,88.49
sle,2007,92.76
sle,2008,90.45
sle,2009,89.49
sle,2010,88.67
slv,1995,61.48
slv,1996,59
slv,1997,61.44
slv,1998,57.49
slv,1999,56.62
slv,2000,54.78
slv,2001,54.55
slv,2002,53.36
slv,2003,52.74
slv,2004,50.68
slv,2005,47.36
slv,2006,37.98
slv,2007,40.92
slv,2008,40.59
slv,2009,39.72
slv,2010,38.3
smr,1995,13.34
smr,1996,13.58
smr,1997,14.8
smr,1998,14.63
smr,1999,13.99
smr,2000,14.03
smr,2001,13.98
smr,2002,10.81
smr,2003,14.25
smr,2004,13.44
smr,2005,14.28
smr,2006,14.63
smr,2007,14.43
smr,2008,14.83
smr,2009,14.64
smr,2010,14.64
som,1995,56.52
som,1996,55.56
som,1997,54.55
som,1998,53.89
som,1999,55.03
som,2000,55.21
som,2001,55.38
srb,1995,29.07
srb,1996,29.07
srb,1997,28.15
srb,1998,29.9
srb,1999,29.96
srb,2000,30.01
srb,2001,31.53
srb,2002,27.35
srb,2003,29.06
srb,2004,31.15
srb,2005,34
srb,2006,37
srb,2007,38.63
srb,2008,38.02
srb,2009,38.14
srb,2010,38.13
stp,1995,67.81
stp,1996,75.99
stp,1997,68.77
stp,1998,65.36
stp,1999,59.44
stp,2000,61.92
stp,2001,63.1
stp,2002,63.56
stp,2003,48.85
stp,2004,53.43
stp,2005,47.09
stp,2006,53.73
stp,2007,55.79
stp,2008,57.03
stp,2009,59.87
stp,2010,61.74
sur,1995,48.36
sur,1996,57.57
sur,1997,56.85
sur,1998,46.72
sur,1999,48.75
sur,2000,51.23
sur,2001,51.96
sur,2002,50.28
sur,2003,49.32
sur,2004,51.61
sur,2005,48.8
sur,2006,48.89
sur,2007,50.33
sur,2008,53.97
sur,2009,49.01
sur,2010,52.2
svk,1995,11.48
svk,1996,11.32
svk,1997,8.321
svk,1998,8.414
svk,1999,10.36
svk,2000,10.61
svk,2001,10.71
svk,2002,10.94
svk,2003,11.68
svk,2004,26.23
svk,2005,25.6
svk,2006,31.68
svk,2007,33.15
svk,2008,32.24
svk,2009,34.31
svk,2010,34.15
svn,1995,22.3
svn,1996,23.82
svn,1997,24.97
svn,1998,24.48
svn,1999,24.34
svn,2000,25.99
svn,2001,26.71
svn,2002,26.63
svn,2003,28.12
svn,2004,26.89
svn,2005,27.85
svn,2006,27.73
svn,2007,27.74
svn,2008,26.56
svn,2009,26.59
svn,2010,26.34
swe,1995,13.35
swe,1996,13.07
swe,1997,14.18
swe,1998,14.21
swe,1999,14.27
swe,2000,15.11
swe,2001,18.86
swe,2002,18.58
swe,2003,17.99
swe,2004,18.63
swe,2005,18.84
swe,2006,18.87
swe,2007,18.64
swe,2008,18.5
swe,2009,18.51
swe,2010,18.9
swz,1995,42.9
swz,1996,43.41
swz,1997,45.05
swz,1998,47.71
swz,1999,43.65
swz,2000,43.71
swz,2001,42.59
swz,2002,40.12
swz,2003,34.97
swz,2004,39.71
swz,2005,38.57
swz,2006,35.53
swz,2007,37.16
swz,2008,35.68
swz,2009,33.54
swz,2010,36.34
syc,1995,14.85
syc,1996,12.39
syc,1997,13.75
syc,1998,15.76
syc,1999,16
syc,2000,17.3
syc,2001,14.86
syc,2002,12.86
syc,2003,10.1
syc,2004,8.032
syc,2005,6.796
syc,2006,6.582
syc,2007,7.942
syc,2008,7.512
syc,2009,7.278
syc,2010,8.127
syr,1995,60.32
syr,1996,64.47
syr,1997,64.56
syr,1998,61.73
syr,1999,61.63
syr,2000,59.55
syr,2001,55.79
syr,2002,54.23
syr,2003,51.75
syr,2004,52.03
syr,2005,49.5
syr,2006,51.46
syr,2007,50.95
syr,2008,53.47
syr,2009,54
syr,2010,54
tcd,1995,65.31
tcd,1996,62.82
tcd,1997,64.82
tcd,1998,69.34
tcd,1999,66.08
tcd,2000,57.5
tcd,2001,60.22
tcd,2002,69.01
tcd,2003,53.16
tcd,2004,64.44
tcd,2005,58.9
tcd,2006,67.86
tcd,2007,76.73
tcd,2008,78.44
tcd,2009,80.28
tcd,2010,75.03
tgo,1995,65.36
tgo,1996,67.34
tgo,1997,70.4
tgo,1998,63.44
tgo,1999,68.6
tgo,2000,68.89
tgo,2001,76.28
tgo,2002,81.3
tgo,2003,75.55
tgo,2004,75.2
tgo,2005,70.46
tgo,2006,67.7
tgo,2007,68.3
tgo,2008,64.71
tgo,2009,57.05
tgo,2010,55.78
tha,1995,52.99
tha,1996,52.82
tha,1997,46.05
tha,1998,45.18
tha,1999,45.11
tha,2000,43.85
tha,2001,43.62
tha,2002,36.48
tha,2003,36.21
tha,2004,35.09
tha,2005,35.61
tha,2006,27.3
tha,2007,23.67
tha,2008,23.85
tha,2009,25.41
tha,2010,24.96
tjk,1995,58.53
tjk,1996,58.23
tjk,1997,55.93
tjk,1998,67.93
tjk,1999,73.16
tjk,2000,79.61
tjk,2001,79.29
tjk,2002,79.76
tjk,2003,79.59
tjk,2004,78.06
tjk,2005,76.35
tjk,2006,76.92
tjk,2007,77.84
tjk,2008,75.44
tjk,2009,75.06
tjk,2010,73.34
tkm,1995,39.65
tkm,1996,30.34
tkm,1997,28.23
tkm,1998,27.2
tkm,1999,30.9
tkm,2000,20.41
tkm,2001,24.04
tkm,2002,30.08
tkm,2003,28.64
tkm,2004,32.34
tkm,2005,36.74
tkm,2006,42
tkm,2007,44.44
tkm,2008,50.86
tkm,2009,40.76
tkm,2010,40.62
tls,1995,10.98
tls,1996,15.99
tls,1997,9.987
tls,1998,16.47
tls,1999,31.89
tls,2000,25.14
tls,2001,27.7
tls,2002,27.77
tls,2003,25.53
tls,2004,35
tls,2005,25.44
tls,2006,21.69
tls,2007,25.69
tls,2008,30.28
tls,2009,33.94
tls,2010,44.17
ton,1995,34.6
ton,1996,33.17
ton,1997,31.9
ton,1998,31.52
ton,1999,26.73
ton,2000,29.25
ton,2001,24.31
ton,2002,24.29
ton,2003,16.85
ton,2004,16.85
ton,2005,12.93
ton,2006,12.96
ton,2007,15.07
ton,2008,15.07
ton,2009,20.38
ton,2010,18.5
tto,1995,52.44
tto,1996,54.17
tto,1997,53.69
tto,1998,60.52
tto,1999,55.55
tto,2000,56.96
tto,2001,52.56
tto,2002,49.13
tto,2003,51.09
tto,2004,52.53
tto,2005,47.13
tto,2006,46.25
tto,2007,50.85
tto,2008,51.12
tto,2009,39.41
tto,2010,40.11
tun,1995,48.31
tun,1996,47.03
tun,1997,47.41
tun,1998,47.65
tun,1999,48.27
tun,2000,45.07
tun,2001,46.25
tun,2002,47.35
tun,2003,47.29
tun,2004,48.16
tun,2005,48.47
tun,2006,47.6
tun,2007,47.63
tun,2008,45.91
tun,2009,45.12
tun,2010,45.7
tur,1995,29.68
tur,1996,30.84
tur,1997,28.39
tur,1998,28.07
tur,1999,38.87
tur,2000,37.07
tur,2001,31.93
tur,2002,29.32
tur,2003,28.08
tur,2004,28.75
tur,2005,32.16
tur,2006,31.66
tur,2007,32.17
tur,2008,26.98
tur,2009,24.87
tur,2010,24.8
tuv,1995,0.43
tuv,1996,0.19
tuv,1997,0.27
tuv,1998,0.25
tuv,1999,0.23
tuv,2000,0.12
tuv,2001,0.12
tuv,2002,0.14
tuv,2003,0.1
tuv,2004,0.11
tuv,2005,0.11
tuv,2006,0.1
tuv,2007,0.11
tuv,2008,0.09
tuv,2009,0.13
tuv,2010,0.11
tza,1995,57.19
tza,1996,59.94
tza,1997,56.48
tza,1998,58.55
tza,1999,60.17
tza,2000,56.62
tza,2001,54.55
tza,2002,55.36
tza,2003,50.52
tza,2004,55.65
tza,2005,53.05
tza,2006,41.12
tza,2007,35.86
tza,2008,38.3
tza,2009,33.86
tza,2010,32.68
uga,1995,73.57
uga,1996,73.11
uga,1997,69.78
uga,1998,71.2
uga,1999,69.43
uga,2000,73.15
uga,2001,72.67
uga,2002,70.5
uga,2003,70.82
uga,2004,74.11
uga,2005,74.71
uga,2006,78.96
uga,2007,80.46
uga,2008,82.82
uga,2009,78.24
uga,2010,78.26
ukr,1995,38.76
ukr,1996,36.4
ukr,1997,43.8
ukr,1998,46.49
ukr,1999,50.09
ukr,2000,48.2
ukr,2001,45.7
ukr,2002,43.81
ukr,2003,41.7
ukr,2004,41.45
ukr,2005,40.54
ukr,2006,39.23
ukr,2007,38.15
ukr,2008,42.34
ukr,2009,44.97
ukr,2010,43.37
ury,1995,40.44
ury,1996,47
ury,1997,58.06
ury,1998,56.43
ury,1999,26.65
ury,2000,27.7
ury,2001,28.09
ury,2002,29.16
ury,2003,32.03
ury,2004,50.66
ury,2005,49.31
ury,2006,46.87
ury,2007,45.39
ury,2008,36.21
ury,2009,34.68
ury,2010,32.94
usa,1995,55.09
usa,1996,55.03
usa,1997,55.33
usa,1998,56.49
usa,1999,56.94
usa,2000,56.8
usa,2001,55.84
usa,2002,55.9
usa,2003,56.4
usa,2004,56
usa,2005,55.92
usa,2006,55.12
usa,2007,54.88
usa,2008,53.96
usa,2009,52.33
usa,2010,46.94
uzb,1995,30.41
uzb,1996,31.9
uzb,1997,36.61
uzb,1998,54.17
uzb,1999,53.32
uzb,2000,55.93
uzb,2001,55.15
uzb,2002,56.12
uzb,2003,54.6
uzb,2004,58.28
uzb,2005,56.71
uzb,2006,58.15
uzb,2007,58.48
uzb,2008,54.16
uzb,2009,54.65
uzb,2010,52.53
vct,1995,15.21
vct,1996,15.38
vct,1997,17.41
vct,1998,18.93
vct,1999,16.69
vct,2000,17.83
vct,2001,19.12
vct,2002,17.83
vct,2003,17.94
vct,2004,18.82
vct,2005,19.15
vct,2006,18.03
vct,2007,17.87
vct,2008,15.2
vct,2009,15.68
vct,2010,13.55
ven,1995,57.4
ven,1996,57.56
ven,1997,64.07
ven,1998,67.51
ven,1999,62.99
ven,2000,58.52
ven,2001,59.33
ven,2002,60.7
ven,2003,61.87
ven,2004,58.6
ven,2005,56.71
ven,2006,58.34
ven,2007,53.49
ven,2008,55.05
ven,2009,59.95
ven,2010,65.1
vnm,1995,65.49
vnm,1996,67.39
vnm,1997,66.96
vnm,1998,64.98
vnm,1999,64.84
vnm,2000,69.05
vnm,2001,68.54
vnm,2002,69.52
vnm,2003,67.93
vnm,2004,72.6
vnm,2005,73.6
vnm,2006,67.1
vnm,2007,60.02
vnm,2008,66.04
vnm,2009,62.46
vnm,2010,62.16
vut,1995,23.13
vut,1996,27.86
vut,1997,23.24
vut,1998,22.19
vut,1999,25.1
vut,2000,23.37
vut,2001,24.01
vut,2002,24.42
vut,2003,24.91
vut,2004,26
vut,2005,27.11
vut,2006,20.72
vut,2007,13.44
vut,2008,11.57
vut,2009,10.15
vut,2010,9.391
wsm,1995,29.13
wsm,1996,25.56
wsm,1997,27.27
wsm,1998,24.94
wsm,1999,23.71
wsm,2000,23.25
wsm,2001,24.98
wsm,2002,20
wsm,2003,20.4
wsm,2004,18.06
wsm,2005,18.66
wsm,2006,15.04
wsm,2007,14.11
wsm,2008,14.24
wsm,2009,14.66
wsm,2010,12.34
yem,1995,68.54
yem,1996,56.29
yem,1997,54.6
yem,1998,53.19
yem,1999,50.09
yem,2000,46.18
yem,2001,46.73
yem,2002,48.75
yem,2003,54.19
yem,2004,62.15
yem,2005,66.14
yem,2006,68.41
yem,2007,70.25
yem,2008,69.03
yem,2009,73.51
yem,2010,75.84
zaf,1995,60.7
zaf,1996,64.07
zaf,1997,61.21
zaf,1998,60.63
zaf,1999,60.69
zaf,2000,59.52
zaf,2001,60.53
zaf,2002,61.31
zaf,2003,60.54
zaf,2004,63.57
zaf,2005,61.7
zaf,2006,60.09
zaf,2007,59.17
zaf,2008,57.85
zaf,2009,56.23
zaf,2010,55.9
zmb,1995,39.38
zmb,1996,37.95
zmb,1997,34.72
zmb,1998,37.84
zmb,1999,50.58
zmb,2000,48.74
zmb,2001,43.06
zmb,2002,36.15
zmb,2003,38.39
zmb,2004,42.72
zmb,2005,45.14
zmb,2006,39.29
zmb,2007,44.31
zmb,2008,40.5
zmb,2009,41.35
zmb,2010,39.72
zwe,1995,45.37
zwe,1996,48.6
zwe,1997,52.64
zwe,1998,44.13
zwe,1999,51.06
zwe,2000,47.23
zwe,2001,61.62
